<Document doc_name="2_11ecb.xml" doc_id="DOC15653561224189354">
<token t_id="1" sentence="0" number="0">Even</token>
<token t_id="2" sentence="0" number="1">as</token>
<token t_id="3" sentence="0" number="2">Oscar</token>
<token t_id="4" sentence="0" number="3">organizers</token>
<token t_id="5" sentence="0" number="4">on</token>
<token t_id="6" sentence="0" number="5">Friday</token>
<token t_id="7" sentence="0" number="6">unveiled</token>
<token t_id="8" sentence="0" number="7">Hugh</token>
<token t_id="9" sentence="0" number="8">Jackman</token>
<token t_id="10" sentence="0" number="9">as</token>
<token t_id="11" sentence="0" number="10">the</token>
<token t_id="12" sentence="0" number="11">host</token>
<token t_id="13" sentence="0" number="12">of</token>
<token t_id="14" sentence="0" number="13">their</token>
<token t_id="15" sentence="0" number="14">gala</token>
<token t_id="16" sentence="0" number="15">film</token>
<token t_id="17" sentence="0" number="16">awards</token>
<token t_id="18" sentence="0" number="17">,</token>
<token t_id="19" sentence="0" number="18">the</token>
<token t_id="20" sentence="0" number="19">prospect</token>
<token t_id="21" sentence="0" number="20">of</token>
<token t_id="22" sentence="0" number="21">a</token>
<token t_id="23" sentence="0" number="22">U.S.</token>
<token t_id="24" sentence="0" number="23">actors</token>
<token t_id="25" sentence="0" number="24">strike</token>
<token t_id="26" sentence="0" number="25">was</token>
<token t_id="27" sentence="0" number="26">casting</token>
<token t_id="28" sentence="0" number="27">a</token>
<token t_id="29" sentence="0" number="28">long</token>
<token t_id="30" sentence="0" number="29">shadow</token>
<token t_id="31" sentence="0" number="30">over</token>
<token t_id="32" sentence="0" number="31">whether</token>
<token t_id="33" sentence="0" number="32">Hollywood</token>
<token t_id="34" sentence="0" number="33">'s</token>
<token t_id="35" sentence="0" number="34">big</token>
<token t_id="36" sentence="0" number="35">show</token>
<token t_id="37" sentence="0" number="36">would</token>
<token t_id="38" sentence="0" number="37">go</token>
<token t_id="39" sentence="0" number="38">on</token>
<token t_id="40" sentence="0" number="39">as</token>
<token t_id="41" sentence="0" number="40">usual</token>
<token t_id="42" sentence="0" number="41">.</token>
<token t_id="43" sentence="1" number="0">The</token>
<token t_id="44" sentence="1" number="1">Academy</token>
<token t_id="45" sentence="1" number="2">Awards</token>
<token t_id="46" sentence="1" number="3">'</token>
<token t_id="47" sentence="1" number="4">February</token>
<token t_id="48" sentence="1" number="5">22</token>
<token t_id="49" sentence="1" number="6">date</token>
<token t_id="50" sentence="1" number="7">puts</token>
<token t_id="51" sentence="1" number="8">it</token>
<token t_id="52" sentence="1" number="9">directly</token>
<token t_id="53" sentence="1" number="10">in</token>
<token t_id="54" sentence="1" number="11">the</token>
<token t_id="55" sentence="1" number="12">path</token>
<token t_id="56" sentence="1" number="13">of</token>
<token t_id="57" sentence="1" number="14">a</token>
<token t_id="58" sentence="1" number="15">potential</token>
<token t_id="59" sentence="1" number="16">walkout</token>
<token t_id="60" sentence="1" number="17">by</token>
<token t_id="61" sentence="1" number="18">Screen</token>
<token t_id="62" sentence="1" number="19">Actors</token>
<token t_id="63" sentence="1" number="20">Guild</token>
<token t_id="64" sentence="1" number="21">members</token>
<token t_id="65" sentence="1" number="22">who</token>
<token t_id="66" sentence="1" number="23">vote</token>
<token t_id="67" sentence="1" number="24">next</token>
<token t_id="68" sentence="1" number="25">month</token>
<token t_id="69" sentence="1" number="26">on</token>
<token t_id="70" sentence="1" number="27">whether</token>
<token t_id="71" sentence="1" number="28">to</token>
<token t_id="72" sentence="1" number="29">give</token>
<token t_id="73" sentence="1" number="30">union</token>
<token t_id="74" sentence="1" number="31">leaders</token>
<token t_id="75" sentence="1" number="32">permission</token>
<token t_id="76" sentence="1" number="33">to</token>
<token t_id="77" sentence="1" number="34">call</token>
<token t_id="78" sentence="1" number="35">a</token>
<token t_id="79" sentence="1" number="36">strike</token>
<token t_id="80" sentence="1" number="37">in</token>
<token t_id="81" sentence="1" number="38">stalemated</token>
<token t_id="82" sentence="1" number="39">contract</token>
<token t_id="83" sentence="1" number="40">talks</token>
<token t_id="84" sentence="1" number="41">with</token>
<token t_id="85" sentence="1" number="42">major</token>
<token t_id="86" sentence="1" number="43">studios</token>
<token t_id="87" sentence="1" number="44">.</token>
<token t_id="88" sentence="2" number="0">Movie</token>
<token t_id="89" sentence="2" number="1">making</token>
<token t_id="90" sentence="2" number="2">by</token>
<token t_id="91" sentence="2" number="3">the</token>
<token t_id="92" sentence="2" number="4">big</token>
<token t_id="93" sentence="2" number="5">studios</token>
<token t_id="94" sentence="2" number="6">has</token>
<token t_id="95" sentence="2" number="7">wound</token>
<token t_id="96" sentence="2" number="8">down</token>
<token t_id="97" sentence="2" number="9">since</token>
<token t_id="98" sentence="2" number="10">late</token>
<token t_id="99" sentence="2" number="11">June</token>
<token t_id="100" sentence="2" number="12">in</token>
<token t_id="101" sentence="2" number="13">anticipation</token>
<token t_id="102" sentence="2" number="14">of</token>
<token t_id="103" sentence="2" number="15">labor</token>
<token t_id="104" sentence="2" number="16">strife</token>
<token t_id="105" sentence="2" number="17">,</token>
<token t_id="106" sentence="2" number="18">compounding</token>
<token t_id="107" sentence="2" number="19">a</token>
<token t_id="108" sentence="2" number="20">general</token>
<token t_id="109" sentence="2" number="21">slowdown</token>
<token t_id="110" sentence="2" number="22">from</token>
<token t_id="111" sentence="2" number="23">the</token>
<token t_id="112" sentence="2" number="24">U.S.</token>
<token t_id="113" sentence="2" number="25">recession</token>
<token t_id="114" sentence="2" number="26">.</token>
<token t_id="115" sentence="3" number="0">The</token>
<token t_id="116" sentence="3" number="1">tension</token>
<token t_id="117" sentence="3" number="2">has</token>
<token t_id="118" sentence="3" number="3">only</token>
<token t_id="119" sentence="3" number="4">been</token>
<token t_id="120" sentence="3" number="5">heightened</token>
<token t_id="121" sentence="3" number="6">by</token>
<token t_id="122" sentence="3" number="7">fatigue</token>
<token t_id="123" sentence="3" number="8">from</token>
<token t_id="124" sentence="3" number="9">a</token>
<token t_id="125" sentence="3" number="10">tumultuous</token>
<token t_id="126" sentence="3" number="11">14-week</token>
<token t_id="127" sentence="3" number="12">Hollywood</token>
<token t_id="128" sentence="3" number="13">writers</token>
<token t_id="129" sentence="3" number="14">strike</token>
<token t_id="130" sentence="3" number="15">that</token>
<token t_id="131" sentence="3" number="16">ended</token>
<token t_id="132" sentence="3" number="17">in</token>
<token t_id="133" sentence="3" number="18">February</token>
<token t_id="134" sentence="3" number="19">and</token>
<token t_id="135" sentence="3" number="20">cost</token>
<token t_id="136" sentence="3" number="21">the</token>
<token t_id="137" sentence="3" number="22">Los</token>
<token t_id="138" sentence="3" number="23">Angeles</token>
<token t_id="139" sentence="3" number="24">area</token>
<token t_id="140" sentence="3" number="25">economy</token>
<token t_id="141" sentence="3" number="26">around</token>
<token t_id="142" sentence="3" number="27">$</token>
<token t_id="143" sentence="3" number="28">3</token>
<token t_id="144" sentence="3" number="29">billion</token>
<token t_id="145" sentence="3" number="30">as</token>
<token t_id="146" sentence="3" number="31">production</token>
<token t_id="147" sentence="3" number="32">stopped</token>
<token t_id="148" sentence="3" number="33">on</token>
<token t_id="149" sentence="3" number="34">most</token>
<token t_id="150" sentence="3" number="35">prime-time</token>
<token t_id="151" sentence="3" number="36">TV</token>
<token t_id="152" sentence="3" number="37">shows</token>
<token t_id="153" sentence="3" number="38">.</token>
<token t_id="154" sentence="4" number="0">``</token>
<token t_id="155" sentence="4" number="1">A</token>
<token t_id="156" sentence="4" number="2">strike</token>
<token t_id="157" sentence="4" number="3">,</token>
<token t_id="158" sentence="4" number="4">if</token>
<token t_id="159" sentence="4" number="5">one</token>
<token t_id="160" sentence="4" number="6">occurred</token>
<token t_id="161" sentence="4" number="7">,</token>
<token t_id="162" sentence="4" number="8">would</token>
<token t_id="163" sentence="4" number="9">be</token>
<token t_id="164" sentence="4" number="10">nothing</token>
<token t_id="165" sentence="4" number="11">short</token>
<token t_id="166" sentence="4" number="12">of</token>
<token t_id="167" sentence="4" number="13">horrible</token>
<token t_id="168" sentence="4" number="14">,</token>
<token t_id="169" sentence="4" number="15">''</token>
<token t_id="170" sentence="4" number="16">said</token>
<token t_id="171" sentence="4" number="17">Ron</token>
<token t_id="172" sentence="4" number="18">Howard</token>
<token t_id="173" sentence="4" number="19">,</token>
<token t_id="174" sentence="4" number="20">the</token>
<token t_id="175" sentence="4" number="21">former</token>
<token t_id="176" sentence="4" number="22">actor</token>
<token t_id="177" sentence="4" number="23">and</token>
<token t_id="178" sentence="4" number="24">Oscar-winning</token>
<token t_id="179" sentence="4" number="25">director</token>
<token t_id="180" sentence="4" number="26">of</token>
<token t_id="181" sentence="4" number="27">``</token>
<token t_id="182" sentence="4" number="28">A</token>
<token t_id="183" sentence="4" number="29">Beautiful</token>
<token t_id="184" sentence="4" number="30">Mind</token>
<token t_id="185" sentence="4" number="31">''</token>
<token t_id="186" sentence="4" number="32">whose</token>
<token t_id="187" sentence="4" number="33">latest</token>
<token t_id="188" sentence="4" number="34">film</token>
<token t_id="189" sentence="4" number="35">,</token>
<token t_id="190" sentence="4" number="36">``</token>
<token t_id="191" sentence="4" number="37">Frost/Nixon</token>
<token t_id="192" sentence="4" number="38">,</token>
<token t_id="193" sentence="4" number="39">''</token>
<token t_id="194" sentence="4" number="40">is</token>
<token t_id="195" sentence="4" number="41">considered</token>
<token t_id="196" sentence="4" number="42">a</token>
<token t_id="197" sentence="4" number="43">strong</token>
<token t_id="198" sentence="4" number="44">Oscar</token>
<token t_id="199" sentence="4" number="45">contender</token>
<token t_id="200" sentence="4" number="46">.</token>
<token t_id="201" sentence="5" number="0">``</token>
<token t_id="202" sentence="5" number="1">The</token>
<token t_id="203" sentence="5" number="2">timing</token>
<token t_id="204" sentence="5" number="3">could</token>
<token t_id="205" sentence="5" number="4">n't</token>
<token t_id="206" sentence="5" number="5">be</token>
<token t_id="207" sentence="5" number="6">worse</token>
<token t_id="208" sentence="5" number="7">,</token>
<token t_id="209" sentence="5" number="8">''</token>
<token t_id="210" sentence="5" number="9">he</token>
<token t_id="211" sentence="5" number="10">said</token>
<token t_id="212" sentence="5" number="11">on</token>
<token t_id="213" sentence="5" number="12">Thursday</token>
<token t_id="214" sentence="5" number="13">.</token>
<token t_id="215" sentence="6" number="0">Actor</token>
<token t_id="216" sentence="6" number="1">Leonardo</token>
<token t_id="217" sentence="6" number="2">DiCaprio</token>
<token t_id="218" sentence="6" number="3">,</token>
<token t_id="219" sentence="6" number="4">who</token>
<token t_id="220" sentence="6" number="5">on</token>
<token t_id="221" sentence="6" number="6">Thursday</token>
<token t_id="222" sentence="6" number="7">earned</token>
<token t_id="223" sentence="6" number="8">a</token>
<token t_id="224" sentence="6" number="9">Golden</token>
<token t_id="225" sentence="6" number="10">Globe</token>
<token t_id="226" sentence="6" number="11">nomination</token>
<token t_id="227" sentence="6" number="12">for</token>
<token t_id="228" sentence="6" number="13">his</token>
<token t_id="229" sentence="6" number="14">work</token>
<token t_id="230" sentence="6" number="15">in</token>
<token t_id="231" sentence="6" number="16">``</token>
<token t_id="232" sentence="6" number="17">Revolutionary</token>
<token t_id="233" sentence="6" number="18">Road</token>
<token t_id="234" sentence="6" number="19">,</token>
<token t_id="235" sentence="6" number="20">''</token>
<token t_id="236" sentence="6" number="21">said</token>
<token t_id="237" sentence="6" number="22">strike</token>
<token t_id="238" sentence="6" number="23">concerns</token>
<token t_id="239" sentence="6" number="24">are</token>
<token t_id="240" sentence="6" number="25">hitting</token>
<token t_id="241" sentence="6" number="26">``</token>
<token t_id="242" sentence="6" number="27">everyone</token>
<token t_id="243" sentence="6" number="28">.</token>
<token t_id="244" sentence="6" number="29">''</token>
<token t_id="245" sentence="7" number="0">``</token>
<token t_id="246" sentence="7" number="1">It</token>
<token t_id="247" sentence="7" number="2">'s</token>
<token t_id="248" sentence="7" number="3">really</token>
<token t_id="249" sentence="7" number="4">important</token>
<token t_id="250" sentence="7" number="5">that</token>
<token t_id="251" sentence="7" number="6">we</token>
<token t_id="252" sentence="7" number="7">come</token>
<token t_id="253" sentence="7" number="8">up</token>
<token t_id="254" sentence="7" number="9">with</token>
<token t_id="255" sentence="7" number="10">a</token>
<token t_id="256" sentence="7" number="11">solution</token>
<token t_id="257" sentence="7" number="12">,</token>
<token t_id="258" sentence="7" number="13">''</token>
<token t_id="259" sentence="7" number="14">he</token>
<token t_id="260" sentence="7" number="15">said</token>
<token t_id="261" sentence="7" number="16">.</token>
<token t_id="262" sentence="8" number="0">``</token>
<token t_id="263" sentence="8" number="1">These</token>
<token t_id="264" sentence="8" number="2">are</token>
<token t_id="265" sentence="8" number="3">unheard-of</token>
<token t_id="266" sentence="8" number="4">times</token>
<token t_id="267" sentence="8" number="5">,</token>
<token t_id="268" sentence="8" number="6">and</token>
<token t_id="269" sentence="8" number="7">no</token>
<token t_id="270" sentence="8" number="8">one</token>
<token t_id="271" sentence="8" number="9">can</token>
<token t_id="272" sentence="8" number="10">predict</token>
<token t_id="273" sentence="8" number="11">what</token>
<token t_id="274" sentence="8" number="12">is</token>
<token t_id="275" sentence="8" number="13">going</token>
<token t_id="276" sentence="8" number="14">to</token>
<token t_id="277" sentence="8" number="15">happen</token>
<token t_id="278" sentence="8" number="16">''</token>
<token t_id="279" sentence="8" number="17">with</token>
<token t_id="280" sentence="8" number="18">the</token>
<token t_id="281" sentence="8" number="19">U.S.</token>
<token t_id="282" sentence="8" number="20">economy</token>
<token t_id="283" sentence="8" number="21">.</token>
<token t_id="284" sentence="9" number="0">SAG</token>
<token t_id="285" sentence="9" number="1">'S</token>
<token t_id="286" sentence="9" number="2">DARK</token>
<token t_id="287" sentence="9" number="3">CLOUD</token>
<token t_id="288" sentence="10" number="0">The</token>
<token t_id="289" sentence="10" number="1">Oscars</token>
<token t_id="290" sentence="10" number="2">,</token>
<token t_id="291" sentence="10" number="3">given</token>
<token t_id="292" sentence="10" number="4">out</token>
<token t_id="293" sentence="10" number="5">by</token>
<token t_id="294" sentence="10" number="6">the</token>
<token t_id="295" sentence="10" number="7">Academy</token>
<token t_id="296" sentence="10" number="8">of</token>
<token t_id="297" sentence="10" number="9">Motion</token>
<token t_id="298" sentence="10" number="10">Picture</token>
<token t_id="299" sentence="10" number="11">Arts</token>
<token t_id="300" sentence="10" number="12">and</token>
<token t_id="301" sentence="10" number="13">Sciences</token>
<token t_id="302" sentence="10" number="14">,</token>
<token t_id="303" sentence="10" number="15">are</token>
<token t_id="304" sentence="10" number="16">annually</token>
<token t_id="305" sentence="10" number="17">Hollywood</token>
<token t_id="306" sentence="10" number="18">'s</token>
<token t_id="307" sentence="10" number="19">glitziest</token>
<token t_id="308" sentence="10" number="20">night</token>
<token t_id="309" sentence="10" number="21">.</token>
<token t_id="310" sentence="11" number="0">Putting</token>
<token t_id="311" sentence="11" number="1">the</token>
<token t_id="312" sentence="11" number="2">show</token>
<token t_id="313" sentence="11" number="3">in</token>
<token t_id="314" sentence="11" number="4">jeopardy</token>
<token t_id="315" sentence="11" number="5">,</token>
<token t_id="316" sentence="11" number="6">however</token>
<token t_id="317" sentence="11" number="7">,</token>
<token t_id="318" sentence="11" number="8">was</token>
<token t_id="319" sentence="11" number="9">this</token>
<token t_id="320" sentence="11" number="10">week</token>
<token t_id="321" sentence="11" number="11">'s</token>
<token t_id="322" sentence="11" number="12">announcement</token>
<token t_id="323" sentence="11" number="13">by</token>
<token t_id="324" sentence="11" number="14">SAG</token>
<token t_id="325" sentence="11" number="15">that</token>
<token t_id="326" sentence="11" number="16">strike</token>
<token t_id="327" sentence="11" number="17">authorization</token>
<token t_id="328" sentence="11" number="18">ballots</token>
<token t_id="329" sentence="11" number="19">will</token>
<token t_id="330" sentence="11" number="20">be</token>
<token t_id="331" sentence="11" number="21">mailed</token>
<token t_id="332" sentence="11" number="22">to</token>
<token t_id="333" sentence="11" number="23">its</token>
<token t_id="334" sentence="11" number="24">120,000</token>
<token t_id="335" sentence="11" number="25">members</token>
<token t_id="336" sentence="11" number="26">on</token>
<token t_id="337" sentence="11" number="27">January</token>
<token t_id="338" sentence="11" number="28">2</token>
<token t_id="339" sentence="11" number="29">and</token>
<token t_id="340" sentence="11" number="30">tallied</token>
<token t_id="341" sentence="11" number="31">on</token>
<token t_id="342" sentence="11" number="32">January</token>
<token t_id="343" sentence="11" number="33">23</token>
<token t_id="344" sentence="11" number="34">,</token>
<token t_id="345" sentence="11" number="35">a</token>
<token t_id="346" sentence="11" number="36">full</token>
<token t_id="347" sentence="11" number="37">month</token>
<token t_id="348" sentence="11" number="38">before</token>
<token t_id="349" sentence="11" number="39">the</token>
<token t_id="350" sentence="11" number="40">Oscars</token>
<token t_id="351" sentence="11" number="41">.</token>
<token t_id="352" sentence="12" number="0">That</token>
<token t_id="353" sentence="12" number="1">sequence</token>
<token t_id="354" sentence="12" number="2">of</token>
<token t_id="355" sentence="12" number="3">events</token>
<token t_id="356" sentence="12" number="4">raises</token>
<token t_id="357" sentence="12" number="5">the</token>
<token t_id="358" sentence="12" number="6">prospect</token>
<token t_id="359" sentence="12" number="7">of</token>
<token t_id="360" sentence="12" number="8">A-list</token>
<token t_id="361" sentence="12" number="9">stars</token>
<token t_id="362" sentence="12" number="10">boycotting</token>
<token t_id="363" sentence="12" number="11">the</token>
<token t_id="364" sentence="12" number="12">honors</token>
<token t_id="365" sentence="12" number="13">to</token>
<token t_id="366" sentence="12" number="14">avoid</token>
<token t_id="367" sentence="12" number="15">crossing</token>
<token t_id="368" sentence="12" number="16">their</token>
<token t_id="369" sentence="12" number="17">own</token>
<token t_id="370" sentence="12" number="18">union</token>
<token t_id="371" sentence="12" number="19">'s</token>
<token t_id="372" sentence="12" number="20">picket</token>
<token t_id="373" sentence="12" number="21">lines</token>
<token t_id="374" sentence="12" number="22">--</token>
<token t_id="375" sentence="12" number="23">or</token>
<token t_id="376" sentence="12" number="24">even</token>
<token t_id="377" sentence="12" number="25">carrying</token>
<token t_id="378" sentence="12" number="26">picket</token>
<token t_id="379" sentence="12" number="27">signs</token>
<token t_id="380" sentence="12" number="28">themselves</token>
<token t_id="381" sentence="12" number="29">.</token>
<token t_id="382" sentence="13" number="0">The</token>
<token t_id="383" sentence="13" number="1">same</token>
<token t_id="384" sentence="13" number="2">dynamic</token>
<token t_id="385" sentence="13" number="3">came</token>
<token t_id="386" sentence="13" number="4">into</token>
<token t_id="387" sentence="13" number="5">play</token>
<token t_id="388" sentence="13" number="6">last</token>
<token t_id="389" sentence="13" number="7">January</token>
<token t_id="390" sentence="13" number="8">when</token>
<token t_id="391" sentence="13" number="9">a</token>
<token t_id="392" sentence="13" number="10">work</token>
<token t_id="393" sentence="13" number="11">stoppage</token>
<token t_id="394" sentence="13" number="12">by</token>
<token t_id="395" sentence="13" number="13">10,500</token>
<token t_id="396" sentence="13" number="14">Writers</token>
<token t_id="397" sentence="13" number="15">Guild</token>
<token t_id="398" sentence="13" number="16">of</token>
<token t_id="399" sentence="13" number="17">America</token>
<token t_id="400" sentence="13" number="18">members</token>
<token t_id="401" sentence="13" number="19">threw</token>
<token t_id="402" sentence="13" number="20">the</token>
<token t_id="403" sentence="13" number="21">awards</token>
<token t_id="404" sentence="13" number="22">season</token>
<token t_id="405" sentence="13" number="23">into</token>
<token t_id="406" sentence="13" number="24">disarray</token>
<token t_id="407" sentence="13" number="25">and</token>
<token t_id="408" sentence="13" number="26">caused</token>
<token t_id="409" sentence="13" number="27">the</token>
<token t_id="410" sentence="13" number="28">star-filled</token>
<token t_id="411" sentence="13" number="29">Golden</token>
<token t_id="412" sentence="13" number="30">Globe</token>
<token t_id="413" sentence="13" number="31">Awards</token>
<token t_id="414" sentence="13" number="32">to</token>
<token t_id="415" sentence="13" number="33">be</token>
<token t_id="416" sentence="13" number="34">replaced</token>
<token t_id="417" sentence="13" number="35">by</token>
<token t_id="418" sentence="13" number="36">a</token>
<token t_id="419" sentence="13" number="37">news</token>
<token t_id="420" sentence="13" number="38">conference</token>
<token t_id="421" sentence="13" number="39">.</token>
<token t_id="422" sentence="14" number="0">Only</token>
<token t_id="423" sentence="14" number="1">5.8</token>
<token t_id="424" sentence="14" number="2">million</token>
<token t_id="425" sentence="14" number="3">TV</token>
<token t_id="426" sentence="14" number="4">viewers</token>
<token t_id="427" sentence="14" number="5">tuned-in</token>
<token t_id="428" sentence="14" number="6">,</token>
<token t_id="429" sentence="14" number="7">far</token>
<token t_id="430" sentence="14" number="8">below</token>
<token t_id="431" sentence="14" number="9">the</token>
<token t_id="432" sentence="14" number="10">Globes</token>
<token t_id="433" sentence="14" number="11">'</token>
<token t_id="434" sentence="14" number="12">typical</token>
<token t_id="435" sentence="14" number="13">20</token>
<token t_id="436" sentence="14" number="14">million</token>
<token t_id="437" sentence="14" number="15">audience</token>
<token t_id="438" sentence="14" number="16">.</token>
<token t_id="439" sentence="15" number="0">Broadcaster</token>
<token t_id="440" sentence="15" number="1">NBC</token>
<token t_id="441" sentence="15" number="2">lost</token>
<token t_id="442" sentence="15" number="3">an</token>
<token t_id="443" sentence="15" number="4">estimated</token>
<token t_id="444" sentence="15" number="5">$</token>
<token t_id="445" sentence="15" number="6">10</token>
<token t_id="446" sentence="15" number="7">million</token>
<token t_id="447" sentence="15" number="8">to</token>
<token t_id="448" sentence="15" number="9">$</token>
<token t_id="449" sentence="15" number="10">15</token>
<token t_id="450" sentence="15" number="11">million</token>
<token t_id="451" sentence="15" number="12">in</token>
<token t_id="452" sentence="15" number="13">advertising</token>
<token t_id="453" sentence="15" number="14">revenue</token>
<token t_id="454" sentence="15" number="15">.</token>
<token t_id="455" sentence="16" number="0">The</token>
<token t_id="456" sentence="16" number="1">writers</token>
<token t_id="457" sentence="16" number="2">strike</token>
<token t_id="458" sentence="16" number="3">was</token>
<token t_id="459" sentence="16" number="4">settled</token>
<token t_id="460" sentence="16" number="5">a</token>
<token t_id="461" sentence="16" number="6">month</token>
<token t_id="462" sentence="16" number="7">later</token>
<token t_id="463" sentence="16" number="8">,</token>
<token t_id="464" sentence="16" number="9">sparing</token>
<token t_id="465" sentence="16" number="10">the</token>
<token t_id="466" sentence="16" number="11">Academy</token>
<token t_id="467" sentence="16" number="12">Awards</token>
<token t_id="468" sentence="16" number="13">and</token>
<token t_id="469" sentence="16" number="14">its</token>
<token t_id="470" sentence="16" number="15">network</token>
<token t_id="471" sentence="16" number="16">,</token>
<token t_id="472" sentence="16" number="17">ABC</token>
<token t_id="473" sentence="16" number="18">,</token>
<token t_id="474" sentence="16" number="19">a</token>
<token t_id="475" sentence="16" number="20">similar</token>
<token t_id="476" sentence="16" number="21">fate</token>
<token t_id="477" sentence="16" number="22">.</token>
<token t_id="478" sentence="17" number="0">But</token>
<token t_id="479" sentence="17" number="1">this</token>
<token t_id="480" sentence="17" number="2">time</token>
<token t_id="481" sentence="17" number="3">around</token>
<token t_id="482" sentence="17" number="4">,</token>
<token t_id="483" sentence="17" number="5">the</token>
<token t_id="484" sentence="17" number="6">Oscars</token>
<token t_id="485" sentence="17" number="7">are</token>
<token t_id="486" sentence="17" number="8">on</token>
<token t_id="487" sentence="17" number="9">the</token>
<token t_id="488" sentence="17" number="10">firing</token>
<token t_id="489" sentence="17" number="11">line</token>
<token t_id="490" sentence="17" number="12">and</token>
<token t_id="491" sentence="17" number="13">Australian</token>
<token t_id="492" sentence="17" number="14">actor</token>
<token t_id="493" sentence="17" number="15">Jackman</token>
<token t_id="494" sentence="17" number="16">,</token>
<token t_id="495" sentence="17" number="17">star</token>
<token t_id="496" sentence="17" number="18">of</token>
<token t_id="497" sentence="17" number="19">the</token>
<token t_id="498" sentence="17" number="20">``</token>
<token t_id="499" sentence="17" number="21">X-Men</token>
<token t_id="500" sentence="17" number="22">''</token>
<token t_id="501" sentence="17" number="23">movies</token>
<token t_id="502" sentence="17" number="24">as</token>
<token t_id="503" sentence="17" number="25">well</token>
<token t_id="504" sentence="17" number="26">as</token>
<token t_id="505" sentence="17" number="27">Broadway</token>
<token t_id="506" sentence="17" number="28">stage</token>
<token t_id="507" sentence="17" number="29">shows</token>
<token t_id="508" sentence="17" number="30">,</token>
<token t_id="509" sentence="17" number="31">may</token>
<token t_id="510" sentence="17" number="32">himself</token>
<token t_id="511" sentence="17" number="33">have</token>
<token t_id="512" sentence="17" number="34">to</token>
<token t_id="513" sentence="17" number="35">pull</token>
<token t_id="514" sentence="17" number="36">out</token>
<token t_id="515" sentence="17" number="37">.</token>
<token t_id="516" sentence="18" number="0">``</token>
<token t_id="517" sentence="18" number="1">At</token>
<token t_id="518" sentence="18" number="2">this</token>
<token t_id="519" sentence="18" number="3">point</token>
<token t_id="520" sentence="18" number="4">,</token>
<token t_id="521" sentence="18" number="5">we</token>
<token t_id="522" sentence="18" number="6">are</token>
<token t_id="523" sentence="18" number="7">moving</token>
<token t_id="524" sentence="18" number="8">forward</token>
<token t_id="525" sentence="18" number="9">with</token>
<token t_id="526" sentence="18" number="10">all</token>
<token t_id="527" sentence="18" number="11">of</token>
<token t_id="528" sentence="18" number="12">our</token>
<token t_id="529" sentence="18" number="13">plans</token>
<token t_id="530" sentence="18" number="14">to</token>
<token t_id="531" sentence="18" number="15">do</token>
<token t_id="532" sentence="18" number="16">our</token>
<token t_id="533" sentence="18" number="17">show</token>
<token t_id="534" sentence="18" number="18">,</token>
<token t_id="535" sentence="18" number="19">and</token>
<token t_id="536" sentence="18" number="20">of</token>
<token t_id="537" sentence="18" number="21">course</token>
<token t_id="538" sentence="18" number="22">we</token>
<token t_id="539" sentence="18" number="23">are</token>
<token t_id="540" sentence="18" number="24">monitoring</token>
<token t_id="541" sentence="18" number="25">what</token>
<token t_id="542" sentence="18" number="26">is</token>
<token t_id="543" sentence="18" number="27">going</token>
<token t_id="544" sentence="18" number="28">on</token>
<token t_id="545" sentence="18" number="29">,</token>
<token t_id="546" sentence="18" number="30">''</token>
<token t_id="547" sentence="18" number="31">said</token>
<token t_id="548" sentence="18" number="32">Academy</token>
<token t_id="549" sentence="18" number="33">spokeswoman</token>
<token t_id="550" sentence="18" number="34">Leslie</token>
<token t_id="551" sentence="18" number="35">Unger</token>
<token t_id="552" sentence="18" number="36">.</token>
<token t_id="553" sentence="19" number="0">SAG</token>
<token t_id="554" sentence="19" number="1">leaders</token>
<token t_id="555" sentence="19" number="2">say</token>
<token t_id="556" sentence="19" number="3">they</token>
<token t_id="557" sentence="19" number="4">need</token>
<token t_id="558" sentence="19" number="5">a</token>
<token t_id="559" sentence="19" number="6">credible</token>
<token t_id="560" sentence="19" number="7">strike</token>
<token t_id="561" sentence="19" number="8">threat</token>
<token t_id="562" sentence="19" number="9">to</token>
<token t_id="563" sentence="19" number="10">wrest</token>
<token t_id="564" sentence="19" number="11">a</token>
<token t_id="565" sentence="19" number="12">better</token>
<token t_id="566" sentence="19" number="13">contract</token>
<token t_id="567" sentence="19" number="14">deal</token>
<token t_id="568" sentence="19" number="15">from</token>
<token t_id="569" sentence="19" number="16">the</token>
<token t_id="570" sentence="19" number="17">studios</token>
<token t_id="571" sentence="19" number="18">than</token>
<token t_id="572" sentence="19" number="19">the</token>
<token t_id="573" sentence="19" number="20">``</token>
<token t_id="574" sentence="19" number="21">final</token>
<token t_id="575" sentence="19" number="22">''</token>
<token t_id="576" sentence="19" number="23">offer</token>
<token t_id="577" sentence="19" number="24">management</token>
<token t_id="578" sentence="19" number="25">presented</token>
<token t_id="579" sentence="19" number="26">before</token>
<token t_id="580" sentence="19" number="27">talks</token>
<token t_id="581" sentence="19" number="28">collapsed</token>
<token t_id="582" sentence="19" number="29">on</token>
<token t_id="583" sentence="19" number="30">June</token>
<token t_id="584" sentence="19" number="31">30</token>
<token t_id="585" sentence="19" number="32">.</token>
<token t_id="586" sentence="20" number="0">They</token>
<token t_id="587" sentence="20" number="1">stress</token>
<token t_id="588" sentence="20" number="2">,</token>
<token t_id="589" sentence="20" number="3">however</token>
<token t_id="590" sentence="20" number="4">,</token>
<token t_id="591" sentence="20" number="5">that</token>
<token t_id="592" sentence="20" number="6">a</token>
<token t_id="593" sentence="20" number="7">``</token>
<token t_id="594" sentence="20" number="8">yes</token>
<token t_id="595" sentence="20" number="9">''</token>
<token t_id="596" sentence="20" number="10">vote</token>
<token t_id="597" sentence="20" number="11">does</token>
<token t_id="598" sentence="20" number="12">not</token>
<token t_id="599" sentence="20" number="13">automatically</token>
<token t_id="600" sentence="20" number="14">put</token>
<token t_id="601" sentence="20" number="15">a</token>
<token t_id="602" sentence="20" number="16">strike</token>
<token t_id="603" sentence="20" number="17">into</token>
<token t_id="604" sentence="20" number="18">effect</token>
<token t_id="605" sentence="20" number="19">,</token>
<token t_id="606" sentence="20" number="20">and</token>
<token t_id="607" sentence="20" number="21">it</token>
<token t_id="608" sentence="20" number="22">remains</token>
<token t_id="609" sentence="20" number="23">uncertain</token>
<token t_id="610" sentence="20" number="24">whether</token>
<token t_id="611" sentence="20" number="25">SAG</token>
<token t_id="612" sentence="20" number="26">can</token>
<token t_id="613" sentence="20" number="27">muster</token>
<token t_id="614" sentence="20" number="28">the</token>
<token t_id="615" sentence="20" number="29">support</token>
<token t_id="616" sentence="20" number="30">it</token>
<token t_id="617" sentence="20" number="31">needs</token>
<token t_id="618" sentence="20" number="32">--</token>
<token t_id="619" sentence="20" number="33">75</token>
<token t_id="620" sentence="20" number="34">percent</token>
<token t_id="621" sentence="20" number="35">of</token>
<token t_id="622" sentence="20" number="36">those</token>
<token t_id="623" sentence="20" number="37">voting</token>
<token t_id="624" sentence="20" number="38">--</token>
<token t_id="625" sentence="20" number="39">to</token>
<token t_id="626" sentence="20" number="40">pass</token>
<token t_id="627" sentence="20" number="41">its</token>
<token t_id="628" sentence="20" number="42">authorization</token>
<token t_id="629" sentence="20" number="43">.</token>
<token t_id="630" sentence="21" number="0">Talks</token>
<token t_id="631" sentence="21" number="1">collapsed</token>
<token t_id="632" sentence="21" number="2">over</token>
<token t_id="633" sentence="21" number="3">issues</token>
<token t_id="634" sentence="21" number="4">that</token>
<token t_id="635" sentence="21" number="5">included</token>
<token t_id="636" sentence="21" number="6">how</token>
<token t_id="637" sentence="21" number="7">much</token>
<token t_id="638" sentence="21" number="8">actors</token>
<token t_id="639" sentence="21" number="9">would</token>
<token t_id="640" sentence="21" number="10">get</token>
<token t_id="641" sentence="21" number="11">paid</token>
<token t_id="642" sentence="21" number="12">for</token>
<token t_id="643" sentence="21" number="13">work</token>
<token t_id="644" sentence="21" number="14">on</token>
<token t_id="645" sentence="21" number="15">the</token>
<token t_id="646" sentence="21" number="16">Internet</token>
<token t_id="647" sentence="21" number="17">,</token>
<token t_id="648" sentence="21" number="18">and</token>
<token t_id="649" sentence="21" number="19">the</token>
<token t_id="650" sentence="21" number="20">financial</token>
<token t_id="651" sentence="21" number="21">impact</token>
<token t_id="652" sentence="21" number="22">of</token>
<token t_id="653" sentence="21" number="23">a</token>
<token t_id="654" sentence="21" number="24">possible</token>
<token t_id="655" sentence="21" number="25">strike</token>
<token t_id="656" sentence="21" number="26">on</token>
<token t_id="657" sentence="21" number="27">Hollywood</token>
<token t_id="658" sentence="21" number="28">remains</token>
<token t_id="659" sentence="21" number="29">unclear</token>
<token t_id="660" sentence="21" number="30">.</token>
<token t_id="661" sentence="22" number="0">Most</token>
<token t_id="662" sentence="22" number="1">films</token>
<token t_id="663" sentence="22" number="2">slated</token>
<token t_id="664" sentence="22" number="3">for</token>
<token t_id="665" sentence="22" number="4">release</token>
<token t_id="666" sentence="22" number="5">in</token>
<token t_id="667" sentence="22" number="6">2009</token>
<token t_id="668" sentence="22" number="7">already</token>
<token t_id="669" sentence="22" number="8">have</token>
<token t_id="670" sentence="22" number="9">been</token>
<token t_id="671" sentence="22" number="10">shot</token>
<token t_id="672" sentence="22" number="11">,</token>
<token t_id="673" sentence="22" number="12">meaning</token>
<token t_id="674" sentence="22" number="13">the</token>
<token t_id="675" sentence="22" number="14">2010</token>
<token t_id="676" sentence="22" number="15">slate</token>
<token t_id="677" sentence="22" number="16">would</token>
<token t_id="678" sentence="22" number="17">see</token>
<token t_id="679" sentence="22" number="18">the</token>
<token t_id="680" sentence="22" number="19">brunt</token>
<token t_id="681" sentence="22" number="20">of</token>
<token t_id="682" sentence="22" number="21">a</token>
<token t_id="683" sentence="22" number="22">strike</token>
<token t_id="684" sentence="22" number="23">.</token>
<token t_id="685" sentence="23" number="0">Some</token>
<token t_id="686" sentence="23" number="1">TV</token>
<token t_id="687" sentence="23" number="2">prime-time</token>
<token t_id="688" sentence="23" number="3">dramas</token>
<token t_id="689" sentence="23" number="4">and</token>
<token t_id="690" sentence="23" number="5">sitcoms</token>
<token t_id="691" sentence="23" number="6">will</token>
<token t_id="692" sentence="23" number="7">have</token>
<token t_id="693" sentence="23" number="8">completed</token>
<token t_id="694" sentence="23" number="9">production</token>
<token t_id="695" sentence="23" number="10">before</token>
<token t_id="696" sentence="23" number="11">SAG</token>
<token t_id="697" sentence="23" number="12">a</token>
<token t_id="698" sentence="23" number="13">work</token>
<token t_id="699" sentence="23" number="14">stoppage</token>
<token t_id="700" sentence="23" number="15">,</token>
<token t_id="701" sentence="23" number="16">though</token>
<token t_id="702" sentence="23" number="17">a</token>
<token t_id="703" sentence="23" number="18">walkout</token>
<token t_id="704" sentence="23" number="19">could</token>
<token t_id="705" sentence="23" number="20">hinder</token>
<token t_id="706" sentence="23" number="21">development</token>
<token t_id="707" sentence="23" number="22">of</token>
<token t_id="708" sentence="23" number="23">new</token>
<token t_id="709" sentence="23" number="24">series</token>
<token t_id="710" sentence="23" number="25">for</token>
<token t_id="711" sentence="23" number="26">Fall</token>
<token t_id="712" sentence="23" number="27">2009</token>
<token t_id="713" sentence="23" number="28">.</token>
<Markables>
<ACTION_ASPECTUAL m_id="22"  >
  <token_anchor t_id="38"/>
  <token_anchor t_id="39"/>
</ACTION_ASPECTUAL>
<ACTION_OCCURRENCE m_id="25"  >
  <token_anchor t_id="3"/>
</ACTION_OCCURRENCE>
<ACTION_OCCURRENCE m_id="15"  >
  <token_anchor t_id="36"/>
</ACTION_OCCURRENCE>
<ACTION_OCCURRENCE m_id="16"  >
  <token_anchor t_id="25"/>
</ACTION_OCCURRENCE>
<ACTION_OCCURRENCE m_id="17"  >
  <token_anchor t_id="27"/>
  <token_anchor t_id="28"/>
  <token_anchor t_id="29"/>
  <token_anchor t_id="30"/>
</ACTION_OCCURRENCE>
<ACTION_OCCURRENCE m_id="20"  >
  <token_anchor t_id="17"/>
</ACTION_OCCURRENCE>
<ACTION_REPORTING m_id="19"  >
  <token_anchor t_id="7"/>
</ACTION_REPORTING>
<ACTION_STATE m_id="14"  >
  <token_anchor t_id="20"/>
</ACTION_STATE>
<HUMAN_PART_MET m_id="27"  >
  <token_anchor t_id="33"/>
</HUMAN_PART_MET>
<HUMAN_PART_PER m_id="24"  >
  <token_anchor t_id="12"/>
</HUMAN_PART_PER>
<HUMAN_PART_PER m_id="26"  >
  <token_anchor t_id="24"/>
</HUMAN_PART_PER>
<HUMAN_PART_PER m_id="21"  >
  <token_anchor t_id="8"/>
  <token_anchor t_id="9"/>
</HUMAN_PART_PER>
<TIME_DATE m_id="23"  >
  <token_anchor t_id="5"/>
  <token_anchor t_id="6"/>
</TIME_DATE>


<HUMAN_PART_ORG m_id="28" note="byCROMER" >
  <token_anchor t_id="4"/>
</HUMAN_PART_ORG>


<ACTION_OCCURRENCE m_id="34" RELATED_TO="" TAG_DESCRIPTOR="t2b_oscar_ceremony" instance_id="ACT16268643573999998" />
<TIME_DATE m_id="33" RELATED_TO="" TAG_DESCRIPTOR="t2b_friday_host_announcement" instance_id="TIM16268764752302323" />
<ACTION_REPORTING m_id="32" RELATED_TO="" TAG_DESCRIPTOR="t2b_ampas_said_jackman_hosting" instance_id="ACT16268935050332978" />
<HUMAN_PART_MET m_id="31" RELATED_TO="" TAG_DESCRIPTOR="t2b_hollywood" instance_id="HUM16268789034067364" />
<HUMAN_PART_ORG m_id="30" RELATED_TO="" TAG_DESCRIPTOR="t2_ampas" instance_id="HUM16239986301894968" />
<HUMAN_PART_PER m_id="29" RELATED_TO="" TAG_DESCRIPTOR="t2b_jackman" instance_id="HUM16269645336595420" />
</Markables>

<Relations>
<CROSS_DOC_COREF r_id="36973" note="HUM16269645336595420" >
  <source m_id="21" />
  <source m_id="24" />
  <target m_id="29" />
</CROSS_DOC_COREF>
<CROSS_DOC_COREF r_id="36974" note="HUM16239986301894968" >
  <source m_id="28" />
  <target m_id="30" />
</CROSS_DOC_COREF>
<CROSS_DOC_COREF r_id="36975" note="HUM16268789034067364" >
  <source m_id="27" />
  <target m_id="31" />
</CROSS_DOC_COREF>
<CROSS_DOC_COREF r_id="36976" note="ACT16268935050332978" >
  <source m_id="19" />
  <target m_id="32" />
</CROSS_DOC_COREF>
<CROSS_DOC_COREF r_id="36977" note="TIM16268764752302323" >
  <source m_id="23" />
  <target m_id="33" />
</CROSS_DOC_COREF>
<CROSS_DOC_COREF r_id="36978" note="ACT16268643573999998" >
  <source m_id="25" />
  <source m_id="20" />
  <source m_id="15" />
  <target m_id="34" />
</CROSS_DOC_COREF>

</Relations>
</Document>
