<Document doc_name="2_1ecb.xml" doc_id="DOC15653561149676502">
<token t_id="1" sentence="0" number="0">World</token>
<token t_id="2" sentence="0" number="1">'s</token>
<token t_id="3" sentence="0" number="2">sexiest</token>
<token t_id="4" sentence="0" number="3">man</token>
<token t_id="5" sentence="0" number="4">'</token>
<token t_id="6" sentence="0" number="5">Hugh</token>
<token t_id="7" sentence="0" number="6">Jackman</token>
<token t_id="8" sentence="0" number="7">has</token>
<token t_id="9" sentence="0" number="8">been</token>
<token t_id="10" sentence="0" number="9">roped</token>
<token t_id="11" sentence="0" number="10">in</token>
<token t_id="12" sentence="0" number="11">to</token>
<token t_id="13" sentence="0" number="12">host</token>
<token t_id="14" sentence="0" number="13">the</token>
<token t_id="15" sentence="0" number="14">81st</token>
<token t_id="16" sentence="0" number="15">annual</token>
<token t_id="17" sentence="0" number="16">Academy</token>
<token t_id="18" sentence="0" number="17">Awards</token>
<token t_id="19" sentence="0" number="18">ceremony</token>
<token t_id="20" sentence="1" number="0">According</token>
<token t_id="21" sentence="1" number="1">to</token>
<token t_id="22" sentence="1" number="2">Laurence</token>
<token t_id="23" sentence="1" number="3">Mark</token>
<token t_id="24" sentence="1" number="4">,</token>
<token t_id="25" sentence="1" number="5">producer</token>
<token t_id="26" sentence="1" number="6">of</token>
<token t_id="27" sentence="1" number="7">the</token>
<token t_id="28" sentence="1" number="8">telecast</token>
<token t_id="29" sentence="1" number="9">,</token>
<token t_id="30" sentence="1" number="10">the</token>
<token t_id="31" sentence="1" number="11">Australian</token>
<token t_id="32" sentence="1" number="12">actor</token>
<token t_id="33" sentence="1" number="13">has</token>
<token t_id="34" sentence="1" number="14">been</token>
<token t_id="35" sentence="1" number="15">selected</token>
<token t_id="36" sentence="1" number="16">``</token>
<token t_id="37" sentence="1" number="17">because</token>
<token t_id="38" sentence="1" number="18">we</token>
<token t_id="39" sentence="1" number="19">want</token>
<token t_id="40" sentence="1" number="20">the</token>
<token t_id="41" sentence="1" number="21">ceremony</token>
<token t_id="42" sentence="1" number="22">to</token>
<token t_id="43" sentence="1" number="23">be</token>
<token t_id="44" sentence="1" number="24">fun</token>
<token t_id="45" sentence="1" number="25">.</token>
<token t_id="46" sentence="2" number="0">He</token>
<token t_id="47" sentence="2" number="1">can</token>
<token t_id="48" sentence="2" number="2">hold</token>
<token t_id="49" sentence="2" number="3">the</token>
<token t_id="50" sentence="2" number="4">screen</token>
<token t_id="51" sentence="2" number="5">and</token>
<token t_id="52" sentence="2" number="6">he</token>
<token t_id="53" sentence="2" number="7">can</token>
<token t_id="54" sentence="2" number="8">hold</token>
<token t_id="55" sentence="2" number="9">a</token>
<token t_id="56" sentence="2" number="10">stage</token>
<token t_id="57" sentence="2" number="11">.</token>
<token t_id="58" sentence="3" number="0">It</token>
<token t_id="59" sentence="3" number="1">does</token>
<token t_id="60" sentence="3" number="2">n't</token>
<token t_id="61" sentence="3" number="3">hurt</token>
<token t_id="62" sentence="3" number="4">that</token>
<token t_id="63" sentence="3" number="5">he</token>
<token t_id="64" sentence="3" number="6">looks</token>
<token t_id="65" sentence="3" number="7">amazing</token>
<token t_id="66" sentence="3" number="8">in</token>
<token t_id="67" sentence="3" number="9">a</token>
<token t_id="68" sentence="3" number="10">tuxedo</token>
<token t_id="69" sentence="3" number="11">and</token>
<token t_id="70" sentence="3" number="12">he</token>
<token t_id="71" sentence="3" number="13">'s</token>
<token t_id="72" sentence="3" number="14">the</token>
<token t_id="73" sentence="3" number="15">sexiest</token>
<token t_id="74" sentence="3" number="16">man</token>
<token t_id="75" sentence="3" number="17">alive</token>
<token t_id="76" sentence="3" number="18">,</token>
<token t_id="77" sentence="3" number="19">''</token>
<token t_id="78" sentence="3" number="20">People</token>
<token t_id="79" sentence="3" number="21">quoted</token>
<token t_id="80" sentence="3" number="22">him</token>
<token t_id="81" sentence="3" number="23">as</token>
<token t_id="82" sentence="3" number="24">saying</token>
<token t_id="83" sentence="3" number="25">.</token>
<token t_id="84" sentence="4" number="0">The</token>
<token t_id="85" sentence="4" number="1">ceremony</token>
<token t_id="86" sentence="4" number="2">will</token>
<token t_id="87" sentence="4" number="3">take</token>
<token t_id="88" sentence="4" number="4">place</token>
<token t_id="89" sentence="4" number="5">at</token>
<token t_id="90" sentence="4" number="6">the</token>
<token t_id="91" sentence="4" number="7">Kodak</token>
<token t_id="92" sentence="4" number="8">Theatre</token>
<token t_id="93" sentence="4" number="9">in</token>
<token t_id="94" sentence="4" number="10">Los</token>
<token t_id="95" sentence="4" number="11">Angeles</token>
<token t_id="96" sentence="4" number="12">on</token>
<token t_id="97" sentence="4" number="13">February</token>
<token t_id="98" sentence="4" number="14">22</token>
<token t_id="99" sentence="4" number="15">.</token>
<token t_id="100" sentence="5" number="0">The</token>
<token t_id="101" sentence="5" number="1">X</token>
<token t_id="102" sentence="5" number="2">men</token>
<token t_id="103" sentence="5" number="3">star</token>
<token t_id="104" sentence="5" number="4">,</token>
<token t_id="105" sentence="5" number="5">who</token>
<token t_id="106" sentence="5" number="6">is</token>
<token t_id="107" sentence="5" number="7">known</token>
<token t_id="108" sentence="5" number="8">for</token>
<token t_id="109" sentence="5" number="9">his</token>
<token t_id="110" sentence="5" number="10">hard</token>
<token t_id="111" sentence="5" number="11">body</token>
<token t_id="112" sentence="5" number="12">,</token>
<token t_id="113" sentence="5" number="13">he</token>
<token t_id="114" sentence="5" number="14">has</token>
<token t_id="115" sentence="5" number="15">a</token>
<token t_id="116" sentence="5" number="16">softer</token>
<token t_id="117" sentence="5" number="17">side</token>
<token t_id="118" sentence="5" number="18">too</token>
<token t_id="119" sentence="5" number="19">.</token>
<token t_id="120" sentence="6" number="0">Jackman</token>
<token t_id="121" sentence="6" number="1">sings</token>
<token t_id="122" sentence="6" number="2">ballads</token>
<token t_id="123" sentence="6" number="3">at</token>
<token t_id="124" sentence="6" number="4">home</token>
<token t_id="125" sentence="6" number="5">,</token>
<token t_id="126" sentence="6" number="6">makes</token>
<token t_id="127" sentence="6" number="7">pancakes</token>
<token t_id="128" sentence="6" number="8">for</token>
<token t_id="129" sentence="6" number="9">son</token>
<token t_id="130" sentence="6" number="10">Oscar</token>
<token t_id="131" sentence="6" number="11">,</token>
<token t_id="132" sentence="6" number="12">8</token>
<token t_id="133" sentence="6" number="13">,</token>
<token t_id="134" sentence="6" number="14">daughter</token>
<token t_id="135" sentence="6" number="15">Ava</token>
<token t_id="136" sentence="6" number="16">,</token>
<token t_id="137" sentence="6" number="17">3</token>
<token t_id="138" sentence="6" number="18">,</token>
<token t_id="139" sentence="6" number="19">as</token>
<token t_id="140" sentence="6" number="20">well</token>
<token t_id="141" sentence="6" number="21">as</token>
<token t_id="142" sentence="6" number="22">his</token>
<token t_id="143" sentence="6" number="23">wife</token>
<token t_id="144" sentence="6" number="24">Deborra-Lee</token>
<token t_id="145" sentence="6" number="25">Furness</token>
<token t_id="146" sentence="6" number="26">.</token>
<token t_id="147" sentence="7" number="0">``</token>
<token t_id="148" sentence="7" number="1">Deb</token>
<token t_id="149" sentence="7" number="2">and</token>
<token t_id="150" sentence="7" number="3">my</token>
<token t_id="151" sentence="7" number="4">kids</token>
<token t_id="152" sentence="7" number="5">have</token>
<token t_id="153" sentence="7" number="6">been</token>
<token t_id="154" sentence="7" number="7">the</token>
<token t_id="155" sentence="7" number="8">best</token>
<token t_id="156" sentence="7" number="9">things</token>
<token t_id="157" sentence="7" number="10">that</token>
<token t_id="158" sentence="7" number="11">have</token>
<token t_id="159" sentence="7" number="12">ever</token>
<token t_id="160" sentence="7" number="13">happened</token>
<token t_id="161" sentence="7" number="14">to</token>
<token t_id="162" sentence="7" number="15">me</token>
<token t_id="163" sentence="7" number="16">,</token>
<token t_id="164" sentence="7" number="17">without</token>
<token t_id="165" sentence="7" number="18">a</token>
<token t_id="166" sentence="7" number="19">doubt</token>
<token t_id="167" sentence="7" number="20">,</token>
<token t_id="168" sentence="7" number="21">''</token>
<token t_id="169" sentence="7" number="22">he</token>
<token t_id="170" sentence="7" number="23">said</token>
<token t_id="171" sentence="7" number="24">.</token>
<Markables>
<ACTION_OCCURRENCE m_id="6"  >
  <token_anchor t_id="10"/>
  <token_anchor t_id="11"/>
</ACTION_OCCURRENCE>
<ACTION_OCCURRENCE m_id="8"  >
  <token_anchor t_id="13"/>
</ACTION_OCCURRENCE>
<ACTION_OCCURRENCE m_id="9"  >
  <token_anchor t_id="17"/>
  <token_anchor t_id="18"/>
  <token_anchor t_id="19"/>
</ACTION_OCCURRENCE>
<HUMAN_PART_PER m_id="7"  >
  <token_anchor t_id="6"/>
  <token_anchor t_id="7"/>
</HUMAN_PART_PER>
<TIME_REPETITION m_id="10"  >
  <token_anchor t_id="15"/>
  <token_anchor t_id="16"/>
</TIME_REPETITION>




<ACTION_OCCURRENCE m_id="14" RELATED_TO="" TAG_DESCRIPTOR="t2b_oscar_ceremony" instance_id="ACT16268643573999998" />
<HUMAN_PART_PER m_id="13" RELATED_TO="" TAG_DESCRIPTOR="t2b_jackman" instance_id="HUM16269645336595420" />
<ACTION_OCCURRENCE m_id="12" RELATED_TO="" TAG_DESCRIPTOR="t2b_host_oscars" instance_id="ACT16268623996458050" />
<TIME_REPETITION m_id="11" RELATED_TO="" TAG_DESCRIPTOR="t2b_81st_oscars" instance_id="TIM16268672895915478" />
</Markables>

<Relations>
<CROSS_DOC_COREF r_id="36957" note="TIM16268672895915478" >
  <source m_id="10" />
  <target m_id="11" />
</CROSS_DOC_COREF>
<CROSS_DOC_COREF r_id="36958" note="ACT16268623996458050" >
  <source m_id="8" />
  <target m_id="12" />
</CROSS_DOC_COREF>
<CROSS_DOC_COREF r_id="36959" note="HUM16269645336595420" >
  <source m_id="7" />
  <target m_id="13" />
</CROSS_DOC_COREF>
<CROSS_DOC_COREF r_id="36960" note="ACT16268643573999998" >
  <source m_id="9" />
  <target m_id="14" />
</CROSS_DOC_COREF>

</Relations>
</Document>
