<Document doc_name="2_2ecb.xml" doc_id="DOC15653561333296769">
<token t_id="1" sentence="0" number="0">It</token>
<token t_id="2" sentence="0" number="1">'s</token>
<token t_id="3" sentence="0" number="2">a</token>
<token t_id="4" sentence="0" number="3">tough</token>
<token t_id="5" sentence="0" number="4">job</token>
<token t_id="6" sentence="0" number="5">hosting</token>
<token t_id="7" sentence="0" number="6">the</token>
<token t_id="8" sentence="0" number="7">Academy</token>
<token t_id="9" sentence="0" number="8">Awards</token>
<token t_id="10" sentence="0" number="9">.</token>
<token t_id="11" sentence="1" number="0">It</token>
<token t_id="12" sentence="1" number="1">'s</token>
<token t_id="13" sentence="1" number="2">supposed</token>
<token t_id="14" sentence="1" number="3">to</token>
<token t_id="15" sentence="1" number="4">be</token>
<token t_id="16" sentence="1" number="5">entertaining</token>
<token t_id="17" sentence="1" number="6">,</token>
<token t_id="18" sentence="1" number="7">but</token>
<token t_id="19" sentence="1" number="8">it</token>
<token t_id="20" sentence="1" number="9">'s</token>
<token t_id="21" sentence="1" number="10">also</token>
<token t_id="22" sentence="1" number="11">a</token>
<token t_id="23" sentence="1" number="12">night</token>
<token t_id="24" sentence="1" number="13">for</token>
<token t_id="25" sentence="1" number="14">the</token>
<token t_id="26" sentence="1" number="15">stars</token>
<token t_id="27" sentence="1" number="16">to</token>
<token t_id="28" sentence="1" number="17">revel</token>
<token t_id="29" sentence="1" number="18">in</token>
<token t_id="30" sentence="1" number="19">the</token>
<token t_id="31" sentence="1" number="20">glory</token>
<token t_id="32" sentence="1" number="21">of</token>
<token t_id="33" sentence="1" number="22">an</token>
<token t_id="34" sentence="1" number="23">Oscar</token>
<token t_id="35" sentence="1" number="24">win</token>
<token t_id="36" sentence="1" number="25">.</token>
<token t_id="37" sentence="2" number="0">And</token>
<token t_id="38" sentence="2" number="1">the</token>
<token t_id="39" sentence="2" number="2">host</token>
<token t_id="40" sentence="2" number="3">has</token>
<token t_id="41" sentence="2" number="4">to</token>
<token t_id="42" sentence="2" number="5">be</token>
<token t_id="43" sentence="2" number="6">edgy</token>
<token t_id="44" sentence="2" number="7">and</token>
<token t_id="45" sentence="2" number="8">funny</token>
<token t_id="46" sentence="2" number="9">,</token>
<token t_id="47" sentence="2" number="10">without</token>
<token t_id="48" sentence="2" number="11">going</token>
<token t_id="49" sentence="2" number="12">over</token>
<token t_id="50" sentence="2" number="13">the</token>
<token t_id="51" sentence="2" number="14">line</token>
<token t_id="52" sentence="2" number="15">and</token>
<token t_id="53" sentence="2" number="16">insulting</token>
<token t_id="54" sentence="2" number="17">the</token>
<token t_id="55" sentence="2" number="18">honorees</token>
<token t_id="56" sentence="2" number="19">.</token>
<token t_id="57" sentence="3" number="0">But</token>
<token t_id="58" sentence="3" number="1">when</token>
<token t_id="59" sentence="3" number="2">it</token>
<token t_id="60" sentence="3" number="3">works</token>
<token t_id="61" sentence="3" number="4">,</token>
<token t_id="62" sentence="3" number="5">as</token>
<token t_id="63" sentence="3" number="6">it</token>
<token t_id="64" sentence="3" number="7">did</token>
<token t_id="65" sentence="3" number="8">in</token>
<token t_id="66" sentence="3" number="9">1992</token>
<token t_id="67" sentence="3" number="10">when</token>
<token t_id="68" sentence="3" number="11">tough-guy</token>
<token t_id="69" sentence="3" number="12">actor</token>
<token t_id="70" sentence="3" number="13">Jack</token>
<token t_id="71" sentence="3" number="14">Palance</token>
<token t_id="72" sentence="3" number="15">did</token>
<token t_id="73" sentence="3" number="16">push-ups</token>
<token t_id="74" sentence="3" number="17">in</token>
<token t_id="75" sentence="3" number="18">front</token>
<token t_id="76" sentence="3" number="19">of</token>
<token t_id="77" sentence="3" number="20">comedian</token>
<token t_id="78" sentence="3" number="21">and</token>
<token t_id="79" sentence="3" number="22">host</token>
<token t_id="80" sentence="3" number="23">Billy</token>
<token t_id="81" sentence="3" number="24">Crystal</token>
<token t_id="82" sentence="3" number="25">,</token>
<token t_id="83" sentence="3" number="26">only</token>
<token t_id="84" sentence="3" number="27">to</token>
<token t_id="85" sentence="3" number="28">become</token>
<token t_id="86" sentence="3" number="29">the</token>
<token t_id="87" sentence="3" number="30">butt</token>
<token t_id="88" sentence="3" number="31">of</token>
<token t_id="89" sentence="3" number="32">Crystal</token>
<token t_id="90" sentence="3" number="33">'s</token>
<token t_id="91" sentence="3" number="34">jokes</token>
<token t_id="92" sentence="3" number="35">for</token>
<token t_id="93" sentence="3" number="36">the</token>
<token t_id="94" sentence="3" number="37">rest</token>
<token t_id="95" sentence="3" number="38">of</token>
<token t_id="96" sentence="3" number="39">the</token>
<token t_id="97" sentence="3" number="40">night</token>
<token t_id="98" sentence="3" number="41">,</token>
<token t_id="99" sentence="3" number="42">it</token>
<token t_id="100" sentence="3" number="43">makes</token>
<token t_id="101" sentence="3" number="44">for</token>
<token t_id="102" sentence="3" number="45">memorable</token>
<token t_id="103" sentence="3" number="46">moments</token>
<token t_id="104" sentence="3" number="47">.</token>
<token t_id="105" sentence="4" number="0">On</token>
<token t_id="106" sentence="4" number="1">Friday</token>
<token t_id="107" sentence="4" number="2">,</token>
<token t_id="108" sentence="4" number="3">the</token>
<token t_id="109" sentence="4" number="4">organization</token>
<token t_id="110" sentence="4" number="5">behind</token>
<token t_id="111" sentence="4" number="6">the</token>
<token t_id="112" sentence="4" number="7">Academy</token>
<token t_id="113" sentence="4" number="8">Awards</token>
<token t_id="114" sentence="4" number="9">named</token>
<token t_id="115" sentence="4" number="10">Australian</token>
<token t_id="116" sentence="4" number="11">actor</token>
<token t_id="117" sentence="4" number="12">Hugh</token>
<token t_id="118" sentence="4" number="13">Jackman</token>
<token t_id="119" sentence="4" number="14">as</token>
<token t_id="120" sentence="4" number="15">the</token>
<token t_id="121" sentence="4" number="16">host</token>
<token t_id="122" sentence="4" number="17">of</token>
<token t_id="123" sentence="4" number="18">February</token>
<token t_id="124" sentence="4" number="19">'s</token>
<token t_id="125" sentence="4" number="20">annual</token>
<token t_id="126" sentence="4" number="21">show</token>
<token t_id="127" sentence="4" number="22">.</token>
<token t_id="128" sentence="5" number="0">Jackman</token>
<token t_id="129" sentence="5" number="1">is</token>
<token t_id="130" sentence="5" number="2">the</token>
<token t_id="131" sentence="5" number="3">first</token>
<token t_id="132" sentence="5" number="4">non-comedian</token>
<token t_id="133" sentence="5" number="5">to</token>
<token t_id="134" sentence="5" number="6">single-handedly</token>
<token t_id="135" sentence="5" number="7">host</token>
<token t_id="136" sentence="5" number="8">the</token>
<token t_id="137" sentence="5" number="9">show</token>
<token t_id="138" sentence="5" number="10">in</token>
<token t_id="139" sentence="5" number="11">recent</token>
<token t_id="140" sentence="5" number="12">years</token>
<token t_id="141" sentence="5" number="13">.</token>
<token t_id="142" sentence="6" number="0">The</token>
<token t_id="143" sentence="6" number="1">last</token>
<token t_id="144" sentence="6" number="2">time</token>
<token t_id="145" sentence="6" number="3">an</token>
<token t_id="146" sentence="6" number="4">Australian</token>
<token t_id="147" sentence="6" number="5">hosted</token>
<token t_id="148" sentence="6" number="6">the</token>
<token t_id="149" sentence="6" number="7">show</token>
<token t_id="150" sentence="6" number="8">was</token>
<token t_id="151" sentence="6" number="9">in</token>
<token t_id="152" sentence="6" number="10">1987</token>
<token t_id="153" sentence="6" number="11">,</token>
<token t_id="154" sentence="6" number="12">when</token>
<token t_id="155" sentence="6" number="13">to</token>
<token t_id="156" sentence="6" number="14">``</token>
<token t_id="157" sentence="6" number="15">Crocodile</token>
<token t_id="158" sentence="6" number="16">Dundee</token>
<token t_id="159" sentence="6" number="17">''</token>
<token t_id="160" sentence="6" number="18">star</token>
<token t_id="161" sentence="6" number="19">Paul</token>
<token t_id="162" sentence="6" number="20">Hogan</token>
<token t_id="163" sentence="6" number="21">shared</token>
<token t_id="164" sentence="6" number="22">the</token>
<token t_id="165" sentence="6" number="23">stage</token>
<token t_id="166" sentence="6" number="24">with</token>
<token t_id="167" sentence="6" number="25">actress</token>
<token t_id="168" sentence="6" number="26">Goldie</token>
<token t_id="169" sentence="6" number="27">Hawn</token>
<token t_id="170" sentence="6" number="28">and</token>
<token t_id="171" sentence="6" number="29">comedian</token>
<token t_id="172" sentence="6" number="30">Chevy</token>
<token t_id="173" sentence="6" number="31">Chase</token>
<token t_id="174" sentence="6" number="32">.</token>
<token t_id="175" sentence="7" number="0">Coming</token>
<token t_id="176" sentence="7" number="1">off</token>
<token t_id="177" sentence="7" number="2">starring</token>
<token t_id="178" sentence="7" number="3">in</token>
<token t_id="179" sentence="7" number="4">``</token>
<token t_id="180" sentence="7" number="5">Australia</token>
<token t_id="181" sentence="7" number="6">,</token>
<token t_id="182" sentence="7" number="7">''</token>
<token t_id="183" sentence="7" number="8">which</token>
<token t_id="184" sentence="7" number="9">has</token>
<token t_id="185" sentence="7" number="10">had</token>
<token t_id="186" sentence="7" number="11">only</token>
<token t_id="187" sentence="7" number="12">limited</token>
<token t_id="188" sentence="7" number="13">box</token>
<token t_id="189" sentence="7" number="14">office</token>
<token t_id="190" sentence="7" number="15">success</token>
<token t_id="191" sentence="7" number="16">since</token>
<token t_id="192" sentence="7" number="17">its</token>
<token t_id="193" sentence="7" number="18">Nov.</token>
<token t_id="194" sentence="7" number="19">26</token>
<token t_id="195" sentence="7" number="20">opening</token>
<token t_id="196" sentence="7" number="21">with</token>
<token t_id="197" sentence="7" number="22">a</token>
<token t_id="198" sentence="7" number="23">total</token>
<token t_id="199" sentence="7" number="24">box</token>
<token t_id="200" sentence="7" number="25">office</token>
<token t_id="201" sentence="7" number="26">take</token>
<token t_id="202" sentence="7" number="27">of</token>
<token t_id="203" sentence="7" number="28">$</token>
<token t_id="204" sentence="7" number="29">43</token>
<token t_id="205" sentence="7" number="30">million</token>
<token t_id="206" sentence="7" number="31">,</token>
<token t_id="207" sentence="7" number="32">Jackman</token>
<token t_id="208" sentence="7" number="33">will</token>
<token t_id="209" sentence="7" number="34">rely</token>
<token t_id="210" sentence="7" number="35">on</token>
<token t_id="211" sentence="7" number="36">song</token>
<token t_id="212" sentence="7" number="37">and</token>
<token t_id="213" sentence="7" number="38">dance</token>
<token t_id="214" sentence="7" number="39">instead</token>
<token t_id="215" sentence="7" number="40">of</token>
<token t_id="216" sentence="7" number="41">just</token>
<token t_id="217" sentence="7" number="42">jokes</token>
<token t_id="218" sentence="7" number="43">to</token>
<token t_id="219" sentence="7" number="44">entertain</token>
<token t_id="220" sentence="7" number="45">a</token>
<token t_id="221" sentence="7" number="46">worldwide</token>
<token t_id="222" sentence="7" number="47">audience</token>
<token t_id="223" sentence="7" number="48">on</token>
<token t_id="224" sentence="7" number="49">Oscar</token>
<token t_id="225" sentence="7" number="50">night</token>
<token t_id="226" sentence="7" number="51">.</token>
<token t_id="227" sentence="8" number="0">He</token>
<token t_id="228" sentence="8" number="1">has</token>
<token t_id="229" sentence="8" number="2">done</token>
<token t_id="230" sentence="8" number="3">well</token>
<token t_id="231" sentence="8" number="4">hosting</token>
<token t_id="232" sentence="8" number="5">the</token>
<token t_id="233" sentence="8" number="6">Tony</token>
<token t_id="234" sentence="8" number="7">Awards</token>
<token t_id="235" sentence="8" number="8">,</token>
<token t_id="236" sentence="8" number="9">the</token>
<token t_id="237" sentence="8" number="10">Broadway</token>
<token t_id="238" sentence="8" number="11">version</token>
<token t_id="239" sentence="8" number="12">of</token>
<token t_id="240" sentence="8" number="13">the</token>
<token t_id="241" sentence="8" number="14">Oscars</token>
<token t_id="242" sentence="8" number="15">,</token>
<token t_id="243" sentence="8" number="16">but</token>
<token t_id="244" sentence="8" number="17">the</token>
<token t_id="245" sentence="8" number="18">Oscars</token>
<token t_id="246" sentence="8" number="19">'</token>
<token t_id="247" sentence="8" number="20">audience</token>
<token t_id="248" sentence="8" number="21">is</token>
<token t_id="249" sentence="8" number="22">used</token>
<token t_id="250" sentence="8" number="23">to</token>
<token t_id="251" sentence="8" number="24">comedians</token>
<token t_id="252" sentence="8" number="25">on</token>
<token t_id="253" sentence="8" number="26">the</token>
<token t_id="254" sentence="8" number="27">show</token>
<token t_id="255" sentence="8" number="28">.</token>
<token t_id="256" sentence="9" number="0">On</token>
<token t_id="257" sentence="9" number="1">a</token>
<token t_id="258" sentence="9" number="2">night</token>
<token t_id="259" sentence="9" number="3">where</token>
<token t_id="260" sentence="9" number="4">hype</token>
<token t_id="261" sentence="9" number="5">and</token>
<token t_id="262" sentence="9" number="6">pomp</token>
<token t_id="263" sentence="9" number="7">rule</token>
<token t_id="264" sentence="9" number="8">,</token>
<token t_id="265" sentence="9" number="9">the</token>
<token t_id="266" sentence="9" number="10">comedian</token>
<token t_id="267" sentence="9" number="11">'s</token>
<token t_id="268" sentence="9" number="12">role</token>
<token t_id="269" sentence="9" number="13">is</token>
<token t_id="270" sentence="9" number="14">often</token>
<token t_id="271" sentence="9" number="15">to</token>
<token t_id="272" sentence="9" number="16">keep</token>
<token t_id="273" sentence="9" number="17">the</token>
<token t_id="274" sentence="9" number="18">show</token>
<token t_id="275" sentence="9" number="19">grounded</token>
<token t_id="276" sentence="9" number="20">by</token>
<token t_id="277" sentence="9" number="21">injecting</token>
<token t_id="278" sentence="9" number="22">a</token>
<token t_id="279" sentence="9" number="23">jester</token>
<token t_id="280" sentence="9" number="24">'s</token>
<token t_id="281" sentence="9" number="25">dose</token>
<token t_id="282" sentence="9" number="26">of</token>
<token t_id="283" sentence="9" number="27">realism</token>
<token t_id="284" sentence="9" number="28">.</token>
<token t_id="285" sentence="10" number="0">Jackman</token>
<token t_id="286" sentence="10" number="1">'s</token>
<token t_id="287" sentence="10" number="2">naming</token>
<token t_id="288" sentence="10" number="3">as</token>
<token t_id="289" sentence="10" number="4">host</token>
<token t_id="290" sentence="10" number="5">prompted</token>
<token t_id="291" sentence="10" number="6">a</token>
<token t_id="292" sentence="10" number="7">``</token>
<token t_id="293" sentence="10" number="8">love</token>
<token t_id="294" sentence="10" number="9">it</token>
<token t_id="295" sentence="10" number="10">or</token>
<token t_id="296" sentence="10" number="11">hate</token>
<token t_id="297" sentence="10" number="12">it</token>
<token t_id="298" sentence="10" number="13">''</token>
<token t_id="299" sentence="10" number="14">reaction</token>
<token t_id="300" sentence="10" number="15">here</token>
<token t_id="301" sentence="10" number="16">on</token>
<token t_id="302" sentence="10" number="17">our</token>
<token t_id="303" sentence="10" number="18">news</token>
<token t_id="304" sentence="10" number="19">floor</token>
<token t_id="305" sentence="10" number="20">in</token>
<token t_id="306" sentence="10" number="21">Los</token>
<token t_id="307" sentence="10" number="22">Angeles</token>
<token t_id="308" sentence="10" number="23">.</token>
<token t_id="309" sentence="11" number="0">There</token>
<token t_id="310" sentence="11" number="1">did</token>
<token t_id="311" sentence="11" number="2">n't</token>
<token t_id="312" sentence="11" number="3">seem</token>
<token t_id="313" sentence="11" number="4">to</token>
<token t_id="314" sentence="11" number="5">be</token>
<token t_id="315" sentence="11" number="6">much</token>
<token t_id="316" sentence="11" number="7">in</token>
<token t_id="317" sentence="11" number="8">between</token>
<token t_id="318" sentence="11" number="9">,</token>
<token t_id="319" sentence="11" number="10">so</token>
<token t_id="320" sentence="11" number="11">we</token>
<token t_id="321" sentence="11" number="12">thought</token>
<token t_id="322" sentence="11" number="13">we</token>
<token t_id="323" sentence="11" number="14">'d</token>
<token t_id="324" sentence="11" number="15">leave</token>
<token t_id="325" sentence="11" number="16">it</token>
<token t_id="326" sentence="11" number="17">to</token>
<token t_id="327" sentence="11" number="18">readers</token>
<token t_id="328" sentence="11" number="19">to</token>
<token t_id="329" sentence="11" number="20">weigh</token>
<token t_id="330" sentence="11" number="21">in</token>
<token t_id="331" sentence="11" number="22">with</token>
<token t_id="332" sentence="11" number="23">their</token>
<token t_id="333" sentence="11" number="24">own</token>
<token t_id="334" sentence="11" number="25">thoughts</token>
<token t_id="335" sentence="11" number="26">.</token>
<token t_id="336" sentence="12" number="0">Hugh</token>
<token t_id="337" sentence="12" number="1">Jackman</token>
<token t_id="338" sentence="12" number="2">:</token>
<token t_id="339" sentence="12" number="3">an</token>
<token t_id="340" sentence="12" number="4">Oscar</token>
<token t_id="341" sentence="12" number="5">hit</token>
<token t_id="342" sentence="12" number="6">or</token>
<token t_id="343" sentence="12" number="7">miss</token>
<token t_id="344" sentence="12" number="8">?</token>
<Markables>
<ACTION_OCCURRENCE m_id="10"  >
  <token_anchor t_id="126"/>
</ACTION_OCCURRENCE>
<ACTION_OCCURRENCE m_id="11"  >
  <token_anchor t_id="112"/>
  <token_anchor t_id="113"/>
</ACTION_OCCURRENCE>
<ACTION_REPORTING m_id="12"  >
  <token_anchor t_id="114"/>
</ACTION_REPORTING>
<HUMAN_PART_ORG m_id="9"  >
  <token_anchor t_id="109"/>
</HUMAN_PART_ORG>
<HUMAN_PART_PER m_id="8"  >
  <token_anchor t_id="117"/>
  <token_anchor t_id="118"/>
</HUMAN_PART_PER>
<HUMAN_PART_PER m_id="14"  >
  <token_anchor t_id="121"/>
</HUMAN_PART_PER>
<TIME_DATE m_id="13"  >
  <token_anchor t_id="105"/>
  <token_anchor t_id="106"/>
</TIME_DATE>
<TIME_DATE m_id="15"  >
  <token_anchor t_id="123"/>
</TIME_DATE>
<TIME_REPETITION m_id="16"  >
  <token_anchor t_id="125"/>
</TIME_REPETITION>




<TIME_DATE m_id="23" RELATED_TO="" TAG_DESCRIPTOR="t2b_february" instance_id="TIM16268847620660951" />
<ACTION_OCCURRENCE m_id="22" RELATED_TO="" TAG_DESCRIPTOR="t2b_oscar_ceremony" instance_id="ACT16268643573999998" />
<ACTION_REPORTING m_id="21" RELATED_TO="" TAG_DESCRIPTOR="t2b_ampas_said_jackman_hosting" instance_id="ACT16268935050332978" />
<HUMAN_PART_ORG m_id="19" RELATED_TO="" TAG_DESCRIPTOR="t2_ampas" instance_id="HUM16239986301894968" />
<TIME_DATE m_id="20" RELATED_TO="" TAG_DESCRIPTOR="t2b_friday_host_announcement" instance_id="TIM16268764752302323" />
<TIME_REPETITION m_id="18" RELATED_TO="" TAG_DESCRIPTOR="t2b_annual" instance_id="TIM16268855378393417" />
<HUMAN_PART_PER m_id="17" RELATED_TO="" TAG_DESCRIPTOR="t2b_jackman" instance_id="HUM16269645336595420" />
</Markables>

<Relations>
<CROSS_DOC_COREF r_id="36963" note="HUM16269645336595420" >
  <source m_id="14" />
  <source m_id="8" />
  <target m_id="17" />
</CROSS_DOC_COREF>
<CROSS_DOC_COREF r_id="36964" note="TIM16268855378393417" >
  <source m_id="16" />
  <target m_id="18" />
</CROSS_DOC_COREF>
<CROSS_DOC_COREF r_id="36965" note="HUM16239986301894968" >
  <source m_id="9" />
  <target m_id="19" />
</CROSS_DOC_COREF>
<CROSS_DOC_COREF r_id="36966" note="TIM16268764752302323" >
  <source m_id="13" />
  <target m_id="20" />
</CROSS_DOC_COREF>
<CROSS_DOC_COREF r_id="36967" note="ACT16268935050332978" >
  <source m_id="12" />
  <target m_id="21" />
</CROSS_DOC_COREF>
<CROSS_DOC_COREF r_id="36968" note="ACT16268643573999998" >
  <source m_id="10" />
  <source m_id="11" />
  <target m_id="22" />
</CROSS_DOC_COREF>
<CROSS_DOC_COREF r_id="36969" note="TIM16268847620660951" >
  <source m_id="15" />
  <target m_id="23" />
</CROSS_DOC_COREF>

</Relations>
</Document>
