<Document doc_name="2_5ecbplus.xml" doc_id="DOC15645952586520243">
<token t_id="1" sentence="0" number="0">http</token>
<token t_id="2" sentence="0" number="1">:</token>
<token t_id="3" sentence="0" number="2">/</token>
<token t_id="4" sentence="0" number="3">/</token>
<token t_id="5" sentence="0" number="4">www</token>
<token t_id="6" sentence="0" number="5">.</token>
<token t_id="7" sentence="0" number="6">huffingtonpost</token>
<token t_id="8" sentence="0" number="7">.</token>
<token t_id="9" sentence="0" number="8">com</token>
<token t_id="10" sentence="0" number="9">/</token>
<token t_id="11" sentence="0" number="10">2013</token>
<token t_id="12" sentence="0" number="11">/</token>
<token t_id="13" sentence="0" number="12">08</token>
<token t_id="14" sentence="0" number="13">/</token>
<token t_id="15" sentence="0" number="14">02</token>
<token t_id="16" sentence="0" number="15">/</token>
<token t_id="17" sentence="0" number="16">ellen</token>
<token t_id="18" sentence="0" number="17">-</token>
<token t_id="19" sentence="0" number="18">degeneres</token>
<token t_id="20" sentence="0" number="19">-</token>
<token t_id="21" sentence="0" number="20">oscars</token>
<token t_id="22" sentence="0" number="21">-</token>
<token t_id="23" sentence="0" number="22">host</token>
<token t_id="24" sentence="0" number="23">_</token>
<token t_id="25" sentence="0" number="24">n</token>
<token t_id="26" sentence="0" number="25">_</token>
<token t_id="27" sentence="0" number="26">3695929</token>
<token t_id="28" sentence="0" number="27">.</token>
<token t_id="29" sentence="0" number="28">html</token>
<token t_id="30" sentence="1" number="0">Ellen</token>
<token t_id="31" sentence="1" number="1">DeGeneres</token>
<token t_id="32" sentence="1" number="2">Set</token>
<token t_id="33" sentence="1" number="3">As</token>
<token t_id="34" sentence="1" number="4">Oscars</token>
<token t_id="35" sentence="1" number="5">Host</token>
<token t_id="36" sentence="1" number="6">For</token>
<token t_id="37" sentence="1" number="7">2014</token>
<token t_id="38" sentence="1" number="8">Academy</token>
<token t_id="39" sentence="1" number="9">Awards	</token>
<token t_id="40" sentence="2" number="0">Posted</token>
<token t_id="41" sentence="2" number="1">:</token>
<token t_id="42" sentence="2" number="2">08</token>
<token t_id="43" sentence="2" number="3">/</token>
<token t_id="44" sentence="2" number="4">02</token>
<token t_id="45" sentence="2" number="5">/</token>
<token t_id="46" sentence="2" number="6">2013</token>
<token t_id="47" sentence="2" number="7">11</token>
<token t_id="48" sentence="2" number="8">:</token>
<token t_id="49" sentence="2" number="9">10</token>
<token t_id="50" sentence="2" number="10">am</token>
<token t_id="51" sentence="2" number="11">EDT</token>
<token t_id="52" sentence="3" number="0">Ellen</token>
<token t_id="53" sentence="3" number="1">DeGeneres</token>
<token t_id="54" sentence="3" number="2">will</token>
<token t_id="55" sentence="3" number="3">host</token>
<token t_id="56" sentence="3" number="4">the</token>
<token t_id="57" sentence="3" number="5">Oscars</token>
<token t_id="58" sentence="3" number="6">.</token>
<token t_id="59" sentence="4" number="0">The</token>
<token t_id="60" sentence="4" number="1">comedian</token>
<token t_id="61" sentence="4" number="2">and</token>
<token t_id="62" sentence="4" number="3">talk</token>
<token t_id="63" sentence="4" number="4">show</token>
<token t_id="64" sentence="4" number="5">host</token>
<token t_id="65" sentence="4" number="6">made</token>
<token t_id="66" sentence="4" number="7">the</token>
<token t_id="67" sentence="4" number="8">announcement</token>
<token t_id="68" sentence="4" number="9">via</token>
<token t_id="69" sentence="4" number="10">her</token>
<token t_id="70" sentence="4" number="11">Twitter</token>
<token t_id="71" sentence="4" number="12">feed</token>
<token t_id="72" sentence="4" number="13">on</token>
<token t_id="73" sentence="4" number="14">Friday</token>
<token t_id="74" sentence="4" number="15">.</token>
<token t_id="75" sentence="5" number="0">DeGeneres</token>
<token t_id="76" sentence="5" number="1">has</token>
<token t_id="77" sentence="5" number="2">experience</token>
<token t_id="78" sentence="5" number="3">hosting</token>
<token t_id="79" sentence="5" number="4">the</token>
<token t_id="80" sentence="5" number="5">Academy</token>
<token t_id="81" sentence="5" number="6">Awards</token>
<token t_id="82" sentence="5" number="7">:</token>
<token t_id="83" sentence="5" number="8">She</token>
<token t_id="84" sentence="5" number="9">previously</token>
<token t_id="85" sentence="5" number="10">served</token>
<token t_id="86" sentence="5" number="11">as</token>
<token t_id="87" sentence="5" number="12">emcee</token>
<token t_id="88" sentence="5" number="13">during</token>
<token t_id="89" sentence="5" number="14">the</token>
<token t_id="90" sentence="5" number="15">2007</token>
<token t_id="91" sentence="5" number="16">ceremony</token>
<token t_id="92" sentence="5" number="17">.</token>
<token t_id="93" sentence="6" number="0">"I</token>
<token t_id="94" sentence="6" number="1">am</token>
<token t_id="95" sentence="6" number="2">so</token>
<token t_id="96" sentence="6" number="3">excited</token>
<token t_id="97" sentence="6" number="4">to</token>
<token t_id="98" sentence="6" number="5">be</token>
<token t_id="99" sentence="6" number="6">hosting</token>
<token t_id="100" sentence="6" number="7">the</token>
<token t_id="101" sentence="6" number="8">Oscars</token>
<token t_id="102" sentence="6" number="9">for</token>
<token t_id="103" sentence="6" number="10">the</token>
<token t_id="104" sentence="6" number="11">second</token>
<token t_id="105" sentence="6" number="12">time</token>
<token t_id="106" sentence="6" number="13">,</token>
<token t_id="107" sentence="6" number="14">"</token>
<token t_id="108" sentence="6" number="15">DeGeneres</token>
<token t_id="109" sentence="6" number="16">said</token>
<token t_id="110" sentence="6" number="17">in</token>
<token t_id="111" sentence="6" number="18">a</token>
<token t_id="112" sentence="6" number="19">press</token>
<token t_id="113" sentence="6" number="20">release</token>
<token t_id="114" sentence="6" number="21">announcing</token>
<token t_id="115" sentence="6" number="22">the</token>
<token t_id="116" sentence="6" number="23">big</token>
<token t_id="117" sentence="6" number="24">news</token>
<token t_id="118" sentence="6" number="25">.</token>
<token t_id="119" sentence="7" number="0">That</token>
<token t_id="120" sentence="7" number="1">DeGeneres</token>
<token t_id="121" sentence="7" number="2">was</token>
<token t_id="122" sentence="7" number="3">chosen</token>
<token t_id="123" sentence="7" number="4">as</token>
<token t_id="124" sentence="7" number="5">host</token>
<token t_id="125" sentence="7" number="6">should</token>
<token t_id="126" sentence="7" number="7">please</token>
<token t_id="127" sentence="7" number="8">critics</token>
<token t_id="128" sentence="7" number="9">who</token>
<token t_id="129" sentence="7" number="10">were</token>
<token t_id="130" sentence="7" number="11">unhappy</token>
<token t_id="131" sentence="7" number="12">with</token>
<token t_id="132" sentence="7" number="13">this</token>
<token t_id="133" sentence="7" number="14">year's</token>
<token t_id="134" sentence="7" number="15">master</token>
<token t_id="135" sentence="7" number="16">of</token>
<token t_id="136" sentence="7" number="17">ceremonies</token>
<token t_id="137" sentence="7" number="18">,</token>
<token t_id="138" sentence="7" number="19">Seth</token>
<token t_id="139" sentence="7" number="20">MacFarlane</token>
<token t_id="140" sentence="7" number="21">.</token>
<Markables>
<ACTION_OCCURRENCE m_id="9"  >
  <token_anchor t_id="85"/>
</ACTION_OCCURRENCE>
<ACTION_OCCURRENCE m_id="10"  >
  <token_anchor t_id="91"/>
</ACTION_OCCURRENCE>
<ACTION_OCCURRENCE m_id="11"  >
  <token_anchor t_id="99"/>
</ACTION_OCCURRENCE>
<ACTION_OCCURRENCE m_id="12"  >
  <token_anchor t_id="101"/>
</ACTION_OCCURRENCE>
<ACTION_OCCURRENCE m_id="13"  >
  <token_anchor t_id="122"/>
</ACTION_OCCURRENCE>
<ACTION_OCCURRENCE m_id="14"  >
  <token_anchor t_id="126"/>
</ACTION_OCCURRENCE>
<ACTION_OCCURRENCE m_id="1"  >
  <token_anchor t_id="117"/>
</ACTION_OCCURRENCE>
<ACTION_OCCURRENCE m_id="2"  >
  <token_anchor t_id="34"/>
</ACTION_OCCURRENCE>
<ACTION_OCCURRENCE m_id="3"  >
  <token_anchor t_id="32"/>
</ACTION_OCCURRENCE>
<ACTION_OCCURRENCE m_id="4"  >
  <token_anchor t_id="38"/>
  <token_anchor t_id="39"/>
</ACTION_OCCURRENCE>
<ACTION_OCCURRENCE m_id="5"  >
  <token_anchor t_id="57"/>
</ACTION_OCCURRENCE>
<ACTION_OCCURRENCE m_id="6"  >
  <token_anchor t_id="55"/>
</ACTION_OCCURRENCE>
<ACTION_OCCURRENCE m_id="7"  >
  <token_anchor t_id="78"/>
</ACTION_OCCURRENCE>
<ACTION_OCCURRENCE m_id="8"  >
  <token_anchor t_id="80"/>
  <token_anchor t_id="81"/>
</ACTION_OCCURRENCE>
<ACTION_REPORTING m_id="15"  >
  <token_anchor t_id="67"/>
</ACTION_REPORTING>
<ACTION_REPORTING m_id="16"  >
  <token_anchor t_id="109"/>
</ACTION_REPORTING>
<ACTION_REPORTING m_id="17"  >
  <token_anchor t_id="114"/>
</ACTION_REPORTING>
<ACTION_STATE m_id="18"  >
  <token_anchor t_id="96"/>
</ACTION_STATE>
<ACTION_STATE m_id="19"  >
  <token_anchor t_id="130"/>
</ACTION_STATE>
<ACTION_STATE m_id="20"  >
  <token_anchor t_id="77"/>
</ACTION_STATE>
<HUMAN_PART_PER m_id="25"  >
  <token_anchor t_id="30"/>
  <token_anchor t_id="31"/>
</HUMAN_PART_PER>
<HUMAN_PART_PER m_id="26"  >
  <token_anchor t_id="52"/>
  <token_anchor t_id="53"/>
</HUMAN_PART_PER>
<HUMAN_PART_PER m_id="27"  >
  <token_anchor t_id="60"/>
</HUMAN_PART_PER>
<HUMAN_PART_PER m_id="28"  >
  <token_anchor t_id="64"/>
</HUMAN_PART_PER>
<HUMAN_PART_PER m_id="29"  >
  <token_anchor t_id="75"/>
</HUMAN_PART_PER>
<HUMAN_PART_PER m_id="30"  >
  <token_anchor t_id="83"/>
</HUMAN_PART_PER>
<HUMAN_PART_PER m_id="31"  >
  <token_anchor t_id="93"/>
</HUMAN_PART_PER>
<HUMAN_PART_PER m_id="32"  >
  <token_anchor t_id="108"/>
</HUMAN_PART_PER>
<HUMAN_PART_PER m_id="33"  >
  <token_anchor t_id="120"/>
</HUMAN_PART_PER>
<HUMAN_PART_PER m_id="34"  >
  <token_anchor t_id="138"/>
  <token_anchor t_id="139"/>
</HUMAN_PART_PER>
<HUMAN_PART_PER m_id="35"  >
  <token_anchor t_id="124"/>
</HUMAN_PART_PER>
<NON_HUMAN_PART_GENERIC m_id="36"  >
  <token_anchor t_id="70"/>
  <token_anchor t_id="71"/>
</NON_HUMAN_PART_GENERIC>
<TIME_DATE m_id="37"  >
  <token_anchor t_id="89"/>
  <token_anchor t_id="90"/>
</TIME_DATE>
<TIME_DATE m_id="38"  >
  <token_anchor t_id="132"/>
  <token_anchor t_id="133"/>
</TIME_DATE>
<TIME_DATE m_id="39"  >
  <token_anchor t_id="37"/>
</TIME_DATE>
<TIME_DATE m_id="40"  >
  <token_anchor t_id="72"/>
  <token_anchor t_id="73"/>
</TIME_DATE>
<TIME_OF_THE_DAY m_id="41"  >
  <token_anchor t_id="42"/>
  <token_anchor t_id="43"/>
  <token_anchor t_id="44"/>
  <token_anchor t_id="45"/>
  <token_anchor t_id="46"/>
  <token_anchor t_id="47"/>
  <token_anchor t_id="48"/>
  <token_anchor t_id="49"/>
  <token_anchor t_id="50"/>
  <token_anchor t_id="51"/>
</TIME_OF_THE_DAY>
<TIME_REPETITION m_id="42"  >
  <token_anchor t_id="103"/>
  <token_anchor t_id="104"/>
  <token_anchor t_id="105"/>
</TIME_REPETITION>


<HUMAN_PART_PER m_id="46" note="byCROMER" >
  <token_anchor t_id="35"/>
</HUMAN_PART_PER>
<HUMAN_PART_PER m_id="47" note="byCROMER" >
  <token_anchor t_id="87"/>
</HUMAN_PART_PER>
<HUMAN_PART_PER m_id="48" note="byCROMER" >
  <token_anchor t_id="127"/>
</HUMAN_PART_PER>
<HUMAN_PART_PER m_id="49" note="byCROMER" >
  <token_anchor t_id="128"/>
</HUMAN_PART_PER>


<ACTION_OCCURRENCE m_id="62" RELATED_TO="" TAG_DESCRIPTOR="t2_academy_awards" instance_id="ACT16239369414744113" />
<ACTION_OCCURRENCE m_id="61" RELATED_TO="" TAG_DESCRIPTOR="t2_picking_ellen" instance_id="ACT16239445935826595" />
<TIME_DATE m_id="59" RELATED_TO="" TAG_DESCRIPTOR="t2_friday_tweeted" instance_id="TIM16246750076381642" />
<TIME_REPETITION m_id="60" RELATED_TO="" TAG_DESCRIPTOR="t2_second_time" instance_id="TIM16240238425752332" />
<ACTION_STATE m_id="58" RELATED_TO="" TAG_DESCRIPTOR="t2_excited_hosting_ellen" instance_id="ACT16246611887861206" />
<HUMAN_PART_PER m_id="57" RELATED_TO="" TAG_DESCRIPTOR="t2_ellen_degeneres" instance_id="HUM16239999045287365" />
<TIME_DATE m_id="56" RELATED_TO="" TAG_DESCRIPTOR="t2_2007_hosting" instance_id="TIM16246761877336408" />
<TIME_DATE m_id="55" RELATED_TO="" TAG_DESCRIPTOR="t2_2014_oscars" instance_id="TIM16246737301517512" />
<ACTION_OCCURRENCE m_id="54" RELATED_TO="" TAG_DESCRIPTOR="t2_academy_awards_2007" instance_id="ACT16260470600930781" />
<ACTION_REPORTING m_id="53" RELATED_TO="" TAG_DESCRIPTOR="t2_ellen_tweeted" instance_id="ACT16246561393774524" />
<ACTION_REPORTING m_id="52" RELATED_TO="" TAG_DESCRIPTOR="t2_ellen_said" instance_id="ACT16253559881046339" />
<HUMAN_PART_PER m_id="51" RELATED_TO="" TAG_DESCRIPTOR="t2_seth_macfarlane" instance_id="HUM16240043994885861" />
<HUMAN_PART_PER m_id="50" RELATED_TO="" TAG_DESCRIPTOR="t2_critics" instance_id="HUM16262664682858825" />
<ACTION_OCCURRENCE m_id="63" RELATED_TO="" TAG_DESCRIPTOR="t2_hosting_2014" instance_id="ACT16240564368961988" />
</Markables>

<Relations>
<CROSS_DOC_COREF r_id="31810" note="HUM16262664682858825" >
  <source m_id="48" />
  <source m_id="49" />
  <target m_id="50" />
</CROSS_DOC_COREF>
<CROSS_DOC_COREF r_id="31811" note="HUM16240043994885861" >
  <source m_id="34" />
  <target m_id="51" />
</CROSS_DOC_COREF>
<CROSS_DOC_COREF r_id="31812" note="ACT16253559881046339" >
  <source m_id="16" />
  <target m_id="52" />
</CROSS_DOC_COREF>
<CROSS_DOC_COREF r_id="31813" note="ACT16246561393774524" >
  <source m_id="17" />
  <source m_id="15" />
  <target m_id="53" />
</CROSS_DOC_COREF>
<CROSS_DOC_COREF r_id="31814" note="ACT16260470600930781" >
  <source m_id="10" />
  <target m_id="54" />
</CROSS_DOC_COREF>
<CROSS_DOC_COREF r_id="31815" note="TIM16246737301517512" >
  <source m_id="39" />
  <source m_id="38" />
  <target m_id="55" />
</CROSS_DOC_COREF>
<CROSS_DOC_COREF r_id="31816" note="TIM16246761877336408" >
  <source m_id="37" />
  <target m_id="56" />
</CROSS_DOC_COREF>
<CROSS_DOC_COREF r_id="31817" note="HUM16239999045287365" >
  <source m_id="46" />
  <source m_id="25" />
  <source m_id="32" />
  <source m_id="28" />
  <source m_id="30" />
  <source m_id="27" />
  <source m_id="47" />
  <source m_id="31" />
  <source m_id="35" />
  <source m_id="26" />
  <source m_id="33" />
  <source m_id="29" />
  <target m_id="57" />
</CROSS_DOC_COREF>
<CROSS_DOC_COREF r_id="31818" note="ACT16246611887861206" >
  <source m_id="18" />
  <target m_id="58" />
</CROSS_DOC_COREF>
<CROSS_DOC_COREF r_id="31819" note="TIM16246750076381642" >
  <source m_id="40" />
  <target m_id="59" />
</CROSS_DOC_COREF>
<CROSS_DOC_COREF r_id="31820" note="TIM16240238425752332" >
  <source m_id="42" />
  <target m_id="60" />
</CROSS_DOC_COREF>
<CROSS_DOC_COREF r_id="31821" note="ACT16239445935826595" >
  <source m_id="13" />
  <source m_id="3" />
  <target m_id="61" />
</CROSS_DOC_COREF>
<CROSS_DOC_COREF r_id="31822" note="ACT16239369414744113" >
  <source m_id="5" />
  <source m_id="2" />
  <source m_id="8" />
  <source m_id="12" />
  <source m_id="4" />
  <target m_id="62" />
</CROSS_DOC_COREF>
<CROSS_DOC_COREF r_id="31823" note="ACT16240564368961988" >
  <source m_id="7" />
  <source m_id="6" />
  <source m_id="11" />
  <target m_id="63" />
</CROSS_DOC_COREF>

</Relations>
</Document>
