<Document doc_name="2_8ecbplus.xml" doc_id="DOC15645952914227490">
<token t_id="1" sentence="0" number="0">http</token>
<token t_id="2" sentence="0" number="1">:</token>
<token t_id="3" sentence="0" number="2">/</token>
<token t_id="4" sentence="0" number="3">/</token>
<token t_id="5" sentence="0" number="4">www</token>
<token t_id="6" sentence="0" number="5">.</token>
<token t_id="7" sentence="0" number="6">reuters</token>
<token t_id="8" sentence="0" number="7">.</token>
<token t_id="9" sentence="0" number="8">com</token>
<token t_id="10" sentence="0" number="9">/</token>
<token t_id="11" sentence="0" number="10">article</token>
<token t_id="12" sentence="0" number="11">/</token>
<token t_id="13" sentence="0" number="12">2013</token>
<token t_id="14" sentence="0" number="13">/</token>
<token t_id="15" sentence="0" number="14">08</token>
<token t_id="16" sentence="0" number="15">/</token>
<token t_id="17" sentence="0" number="16">02</token>
<token t_id="18" sentence="0" number="17">/</token>
<token t_id="19" sentence="0" number="18">us</token>
<token t_id="20" sentence="0" number="19">-</token>
<token t_id="21" sentence="0" number="20">oscars</token>
<token t_id="22" sentence="0" number="21">-</token>
<token t_id="23" sentence="0" number="22">degeneres</token>
<token t_id="24" sentence="0" number="23">-</token>
<token t_id="25" sentence="0" number="24">idUSBRE9710UQ20130802</token>
<token t_id="26" sentence="1" number="0">Comedian</token>
<token t_id="27" sentence="1" number="1">Ellen</token>
<token t_id="28" sentence="1" number="2">DeGeneres</token>
<token t_id="29" sentence="1" number="3">picked</token>
<token t_id="30" sentence="1" number="4">to</token>
<token t_id="31" sentence="1" number="5">host</token>
<token t_id="32" sentence="1" number="6">2014</token>
<token t_id="33" sentence="1" number="7">Oscars</token>
<token t_id="34" sentence="2" number="0">Fri</token>
<token t_id="35" sentence="2" number="1">Aug</token>
<token t_id="36" sentence="2" number="2">2</token>
<token t_id="37" sentence="2" number="3">,</token>
<token t_id="38" sentence="2" number="4">2013</token>
<token t_id="39" sentence="2" number="5">6</token>
<token t_id="40" sentence="2" number="6">:</token>
<token t_id="41" sentence="2" number="7">50pm</token>
<token t_id="42" sentence="2" number="8">EDT</token>
<token t_id="43" sentence="3" number="0">Comedian</token>
<token t_id="44" sentence="3" number="1">Ellen</token>
<token t_id="45" sentence="3" number="2">DeGeneres</token>
<token t_id="46" sentence="3" number="3">will</token>
<token t_id="47" sentence="3" number="4">make</token>
<token t_id="48" sentence="3" number="5">her</token>
<token t_id="49" sentence="3" number="6">second</token>
<token t_id="50" sentence="3" number="7">appearance</token>
<token t_id="51" sentence="3" number="8">as</token>
<token t_id="52" sentence="3" number="9">an</token>
<token t_id="53" sentence="3" number="10">Academy</token>
<token t_id="54" sentence="3" number="11">Awards</token>
<token t_id="55" sentence="3" number="12">host</token>
<token t_id="56" sentence="3" number="13">next</token>
<token t_id="57" sentence="3" number="14">year</token>
<token t_id="58" sentence="3" number="15">,</token>
<token t_id="59" sentence="3" number="16">organizers</token>
<token t_id="60" sentence="3" number="17">said</token>
<token t_id="61" sentence="3" number="18">on</token>
<token t_id="62" sentence="3" number="19">Friday</token>
<token t_id="63" sentence="3" number="20">,</token>
<token t_id="64" sentence="3" number="21">in</token>
<token t_id="65" sentence="3" number="22">a</token>
<token t_id="66" sentence="3" number="23">move</token>
<token t_id="67" sentence="3" number="24">widely</token>
<token t_id="68" sentence="3" number="25">seen</token>
<token t_id="69" sentence="3" number="26">as</token>
<token t_id="70" sentence="3" number="27">a</token>
<token t_id="71" sentence="3" number="28">less</token>
<token t_id="72" sentence="3" number="29">provocative</token>
<token t_id="73" sentence="3" number="30">choice</token>
<token t_id="74" sentence="3" number="31">for</token>
<token t_id="75" sentence="3" number="32">Hollywood's</token>
<token t_id="76" sentence="3" number="33">highest</token>
<token t_id="77" sentence="3" number="34">honors</token>
<token t_id="78" sentence="3" number="35">after</token>
<token t_id="79" sentence="3" number="36">a</token>
<token t_id="80" sentence="3" number="37">ribald</token>
<token t_id="81" sentence="3" number="38">performance</token>
<token t_id="82" sentence="3" number="39">by</token>
<token t_id="83" sentence="3" number="40">Seth</token>
<token t_id="84" sentence="3" number="41">MacFarlane</token>
<token t_id="85" sentence="3" number="42">.</token>
<token t_id="86" sentence="4" number="0">DeGeneres</token>
<token t_id="87" sentence="4" number="1">,</token>
<token t_id="88" sentence="4" number="2">the</token>
<token t_id="89" sentence="4" number="3">star</token>
<token t_id="90" sentence="4" number="4">of</token>
<token t_id="91" sentence="4" number="5">her</token>
<token t_id="92" sentence="4" number="6">own</token>
<token t_id="93" sentence="4" number="7">daytime</token>
<token t_id="94" sentence="4" number="8">talk</token>
<token t_id="95" sentence="4" number="9">show</token>
<token t_id="96" sentence="4" number="10">"Ellen</token>
<token t_id="97" sentence="4" number="11">,</token>
<token t_id="98" sentence="4" number="12">"</token>
<token t_id="99" sentence="4" number="13">first</token>
<token t_id="100" sentence="4" number="14">hosted</token>
<token t_id="101" sentence="4" number="15">the</token>
<token t_id="102" sentence="4" number="16">Oscars</token>
<token t_id="103" sentence="4" number="17">in</token>
<token t_id="104" sentence="4" number="18">2007</token>
<token t_id="105" sentence="4" number="19">,</token>
<token t_id="106" sentence="4" number="20">becoming</token>
<token t_id="107" sentence="4" number="21">only</token>
<token t_id="108" sentence="4" number="22">the</token>
<token t_id="109" sentence="4" number="23">second</token>
<token t_id="110" sentence="4" number="24">woman</token>
<token t_id="111" sentence="4" number="25">to</token>
<token t_id="112" sentence="4" number="26">fill</token>
<token t_id="113" sentence="4" number="27">that</token>
<token t_id="114" sentence="4" number="28">exalted</token>
<token t_id="115" sentence="4" number="29">role</token>
<token t_id="116" sentence="4" number="30">alone</token>
<token t_id="117" sentence="4" number="31">,</token>
<token t_id="118" sentence="4" number="32">after</token>
<token t_id="119" sentence="4" number="33">Whoopi</token>
<token t_id="120" sentence="4" number="34">Goldberg</token>
<token t_id="121" sentence="4" number="35">.</token>
<token t_id="122" sentence="5" number="0">"I</token>
<token t_id="123" sentence="5" number="1">am</token>
<token t_id="124" sentence="5" number="2">so</token>
<token t_id="125" sentence="5" number="3">excited</token>
<token t_id="126" sentence="5" number="4">to</token>
<token t_id="127" sentence="5" number="5">be</token>
<token t_id="128" sentence="5" number="6">hosting</token>
<token t_id="129" sentence="5" number="7">the</token>
<token t_id="130" sentence="5" number="8">Oscars</token>
<token t_id="131" sentence="5" number="9">for</token>
<token t_id="132" sentence="5" number="10">the</token>
<token t_id="133" sentence="5" number="11">second</token>
<token t_id="134" sentence="5" number="12">time</token>
<token t_id="135" sentence="5" number="13">,</token>
<token t_id="136" sentence="5" number="14">"</token>
<token t_id="137" sentence="5" number="15">DeGeneres</token>
<token t_id="138" sentence="5" number="16">said</token>
<token t_id="139" sentence="5" number="17">in</token>
<token t_id="140" sentence="5" number="18">a</token>
<token t_id="141" sentence="5" number="19">statement</token>
<token t_id="142" sentence="5" number="20">.</token>
<token t_id="143" sentence="6" number="0">"You</token>
<token t_id="144" sentence="6" number="1">know</token>
<token t_id="145" sentence="6" number="2">what</token>
<token t_id="146" sentence="6" number="3">they</token>
<token t_id="147" sentence="6" number="4">say</token>
<token t_id="148" sentence="6" number="5">-</token>
<token t_id="149" sentence="6" number="6">the</token>
<token t_id="150" sentence="6" number="7">third</token>
<token t_id="151" sentence="6" number="8">time's</token>
<token t_id="152" sentence="6" number="9">the</token>
<token t_id="153" sentence="6" number="10">charm</token>
<token t_id="154" sentence="6" number="11">.</token>
<token t_id="155" sentence="6" number="12">"</token>
<token t_id="156" sentence="7" number="0">"I'd</token>
<token t_id="157" sentence="7" number="1">like</token>
<token t_id="158" sentence="7" number="2">to</token>
<token t_id="159" sentence="7" number="3">thank</token>
<token t_id="160" sentence="7" number="4">@TheAcademy</token>
<token t_id="161" sentence="7" number="5">,</token>
<token t_id="162" sentence="7" number="6">my</token>
<token t_id="163" sentence="7" number="7">wife</token>
<token t_id="164" sentence="7" number="8">Portia</token>
<token t_id="165" sentence="7" number="9">and</token>
<token t_id="166" sentence="7" number="10">,</token>
<token t_id="167" sentence="7" number="11">oh</token>
<token t_id="168" sentence="7" number="12">dear</token>
<token t_id="169" sentence="7" number="13">,</token>
<token t_id="170" sentence="7" number="14">there</token>
<token t_id="171" sentence="7" number="15">goes</token>
<token t_id="172" sentence="7" number="16">the</token>
<token t_id="173" sentence="7" number="17">orchestra</token>
<token t_id="174" sentence="7" number="18">,</token>
<token t_id="175" sentence="7" number="19">"</token>
<token t_id="176" sentence="7" number="20">the</token>
<token t_id="177" sentence="7" number="21">comedian</token>
<token t_id="178" sentence="7" number="22">added</token>
<token t_id="179" sentence="7" number="23">on</token>
<token t_id="180" sentence="7" number="24">Twitter</token>
<token t_id="181" sentence="7" number="25">.</token>
<token t_id="182" sentence="8" number="0">DeGeneres</token>
<token t_id="183" sentence="8" number="1">,</token>
<token t_id="184" sentence="8" number="2">55</token>
<token t_id="185" sentence="8" number="3">,</token>
<token t_id="186" sentence="8" number="4">earned</token>
<token t_id="187" sentence="8" number="5">an</token>
<token t_id="188" sentence="8" number="6">Emmy</token>
<token t_id="189" sentence="8" number="7">nomination</token>
<token t_id="190" sentence="8" number="8">for</token>
<token t_id="191" sentence="8" number="9">her</token>
<token t_id="192" sentence="8" number="10">performance</token>
<token t_id="193" sentence="8" number="11">in</token>
<token t_id="194" sentence="8" number="12">2007</token>
<token t_id="195" sentence="8" number="13">in</token>
<token t_id="196" sentence="8" number="14">which</token>
<token t_id="197" sentence="8" number="15">she</token>
<token t_id="198" sentence="8" number="16">departed</token>
<token t_id="199" sentence="8" number="17">from</token>
<token t_id="200" sentence="8" number="18">traditional</token>
<token t_id="201" sentence="8" number="19">Oscar</token>
<token t_id="202" sentence="8" number="20">hosting</token>
<token t_id="203" sentence="8" number="21">decorum</token>
<token t_id="204" sentence="8" number="22">and</token>
<token t_id="205" sentence="8" number="23">ventured</token>
<token t_id="206" sentence="8" number="24">into</token>
<token t_id="207" sentence="8" number="25">the</token>
<token t_id="208" sentence="8" number="26">audience</token>
<token t_id="209" sentence="8" number="27">for</token>
<token t_id="210" sentence="8" number="28">spot</token>
<token t_id="211" sentence="8" number="29">gags</token>
<token t_id="212" sentence="8" number="30">,</token>
<token t_id="213" sentence="8" number="31">at</token>
<token t_id="214" sentence="8" number="32">one</token>
<token t_id="215" sentence="8" number="33">point</token>
<token t_id="216" sentence="8" number="34">handing</token>
<token t_id="217" sentence="8" number="35">director</token>
<token t_id="218" sentence="8" number="36">Martin</token>
<token t_id="219" sentence="8" number="37">Scorsese</token>
<token t_id="220" sentence="8" number="38">a</token>
<token t_id="221" sentence="8" number="39">script</token>
<token t_id="222" sentence="8" number="40">of</token>
<token t_id="223" sentence="8" number="41">her</token>
<token t_id="224" sentence="8" number="42">own</token>
<token t_id="225" sentence="8" number="43">.</token>
<token t_id="226" sentence="9" number="0">"Choosing</token>
<token t_id="227" sentence="9" number="1">DeGeneres</token>
<token t_id="228" sentence="9" number="2">,</token>
<token t_id="229" sentence="9" number="3">known</token>
<token t_id="230" sentence="9" number="4">for</token>
<token t_id="231" sentence="9" number="5">her</token>
<token t_id="232" sentence="9" number="6">kindler</token>
<token t_id="233" sentence="9" number="7">,</token>
<token t_id="234" sentence="9" number="8">gentler</token>
<token t_id="235" sentence="9" number="9">humor</token>
<token t_id="236" sentence="9" number="10">,</token>
<token t_id="237" sentence="9" number="11">signals</token>
<token t_id="238" sentence="9" number="12">that</token>
<token t_id="239" sentence="9" number="13">the</token>
<token t_id="240" sentence="9" number="14">Academy's</token>
<token t_id="241" sentence="9" number="15">next</token>
<token t_id="242" sentence="9" number="16">awards</token>
<token t_id="243" sentence="9" number="17">show</token>
<token t_id="244" sentence="9" number="18">will</token>
<token t_id="245" sentence="9" number="19">have</token>
<token t_id="246" sentence="9" number="20">a</token>
<token t_id="247" sentence="9" number="21">decidedly</token>
<token t_id="248" sentence="9" number="22">different</token>
<token t_id="249" sentence="9" number="23">tone</token>
<token t_id="250" sentence="9" number="24">than</token>
<token t_id="251" sentence="9" number="25">the</token>
<token t_id="252" sentence="9" number="26">85th</token>
<token t_id="253" sentence="9" number="27">Academy</token>
<token t_id="254" sentence="9" number="28">Awards</token>
<token t_id="255" sentence="9" number="29">,</token>
<token t_id="256" sentence="9" number="30">"</token>
<token t_id="257" sentence="9" number="31">trade</token>
<token t_id="258" sentence="9" number="32">magazine</token>
<token t_id="259" sentence="9" number="33">The</token>
<token t_id="260" sentence="9" number="34">Hollywood</token>
<token t_id="261" sentence="9" number="35">Reporter</token>
<token t_id="262" sentence="9" number="36">wrote</token>
<token t_id="263" sentence="9" number="37">.</token>
<token t_id="264" sentence="10" number="0">DeGeneres</token>
<token t_id="265" sentence="10" number="1">also</token>
<token t_id="266" sentence="10" number="2">earned</token>
<token t_id="267" sentence="10" number="3">praise</token>
<token t_id="268" sentence="10" number="4">for</token>
<token t_id="269" sentence="10" number="5">her</token>
<token t_id="270" sentence="10" number="6">performance</token>
<token t_id="271" sentence="10" number="7">as</token>
<token t_id="272" sentence="10" number="8">the</token>
<token t_id="273" sentence="10" number="9">host</token>
<token t_id="274" sentence="10" number="10">of</token>
<token t_id="275" sentence="10" number="11">TV's</token>
<token t_id="276" sentence="10" number="12">Emmy</token>
<token t_id="277" sentence="10" number="13">awards</token>
<token t_id="278" sentence="10" number="14">in</token>
<token t_id="279" sentence="10" number="15">2001</token>
<token t_id="280" sentence="10" number="16">,</token>
<token t_id="281" sentence="10" number="17">which</token>
<token t_id="282" sentence="10" number="18">was</token>
<token t_id="283" sentence="10" number="19">twice</token>
<token t_id="284" sentence="10" number="20">delayed</token>
<token t_id="285" sentence="10" number="21">because</token>
<token t_id="286" sentence="10" number="22">of</token>
<token t_id="287" sentence="10" number="23">the</token>
<token t_id="288" sentence="10" number="24">September</token>
<token t_id="289" sentence="10" number="25">11</token>
<token t_id="290" sentence="10" number="26">attacks</token>
<token t_id="291" sentence="10" number="27">,</token>
<token t_id="292" sentence="10" number="28">memorably</token>
<token t_id="293" sentence="10" number="29">lightening</token>
<token t_id="294" sentence="10" number="30">the</token>
<token t_id="295" sentence="10" number="31">somber</token>
<token t_id="296" sentence="10" number="32">mood</token>
<token t_id="297" sentence="10" number="33">by</token>
<token t_id="298" sentence="10" number="34">asking</token>
<token t_id="299" sentence="10" number="35">,</token>
<token t_id="300" sentence="10" number="36">"What</token>
<token t_id="301" sentence="10" number="37">would</token>
<token t_id="302" sentence="10" number="38">bug</token>
<token t_id="303" sentence="10" number="39">the</token>
<token t_id="304" sentence="10" number="40">Taliban</token>
<token t_id="305" sentence="10" number="41">more</token>
<token t_id="306" sentence="10" number="42">than</token>
<token t_id="307" sentence="10" number="43">seeing</token>
<token t_id="308" sentence="10" number="44">a</token>
<token t_id="309" sentence="10" number="45">gay</token>
<token t_id="310" sentence="10" number="46">woman</token>
<token t_id="311" sentence="10" number="47">in</token>
<token t_id="312" sentence="10" number="48">a</token>
<token t_id="313" sentence="10" number="49">suit</token>
<token t_id="314" sentence="10" number="50">surrounded</token>
<token t_id="315" sentence="10" number="51">by</token>
<token t_id="316" sentence="10" number="52">Jews</token>
<token t_id="317" sentence="10" number="53">?</token>
<token t_id="318" sentence="10" number="54">"</token>
<token t_id="319" sentence="11" number="0">The</token>
<token t_id="320" sentence="11" number="1">announcement</token>
<token t_id="321" sentence="11" number="2">of</token>
<token t_id="322" sentence="11" number="3">DeGeneres</token>
<token t_id="323" sentence="11" number="4">as</token>
<token t_id="324" sentence="11" number="5">host</token>
<token t_id="325" sentence="11" number="6">also</token>
<token t_id="326" sentence="11" number="7">comes</token>
<token t_id="327" sentence="11" number="8">on</token>
<token t_id="328" sentence="11" number="9">the</token>
<token t_id="329" sentence="11" number="10">heels</token>
<token t_id="330" sentence="11" number="11">of</token>
<token t_id="331" sentence="11" number="12">Hollywood</token>
<token t_id="332" sentence="11" number="13">marketing</token>
<token t_id="333" sentence="11" number="14">executive</token>
<token t_id="334" sentence="11" number="15">Cheryl</token>
<token t_id="335" sentence="11" number="16">Boone</token>
<token t_id="336" sentence="11" number="17">Isaacs</token>
<token t_id="337" sentence="11" number="18">being</token>
<token t_id="338" sentence="11" number="19">elected</token>
<token t_id="339" sentence="11" number="20">as</token>
<token t_id="340" sentence="11" number="21">the</token>
<token t_id="341" sentence="11" number="22">first</token>
<token t_id="342" sentence="11" number="23">African</token>
<token t_id="343" sentence="11" number="24">American</token>
<token t_id="344" sentence="11" number="25">president</token>
<token t_id="345" sentence="11" number="26">of</token>
<token t_id="346" sentence="11" number="27">the</token>
<token t_id="347" sentence="11" number="28">6</token>
<token t_id="348" sentence="11" number="29">,</token>
<token t_id="349" sentence="11" number="30">000</token>
<token t_id="350" sentence="11" number="31">-</token>
<token t_id="351" sentence="11" number="32">member</token>
<token t_id="352" sentence="11" number="33">Academy</token>
<token t_id="353" sentence="11" number="34">,</token>
<token t_id="354" sentence="11" number="35">which</token>
<token t_id="355" sentence="11" number="36">has</token>
<token t_id="356" sentence="11" number="37">made</token>
<token t_id="357" sentence="11" number="38">an</token>
<token t_id="358" sentence="11" number="39">effort</token>
<token t_id="359" sentence="11" number="40">to</token>
<token t_id="360" sentence="11" number="41">diversify</token>
<token t_id="361" sentence="11" number="42">its</token>
<token t_id="362" sentence="11" number="43">ranks</token>
<token t_id="363" sentence="11" number="44">after</token>
<token t_id="364" sentence="11" number="45">coming</token>
<token t_id="365" sentence="11" number="46">under</token>
<token t_id="366" sentence="11" number="47">fire</token>
<token t_id="367" sentence="11" number="48">for</token>
<token t_id="368" sentence="11" number="49">being</token>
<token t_id="369" sentence="11" number="50">too</token>
<token t_id="370" sentence="11" number="51">male</token>
<token t_id="371" sentence="11" number="52">,</token>
<token t_id="372" sentence="11" number="53">old</token>
<token t_id="373" sentence="11" number="54">and</token>
<token t_id="374" sentence="11" number="55">white</token>
<token t_id="375" sentence="11" number="56">.</token>
<token t_id="376" sentence="12" number="0">Trade</token>
<token t_id="377" sentence="12" number="1">publication</token>
<token t_id="378" sentence="12" number="2">Variety</token>
<token t_id="379" sentence="12" number="3">saw</token>
<token t_id="380" sentence="12" number="4">the</token>
<token t_id="381" sentence="12" number="5">choice</token>
<token t_id="382" sentence="12" number="6">of</token>
<token t_id="383" sentence="12" number="7">DeGeneres</token>
<token t_id="384" sentence="12" number="8">as</token>
<token t_id="385" sentence="12" number="9">a</token>
<token t_id="386" sentence="12" number="10">continuation</token>
<token t_id="387" sentence="12" number="11">of</token>
<token t_id="388" sentence="12" number="12">the</token>
<token t_id="389" sentence="12" number="13">Academy's</token>
<token t_id="390" sentence="12" number="14">"Year</token>
<token t_id="391" sentence="12" number="15">of</token>
<token t_id="392" sentence="12" number="16">the</token>
<token t_id="393" sentence="12" number="17">Woman</token>
<token t_id="394" sentence="12" number="18">,</token>
<token t_id="395" sentence="12" number="19">"</token>
<token t_id="396" sentence="12" number="20">writing</token>
<token t_id="397" sentence="12" number="21">that</token>
<token t_id="398" sentence="12" number="22">the</token>
<token t_id="399" sentence="12" number="23">Oscars</token>
<token t_id="400" sentence="12" number="24">"will</token>
<token t_id="401" sentence="12" number="25">put</token>
<token t_id="402" sentence="12" number="26">women</token>
<token t_id="403" sentence="12" number="27">in</token>
<token t_id="404" sentence="12" number="28">the</token>
<token t_id="405" sentence="12" number="29">driver's</token>
<token t_id="406" sentence="12" number="30">seat</token>
<token t_id="407" sentence="12" number="31">.</token>
<token t_id="408" sentence="12" number="32">"</token>
<Markables>
<ACTION_ASPECTUAL m_id="1"  >
  <token_anchor t_id="106"/>
</ACTION_ASPECTUAL>
<ACTION_ASPECTUAL m_id="2"  >
  <token_anchor t_id="386"/>
</ACTION_ASPECTUAL>
<ACTION_OCCURRENCE m_id="9"  >
  <token_anchor t_id="201"/>
</ACTION_OCCURRENCE>
<ACTION_OCCURRENCE m_id="41"  >
  <token_anchor t_id="186"/>
</ACTION_OCCURRENCE>
<ACTION_OCCURRENCE m_id="10"  >
  <token_anchor t_id="211"/>
</ACTION_OCCURRENCE>
<ACTION_OCCURRENCE m_id="42"  >
  <token_anchor t_id="73"/>
</ACTION_OCCURRENCE>
<ACTION_OCCURRENCE m_id="11"  >
  <token_anchor t_id="326"/>
</ACTION_OCCURRENCE>
<ACTION_OCCURRENCE m_id="43"  >
  <token_anchor t_id="189"/>
</ACTION_OCCURRENCE>
<ACTION_OCCURRENCE m_id="12"  >
  <token_anchor t_id="226"/>
</ACTION_OCCURRENCE>
<ACTION_OCCURRENCE m_id="44"  >
  <token_anchor t_id="192"/>
</ACTION_OCCURRENCE>
<ACTION_OCCURRENCE m_id="13"  >
  <token_anchor t_id="237"/>
</ACTION_OCCURRENCE>
<ACTION_OCCURRENCE m_id="45"  >
  <token_anchor t_id="81"/>
</ACTION_OCCURRENCE>
<ACTION_OCCURRENCE m_id="14"  >
  <token_anchor t_id="338"/>
</ACTION_OCCURRENCE>
<ACTION_OCCURRENCE m_id="46"  >
  <token_anchor t_id="198"/>
</ACTION_OCCURRENCE>
<ACTION_OCCURRENCE m_id="15"  >
  <token_anchor t_id="360"/>
</ACTION_OCCURRENCE>
<ACTION_OCCURRENCE m_id="47"  >
  <token_anchor t_id="298"/>
</ACTION_OCCURRENCE>
<ACTION_OCCURRENCE m_id="16"  >
  <token_anchor t_id="95"/>
</ACTION_OCCURRENCE>
<ACTION_OCCURRENCE m_id="48"  >
  <token_anchor t_id="202"/>
</ACTION_OCCURRENCE>
<ACTION_OCCURRENCE m_id="17"  >
  <token_anchor t_id="381"/>
</ACTION_OCCURRENCE>
<ACTION_OCCURRENCE m_id="18"  >
  <token_anchor t_id="243"/>
</ACTION_OCCURRENCE>
<ACTION_OCCURRENCE m_id="19"  >
  <token_anchor t_id="29"/>
</ACTION_OCCURRENCE>
<ACTION_OCCURRENCE m_id="20"  >
  <token_anchor t_id="31"/>
</ACTION_OCCURRENCE>
<ACTION_OCCURRENCE m_id="21"  >
  <token_anchor t_id="399"/>
</ACTION_OCCURRENCE>
<ACTION_OCCURRENCE m_id="22"  >
  <token_anchor t_id="253"/>
  <token_anchor t_id="254"/>
</ACTION_OCCURRENCE>
<ACTION_OCCURRENCE m_id="23"  >
  <token_anchor t_id="33"/>
</ACTION_OCCURRENCE>
<ACTION_OCCURRENCE m_id="24"  >
  <token_anchor t_id="50"/>
</ACTION_OCCURRENCE>
<ACTION_OCCURRENCE m_id="25"  >
  <token_anchor t_id="266"/>
</ACTION_OCCURRENCE>
<ACTION_OCCURRENCE m_id="26"  >
  <token_anchor t_id="53"/>
  <token_anchor t_id="54"/>
</ACTION_OCCURRENCE>
<ACTION_OCCURRENCE m_id="27"  >
  <token_anchor t_id="270"/>
</ACTION_OCCURRENCE>
<ACTION_OCCURRENCE m_id="28"  >
  <token_anchor t_id="267"/>
</ACTION_OCCURRENCE>
<ACTION_OCCURRENCE m_id="29"  >
  <token_anchor t_id="153"/>
</ACTION_OCCURRENCE>
<ACTION_OCCURRENCE m_id="30"  >
  <token_anchor t_id="277"/>
</ACTION_OCCURRENCE>
<ACTION_OCCURRENCE m_id="31"  >
  <token_anchor t_id="356"/>
  <token_anchor t_id="358"/>
</ACTION_OCCURRENCE>
<ACTION_OCCURRENCE m_id="32"  >
  <token_anchor t_id="159"/>
</ACTION_OCCURRENCE>
<ACTION_OCCURRENCE m_id="33"  >
  <token_anchor t_id="284"/>
</ACTION_OCCURRENCE>
<ACTION_OCCURRENCE m_id="34"  >
  <token_anchor t_id="290"/>
</ACTION_OCCURRENCE>
<ACTION_OCCURRENCE m_id="3"  >
  <token_anchor t_id="205"/>
</ACTION_OCCURRENCE>
<ACTION_OCCURRENCE m_id="35"  >
  <token_anchor t_id="293"/>
</ACTION_OCCURRENCE>
<ACTION_OCCURRENCE m_id="4"  >
  <token_anchor t_id="216"/>
</ACTION_OCCURRENCE>
<ACTION_OCCURRENCE m_id="36"  >
  <token_anchor t_id="171"/>
</ACTION_OCCURRENCE>
<ACTION_OCCURRENCE m_id="5"  >
  <token_anchor t_id="100"/>
</ACTION_OCCURRENCE>
<ACTION_OCCURRENCE m_id="37"  >
  <token_anchor t_id="302"/>
</ACTION_OCCURRENCE>
<ACTION_OCCURRENCE m_id="6"  >
  <token_anchor t_id="102"/>
</ACTION_OCCURRENCE>
<ACTION_OCCURRENCE m_id="38"  >
  <token_anchor t_id="364"/>
  <token_anchor t_id="365"/>
  <token_anchor t_id="366"/>
</ACTION_OCCURRENCE>
<ACTION_OCCURRENCE m_id="7"  >
  <token_anchor t_id="314"/>
</ACTION_OCCURRENCE>
<ACTION_OCCURRENCE m_id="39"  >
  <token_anchor t_id="47"/>
</ACTION_OCCURRENCE>
<ACTION_OCCURRENCE m_id="8"  >
  <token_anchor t_id="112"/>
</ACTION_OCCURRENCE>
<ACTION_OCCURRENCE m_id="40"  >
  <token_anchor t_id="66"/>
</ACTION_OCCURRENCE>
<ACTION_PERCEPTION m_id="49"  >
  <token_anchor t_id="379"/>
</ACTION_PERCEPTION>
<ACTION_PERCEPTION m_id="50"  >
  <token_anchor t_id="68"/>
</ACTION_PERCEPTION>
<ACTION_PERCEPTION m_id="51"  >
  <token_anchor t_id="307"/>
</ACTION_PERCEPTION>
<ACTION_REPORTING m_id="52"  >
  <token_anchor t_id="320"/>
</ACTION_REPORTING>
<ACTION_REPORTING m_id="53"  >
  <token_anchor t_id="262"/>
</ACTION_REPORTING>
<ACTION_REPORTING m_id="54"  >
  <token_anchor t_id="138"/>
</ACTION_REPORTING>
<ACTION_REPORTING m_id="55"  >
  <token_anchor t_id="396"/>
</ACTION_REPORTING>
<ACTION_REPORTING m_id="56"  >
  <token_anchor t_id="141"/>
</ACTION_REPORTING>
<ACTION_REPORTING m_id="57"  >
  <token_anchor t_id="147"/>
</ACTION_REPORTING>
<ACTION_REPORTING m_id="58"  >
  <token_anchor t_id="60"/>
</ACTION_REPORTING>
<ACTION_REPORTING m_id="59"  >
  <token_anchor t_id="178"/>
</ACTION_REPORTING>
<ACTION_STATE m_id="60"  >
  <token_anchor t_id="309"/>
</ACTION_STATE>
<ACTION_STATE m_id="61"  >
  <token_anchor t_id="115"/>
</ACTION_STATE>
<ACTION_STATE m_id="62"  >
  <token_anchor t_id="125"/>
</ACTION_STATE>
<ACTION_STATE m_id="63"  >
  <token_anchor t_id="232"/>
</ACTION_STATE>
<ACTION_STATE m_id="65"  >
  <token_anchor t_id="234"/>
</ACTION_STATE>
<ACTION_STATE m_id="67"  >
  <token_anchor t_id="229"/>
</ACTION_STATE>
<ACTION_STATE m_id="69"  >
  <token_anchor t_id="144"/>
</ACTION_STATE>
<ACTION_STATE m_id="70"  >
  <token_anchor t_id="296"/>
</ACTION_STATE>
<ACTION_STATE m_id="71"  >
  <token_anchor t_id="77"/>
</ACTION_STATE>
<HUMAN_PART_GENERIC m_id="73"  >
  <token_anchor t_id="143"/>
</HUMAN_PART_GENERIC>
<HUMAN_PART_GENERIC m_id="74"  >
  <token_anchor t_id="402"/>
</HUMAN_PART_GENERIC>
<HUMAN_PART_GENERIC m_id="75"  >
  <token_anchor t_id="146"/>
</HUMAN_PART_GENERIC>
<HUMAN_PART_GENERIC m_id="76"  >
  <token_anchor t_id="370"/>
</HUMAN_PART_GENERIC>
<HUMAN_PART_GENERIC m_id="77"  >
  <token_anchor t_id="372"/>
</HUMAN_PART_GENERIC>
<HUMAN_PART_GENERIC m_id="78"  >
  <token_anchor t_id="173"/>
</HUMAN_PART_GENERIC>
<HUMAN_PART_GENERIC m_id="79"  >
  <token_anchor t_id="374"/>
</HUMAN_PART_GENERIC>
<HUMAN_PART_GENERIC m_id="72"  >
  <token_anchor t_id="208"/>
</HUMAN_PART_GENERIC>
<HUMAN_PART_ORG m_id="81"  >
  <token_anchor t_id="304"/>
</HUMAN_PART_ORG>
<HUMAN_PART_ORG m_id="82"  >
  <token_anchor t_id="240"/>
</HUMAN_PART_ORG>
<HUMAN_PART_ORG m_id="83"  >
  <token_anchor t_id="389"/>
</HUMAN_PART_ORG>
<HUMAN_PART_ORG m_id="84"  >
  <token_anchor t_id="258"/>
</HUMAN_PART_ORG>
<HUMAN_PART_ORG m_id="85"  >
  <token_anchor t_id="378"/>
</HUMAN_PART_ORG>
<HUMAN_PART_ORG m_id="86"  >
  <token_anchor t_id="352"/>
</HUMAN_PART_ORG>
<HUMAN_PART_ORG m_id="87"  >
  <token_anchor t_id="160"/>
</HUMAN_PART_ORG>
<HUMAN_PART_ORG m_id="88"  >
  <token_anchor t_id="180"/>
</HUMAN_PART_ORG>
<HUMAN_PART_PER m_id="105"  >
  <token_anchor t_id="344"/>
</HUMAN_PART_PER>
<HUMAN_PART_PER m_id="106"  >
  <token_anchor t_id="383"/>
</HUMAN_PART_PER>
<HUMAN_PART_PER m_id="107"  >
  <token_anchor t_id="27"/>
  <token_anchor t_id="28"/>
</HUMAN_PART_PER>
<HUMAN_PART_PER m_id="108"  >
  <token_anchor t_id="44"/>
  <token_anchor t_id="45"/>
</HUMAN_PART_PER>
<HUMAN_PART_PER m_id="110"  >
  <token_anchor t_id="59"/>
</HUMAN_PART_PER>
<HUMAN_PART_PER m_id="111"  >
  <token_anchor t_id="273"/>
</HUMAN_PART_PER>
<HUMAN_PART_PER m_id="112"  >
  <token_anchor t_id="83"/>
  <token_anchor t_id="84"/>
</HUMAN_PART_PER>
<HUMAN_PART_PER m_id="113"  >
  <token_anchor t_id="86"/>
</HUMAN_PART_PER>
<HUMAN_PART_PER m_id="114"  >
  <token_anchor t_id="119"/>
  <token_anchor t_id="120"/>
</HUMAN_PART_PER>
<HUMAN_PART_PER m_id="115"  >
  <token_anchor t_id="89"/>
</HUMAN_PART_PER>
<HUMAN_PART_PER m_id="89"  >
  <token_anchor t_id="110"/>
</HUMAN_PART_PER>
<HUMAN_PART_PER m_id="90"  >
  <token_anchor t_id="137"/>
</HUMAN_PART_PER>
<HUMAN_PART_PER m_id="91"  >
  <token_anchor t_id="310"/>
</HUMAN_PART_PER>
<HUMAN_PART_PER m_id="92"  >
  <token_anchor t_id="177"/>
</HUMAN_PART_PER>
<HUMAN_PART_PER m_id="93"  >
  <token_anchor t_id="164"/>
</HUMAN_PART_PER>
<HUMAN_PART_PER m_id="94"  >
  <token_anchor t_id="316"/>
</HUMAN_PART_PER>
<HUMAN_PART_PER m_id="95"  >
  <token_anchor t_id="156"/>
</HUMAN_PART_PER>
<HUMAN_PART_PER m_id="96"  >
  <token_anchor t_id="182"/>
</HUMAN_PART_PER>
<HUMAN_PART_PER m_id="97"  >
  <token_anchor t_id="197"/>
</HUMAN_PART_PER>
<HUMAN_PART_PER m_id="98"  >
  <token_anchor t_id="324"/>
</HUMAN_PART_PER>
<HUMAN_PART_PER m_id="99"  >
  <token_anchor t_id="218"/>
  <token_anchor t_id="219"/>
</HUMAN_PART_PER>
<HUMAN_PART_PER m_id="100"  >
  <token_anchor t_id="227"/>
</HUMAN_PART_PER>
<HUMAN_PART_PER m_id="101"  >
  <token_anchor t_id="122"/>
</HUMAN_PART_PER>
<HUMAN_PART_PER m_id="102"  >
  <token_anchor t_id="264"/>
</HUMAN_PART_PER>
<HUMAN_PART_PER m_id="103"  >
  <token_anchor t_id="322"/>
</HUMAN_PART_PER>
<HUMAN_PART_PER m_id="104"  >
  <token_anchor t_id="334"/>
  <token_anchor t_id="335"/>
  <token_anchor t_id="336"/>
</HUMAN_PART_PER>
<NON_HUMAN_PART m_id="116"  >
  <token_anchor t_id="221"/>
</NON_HUMAN_PART>
<NON_HUMAN_PART m_id="117"  >
  <token_anchor t_id="406"/>
</NON_HUMAN_PART>
<TIME_DATE m_id="118"  >
  <token_anchor t_id="103"/>
  <token_anchor t_id="104"/>
</TIME_DATE>
<TIME_DATE m_id="119"  >
  <token_anchor t_id="193"/>
  <token_anchor t_id="194"/>
</TIME_DATE>
<TIME_DATE m_id="120"  >
  <token_anchor t_id="32"/>
</TIME_DATE>
<TIME_DATE m_id="121"  >
  <token_anchor t_id="56"/>
  <token_anchor t_id="57"/>
</TIME_DATE>
<TIME_DATE m_id="122"  >
  <token_anchor t_id="61"/>
  <token_anchor t_id="62"/>
</TIME_DATE>
<TIME_DATE m_id="123"  >
  <token_anchor t_id="278"/>
  <token_anchor t_id="279"/>
</TIME_DATE>
<TIME_OF_THE_DAY m_id="124"  >
  <token_anchor t_id="34"/>
  <token_anchor t_id="35"/>
  <token_anchor t_id="36"/>
  <token_anchor t_id="37"/>
  <token_anchor t_id="38"/>
  <token_anchor t_id="39"/>
  <token_anchor t_id="40"/>
  <token_anchor t_id="41"/>
  <token_anchor t_id="42"/>
</TIME_OF_THE_DAY>
<TIME_REPETITION m_id="125"  >
  <token_anchor t_id="99"/>
</TIME_REPETITION>
<TIME_REPETITION m_id="126"  >
  <token_anchor t_id="108"/>
  <token_anchor t_id="109"/>
</TIME_REPETITION>
<TIME_REPETITION m_id="127"  >
  <token_anchor t_id="131"/>
  <token_anchor t_id="132"/>
  <token_anchor t_id="133"/>
  <token_anchor t_id="134"/>
</TIME_REPETITION>
<TIME_REPETITION m_id="128"  >
  <token_anchor t_id="149"/>
  <token_anchor t_id="150"/>
  <token_anchor t_id="151"/>
</TIME_REPETITION>
<TIME_REPETITION m_id="129"  >
  <token_anchor t_id="49"/>
</TIME_REPETITION>
<TIME_REPETITION m_id="130"  >
  <token_anchor t_id="283"/>
</TIME_REPETITION>


<ACTION_OCCURRENCE m_id="135" note="byCROMER" >
  <token_anchor t_id="249"/>
</ACTION_OCCURRENCE>
<ACTION_OCCURRENCE m_id="136" note="byCROMER" >
  <token_anchor t_id="128"/>
</ACTION_OCCURRENCE>
<HUMAN_PART_MET m_id="137" note="byCROMER" >
  <token_anchor t_id="75"/>
</HUMAN_PART_MET>
<ACTION_OCCURRENCE m_id="138" note="byCROMER" >
  <token_anchor t_id="55"/>
</ACTION_OCCURRENCE>
<ACTION_OCCURRENCE m_id="139" note="byCROMER" >
  <token_anchor t_id="130"/>
</ACTION_OCCURRENCE>


<TIME_DATE m_id="169" RELATED_TO="" TAG_DESCRIPTOR="t2_2007_hosting" instance_id="TIM16246761877336408" />
<ACTION_OCCURRENCE m_id="168" RELATED_TO="" TAG_DESCRIPTOR="t2_emmy_cancelled_911" instance_id="ACT16254721030316391" />
<ACTION_OCCURRENCE m_id="167" RELATED_TO="" TAG_DESCRIPTOR="t2_hosted_emmys_2001" instance_id="ACT16254741156468311" />
<ACTION_REPORTING m_id="166" RELATED_TO="" TAG_DESCRIPTOR="t2_ampas_announced_ellen_host" instance_id="ACT16239842591150729" />
<ACTION_OCCURRENCE m_id="165" RELATED_TO="" TAG_DESCRIPTOR="t2_macfarlane_performance" instance_id="ACT16253426701180410" />
<ACTION_OCCURRENCE m_id="164" RELATED_TO="" TAG_DESCRIPTOR="t2_thank_academy" instance_id="ACT16247411168502807" />
<ACTION_OCCURRENCE m_id="163" RELATED_TO="" TAG_DESCRIPTOR="t2_academy_awards_2007" instance_id="ACT16260470600930781" />
<ACTION_REPORTING m_id="162" RELATED_TO="" TAG_DESCRIPTOR="t2_ellen_said" instance_id="ACT16253559881046339" />
<ACTION_OCCURRENCE m_id="161" RELATED_TO="" TAG_DESCRIPTOR="t2_hosting_oscars_general" instance_id="ACT28088992212211107" />
<HUMAN_PART_PER m_id="160" RELATED_TO="" TAG_DESCRIPTOR="t2_boone_isaacs" instance_id="HUM16253673429131534" />
<HUMAN_PART_PER m_id="159" RELATED_TO="" TAG_DESCRIPTOR="t2_seth_macfarlane" instance_id="HUM16240043994885861" />
<HUMAN_PART_GENERIC m_id="158" RELATED_TO="" TAG_DESCRIPTOR="t2_you_know_wts" instance_id="HUM16253613329088137" />
<ACTION_OCCURRENCE m_id="157" RELATED_TO="" TAG_DESCRIPTOR="t2_atmostphere_of_2014_ceremony" instance_id="ACT16253512885428221" />
<ACTION_OCCURRENCE m_id="156" RELATED_TO="" TAG_DESCRIPTOR="t2_emmy_nomination" instance_id="ACT16252826526434169" />
<ACTION_STATE m_id="155" RELATED_TO="" TAG_DESCRIPTOR="t2_known_for_kinder_humour" instance_id="ACT16262211080059109" />
<ACTION_OCCURRENCE m_id="154" RELATED_TO="" TAG_DESCRIPTOR="t2_academy_awards" instance_id="ACT16239369414744113" />
<ACTION_STATE m_id="153" RELATED_TO="" TAG_DESCRIPTOR="t2_know_what_they_say" instance_id="ACT16254024315458372" />
<TIME_REPETITION m_id="152" RELATED_TO="" TAG_DESCRIPTOR="t2_third_time_charm" instance_id="TIM16254521662389574" />
<HUMAN_PART_ORG m_id="151" RELATED_TO="" TAG_DESCRIPTOR="t2_twitter" instance_id="HUM16261443671736323" />
<TIME_REPETITION m_id="150" RELATED_TO="" TAG_DESCRIPTOR="t2_second_time" instance_id="TIM16240238425752332" />
<ACTION_REPORTING m_id="149" RELATED_TO="" TAG_DESCRIPTOR="t2_what_they_say" instance_id="ACT16255215667494830" />
<HUMAN_PART_GENERIC m_id="148" RELATED_TO="" TAG_DESCRIPTOR="t2_orchestra" instance_id="HUM16246645485523675" />
<TIME_REPETITION m_id="147" RELATED_TO="" TAG_DESCRIPTOR="t2_first_hosting" instance_id="TIM16246827722724791" />
<ACTION_OCCURRENCE m_id="178" RELATED_TO="" TAG_DESCRIPTOR="t2_hosting_2014" instance_id="ACT16240564368961988" />
<TIME_DATE m_id="146" RELATED_TO="" TAG_DESCRIPTOR="t2_friday_tweeted" instance_id="TIM16246750076381642" />
<HUMAN_PART_ORG m_id="177" RELATED_TO="" TAG_DESCRIPTOR="t2_ampas" instance_id="HUM16239986301894968" />
<TIME_DATE m_id="145" RELATED_TO="" TAG_DESCRIPTOR="t2_2014_oscars" instance_id="TIM16246737301517512" />
<ACTION_OCCURRENCE m_id="176" RELATED_TO="" TAG_DESCRIPTOR="t2_picking_ellen" instance_id="ACT16239445935826595" />
<HUMAN_PART_PER m_id="144" RELATED_TO="" TAG_DESCRIPTOR="t2_portia_de_rossi" instance_id="HUM16246720875216224" />
<HUMAN_PART_GENERIC m_id="175" RELATED_TO="" TAG_DESCRIPTOR="t2_they_say" instance_id="HUM16253626692271271" />
<HUMAN_PART_MET m_id="143" RELATED_TO="" TAG_DESCRIPTOR="t2b_hollywood" instance_id="HUM16268789034067364" />
<ACTION_OCCURRENCE m_id="174" RELATED_TO="" TAG_DESCRIPTOR="t2_charm" instance_id="ACT16253309417674146" />
<ACTION_OCCURRENCE m_id="142" RELATED_TO="" TAG_DESCRIPTOR="t2_elected_isaacs" instance_id="ACT16253328087200537" />
<ACTION_REPORTING m_id="173" RELATED_TO="" TAG_DESCRIPTOR="t2_ellen_statement" instance_id="ACT16253573483345603" />
<ACTION_OCCURRENCE m_id="141" RELATED_TO="" TAG_DESCRIPTOR="t2_ellen_hosting_2007" instance_id="ACT16245953210634063" />
<HUMAN_PART_GENERIC m_id="172" RELATED_TO="" TAG_DESCRIPTOR="t2_audience" instance_id="HUM16253789291484119" />
<ACTION_OCCURRENCE m_id="140" RELATED_TO="" TAG_DESCRIPTOR="t2_goes_orchestra" instance_id="ACT16246001137233365" />
<HUMAN_PART_PER m_id="171" RELATED_TO="" TAG_DESCRIPTOR="t2_ellen_degeneres" instance_id="HUM16239999045287365" />
<ACTION_STATE m_id="170" RELATED_TO="" TAG_DESCRIPTOR="t2_excited_hosting_ellen" instance_id="ACT16246611887861206" />
</Markables>

<Relations>
<CROSS_DOC_COREF r_id="31822" note="ACT16246001137233365" >
  <source m_id="36" />
  <target m_id="140" />
</CROSS_DOC_COREF>
<CROSS_DOC_COREF r_id="31823" note="ACT16245953210634063" >
  <source m_id="44" />
  <source m_id="5" />
  <target m_id="141" />
</CROSS_DOC_COREF>
<CROSS_DOC_COREF r_id="31824" note="ACT16253328087200537" >
  <source m_id="14" />
  <target m_id="142" />
</CROSS_DOC_COREF>
<CROSS_DOC_COREF r_id="31825" note="HUM16268789034067364" >
  <source m_id="137" />
  <target m_id="143" />
</CROSS_DOC_COREF>
<CROSS_DOC_COREF r_id="31826" note="HUM16246720875216224" >
  <source m_id="93" />
  <target m_id="144" />
</CROSS_DOC_COREF>
<CROSS_DOC_COREF r_id="31827" note="TIM16246737301517512" >
  <source m_id="121" />
  <source m_id="120" />
  <target m_id="145" />
</CROSS_DOC_COREF>
<CROSS_DOC_COREF r_id="31828" note="TIM16246750076381642" >
  <source m_id="122" />
  <target m_id="146" />
</CROSS_DOC_COREF>
<CROSS_DOC_COREF r_id="31829" note="TIM16246827722724791" >
  <source m_id="125" />
  <target m_id="147" />
</CROSS_DOC_COREF>
<CROSS_DOC_COREF r_id="31830" note="HUM16246645485523675" >
  <source m_id="78" />
  <target m_id="148" />
</CROSS_DOC_COREF>
<CROSS_DOC_COREF r_id="31831" note="ACT16255215667494830" >
  <source m_id="57" />
  <target m_id="149" />
</CROSS_DOC_COREF>
<CROSS_DOC_COREF r_id="31832" note="TIM16240238425752332" >
  <source m_id="127" />
  <source m_id="129" />
  <target m_id="150" />
</CROSS_DOC_COREF>
<CROSS_DOC_COREF r_id="31833" note="HUM16261443671736323" >
  <source m_id="88" />
  <target m_id="151" />
</CROSS_DOC_COREF>
<CROSS_DOC_COREF r_id="31834" note="TIM16254521662389574" >
  <source m_id="128" />
  <target m_id="152" />
</CROSS_DOC_COREF>
<CROSS_DOC_COREF r_id="31835" note="ACT16254024315458372" >
  <source m_id="69" />
  <target m_id="153" />
</CROSS_DOC_COREF>
<CROSS_DOC_COREF r_id="31836" note="ACT16239369414744113" >
  <source m_id="23" />
  <source m_id="18" />
  <source m_id="9" />
  <source m_id="22" />
  <source m_id="26" />
  <source m_id="139" />
  <source m_id="21" />
  <target m_id="154" />
</CROSS_DOC_COREF>
<CROSS_DOC_COREF r_id="31837" note="ACT16262211080059109" >
  <source m_id="67" />
  <target m_id="155" />
</CROSS_DOC_COREF>
<CROSS_DOC_COREF r_id="31838" note="ACT16252826526434169" >
  <source m_id="43" />
  <target m_id="156" />
</CROSS_DOC_COREF>
<CROSS_DOC_COREF r_id="31839" note="ACT16253512885428221" >
  <source m_id="135" />
  <target m_id="157" />
</CROSS_DOC_COREF>
<CROSS_DOC_COREF r_id="31840" note="HUM16253613329088137" >
  <source m_id="73" />
  <target m_id="158" />
</CROSS_DOC_COREF>
<CROSS_DOC_COREF r_id="31841" note="HUM16240043994885861" >
  <source m_id="112" />
  <target m_id="159" />
</CROSS_DOC_COREF>
<CROSS_DOC_COREF r_id="31842" note="HUM16253673429131534" >
  <source m_id="104" />
  <source m_id="105" />
  <target m_id="160" />
</CROSS_DOC_COREF>
<CROSS_DOC_COREF r_id="31843" note="ACT28088992212211107" >
  <source m_id="138" />
  <target m_id="161" />
</CROSS_DOC_COREF>
<CROSS_DOC_COREF r_id="31844" note="ACT16253559881046339" >
  <source m_id="54" />
  <source m_id="59" />
  <target m_id="162" />
</CROSS_DOC_COREF>
<CROSS_DOC_COREF r_id="31845" note="ACT16260470600930781" >
  <source m_id="6" />
  <target m_id="163" />
</CROSS_DOC_COREF>
<CROSS_DOC_COREF r_id="31846" note="ACT16247411168502807" >
  <source m_id="32" />
  <target m_id="164" />
</CROSS_DOC_COREF>
<CROSS_DOC_COREF r_id="31847" note="ACT16253426701180410" >
  <source m_id="45" />
  <target m_id="165" />
</CROSS_DOC_COREF>
<CROSS_DOC_COREF r_id="31848" note="ACT16239842591150729" >
  <source m_id="52" />
  <target m_id="166" />
</CROSS_DOC_COREF>
<CROSS_DOC_COREF r_id="31849" note="ACT16254741156468311" >
  <source m_id="27" />
  <source m_id="30" />
  <target m_id="167" />
</CROSS_DOC_COREF>
<CROSS_DOC_COREF r_id="31850" note="ACT16254721030316391" >
  <source m_id="33" />
  <target m_id="168" />
</CROSS_DOC_COREF>
<CROSS_DOC_COREF r_id="31851" note="TIM16246761877336408" >
  <source m_id="118" />
  <target m_id="169" />
</CROSS_DOC_COREF>
<CROSS_DOC_COREF r_id="31852" note="ACT16246611887861206" >
  <source m_id="62" />
  <target m_id="170" />
</CROSS_DOC_COREF>
<CROSS_DOC_COREF r_id="31853" note="HUM16239999045287365" >
  <source m_id="89" />
  <source m_id="106" />
  <source m_id="97" />
  <source m_id="95" />
  <source m_id="113" />
  <source m_id="101" />
  <source m_id="111" />
  <source m_id="108" />
  <source m_id="107" />
  <source m_id="90" />
  <source m_id="92" />
  <source m_id="91" />
  <source m_id="102" />
  <source m_id="100" />
  <source m_id="98" />
  <source m_id="103" />
  <source m_id="96" />
  <source m_id="115" />
  <target m_id="171" />
</CROSS_DOC_COREF>
<CROSS_DOC_COREF r_id="31854" note="HUM16253789291484119" >
  <source m_id="72" />
  <target m_id="172" />
</CROSS_DOC_COREF>
<CROSS_DOC_COREF r_id="31855" note="ACT16253573483345603" >
  <source m_id="56" />
  <target m_id="173" />
</CROSS_DOC_COREF>
<CROSS_DOC_COREF r_id="31856" note="ACT16253309417674146" >
  <source m_id="29" />
  <target m_id="174" />
</CROSS_DOC_COREF>
<CROSS_DOC_COREF r_id="31857" note="HUM16253626692271271" >
  <source m_id="75" />
  <target m_id="175" />
</CROSS_DOC_COREF>
<CROSS_DOC_COREF r_id="31858" note="ACT16239445935826595" >
  <source m_id="17" />
  <source m_id="40" />
  <source m_id="19" />
  <source m_id="42" />
  <source m_id="12" />
  <target m_id="176" />
</CROSS_DOC_COREF>
<CROSS_DOC_COREF r_id="31859" note="HUM16239986301894968" >
  <source m_id="82" />
  <source m_id="87" />
  <source m_id="86" />
  <target m_id="177" />
</CROSS_DOC_COREF>
<CROSS_DOC_COREF r_id="31860" note="ACT16240564368961988" >
  <source m_id="48" />
  <source m_id="136" />
  <source m_id="20" />
  <source m_id="24" />
  <target m_id="178" />
</CROSS_DOC_COREF>

</Relations>
</Document>
