<Document doc_name="27_16ecb.xml" doc_id="DOC15654895869781541">
<token t_id="1" sentence="0" number="0">Microsoft</token>
<token t_id="2" sentence="0" number="1">Releases</token>
<token t_id="3" sentence="0" number="2">Critical</token>
<token t_id="4" sentence="0" number="3">Internet</token>
<token t_id="5" sentence="0" number="4">Explorer</token>
<token t_id="6" sentence="0" number="5">Patch</token>
<token t_id="7" sentence="1" number="0">The</token>
<token t_id="8" sentence="1" number="1">out-of-band</token>
<token t_id="9" sentence="1" number="2">security</token>
<token t_id="10" sentence="1" number="3">update</token>
<token t_id="11" sentence="1" number="4">fixes</token>
<token t_id="12" sentence="1" number="5">a</token>
<token t_id="13" sentence="1" number="6">JavaScript-related</token>
<token t_id="14" sentence="1" number="7">vulnerability</token>
<token t_id="15" sentence="1" number="8">that</token>
<token t_id="16" sentence="1" number="9">'s</token>
<token t_id="17" sentence="1" number="10">being</token>
<token t_id="18" sentence="1" number="11">actively</token>
<token t_id="19" sentence="1" number="12">exploited</token>
<token t_id="20" sentence="1" number="13">through</token>
<token t_id="21" sentence="1" number="14">hacked</token>
<token t_id="22" sentence="1" number="15">Web</token>
<token t_id="23" sentence="1" number="16">sites</token>
<token t_id="24" sentence="1" number="17">.</token>
<token t_id="25" sentence="2" number="0">Microsoft</token>
<token t_id="26" sentence="2" number="1">(</token>
<token t_id="27" sentence="2" number="2">NSDQ</token>
<token t_id="28" sentence="2" number="3">:</token>
<token t_id="29" sentence="2" number="4">MSFT</token>
<token t_id="30" sentence="2" number="5">)</token>
<token t_id="31" sentence="2" number="6">has</token>
<token t_id="32" sentence="2" number="7">released</token>
<token t_id="33" sentence="2" number="8">an</token>
<token t_id="34" sentence="2" number="9">out-of-band</token>
<token t_id="35" sentence="2" number="10">security</token>
<token t_id="36" sentence="2" number="11">update</token>
<token t_id="37" sentence="2" number="12">,</token>
<token t_id="38" sentence="2" number="13">MS08-078</token>
<token t_id="39" sentence="2" number="14">,</token>
<token t_id="40" sentence="2" number="15">to</token>
<token t_id="41" sentence="2" number="16">fix</token>
<token t_id="42" sentence="2" number="17">a</token>
<token t_id="43" sentence="2" number="18">vulnerability</token>
<token t_id="44" sentence="2" number="19">in</token>
<token t_id="45" sentence="2" number="20">its</token>
<token t_id="46" sentence="2" number="21">Internet</token>
<token t_id="47" sentence="2" number="22">Explorer</token>
<token t_id="48" sentence="2" number="23">Web</token>
<token t_id="49" sentence="2" number="24">browser</token>
<token t_id="50" sentence="2" number="25">that</token>
<token t_id="51" sentence="2" number="26">'s</token>
<token t_id="52" sentence="2" number="27">being</token>
<token t_id="53" sentence="2" number="28">actively</token>
<token t_id="54" sentence="2" number="29">exploited</token>
<token t_id="55" sentence="2" number="30">.</token>
<token t_id="56" sentence="3" number="0">``</token>
<token t_id="57" sentence="3" number="1">At</token>
<token t_id="58" sentence="3" number="2">this</token>
<token t_id="59" sentence="3" number="3">time</token>
<token t_id="60" sentence="3" number="4">,</token>
<token t_id="61" sentence="3" number="5">we</token>
<token t_id="62" sentence="3" number="6">are</token>
<token t_id="63" sentence="3" number="7">aware</token>
<token t_id="64" sentence="3" number="8">only</token>
<token t_id="65" sentence="3" number="9">of</token>
<token t_id="66" sentence="3" number="10">attacks</token>
<token t_id="67" sentence="3" number="11">that</token>
<token t_id="68" sentence="3" number="12">attempt</token>
<token t_id="69" sentence="3" number="13">to</token>
<token t_id="70" sentence="3" number="14">use</token>
<token t_id="71" sentence="3" number="15">this</token>
<token t_id="72" sentence="3" number="16">vulnerability</token>
<token t_id="73" sentence="3" number="17">against</token>
<token t_id="74" sentence="3" number="18">Windows</token>
<token t_id="75" sentence="3" number="19">Internet</token>
<token t_id="76" sentence="3" number="20">Explorer</token>
<token t_id="77" sentence="3" number="21">7</token>
<token t_id="78" sentence="3" number="22">,</token>
<token t_id="79" sentence="3" number="23">''</token>
<token t_id="80" sentence="3" number="24">said</token>
<token t_id="81" sentence="3" number="25">Christopher</token>
<token t_id="82" sentence="3" number="26">Budd</token>
<token t_id="83" sentence="3" number="27">,</token>
<token t_id="84" sentence="3" number="28">Microsoft</token>
<token t_id="85" sentence="3" number="29">security</token>
<token t_id="86" sentence="3" number="30">response</token>
<token t_id="87" sentence="3" number="31">communications</token>
<token t_id="88" sentence="3" number="32">lead</token>
<token t_id="89" sentence="3" number="33">,</token>
<token t_id="90" sentence="3" number="34">in</token>
<token t_id="91" sentence="3" number="35">an</token>
<token t_id="92" sentence="3" number="36">e-mailed</token>
<token t_id="93" sentence="3" number="37">statement</token>
<token t_id="94" sentence="3" number="38">.</token>
<token t_id="95" sentence="4" number="0">``</token>
<token t_id="96" sentence="4" number="1">Our</token>
<token t_id="97" sentence="4" number="2">investigation</token>
<token t_id="98" sentence="4" number="3">of</token>
<token t_id="99" sentence="4" number="4">these</token>
<token t_id="100" sentence="4" number="5">attacks</token>
<token t_id="101" sentence="4" number="6">so</token>
<token t_id="102" sentence="4" number="7">far</token>
<token t_id="103" sentence="4" number="8">has</token>
<token t_id="104" sentence="4" number="9">verified</token>
<token t_id="105" sentence="4" number="10">that</token>
<token t_id="106" sentence="4" number="11">they</token>
<token t_id="107" sentence="4" number="12">are</token>
<token t_id="108" sentence="4" number="13">not</token>
<token t_id="109" sentence="4" number="14">successful</token>
<token t_id="110" sentence="4" number="15">against</token>
<token t_id="111" sentence="4" number="16">customers</token>
<token t_id="112" sentence="4" number="17">who</token>
<token t_id="113" sentence="4" number="18">have</token>
<token t_id="114" sentence="4" number="19">applied</token>
<token t_id="115" sentence="4" number="20">the</token>
<token t_id="116" sentence="4" number="21">security</token>
<token t_id="117" sentence="4" number="22">update</token>
<token t_id="118" sentence="4" number="23">.</token>
<token t_id="119" sentence="5" number="0">MS08-078</token>
<token t_id="120" sentence="5" number="1">has</token>
<token t_id="121" sentence="5" number="2">a</token>
<token t_id="122" sentence="5" number="3">maximum</token>
<token t_id="123" sentence="5" number="4">severity</token>
<token t_id="124" sentence="5" number="5">rating</token>
<token t_id="125" sentence="5" number="6">of</token>
<token t_id="126" sentence="5" number="7">Critical</token>
<token t_id="127" sentence="5" number="8">for</token>
<token t_id="128" sentence="5" number="9">all</token>
<token t_id="129" sentence="5" number="10">versions</token>
<token t_id="130" sentence="5" number="11">of</token>
<token t_id="131" sentence="5" number="12">Internet</token>
<token t_id="132" sentence="5" number="13">Explorer</token>
<token t_id="133" sentence="5" number="14">.</token>
<token t_id="134" sentence="5" number="15">''</token>
<token t_id="135" sentence="6" number="0">On</token>
<token t_id="136" sentence="6" number="1">the</token>
<token t_id="137" sentence="6" number="2">heels</token>
<token t_id="138" sentence="6" number="3">of</token>
<token t_id="139" sentence="6" number="4">the</token>
<token t_id="140" sentence="6" number="5">Yahoo</token>
<token t_id="141" sentence="6" number="6">deal</token>
<token t_id="142" sentence="6" number="7">that</token>
<token t_id="143" sentence="6" number="8">fell</token>
<token t_id="144" sentence="6" number="9">apart</token>
<token t_id="145" sentence="6" number="10">V</token>
<token t_id="146" sentence="6" number="11">2</token>
<token t_id="147" sentence="6" number="12">,</token>
<token t_id="148" sentence="6" number="13">comeback</token>
<token t_id="149" sentence="6" number="14">CEO</token>
<token t_id="150" sentence="6" number="15">Jerry</token>
<token t_id="151" sentence="6" number="16">Yang</token>
<token t_id="152" sentence="6" number="17">was</token>
<token t_id="153" sentence="6" number="18">skewered</token>
<token t_id="154" sentence="6" number="19">by</token>
<token t_id="155" sentence="6" number="20">the</token>
<token t_id="156" sentence="6" number="21">able</token>
<token t_id="157" sentence="6" number="22">hands</token>
<token t_id="158" sentence="6" number="23">of</token>
<token t_id="159" sentence="6" number="24">Web</token>
<token t_id="160" sentence="6" number="25">2.0</token>
<token t_id="161" sentence="6" number="26">Summit</token>
<token t_id="162" sentence="6" number="27">host</token>
<token t_id="163" sentence="6" number="28">John</token>
<token t_id="164" sentence="6" number="29">Battelle</token>
<token t_id="165" sentence="6" number="30">.</token>
<token t_id="166" sentence="7" number="0">Paul</token>
<token t_id="167" sentence="7" number="1">Martino</token>
<token t_id="168" sentence="7" number="2">,</token>
<token t_id="169" sentence="7" number="3">CEO</token>
<token t_id="170" sentence="7" number="4">of</token>
<token t_id="171" sentence="7" number="5">Aggregate</token>
<token t_id="172" sentence="7" number="6">Knowledge</token>
<token t_id="173" sentence="7" number="7">,</token>
<token t_id="174" sentence="7" number="8">talks</token>
<token t_id="175" sentence="7" number="9">about</token>
<token t_id="176" sentence="7" number="10">the</token>
<token t_id="177" sentence="7" number="11">company</token>
<token t_id="178" sentence="7" number="12">'s</token>
<token t_id="179" sentence="7" number="13">``</token>
<token t_id="180" sentence="7" number="14">online</token>
<token t_id="181" sentence="7" number="15">discovery</token>
<token t_id="182" sentence="7" number="16">''</token>
<token t_id="183" sentence="7" number="17">tool</token>
<token t_id="184" sentence="7" number="18">,</token>
<token t_id="185" sentence="7" number="19">which</token>
<token t_id="186" sentence="7" number="20">essentially</token>
<token t_id="187" sentence="7" number="21">looks</token>
<token t_id="188" sentence="7" number="22">across</token>
<token t_id="189" sentence="7" number="23">hundreds</token>
<token t_id="190" sentence="7" number="24">of</token>
<token t_id="191" sentence="7" number="25">millions</token>
<token t_id="192" sentence="7" number="26">of</token>
<token t_id="193" sentence="7" number="27">Web</token>
<token t_id="194" sentence="7" number="28">sites</token>
<token t_id="195" sentence="7" number="29">and</token>
<token t_id="196" sentence="7" number="30">recommends</token>
<token t_id="197" sentence="7" number="31">content</token>
<token t_id="198" sentence="7" number="32">,</token>
<token t_id="199" sentence="7" number="33">products</token>
<token t_id="200" sentence="7" number="34">,</token>
<token t_id="201" sentence="7" number="35">and</token>
<token t_id="202" sentence="7" number="36">services</token>
<token t_id="203" sentence="7" number="37">to</token>
<token t_id="204" sentence="7" number="38">users</token>
<token t_id="205" sentence="7" number="39">in</token>
<token t_id="206" sentence="7" number="40">real</token>
<token t_id="207" sentence="7" number="41">time</token>
<token t_id="208" sentence="7" number="42">.</token>
<token t_id="209" sentence="8" number="0">Mashmaker</token>
<token t_id="210" sentence="8" number="1">allows</token>
<token t_id="211" sentence="8" number="2">developers</token>
<token t_id="212" sentence="8" number="3">to</token>
<token t_id="213" sentence="8" number="4">add</token>
<token t_id="214" sentence="8" number="5">a</token>
<token t_id="215" sentence="8" number="6">bit</token>
<token t_id="216" sentence="8" number="7">of</token>
<token t_id="217" sentence="8" number="8">JavaScript</token>
<token t_id="218" sentence="8" number="9">to</token>
<token t_id="219" sentence="8" number="10">any</token>
<token t_id="220" sentence="8" number="11">page</token>
<token t_id="221" sentence="8" number="12">and</token>
<token t_id="222" sentence="8" number="13">have</token>
<token t_id="223" sentence="8" number="14">that</token>
<token t_id="224" sentence="8" number="15">page</token>
<token t_id="225" sentence="8" number="16">automatically</token>
<token t_id="226" sentence="8" number="17">populated</token>
<token t_id="227" sentence="8" number="18">with</token>
<token t_id="228" sentence="8" number="19">appropriate</token>
<token t_id="229" sentence="8" number="20">widgets</token>
<token t_id="230" sentence="8" number="21">,</token>
<token t_id="231" sentence="8" number="22">making</token>
<token t_id="232" sentence="8" number="23">the</token>
<token t_id="233" sentence="8" number="24">page</token>
<token t_id="234" sentence="8" number="25">more</token>
<token t_id="235" sentence="8" number="26">useful</token>
<token t_id="236" sentence="8" number="27">for</token>
<token t_id="237" sentence="8" number="28">site</token>
<token t_id="238" sentence="8" number="29">visitors</token>
<token t_id="239" sentence="8" number="30">.</token>
<token t_id="240" sentence="9" number="0">Nonetheless</token>
<token t_id="241" sentence="9" number="1">,</token>
<token t_id="242" sentence="9" number="2">Microsoft</token>
<token t_id="243" sentence="9" number="3">lists</token>
<token t_id="244" sentence="9" number="4">Internet</token>
<token t_id="245" sentence="9" number="5">Explorer</token>
<token t_id="246" sentence="9" number="6">5.01</token>
<token t_id="247" sentence="9" number="7">,</token>
<token t_id="248" sentence="9" number="8">6</token>
<token t_id="249" sentence="9" number="9">,</token>
<token t_id="250" sentence="9" number="10">and</token>
<token t_id="251" sentence="9" number="11">7</token>
<token t_id="252" sentence="9" number="12">as</token>
<token t_id="253" sentence="9" number="13">affected</token>
<token t_id="254" sentence="9" number="14">software</token>
<token t_id="255" sentence="9" number="15">in</token>
<token t_id="256" sentence="9" number="16">its</token>
<token t_id="257" sentence="9" number="17">Security</token>
<token t_id="258" sentence="9" number="18">Bulletin</token>
<token t_id="259" sentence="9" number="19">.</token>
<token t_id="260" sentence="10" number="0">It</token>
<token t_id="261" sentence="10" number="1">also</token>
<token t_id="262" sentence="10" number="2">says</token>
<token t_id="263" sentence="10" number="3">separately</token>
<token t_id="264" sentence="10" number="4">,</token>
<token t_id="265" sentence="10" number="5">in</token>
<token t_id="266" sentence="10" number="6">the</token>
<token t_id="267" sentence="10" number="7">FAQ</token>
<token t_id="268" sentence="10" number="8">section</token>
<token t_id="269" sentence="10" number="9">,</token>
<token t_id="270" sentence="10" number="10">that</token>
<token t_id="271" sentence="10" number="11">Internet</token>
<token t_id="272" sentence="10" number="12">Explorer</token>
<token t_id="273" sentence="10" number="13">8</token>
<token t_id="274" sentence="10" number="14">Beta</token>
<token t_id="275" sentence="10" number="15">2</token>
<token t_id="276" sentence="10" number="16">is</token>
<token t_id="277" sentence="10" number="17">affected</token>
<token t_id="278" sentence="10" number="18">.</token>
<token t_id="279" sentence="11" number="0">The</token>
<token t_id="280" sentence="11" number="1">vulnerability</token>
<token t_id="281" sentence="11" number="2">can</token>
<token t_id="282" sentence="11" number="3">be</token>
<token t_id="283" sentence="11" number="4">exploited</token>
<token t_id="284" sentence="11" number="5">through</token>
<token t_id="285" sentence="11" number="6">JavaScript</token>
<token t_id="286" sentence="11" number="7">code</token>
<token t_id="287" sentence="11" number="8">posted</token>
<token t_id="288" sentence="11" number="9">on</token>
<token t_id="289" sentence="11" number="10">malicious</token>
<token t_id="290" sentence="11" number="11">Web</token>
<token t_id="291" sentence="11" number="12">sites</token>
<token t_id="292" sentence="11" number="13">.</token>
<token t_id="293" sentence="12" number="0">Internet</token>
<token t_id="294" sentence="12" number="1">Explorer</token>
<token t_id="295" sentence="12" number="2">users</token>
<token t_id="296" sentence="12" number="3">may</token>
<token t_id="297" sentence="12" number="4">be</token>
<token t_id="298" sentence="12" number="5">redirected</token>
<token t_id="299" sentence="12" number="6">to</token>
<token t_id="300" sentence="12" number="7">these</token>
<token t_id="301" sentence="12" number="8">sites</token>
<token t_id="302" sentence="12" number="9">through</token>
<token t_id="303" sentence="12" number="10">hacked</token>
<token t_id="304" sentence="12" number="11">legitimate</token>
<token t_id="305" sentence="12" number="12">sites</token>
<token t_id="306" sentence="12" number="13">.</token>
<token t_id="307" sentence="13" number="0">If</token>
<token t_id="308" sentence="13" number="1">the</token>
<token t_id="309" sentence="13" number="2">malicious</token>
<token t_id="310" sentence="13" number="3">code</token>
<token t_id="311" sentence="13" number="4">is</token>
<token t_id="312" sentence="13" number="5">successful</token>
<token t_id="313" sentence="13" number="6">,</token>
<token t_id="314" sentence="13" number="7">it</token>
<token t_id="315" sentence="13" number="8">silently</token>
<token t_id="316" sentence="13" number="9">downloads</token>
<token t_id="317" sentence="13" number="10">malware</token>
<token t_id="318" sentence="13" number="11">onto</token>
<token t_id="319" sentence="13" number="12">the</token>
<token t_id="320" sentence="13" number="13">victim</token>
<token t_id="321" sentence="13" number="14">'s</token>
<token t_id="322" sentence="13" number="15">computer</token>
<token t_id="323" sentence="13" number="16">.</token>
<token t_id="324" sentence="14" number="0">Microsoft</token>
<token t_id="325" sentence="14" number="1">typically</token>
<token t_id="326" sentence="14" number="2">releases</token>
<token t_id="327" sentence="14" number="3">software</token>
<token t_id="328" sentence="14" number="4">patches</token>
<token t_id="329" sentence="14" number="5">,</token>
<token t_id="330" sentence="14" number="6">referred</token>
<token t_id="331" sentence="14" number="7">to</token>
<token t_id="332" sentence="14" number="8">as</token>
<token t_id="333" sentence="14" number="9">Security</token>
<token t_id="334" sentence="14" number="10">Bulletins</token>
<token t_id="335" sentence="14" number="11">,</token>
<token t_id="336" sentence="14" number="12">on</token>
<token t_id="337" sentence="14" number="13">the</token>
<token t_id="338" sentence="14" number="14">second</token>
<token t_id="339" sentence="14" number="15">Tuesday</token>
<token t_id="340" sentence="14" number="16">of</token>
<token t_id="341" sentence="14" number="17">every</token>
<token t_id="342" sentence="14" number="18">month</token>
<token t_id="343" sentence="14" number="19">.</token>
<token t_id="344" sentence="15" number="0">When</token>
<token t_id="345" sentence="15" number="1">critical</token>
<token t_id="346" sentence="15" number="2">vulnerabilities</token>
<token t_id="347" sentence="15" number="3">emerge</token>
<token t_id="348" sentence="15" number="4">and</token>
<token t_id="349" sentence="15" number="5">are</token>
<token t_id="350" sentence="15" number="6">actively</token>
<token t_id="351" sentence="15" number="7">exploited</token>
<token t_id="352" sentence="15" number="8">,</token>
<token t_id="353" sentence="15" number="9">Microsoft</token>
<token t_id="354" sentence="15" number="10">often</token>
<token t_id="355" sentence="15" number="11">issues</token>
<token t_id="356" sentence="15" number="12">a</token>
<token t_id="357" sentence="15" number="13">patch</token>
<token t_id="358" sentence="15" number="14">as</token>
<token t_id="359" sentence="15" number="15">soon</token>
<token t_id="360" sentence="15" number="16">as</token>
<token t_id="361" sentence="15" number="17">it</token>
<token t_id="362" sentence="15" number="18">'s</token>
<token t_id="363" sentence="15" number="19">ready</token>
<token t_id="364" sentence="15" number="20">.</token>
<token t_id="365" sentence="16" number="0">The</token>
<token t_id="366" sentence="16" number="1">last</token>
<token t_id="367" sentence="16" number="2">such</token>
<token t_id="368" sentence="16" number="3">out-of-band</token>
<token t_id="369" sentence="16" number="4">patch</token>
<token t_id="370" sentence="16" number="5">,</token>
<token t_id="371" sentence="16" number="6">Microsoft</token>
<token t_id="372" sentence="16" number="7">Security</token>
<token t_id="373" sentence="16" number="8">Bulletin</token>
<token t_id="374" sentence="16" number="9">MS08-067</token>
<token t_id="375" sentence="16" number="10">,</token>
<token t_id="376" sentence="16" number="11">was</token>
<token t_id="377" sentence="16" number="12">released</token>
<token t_id="378" sentence="16" number="13">on</token>
<token t_id="379" sentence="16" number="14">Oct.</token>
<token t_id="380" sentence="16" number="15">23</token>
<token t_id="381" sentence="16" number="16">.</token>
<token t_id="382" sentence="17" number="0">It</token>
<token t_id="383" sentence="17" number="1">addressed</token>
<token t_id="384" sentence="17" number="2">a</token>
<token t_id="385" sentence="17" number="3">vulnerability</token>
<token t_id="386" sentence="17" number="4">in</token>
<token t_id="387" sentence="17" number="5">Windows</token>
<token t_id="388" sentence="17" number="6">Server</token>
<token t_id="389" sentence="17" number="7">service</token>
<token t_id="390" sentence="17" number="8">that</token>
<token t_id="391" sentence="17" number="9">affected</token>
<token t_id="392" sentence="17" number="10">all</token>
<token t_id="393" sentence="17" number="11">currently</token>
<token t_id="394" sentence="17" number="12">supported</token>
<token t_id="395" sentence="17" number="13">versions</token>
<token t_id="396" sentence="17" number="14">of</token>
<token t_id="397" sentence="17" number="15">Windows</token>
<token t_id="398" sentence="17" number="16">.</token>
<token t_id="399" sentence="18" number="0">That</token>
<token t_id="400" sentence="18" number="1">vulnerability</token>
<token t_id="401" sentence="18" number="2">allowed</token>
<token t_id="402" sentence="18" number="3">an</token>
<token t_id="403" sentence="18" number="4">attacker</token>
<token t_id="404" sentence="18" number="5">to</token>
<token t_id="405" sentence="18" number="6">take</token>
<token t_id="406" sentence="18" number="7">over</token>
<token t_id="407" sentence="18" number="8">affected</token>
<token t_id="408" sentence="18" number="9">computers</token>
<token t_id="409" sentence="18" number="10">remotely</token>
<token t_id="410" sentence="18" number="11">.</token>
<token t_id="411" sentence="19" number="0">When</token>
<token t_id="412" sentence="19" number="1">Microsoft</token>
<token t_id="413" sentence="19" number="2">issued</token>
<token t_id="414" sentence="19" number="3">its</token>
<token t_id="415" sentence="19" number="4">out-of-band</token>
<token t_id="416" sentence="19" number="5">patch</token>
<token t_id="417" sentence="19" number="6">in</token>
<token t_id="418" sentence="19" number="7">October</token>
<token t_id="419" sentence="19" number="8">,</token>
<token t_id="420" sentence="19" number="9">it</token>
<token t_id="421" sentence="19" number="10">cited</token>
<token t_id="422" sentence="19" number="11">the</token>
<token t_id="423" sentence="19" number="12">vulnerability</token>
<token t_id="424" sentence="19" number="13">'s</token>
<token t_id="425" sentence="19" number="14">potential</token>
<token t_id="426" sentence="19" number="15">``</token>
<token t_id="427" sentence="19" number="16">wormability</token>
<token t_id="428" sentence="19" number="17">''</token>
<token t_id="429" sentence="19" number="18">--</token>
<token t_id="430" sentence="19" number="19">meaning</token>
<token t_id="431" sentence="19" number="20">the</token>
<token t_id="432" sentence="19" number="21">hole</token>
<token t_id="433" sentence="19" number="22">could</token>
<token t_id="434" sentence="19" number="23">be</token>
<token t_id="435" sentence="19" number="24">exploited</token>
<token t_id="436" sentence="19" number="25">on</token>
<token t_id="437" sentence="19" number="26">a</token>
<token t_id="438" sentence="19" number="27">massive</token>
<token t_id="439" sentence="19" number="28">scale</token>
<token t_id="440" sentence="19" number="29">using</token>
<token t_id="441" sentence="19" number="30">self-copying</token>
<token t_id="442" sentence="19" number="31">malware</token>
<token t_id="443" sentence="19" number="32">--</token>
<token t_id="444" sentence="19" number="33">as</token>
<token t_id="445" sentence="19" number="34">a</token>
<token t_id="446" sentence="19" number="35">reason</token>
<token t_id="447" sentence="19" number="36">for</token>
<token t_id="448" sentence="19" number="37">its</token>
<token t_id="449" sentence="19" number="38">action</token>
<token t_id="450" sentence="19" number="39">.</token>
<token t_id="451" sentence="20" number="0">But</token>
<token t_id="452" sentence="20" number="1">MS08-078</token>
<token t_id="453" sentence="20" number="2">is</token>
<token t_id="454" sentence="20" number="3">n't</token>
<token t_id="455" sentence="20" number="4">wormable</token>
<token t_id="456" sentence="20" number="5">.</token>
<token t_id="457" sentence="21" number="0">``</token>
<token t_id="458" sentence="21" number="1">That</token>
<token t_id="459" sentence="21" number="2">shows</token>
<token t_id="460" sentence="21" number="3">that</token>
<token t_id="461" sentence="21" number="4">the</token>
<token t_id="462" sentence="21" number="5">wormability</token>
<token t_id="463" sentence="21" number="6">of</token>
<token t_id="464" sentence="21" number="7">a</token>
<token t_id="465" sentence="21" number="8">vulnerability</token>
<token t_id="466" sentence="21" number="9">is</token>
<token t_id="467" sentence="21" number="10">no</token>
<token t_id="468" sentence="21" number="11">longer</token>
<token t_id="469" sentence="21" number="12">a</token>
<token t_id="470" sentence="21" number="13">good</token>
<token t_id="471" sentence="21" number="14">indicator</token>
<token t_id="472" sentence="21" number="15">of</token>
<token t_id="473" sentence="21" number="16">the</token>
<token t_id="474" sentence="21" number="17">seriousness</token>
<token t_id="475" sentence="21" number="18">of</token>
<token t_id="476" sentence="21" number="19">a</token>
<token t_id="477" sentence="21" number="20">threat</token>
<token t_id="478" sentence="21" number="21">and</token>
<token t_id="479" sentence="21" number="22">that</token>
<token t_id="480" sentence="21" number="23">these</token>
<token t_id="481" sentence="21" number="24">Web-based</token>
<token t_id="482" sentence="21" number="25">threats</token>
<token t_id="483" sentence="21" number="26">are</token>
<token t_id="484" sentence="21" number="27">now</token>
<token t_id="485" sentence="21" number="28">much</token>
<token t_id="486" sentence="21" number="29">more</token>
<token t_id="487" sentence="21" number="30">dangerous</token>
<token t_id="488" sentence="21" number="31">than</token>
<token t_id="489" sentence="21" number="32">network</token>
<token t_id="490" sentence="21" number="33">worms</token>
<token t_id="491" sentence="21" number="34">,</token>
<token t_id="492" sentence="21" number="35">''</token>
<token t_id="493" sentence="21" number="36">said</token>
<token t_id="494" sentence="21" number="37">Roel</token>
<token t_id="495" sentence="21" number="38">Schouwenberg</token>
<token t_id="496" sentence="21" number="39">,</token>
<token t_id="497" sentence="21" number="40">senior</token>
<token t_id="498" sentence="21" number="41">antivirus</token>
<token t_id="499" sentence="21" number="42">researcher</token>
<token t_id="500" sentence="21" number="43">for</token>
<token t_id="501" sentence="21" number="44">Kaspersky</token>
<token t_id="502" sentence="21" number="45">Lab</token>
<token t_id="503" sentence="21" number="46">,</token>
<token t_id="504" sentence="21" number="47">Americas</token>
<token t_id="505" sentence="21" number="48">,</token>
<token t_id="506" sentence="21" number="49">in</token>
<token t_id="507" sentence="21" number="50">an</token>
<token t_id="508" sentence="21" number="51">e-mailed</token>
<token t_id="509" sentence="21" number="52">statement</token>
<token t_id="510" sentence="21" number="53">.</token>
<token t_id="511" sentence="22" number="0">Indeed</token>
<token t_id="512" sentence="22" number="1">,</token>
<token t_id="513" sentence="22" number="2">Microsoft</token>
<token t_id="514" sentence="22" number="3">security</token>
<token t_id="515" sentence="22" number="4">researchers</token>
<token t_id="516" sentence="22" number="5">estimated</token>
<token t_id="517" sentence="22" number="6">that</token>
<token t_id="518" sentence="22" number="7">as</token>
<token t_id="519" sentence="22" number="8">many</token>
<token t_id="520" sentence="22" number="9">as</token>
<token t_id="521" sentence="22" number="10">1</token>
<token t_id="522" sentence="22" number="11">in</token>
<token t_id="523" sentence="22" number="12">500</token>
<token t_id="524" sentence="22" number="13">users</token>
<token t_id="525" sentence="22" number="14">of</token>
<token t_id="526" sentence="22" number="15">Internet</token>
<token t_id="527" sentence="22" number="16">Explorer</token>
<token t_id="528" sentence="22" number="17">could</token>
<token t_id="529" sentence="22" number="18">have</token>
<token t_id="530" sentence="22" number="19">been</token>
<token t_id="531" sentence="22" number="20">exposed</token>
<token t_id="532" sentence="22" number="21">to</token>
<token t_id="533" sentence="22" number="22">malware</token>
<token t_id="534" sentence="22" number="23">attempting</token>
<token t_id="535" sentence="22" number="24">to</token>
<token t_id="536" sentence="22" number="25">exploit</token>
<token t_id="537" sentence="22" number="26">the</token>
<token t_id="538" sentence="22" number="27">flaw</token>
<token t_id="539" sentence="22" number="28">.</token>
<token t_id="540" sentence="23" number="0">``</token>
<token t_id="541" sentence="23" number="1">The</token>
<token t_id="542" sentence="23" number="2">browser</token>
<token t_id="543" sentence="23" number="3">flaw</token>
<token t_id="544" sentence="23" number="4">had</token>
<token t_id="545" sentence="23" number="5">been</token>
<token t_id="546" sentence="23" number="6">disclosed</token>
<token t_id="547" sentence="23" number="7">roughly</token>
<token t_id="548" sentence="23" number="8">one</token>
<token t_id="549" sentence="23" number="9">week</token>
<token t_id="550" sentence="23" number="10">ago</token>
<token t_id="551" sentence="23" number="11">as</token>
<token t_id="552" sentence="23" number="12">a</token>
<token t_id="553" sentence="23" number="13">zero-day</token>
<token t_id="554" sentence="23" number="14">vulnerability</token>
<token t_id="555" sentence="23" number="15">,</token>
<token t_id="556" sentence="23" number="16">and</token>
<token t_id="557" sentence="23" number="17">active</token>
<token t_id="558" sentence="23" number="18">exploits</token>
<token t_id="559" sentence="23" number="19">have</token>
<token t_id="560" sentence="23" number="20">been</token>
<token t_id="561" sentence="23" number="21">around</token>
<token t_id="562" sentence="23" number="22">the</token>
<token t_id="563" sentence="23" number="23">Internet</token>
<token t_id="564" sentence="23" number="24">for</token>
<token t_id="565" sentence="23" number="25">that</token>
<token t_id="566" sentence="23" number="26">timeframe</token>
<token t_id="567" sentence="23" number="27">as</token>
<token t_id="568" sentence="23" number="28">well</token>
<token t_id="569" sentence="23" number="29">,</token>
<token t_id="570" sentence="23" number="30">''</token>
<token t_id="571" sentence="23" number="31">Qualys</token>
<token t_id="572" sentence="23" number="32">CTO</token>
<token t_id="573" sentence="23" number="33">Wolfgang</token>
<token t_id="574" sentence="23" number="34">Kandek</token>
<token t_id="575" sentence="23" number="35">said</token>
<token t_id="576" sentence="23" number="36">in</token>
<token t_id="577" sentence="23" number="37">an</token>
<token t_id="578" sentence="23" number="38">e-mailed</token>
<token t_id="579" sentence="23" number="39">statement</token>
<token t_id="580" sentence="23" number="40">.</token>
<token t_id="581" sentence="24" number="0">``</token>
<token t_id="582" sentence="24" number="1">The</token>
<token t_id="583" sentence="24" number="2">workarounds</token>
<token t_id="584" sentence="24" number="3">provided</token>
<token t_id="585" sentence="24" number="4">by</token>
<token t_id="586" sentence="24" number="5">Microsoft</token>
<token t_id="587" sentence="24" number="6">were</token>
<token t_id="588" sentence="24" number="7">very</token>
<token t_id="589" sentence="24" number="8">technical</token>
<token t_id="590" sentence="24" number="9">and</token>
<token t_id="591" sentence="24" number="10">quite</token>
<token t_id="592" sentence="24" number="11">cumbersome</token>
<token t_id="593" sentence="24" number="12">to</token>
<token t_id="594" sentence="24" number="13">implement</token>
<token t_id="595" sentence="24" number="14">,</token>
<token t_id="596" sentence="24" number="15">making</token>
<token t_id="597" sentence="24" number="16">it</token>
<token t_id="598" sentence="24" number="17">imperative</token>
<token t_id="599" sentence="24" number="18">for</token>
<token t_id="600" sentence="24" number="19">Microsoft</token>
<token t_id="601" sentence="24" number="20">to</token>
<token t_id="602" sentence="24" number="21">release</token>
<token t_id="603" sentence="24" number="22">a</token>
<token t_id="604" sentence="24" number="23">fix</token>
<token t_id="605" sentence="24" number="24">as</token>
<token t_id="606" sentence="24" number="25">quickly</token>
<token t_id="607" sentence="24" number="26">as</token>
<token t_id="608" sentence="24" number="27">possible</token>
<token t_id="609" sentence="24" number="28">.</token>
<token t_id="610" sentence="24" number="29">''</token>
<token t_id="611" sentence="25" number="0">Kandek</token>
<token t_id="612" sentence="25" number="1">suggests</token>
<token t_id="613" sentence="25" number="2">that</token>
<token t_id="614" sentence="25" number="3">Microsoft</token>
<token t_id="615" sentence="25" number="4">is</token>
<token t_id="616" sentence="25" number="5">at</token>
<token t_id="617" sentence="25" number="6">a</token>
<token t_id="618" sentence="25" number="7">disadvantage</token>
<token t_id="619" sentence="25" number="8">in</token>
<token t_id="620" sentence="25" number="9">updating</token>
<token t_id="621" sentence="25" number="10">Internet</token>
<token t_id="622" sentence="25" number="11">Explorer</token>
<token t_id="623" sentence="25" number="12">because</token>
<token t_id="624" sentence="25" number="13">its</token>
<token t_id="625" sentence="25" number="14">browser</token>
<token t_id="626" sentence="25" number="15">does</token>
<token t_id="627" sentence="25" number="16">n't</token>
<token t_id="628" sentence="25" number="17">have</token>
<token t_id="629" sentence="25" number="18">a</token>
<token t_id="630" sentence="25" number="19">built-in</token>
<token t_id="631" sentence="25" number="20">update</token>
<token t_id="632" sentence="25" number="21">mechanism</token>
<token t_id="633" sentence="25" number="22">like</token>
<token t_id="634" sentence="25" number="23">other</token>
<token t_id="635" sentence="25" number="24">browser</token>
<token t_id="636" sentence="25" number="25">makers</token>
<token t_id="637" sentence="25" number="26">.</token>
<token t_id="638" sentence="26" number="0">Mozilla</token>
<token t_id="639" sentence="26" number="1">,</token>
<token t_id="640" sentence="26" number="2">for</token>
<token t_id="641" sentence="26" number="3">instance</token>
<token t_id="642" sentence="26" number="4">,</token>
<token t_id="643" sentence="26" number="5">just</token>
<token t_id="644" sentence="26" number="6">released</token>
<token t_id="645" sentence="26" number="7">Firefox</token>
<token t_id="646" sentence="26" number="8">3.05</token>
<token t_id="647" sentence="26" number="9">to</token>
<token t_id="648" sentence="26" number="10">Firefox</token>
<token t_id="649" sentence="26" number="11">users</token>
<token t_id="650" sentence="26" number="12">through</token>
<token t_id="651" sentence="26" number="13">its</token>
<token t_id="652" sentence="26" number="14">auto-update</token>
<token t_id="653" sentence="26" number="15">system</token>
<token t_id="654" sentence="26" number="16">.</token>
<token t_id="655" sentence="27" number="0">Microsoft</token>
<token t_id="656" sentence="27" number="1">is</token>
<token t_id="657" sentence="27" number="2">urging</token>
<token t_id="658" sentence="27" number="3">users</token>
<token t_id="659" sentence="27" number="4">of</token>
<token t_id="660" sentence="27" number="5">IE</token>
<token t_id="661" sentence="27" number="6">to</token>
<token t_id="662" sentence="27" number="7">test</token>
<token t_id="663" sentence="27" number="8">and</token>
<token t_id="664" sentence="27" number="9">deploy</token>
<token t_id="665" sentence="27" number="10">this</token>
<token t_id="666" sentence="27" number="11">update</token>
<token t_id="667" sentence="27" number="12">as</token>
<token t_id="668" sentence="27" number="13">soon</token>
<token t_id="669" sentence="27" number="14">as</token>
<token t_id="670" sentence="27" number="15">possible</token>
<token t_id="671" sentence="27" number="16">.</token>
<Markables>
<ACTION_OCCURRENCE m_id="20"  >
  <token_anchor t_id="54"/>
</ACTION_OCCURRENCE>
<ACTION_OCCURRENCE m_id="11"  >
  <token_anchor t_id="32"/>
</ACTION_OCCURRENCE>
<ACTION_OCCURRENCE m_id="15"  >
  <token_anchor t_id="41"/>
</ACTION_OCCURRENCE>
<ACTION_STATE m_id="22"  >
  <token_anchor t_id="35"/>
</ACTION_STATE>
<HUMAN_PART_ORG m_id="16"  >
  <token_anchor t_id="25"/>
</HUMAN_PART_ORG>
<HUMAN_PART_ORG m_id="17"  >
  <token_anchor t_id="45"/>
</HUMAN_PART_ORG>
<LOC_OTHER m_id="18"  >
  <token_anchor t_id="48"/>
</LOC_OTHER>
<NON_HUMAN_PART m_id="19"  >
  <token_anchor t_id="43"/>
</NON_HUMAN_PART>
<NON_HUMAN_PART m_id="21"  >
  <token_anchor t_id="50"/>
</NON_HUMAN_PART>
<NON_HUMAN_PART m_id="12"  >
  <token_anchor t_id="46"/>
  <token_anchor t_id="47"/>
</NON_HUMAN_PART>
<NON_HUMAN_PART m_id="13"  >
  <token_anchor t_id="36"/>
</NON_HUMAN_PART>
<NON_HUMAN_PART m_id="14"  >
  <token_anchor t_id="38"/>
</NON_HUMAN_PART>




<HUMAN_PART_ORG m_id="29" RELATED_TO="" TAG_DESCRIPTOR="t27_microsoft" instance_id="HUM16627702263331271" />
<NON_HUMAN_PART m_id="28" RELATED_TO="" TAG_DESCRIPTOR="t27_IE" instance_id="NON16628072497530110" />
<NON_HUMAN_PART m_id="27" RELATED_TO="" TAG_DESCRIPTOR="t27b_patch" instance_id="NON16727641175459595" />
<ACTION_OCCURRENCE m_id="26" RELATED_TO="" TAG_DESCRIPTOR="t27b_fix_vulnerability" instance_id="ACT16632539609441083" />
<ACTION_OCCURRENCE m_id="25" RELATED_TO="" TAG_DESCRIPTOR="t27b_exploiting_flaw" instance_id="ACT16759694191093666" />
<NON_HUMAN_PART m_id="24" RELATED_TO="" TAG_DESCRIPTOR="t27b_flaw" instance_id="NON16727620231965862" />
<ACTION_OCCURRENCE m_id="23" RELATED_TO="" TAG_DESCRIPTOR="t27b_releases_update" instance_id="ACT16632487083891659" />
</Markables>

<Relations>
<CROSS_DOC_COREF r_id="37503" note="ACT16632487083891659" >
  <source m_id="11" />
  <target m_id="23" />
</CROSS_DOC_COREF>
<CROSS_DOC_COREF r_id="37504" note="NON16727620231965862" >
  <source m_id="19" />
  <source m_id="21" />
  <target m_id="24" />
</CROSS_DOC_COREF>
<CROSS_DOC_COREF r_id="37505" note="ACT16759694191093666" >
  <source m_id="20" />
  <target m_id="25" />
</CROSS_DOC_COREF>
<CROSS_DOC_COREF r_id="37506" note="ACT16632539609441083" >
  <source m_id="15" />
  <target m_id="26" />
</CROSS_DOC_COREF>
<CROSS_DOC_COREF r_id="37507" note="NON16727641175459595" >
  <source m_id="13" />
  <source m_id="14" />
  <target m_id="27" />
</CROSS_DOC_COREF>
<CROSS_DOC_COREF r_id="37508" note="NON16628072497530110" >
  <source m_id="12" />
  <target m_id="28" />
</CROSS_DOC_COREF>
<CROSS_DOC_COREF r_id="37509" note="HUM16627702263331271" >
  <source m_id="17" />
  <source m_id="16" />
  <target m_id="29" />
</CROSS_DOC_COREF>

</Relations>
</Document>
