<Document doc_name="27_11ecbplus.xml" doc_id="DOC15651677547196334">
<token t_id="1" sentence="0" number="0">http</token>
<token t_id="2" sentence="0" number="1">:</token>
<token t_id="3" sentence="0" number="2">/</token>
<token t_id="4" sentence="0" number="3">/</token>
<token t_id="5" sentence="0" number="4">articles</token>
<token t_id="6" sentence="0" number="5">.</token>
<token t_id="7" sentence="0" number="6">timesofindia</token>
<token t_id="8" sentence="0" number="7">.</token>
<token t_id="9" sentence="0" number="8">indiatimes</token>
<token t_id="10" sentence="0" number="9">.</token>
<token t_id="11" sentence="0" number="10">com</token>
<token t_id="12" sentence="0" number="11">/</token>
<token t_id="13" sentence="0" number="12">2013</token>
<token t_id="14" sentence="0" number="13">-</token>
<token t_id="15" sentence="0" number="14">09</token>
<token t_id="16" sentence="0" number="15">-</token>
<token t_id="17" sentence="0" number="16">18</token>
<token t_id="18" sentence="0" number="17">/</token>
<token t_id="19" sentence="0" number="18">internet</token>
<token t_id="20" sentence="0" number="19">/</token>
<token t_id="21" sentence="0" number="20">42182019</token>
<token t_id="22" sentence="0" number="21">_</token>
<token t_id="23" sentence="0" number="22">1</token>
<token t_id="24" sentence="0" number="23">_</token>
<token t_id="25" sentence="0" number="24">microsoft</token>
<token t_id="26" sentence="0" number="25">-</token>
<token t_id="27" sentence="0" number="26">issues</token>
<token t_id="28" sentence="0" number="27">-</token>
<token t_id="29" sentence="0" number="28">security</token>
<token t_id="30" sentence="0" number="29">-</token>
<token t_id="31" sentence="0" number="30">flaw</token>
<token t_id="32" sentence="0" number="31">-</token>
<token t_id="33" sentence="0" number="32">internet</token>
<token t_id="34" sentence="0" number="33">-</token>
<token t_id="35" sentence="0" number="34">explorer</token>
<token t_id="36" sentence="1" number="0">Microsoft</token>
<token t_id="37" sentence="1" number="1">releases</token>
<token t_id="38" sentence="1" number="2">security</token>
<token t_id="39" sentence="1" number="3">patch</token>
<token t_id="40" sentence="1" number="4">for</token>
<token t_id="41" sentence="1" number="5">Internet</token>
<token t_id="42" sentence="1" number="6">Explorer</token>
<token t_id="43" sentence="2" number="0">Reuters</token>
<token t_id="44" sentence="2" number="1">Sep</token>
<token t_id="45" sentence="2" number="2">18</token>
<token t_id="46" sentence="2" number="3">,</token>
<token t_id="47" sentence="2" number="4">2013</token>
<token t_id="48" sentence="2" number="5">,</token>
<token t_id="49" sentence="2" number="6">02</token>
<token t_id="50" sentence="2" number="7">.</token>
<token t_id="51" sentence="2" number="8">16PM</token>
<token t_id="52" sentence="2" number="9">IST</token>
<token t_id="53" sentence="3" number="0">Microsoft</token>
<token t_id="54" sentence="3" number="1">released</token>
<token t_id="55" sentence="3" number="2">an</token>
<token t_id="56" sentence="3" number="3">emergency</token>
<token t_id="57" sentence="3" number="4">software</token>
<token t_id="58" sentence="3" number="5">fix</token>
<token t_id="59" sentence="3" number="6">for</token>
<token t_id="60" sentence="3" number="7">Internet</token>
<token t_id="61" sentence="3" number="8">Explorer</token>
<token t_id="62" sentence="3" number="9">on</token>
<token t_id="63" sentence="3" number="10">Tuesday</token>
<token t_id="64" sentence="3" number="11">after</token>
<token t_id="65" sentence="3" number="12">hackers</token>
<token t_id="66" sentence="3" number="13">exploited</token>
<token t_id="67" sentence="3" number="14">a</token>
<token t_id="68" sentence="3" number="15">security</token>
<token t_id="69" sentence="3" number="16">flaw</token>
<token t_id="70" sentence="3" number="17">in</token>
<token t_id="71" sentence="3" number="18">the</token>
<token t_id="72" sentence="3" number="19">popular</token>
<token t_id="73" sentence="3" number="20">Web</token>
<token t_id="74" sentence="3" number="21">browser</token>
<token t_id="75" sentence="3" number="22">to</token>
<token t_id="76" sentence="3" number="23">attack</token>
<token t_id="77" sentence="3" number="24">an</token>
<token t_id="78" sentence="3" number="25">unknown</token>
<token t_id="79" sentence="3" number="26">number</token>
<token t_id="80" sentence="3" number="27">of</token>
<token t_id="81" sentence="3" number="28">users</token>
<token t_id="82" sentence="3" number="29">.</token>
<token t_id="83" sentence="4" number="0">The</token>
<token t_id="84" sentence="4" number="1">software</token>
<token t_id="85" sentence="4" number="2">maker</token>
<token t_id="86" sentence="4" number="3">said</token>
<token t_id="87" sentence="4" number="4">on</token>
<token t_id="88" sentence="4" number="5">its</token>
<token t_id="89" sentence="4" number="6">website</token>
<token t_id="90" sentence="4" number="7">it</token>
<token t_id="91" sentence="4" number="8">released</token>
<token t_id="92" sentence="4" number="9">the</token>
<token t_id="93" sentence="4" number="10">software</token>
<token t_id="94" sentence="4" number="11">,</token>
<token t_id="95" sentence="4" number="12">known</token>
<token t_id="96" sentence="4" number="13">as</token>
<token t_id="97" sentence="4" number="14">a</token>
<token t_id="98" sentence="4" number="15">"Fix</token>
<token t_id="99" sentence="4" number="16">It</token>
<token t_id="100" sentence="4" number="17">,</token>
<token t_id="101" sentence="4" number="18">"</token>
<token t_id="102" sentence="4" number="19">as</token>
<token t_id="103" sentence="4" number="20">an</token>
<token t_id="104" sentence="4" number="21">emergency</token>
<token t_id="105" sentence="4" number="22">measure</token>
<token t_id="106" sentence="4" number="23">to</token>
<token t_id="107" sentence="4" number="24">protect</token>
<token t_id="108" sentence="4" number="25">customers</token>
<token t_id="109" sentence="4" number="26">after</token>
<token t_id="110" sentence="4" number="27">learning</token>
<token t_id="111" sentence="4" number="28">about</token>
<token t_id="112" sentence="4" number="29">"extremely</token>
<token t_id="113" sentence="4" number="30">limited</token>
<token t_id="114" sentence="4" number="31">,</token>
<token t_id="115" sentence="4" number="32">targeted</token>
<token t_id="116" sentence="4" number="33">attacks"</token>
<token t_id="117" sentence="4" number="34">that</token>
<token t_id="118" sentence="4" number="35">made</token>
<token t_id="119" sentence="4" number="36">use</token>
<token t_id="120" sentence="4" number="37">of</token>
<token t_id="121" sentence="4" number="38">the</token>
<token t_id="122" sentence="4" number="39">newly</token>
<token t_id="123" sentence="4" number="40">discovered</token>
<token t_id="124" sentence="4" number="41">bug</token>
<token t_id="125" sentence="4" number="42">.</token>
<token t_id="126" sentence="5" number="0">Microsoft</token>
<token t_id="127" sentence="5" number="1">said</token>
<token t_id="128" sentence="5" number="2">the</token>
<token t_id="129" sentence="5" number="3">attacks</token>
<token t_id="130" sentence="5" number="4">took</token>
<token t_id="131" sentence="5" number="5">advantage</token>
<token t_id="132" sentence="5" number="6">of</token>
<token t_id="133" sentence="5" number="7">an</token>
<token t_id="134" sentence="5" number="8">undiscovered</token>
<token t_id="135" sentence="5" number="9">flaw</token>
<token t_id="136" sentence="5" number="10">,</token>
<token t_id="137" sentence="5" number="11">or</token>
<token t_id="138" sentence="5" number="12">"zero</token>
<token t_id="139" sentence="5" number="13">day"</token>
<token t_id="140" sentence="5" number="14">vulnerability</token>
<token t_id="141" sentence="5" number="15">in</token>
<token t_id="142" sentence="5" number="16">industry</token>
<token t_id="143" sentence="5" number="17">parlance</token>
<token t_id="144" sentence="5" number="18">.</token>
<token t_id="145" sentence="6" number="0">State</token>
<token t_id="146" sentence="6" number="1">-</token>
<token t_id="147" sentence="6" number="2">sponsored</token>
<token t_id="148" sentence="6" number="3">hacking</token>
<token t_id="149" sentence="6" number="4">groups</token>
<token t_id="150" sentence="6" number="5">are</token>
<token t_id="151" sentence="6" number="6">often</token>
<token t_id="152" sentence="6" number="7">willing</token>
<token t_id="153" sentence="6" number="8">to</token>
<token t_id="154" sentence="6" number="9">pay</token>
<token t_id="155" sentence="6" number="10">hundreds</token>
<token t_id="156" sentence="6" number="11">of</token>
<token t_id="157" sentence="6" number="12">thousands</token>
<token t_id="158" sentence="6" number="13">of</token>
<token t_id="159" sentence="6" number="14">dollars</token>
<token t_id="160" sentence="6" number="15">for</token>
<token t_id="161" sentence="6" number="16">zero</token>
<token t_id="162" sentence="6" number="17">-</token>
<token t_id="163" sentence="6" number="18">day</token>
<token t_id="164" sentence="6" number="19">vulnerabilities</token>
<token t_id="165" sentence="6" number="20">in</token>
<token t_id="166" sentence="6" number="21">widely</token>
<token t_id="167" sentence="6" number="22">used</token>
<token t_id="168" sentence="6" number="23">software</token>
<token t_id="169" sentence="6" number="24">such</token>
<token t_id="170" sentence="6" number="25">as</token>
<token t_id="171" sentence="6" number="26">Internet</token>
<token t_id="172" sentence="6" number="27">Explorer</token>
<token t_id="173" sentence="6" number="28">,</token>
<token t_id="174" sentence="6" number="29">according</token>
<token t_id="175" sentence="6" number="30">to</token>
<token t_id="176" sentence="6" number="31">security</token>
<token t_id="177" sentence="6" number="32">experts</token>
<token t_id="178" sentence="6" number="33">who</token>
<token t_id="179" sentence="6" number="34">track</token>
<token t_id="180" sentence="6" number="35">that</token>
<token t_id="181" sentence="6" number="36">market</token>
<token t_id="182" sentence="6" number="37">.</token>
<token t_id="183" sentence="7" number="0">They</token>
<token t_id="184" sentence="7" number="1">typically</token>
<token t_id="185" sentence="7" number="2">use</token>
<token t_id="186" sentence="7" number="3">them</token>
<token t_id="187" sentence="7" number="4">on</token>
<token t_id="188" sentence="7" number="5">small</token>
<token t_id="189" sentence="7" number="6">numbers</token>
<token t_id="190" sentence="7" number="7">of</token>
<token t_id="191" sentence="7" number="8">carefully</token>
<token t_id="192" sentence="7" number="9">selected</token>
<token t_id="193" sentence="7" number="10">,</token>
<token t_id="194" sentence="7" number="11">high</token>
<token t_id="195" sentence="7" number="12">-</token>
<token t_id="196" sentence="7" number="13">value</token>
<token t_id="197" sentence="7" number="14">targets</token>
<token t_id="198" sentence="7" number="15">,</token>
<token t_id="199" sentence="7" number="16">to</token>
<token t_id="200" sentence="7" number="17">keep</token>
<token t_id="201" sentence="7" number="18">such</token>
<token t_id="202" sentence="7" number="19">flaws</token>
<token t_id="203" sentence="7" number="20">secret</token>
<token t_id="204" sentence="7" number="21">.</token>
<token t_id="205" sentence="8" number="0">Once</token>
<token t_id="206" sentence="8" number="1">Microsoft</token>
<token t_id="207" sentence="8" number="2">issues</token>
<token t_id="208" sentence="8" number="3">a</token>
<token t_id="209" sentence="8" number="4">warning</token>
<token t_id="210" sentence="8" number="5">about</token>
<token t_id="211" sentence="8" number="6">a</token>
<token t_id="212" sentence="8" number="7">zero</token>
<token t_id="213" sentence="8" number="8">-</token>
<token t_id="214" sentence="8" number="9">day</token>
<token t_id="215" sentence="8" number="10">bug</token>
<token t_id="216" sentence="8" number="11">,</token>
<token t_id="217" sentence="8" number="12">other</token>
<token t_id="218" sentence="8" number="13">groups</token>
<token t_id="219" sentence="8" number="14">of</token>
<token t_id="220" sentence="8" number="15">hackers</token>
<token t_id="221" sentence="8" number="16">involved</token>
<token t_id="222" sentence="8" number="17">in</token>
<token t_id="223" sentence="8" number="18">massive</token>
<token t_id="224" sentence="8" number="19">cyber</token>
<token t_id="225" sentence="8" number="20">-</token>
<token t_id="226" sentence="8" number="21">crime</token>
<token t_id="227" sentence="8" number="22">operations</token>
<token t_id="228" sentence="8" number="23">,</token>
<token t_id="229" sentence="8" number="24">such</token>
<token t_id="230" sentence="8" number="25">as</token>
<token t_id="231" sentence="8" number="26">identity</token>
<token t_id="232" sentence="8" number="27">theft</token>
<token t_id="233" sentence="8" number="28">,</token>
<token t_id="234" sentence="8" number="29">rush</token>
<token t_id="235" sentence="8" number="30">to</token>
<token t_id="236" sentence="8" number="31">reverse</token>
<token t_id="237" sentence="8" number="32">-</token>
<token t_id="238" sentence="8" number="33">engineer</token>
<token t_id="239" sentence="8" number="34">the</token>
<token t_id="240" sentence="8" number="35">Fix</token>
<token t_id="241" sentence="8" number="36">Its</token>
<token t_id="242" sentence="8" number="37">so</token>
<token t_id="243" sentence="8" number="38">they</token>
<token t_id="244" sentence="8" number="39">can</token>
<token t_id="245" sentence="8" number="40">build</token>
<token t_id="246" sentence="8" number="41">computer</token>
<token t_id="247" sentence="8" number="42">viruses</token>
<token t_id="248" sentence="8" number="43">that</token>
<token t_id="249" sentence="8" number="44">also</token>
<token t_id="250" sentence="8" number="45">exploit</token>
<token t_id="251" sentence="8" number="46">the</token>
<token t_id="252" sentence="8" number="47">same</token>
<token t_id="253" sentence="8" number="48">vulnerabilities</token>
<token t_id="254" sentence="8" number="49">.</token>
<token t_id="255" sentence="9" number="0">Security</token>
<token t_id="256" sentence="9" number="1">experts</token>
<token t_id="257" sentence="9" number="2">said</token>
<token t_id="258" sentence="9" number="3">Internet</token>
<token t_id="259" sentence="9" number="4">Explorer</token>
<token t_id="260" sentence="9" number="5">users</token>
<token t_id="261" sentence="9" number="6">should</token>
<token t_id="262" sentence="9" number="7">either</token>
<token t_id="263" sentence="9" number="8">immediately</token>
<token t_id="264" sentence="9" number="9">install</token>
<token t_id="265" sentence="9" number="10">the</token>
<token t_id="266" sentence="9" number="11">Fix</token>
<token t_id="267" sentence="9" number="12">It</token>
<token t_id="268" sentence="9" number="13">or</token>
<token t_id="269" sentence="9" number="14">stop</token>
<token t_id="270" sentence="9" number="15">using</token>
<token t_id="271" sentence="9" number="16">the</token>
<token t_id="272" sentence="9" number="17">browser</token>
<token t_id="273" sentence="9" number="18">until</token>
<token t_id="274" sentence="9" number="19">Microsoft</token>
<token t_id="275" sentence="9" number="20">can</token>
<token t_id="276" sentence="9" number="21">put</token>
<token t_id="277" sentence="9" number="22">out</token>
<token t_id="278" sentence="9" number="23">an</token>
<token t_id="279" sentence="9" number="24">update</token>
<token t_id="280" sentence="9" number="25">,</token>
<token t_id="281" sentence="9" number="26">which</token>
<token t_id="282" sentence="9" number="27">will</token>
<token t_id="283" sentence="9" number="28">be</token>
<token t_id="284" sentence="9" number="29">automatically</token>
<token t_id="285" sentence="9" number="30">installed</token>
<token t_id="286" sentence="9" number="31">through</token>
<token t_id="287" sentence="9" number="32">its</token>
<token t_id="288" sentence="9" number="33">Windows</token>
<token t_id="289" sentence="9" number="34">Update</token>
<token t_id="290" sentence="9" number="35">program</token>
<token t_id="291" sentence="9" number="36">.</token>
<token t_id="292" sentence="10" number="0">"With</token>
<token t_id="293" sentence="10" number="1">the</token>
<token t_id="294" sentence="10" number="2">Fix</token>
<token t_id="295" sentence="10" number="3">It</token>
<token t_id="296" sentence="10" number="4">out</token>
<token t_id="297" sentence="10" number="5">,</token>
<token t_id="298" sentence="10" number="6">I'm</token>
<token t_id="299" sentence="10" number="7">sure</token>
<token t_id="300" sentence="10" number="8">any</token>
<token t_id="301" sentence="10" number="9">attacker</token>
<token t_id="302" sentence="10" number="10">who</token>
<token t_id="303" sentence="10" number="11">is</token>
<token t_id="304" sentence="10" number="12">a</token>
<token t_id="305" sentence="10" number="13">bit</token>
<token t_id="306" sentence="10" number="14">sophisticated</token>
<token t_id="307" sentence="10" number="15">can</token>
<token t_id="308" sentence="10" number="16">figure</token>
<token t_id="309" sentence="10" number="17">out</token>
<token t_id="310" sentence="10" number="18">what</token>
<token t_id="311" sentence="10" number="19">the</token>
<token t_id="312" sentence="10" number="20">flaw</token>
<token t_id="313" sentence="10" number="21">is</token>
<token t_id="314" sentence="10" number="22">and</token>
<token t_id="315" sentence="10" number="23">implement</token>
<token t_id="316" sentence="10" number="24">a</token>
<token t_id="317" sentence="10" number="25">similar</token>
<token t_id="318" sentence="10" number="26">exploit</token>
<token t_id="319" sentence="10" number="27">in</token>
<token t_id="320" sentence="10" number="28">their</token>
<token t_id="321" sentence="10" number="29">own</token>
<token t_id="322" sentence="10" number="30">attack</token>
<token t_id="323" sentence="10" number="31">toolkit</token>
<token t_id="324" sentence="10" number="32">,</token>
<token t_id="325" sentence="10" number="33">"</token>
<token t_id="326" sentence="10" number="34">said</token>
<token t_id="327" sentence="10" number="35">Wolfgang</token>
<token t_id="328" sentence="10" number="36">Kandek</token>
<token t_id="329" sentence="10" number="37">,</token>
<token t_id="330" sentence="10" number="38">chief</token>
<token t_id="331" sentence="10" number="39">technology</token>
<token t_id="332" sentence="10" number="40">officer</token>
<token t_id="333" sentence="10" number="41">with</token>
<token t_id="334" sentence="10" number="42">the</token>
<token t_id="335" sentence="10" number="43">cybersecurity</token>
<token t_id="336" sentence="10" number="44">firm</token>
<token t_id="337" sentence="10" number="45">Qualys</token>
<token t_id="338" sentence="10" number="46">Inc</token>
<token t_id="339" sentence="10" number="47">.</token>
<token t_id="340" sentence="11" number="0">"Fix</token>
<token t_id="341" sentence="11" number="1">Its"</token>
<token t_id="342" sentence="11" number="2">are</token>
<token t_id="343" sentence="11" number="3">pieces</token>
<token t_id="344" sentence="11" number="4">of</token>
<token t_id="345" sentence="11" number="5">software</token>
<token t_id="346" sentence="11" number="6">for</token>
<token t_id="347" sentence="11" number="7">remediating</token>
<token t_id="348" sentence="11" number="8">security</token>
<token t_id="349" sentence="11" number="9">flaws</token>
<token t_id="350" sentence="11" number="10">that</token>
<token t_id="351" sentence="11" number="11">must</token>
<token t_id="352" sentence="11" number="12">be</token>
<token t_id="353" sentence="11" number="13">downloaded</token>
<token t_id="354" sentence="11" number="14">and</token>
<token t_id="355" sentence="11" number="15">installed</token>
<token t_id="356" sentence="11" number="16">on</token>
<token t_id="357" sentence="11" number="17">PCs</token>
<token t_id="358" sentence="11" number="18">.</token>
<token t_id="359" sentence="12" number="0">They</token>
<token t_id="360" sentence="12" number="1">are</token>
<token t_id="361" sentence="12" number="2">designed</token>
<token t_id="362" sentence="12" number="3">to</token>
<token t_id="363" sentence="12" number="4">protect</token>
<token t_id="364" sentence="12" number="5">customers</token>
<token t_id="365" sentence="12" number="6">while</token>
<token t_id="366" sentence="12" number="7">Microsoft</token>
<token t_id="367" sentence="12" number="8">prepares</token>
<token t_id="368" sentence="12" number="9">official</token>
<token t_id="369" sentence="12" number="10">updates</token>
<token t_id="370" sentence="12" number="11">,</token>
<token t_id="371" sentence="12" number="12">automatically</token>
<token t_id="372" sentence="12" number="13">delivered</token>
<token t_id="373" sentence="12" number="14">via</token>
<token t_id="374" sentence="12" number="15">the</token>
<token t_id="375" sentence="12" number="16">Internet</token>
<token t_id="376" sentence="12" number="17">to</token>
<token t_id="377" sentence="12" number="18">be</token>
<token t_id="378" sentence="12" number="19">installed</token>
<token t_id="379" sentence="12" number="20">on</token>
<token t_id="380" sentence="12" number="21">computers</token>
<token t_id="381" sentence="12" number="22">.</token>
<token t_id="382" sentence="13" number="0">Kandek</token>
<token t_id="383" sentence="13" number="1">said</token>
<token t_id="384" sentence="13" number="2">he</token>
<token t_id="385" sentence="13" number="3">expects</token>
<token t_id="386" sentence="13" number="4">Microsoft</token>
<token t_id="387" sentence="13" number="5">to</token>
<token t_id="388" sentence="13" number="6">push</token>
<token t_id="389" sentence="13" number="7">out</token>
<token t_id="390" sentence="13" number="8">an</token>
<token t_id="391" sentence="13" number="9">update</token>
<token t_id="392" sentence="13" number="10">to</token>
<token t_id="393" sentence="13" number="11">address</token>
<token t_id="394" sentence="13" number="12">the</token>
<token t_id="395" sentence="13" number="13">issue</token>
<token t_id="396" sentence="13" number="14">within</token>
<token t_id="397" sentence="13" number="15">two</token>
<token t_id="398" sentence="13" number="16">to</token>
<token t_id="399" sentence="13" number="17">three</token>
<token t_id="400" sentence="13" number="18">weeks</token>
<token t_id="401" sentence="13" number="19">.</token>
<token t_id="402" sentence="14" number="0">The</token>
<token t_id="403" sentence="14" number="1">Fix</token>
<token t_id="404" sentence="14" number="2">It</token>
<token t_id="405" sentence="14" number="3">can</token>
<token t_id="406" sentence="14" number="4">be</token>
<token t_id="407" sentence="14" number="5">installed</token>
<token t_id="408" sentence="14" number="6">by</token>
<token t_id="409" sentence="14" number="7">clicking</token>
<token t_id="410" sentence="14" number="8">on</token>
<token t_id="411" sentence="14" number="9">a</token>
<token t_id="412" sentence="14" number="10">link</token>
<token t_id="413" sentence="14" number="11">this</token>
<token t_id="414" sentence="14" number="12">page</token>
<token t_id="415" sentence="14" number="13">on</token>
<token t_id="416" sentence="14" number="14">Microsoft's</token>
<token t_id="417" sentence="14" number="15">support</token>
<token t_id="418" sentence="14" number="16">site</token>
<Markables>
<ACTION_ASPECTUAL m_id="99"  >
  <token_anchor t_id="200"/>
</ACTION_ASPECTUAL>
<ACTION_OCCURRENCE m_id="9"  >
  <token_anchor t_id="54"/>
</ACTION_OCCURRENCE>
<ACTION_OCCURRENCE m_id="73"  >
  <token_anchor t_id="363"/>
</ACTION_OCCURRENCE>
<ACTION_OCCURRENCE m_id="10"  >
  <token_anchor t_id="66"/>
</ACTION_OCCURRENCE>
<ACTION_OCCURRENCE m_id="106"  >
  <token_anchor t_id="118"/>
  <token_anchor t_id="119"/>
  <token_anchor t_id="120"/>
</ACTION_OCCURRENCE>
<ACTION_OCCURRENCE m_id="11"  >
  <token_anchor t_id="76"/>
</ACTION_OCCURRENCE>
<ACTION_OCCURRENCE m_id="75"  >
  <token_anchor t_id="385"/>
</ACTION_OCCURRENCE>
<ACTION_OCCURRENCE m_id="76"  >
  <token_anchor t_id="407"/>
</ACTION_OCCURRENCE>
<ACTION_OCCURRENCE m_id="77"  >
  <token_anchor t_id="388"/>
  <token_anchor t_id="389"/>
</ACTION_OCCURRENCE>
<ACTION_OCCURRENCE m_id="78"  >
  <token_anchor t_id="393"/>
</ACTION_OCCURRENCE>
<ACTION_OCCURRENCE m_id="80"  >
  <token_anchor t_id="367"/>
</ACTION_OCCURRENCE>
<ACTION_OCCURRENCE m_id="81"  >
  <token_anchor t_id="372"/>
</ACTION_OCCURRENCE>
<ACTION_OCCURRENCE m_id="113"  >
  <token_anchor t_id="318"/>
</ACTION_OCCURRENCE>
<ACTION_OCCURRENCE m_id="82"  >
  <token_anchor t_id="378"/>
</ACTION_OCCURRENCE>
<ACTION_OCCURRENCE m_id="50"  >
  <token_anchor t_id="105"/>
</ACTION_OCCURRENCE>
<ACTION_OCCURRENCE m_id="83"  >
  <token_anchor t_id="347"/>
</ACTION_OCCURRENCE>
<ACTION_OCCURRENCE m_id="51"  >
  <token_anchor t_id="107"/>
</ACTION_OCCURRENCE>
<ACTION_OCCURRENCE m_id="84"  >
  <token_anchor t_id="355"/>
</ACTION_OCCURRENCE>
<ACTION_OCCURRENCE m_id="85"  >
  <token_anchor t_id="353"/>
</ACTION_OCCURRENCE>
<ACTION_OCCURRENCE m_id="86"  >
  <token_anchor t_id="315"/>
</ACTION_OCCURRENCE>
<ACTION_OCCURRENCE m_id="54"  >
  <token_anchor t_id="130"/>
  <token_anchor t_id="131"/>
  <token_anchor t_id="132"/>
</ACTION_OCCURRENCE>
<ACTION_OCCURRENCE m_id="87"  >
  <token_anchor t_id="308"/>
  <token_anchor t_id="309"/>
</ACTION_OCCURRENCE>
<ACTION_OCCURRENCE m_id="55"  >
  <token_anchor t_id="129"/>
</ACTION_OCCURRENCE>
<ACTION_OCCURRENCE m_id="88"  >
  <token_anchor t_id="264"/>
</ACTION_OCCURRENCE>
<ACTION_OCCURRENCE m_id="56"  >
  <token_anchor t_id="116"/>
</ACTION_OCCURRENCE>
<ACTION_OCCURRENCE m_id="90"  >
  <token_anchor t_id="270"/>
</ACTION_OCCURRENCE>
<ACTION_OCCURRENCE m_id="91"  >
  <token_anchor t_id="276"/>
  <token_anchor t_id="277"/>
</ACTION_OCCURRENCE>
<ACTION_OCCURRENCE m_id="92"  >
  <token_anchor t_id="285"/>
</ACTION_OCCURRENCE>
<ACTION_OCCURRENCE m_id="93"  >
  <token_anchor t_id="245"/>
</ACTION_OCCURRENCE>
<ACTION_OCCURRENCE m_id="94"  >
  <token_anchor t_id="250"/>
</ACTION_OCCURRENCE>
<ACTION_OCCURRENCE m_id="95"  >
  <token_anchor t_id="221"/>
  <token_anchor t_id="222"/>
</ACTION_OCCURRENCE>
<ACTION_OCCURRENCE m_id="96"  >
  <token_anchor t_id="236"/>
  <token_anchor t_id="237"/>
  <token_anchor t_id="238"/>
</ACTION_OCCURRENCE>
<ACTION_OCCURRENCE m_id="64"  >
  <token_anchor t_id="224"/>
  <token_anchor t_id="225"/>
  <token_anchor t_id="226"/>
  <token_anchor t_id="227"/>
</ACTION_OCCURRENCE>
<ACTION_OCCURRENCE m_id="97"  >
  <token_anchor t_id="185"/>
</ACTION_OCCURRENCE>
<ACTION_OCCURRENCE m_id="98"  >
  <token_anchor t_id="192"/>
</ACTION_OCCURRENCE>
<ACTION_OCCURRENCE m_id="100"  >
  <token_anchor t_id="179"/>
</ACTION_OCCURRENCE>
<ACTION_OCCURRENCE m_id="101"  >
  <token_anchor t_id="154"/>
</ACTION_OCCURRENCE>
<ACTION_OCCURRENCE m_id="102"  >
  <token_anchor t_id="167"/>
</ACTION_OCCURRENCE>
<ACTION_OCCURRENCE m_id="8"  >
  <token_anchor t_id="37"/>
</ACTION_OCCURRENCE>
<ACTION_PERCEPTION m_id="52"  >
  <token_anchor t_id="110"/>
</ACTION_PERCEPTION>
<ACTION_REPORTING m_id="43"  >
  <token_anchor t_id="86"/>
</ACTION_REPORTING>
<ACTION_REPORTING m_id="44"  >
  <token_anchor t_id="127"/>
</ACTION_REPORTING>
<ACTION_REPORTING m_id="45"  >
  <token_anchor t_id="174"/>
  <token_anchor t_id="175"/>
</ACTION_REPORTING>
<ACTION_REPORTING m_id="46"  >
  <token_anchor t_id="207"/>
  <token_anchor t_id="208"/>
  <token_anchor t_id="209"/>
</ACTION_REPORTING>
<ACTION_REPORTING m_id="47"  >
  <token_anchor t_id="257"/>
</ACTION_REPORTING>
<ACTION_REPORTING m_id="48"  >
  <token_anchor t_id="326"/>
</ACTION_REPORTING>
<ACTION_STATE m_id="119"  >
  <token_anchor t_id="68"/>
</ACTION_STATE>
<ACTION_STATE m_id="122"  >
  <token_anchor t_id="38"/>
</ACTION_STATE>
<ACTION_STATE m_id="59"  >
  <token_anchor t_id="147"/>
</ACTION_STATE>
<ACTION_STATE m_id="60"  >
  <token_anchor t_id="161"/>
  <token_anchor t_id="162"/>
  <token_anchor t_id="163"/>
  <token_anchor t_id="164"/>
</ACTION_STATE>
<ACTION_STATE m_id="62"  >
  <token_anchor t_id="212"/>
  <token_anchor t_id="213"/>
  <token_anchor t_id="214"/>
</ACTION_STATE>
<ACTION_STATE m_id="67"  >
  <token_anchor t_id="253"/>
</ACTION_STATE>
<HUMAN_PART_GENERIC m_id="30"  >
  <token_anchor t_id="301"/>
</HUMAN_PART_GENERIC>
<HUMAN_PART_GENERIC m_id="31"  >
  <token_anchor t_id="302"/>
</HUMAN_PART_GENERIC>
<HUMAN_PART_GENERIC m_id="63"  >
  <token_anchor t_id="197"/>
</HUMAN_PART_GENERIC>
<HUMAN_PART_GPE m_id="58"  >
  <token_anchor t_id="145"/>
</HUMAN_PART_GPE>
<HUMAN_PART_MET m_id="22"  >
  <token_anchor t_id="148"/>
  <token_anchor t_id="149"/>
</HUMAN_PART_MET>
<HUMAN_PART_MET m_id="26"  >
  <token_anchor t_id="218"/>
  <token_anchor t_id="219"/>
  <token_anchor t_id="220"/>
</HUMAN_PART_MET>
<HUMAN_PART_ORG m_id="12"  >
  <token_anchor t_id="84"/>
  <token_anchor t_id="85"/>
</HUMAN_PART_ORG>
<HUMAN_PART_ORG m_id="13"  >
  <token_anchor t_id="88"/>
</HUMAN_PART_ORG>
<HUMAN_PART_ORG m_id="21"  >
  <token_anchor t_id="90"/>
</HUMAN_PART_ORG>
<HUMAN_PART_ORG m_id="28"  >
  <token_anchor t_id="274"/>
</HUMAN_PART_ORG>
<HUMAN_PART_ORG m_id="1"  >
  <token_anchor t_id="36"/>
</HUMAN_PART_ORG>
<HUMAN_PART_ORG m_id="2"  >
  <token_anchor t_id="53"/>
</HUMAN_PART_ORG>
<HUMAN_PART_ORG m_id="3"  >
  <token_anchor t_id="126"/>
</HUMAN_PART_ORG>
<HUMAN_PART_ORG m_id="35"  >
  <token_anchor t_id="366"/>
</HUMAN_PART_ORG>
<HUMAN_PART_ORG m_id="4"  >
  <token_anchor t_id="206"/>
</HUMAN_PART_ORG>
<HUMAN_PART_ORG m_id="5"  >
  <token_anchor t_id="337"/>
  <token_anchor t_id="338"/>
</HUMAN_PART_ORG>
<HUMAN_PART_ORG m_id="6"  >
  <token_anchor t_id="386"/>
</HUMAN_PART_ORG>
<HUMAN_PART_ORG m_id="7"  >
  <token_anchor t_id="416"/>
</HUMAN_PART_ORG>
<HUMAN_PART_PER m_id="41"  >
  <token_anchor t_id="81"/>
</HUMAN_PART_PER>
<HUMAN_PART_PER m_id="42"  >
  <token_anchor t_id="108"/>
</HUMAN_PART_PER>
<HUMAN_PART_PER m_id="107"  >
  <token_anchor t_id="260"/>
</HUMAN_PART_PER>
<HUMAN_PART_PER m_id="23"  >
  <token_anchor t_id="176"/>
  <token_anchor t_id="177"/>
</HUMAN_PART_PER>
<HUMAN_PART_PER m_id="24"  >
  <token_anchor t_id="183"/>
</HUMAN_PART_PER>
<HUMAN_PART_PER m_id="25"  >
  <token_anchor t_id="243"/>
</HUMAN_PART_PER>
<HUMAN_PART_PER m_id="27"  >
  <token_anchor t_id="255"/>
  <token_anchor t_id="256"/>
</HUMAN_PART_PER>
<HUMAN_PART_PER m_id="29"  >
  <token_anchor t_id="298"/>
</HUMAN_PART_PER>
<HUMAN_PART_PER m_id="32"  >
  <token_anchor t_id="327"/>
  <token_anchor t_id="328"/>
</HUMAN_PART_PER>
<HUMAN_PART_PER m_id="34"  >
  <token_anchor t_id="364"/>
</HUMAN_PART_PER>
<HUMAN_PART_PER m_id="36"  >
  <token_anchor t_id="382"/>
</HUMAN_PART_PER>
<HUMAN_PART_PER m_id="37"  >
  <token_anchor t_id="384"/>
</HUMAN_PART_PER>
<HUMAN_PART_PER m_id="40"  >
  <token_anchor t_id="65"/>
</HUMAN_PART_PER>
<NEG_ACTION_ASPECTUAL m_id="89"  >
  <token_anchor t_id="269"/>
</NEG_ACTION_ASPECTUAL>
<NON_HUMAN_PART m_id="105"  >
  <token_anchor t_id="93"/>
</NON_HUMAN_PART>
<NON_HUMAN_PART m_id="74"  >
  <token_anchor t_id="403"/>
  <token_anchor t_id="404"/>
</NON_HUMAN_PART>
<NON_HUMAN_PART m_id="108"  >
  <token_anchor t_id="272"/>
</NON_HUMAN_PART>
<NON_HUMAN_PART m_id="109"  >
  <token_anchor t_id="279"/>
</NON_HUMAN_PART>
<NON_HUMAN_PART m_id="14"  >
  <token_anchor t_id="41"/>
  <token_anchor t_id="42"/>
</NON_HUMAN_PART>
<NON_HUMAN_PART m_id="110"  >
  <token_anchor t_id="288"/>
  <token_anchor t_id="289"/>
</NON_HUMAN_PART>
<NON_HUMAN_PART m_id="15"  >
  <token_anchor t_id="60"/>
  <token_anchor t_id="61"/>
</NON_HUMAN_PART>
<NON_HUMAN_PART m_id="111"  >
  <token_anchor t_id="375"/>
</NON_HUMAN_PART>
<NON_HUMAN_PART m_id="16"  >
  <token_anchor t_id="74"/>
</NON_HUMAN_PART>
<NON_HUMAN_PART m_id="112"  >
  <token_anchor t_id="380"/>
</NON_HUMAN_PART>
<NON_HUMAN_PART m_id="49"  >
  <token_anchor t_id="98"/>
  <token_anchor t_id="99"/>
</NON_HUMAN_PART>
<NON_HUMAN_PART m_id="114"  >
  <token_anchor t_id="312"/>
</NON_HUMAN_PART>
<NON_HUMAN_PART m_id="20"  >
  <token_anchor t_id="89"/>
</NON_HUMAN_PART>
<NON_HUMAN_PART m_id="123"  >
  <token_anchor t_id="138"/>
  <token_anchor t_id="139"/>
</NON_HUMAN_PART>
<NON_HUMAN_PART m_id="53"  >
  <token_anchor t_id="124"/>
</NON_HUMAN_PART>
<NON_HUMAN_PART m_id="124"  >
  <token_anchor t_id="140"/>
</NON_HUMAN_PART>
<NON_HUMAN_PART m_id="57"  >
  <token_anchor t_id="135"/>
</NON_HUMAN_PART>
<NON_HUMAN_PART m_id="61"  >
  <token_anchor t_id="202"/>
</NON_HUMAN_PART>
<NON_HUMAN_PART m_id="33"  >
  <token_anchor t_id="359"/>
</NON_HUMAN_PART>
<NON_HUMAN_PART m_id="65"  >
  <token_anchor t_id="240"/>
  <token_anchor t_id="241"/>
</NON_HUMAN_PART>
<NON_HUMAN_PART m_id="66"  >
  <token_anchor t_id="247"/>
</NON_HUMAN_PART>
<NON_HUMAN_PART m_id="68"  >
  <token_anchor t_id="294"/>
  <token_anchor t_id="295"/>
</NON_HUMAN_PART>
<NON_HUMAN_PART m_id="69"  >
  <token_anchor t_id="340"/>
  <token_anchor t_id="341"/>
</NON_HUMAN_PART>
<NON_HUMAN_PART m_id="70"  >
  <token_anchor t_id="345"/>
</NON_HUMAN_PART>
<NON_HUMAN_PART m_id="103"  >
  <token_anchor t_id="171"/>
  <token_anchor t_id="172"/>
</NON_HUMAN_PART>
<NON_HUMAN_PART m_id="39"  >
  <token_anchor t_id="57"/>
  <token_anchor t_id="58"/>
</NON_HUMAN_PART>
<NON_HUMAN_PART m_id="71"  >
  <token_anchor t_id="349"/>
</NON_HUMAN_PART>
<NON_HUMAN_PART m_id="104"  >
  <token_anchor t_id="181"/>
</NON_HUMAN_PART>
<NON_HUMAN_PART m_id="72"  >
  <token_anchor t_id="357"/>
</NON_HUMAN_PART>
<TIME_DATE m_id="79"  >
  <token_anchor t_id="396"/>
  <token_anchor t_id="397"/>
  <token_anchor t_id="398"/>
  <token_anchor t_id="399"/>
  <token_anchor t_id="400"/>
</TIME_DATE>
<TIME_DATE m_id="18"  >
  <token_anchor t_id="62"/>
  <token_anchor t_id="63"/>
</TIME_DATE>
<TIME_OF_THE_DAY m_id="19"  >
  <token_anchor t_id="43"/>
  <token_anchor t_id="44"/>
  <token_anchor t_id="45"/>
  <token_anchor t_id="46"/>
  <token_anchor t_id="47"/>
  <token_anchor t_id="48"/>
  <token_anchor t_id="49"/>
  <token_anchor t_id="50"/>
  <token_anchor t_id="51"/>
  <token_anchor t_id="52"/>
</TIME_OF_THE_DAY>


<NON_HUMAN_PART m_id="125" note="byCROMER" >
  <token_anchor t_id="68"/>
  <token_anchor t_id="69"/>
</NON_HUMAN_PART>
<NON_HUMAN_PART m_id="126" note="byCROMER" >
  <token_anchor t_id="38"/>
  <token_anchor t_id="39"/>
</NON_HUMAN_PART>


<HUMAN_PART_ORG m_id="138" RELATED_TO="" TAG_DESCRIPTOR="t27_microsoft" instance_id="HUM16627702263331271" />
<ACTION_OCCURRENCE m_id="137" RELATED_TO="" TAG_DESCRIPTOR="t27_launches_patch" instance_id="ACT16628380851866429" />
<HUMAN_PART_PER m_id="136" RELATED_TO="" TAG_DESCRIPTOR="t27_customers" instance_id="HUM16627778540077611" />
<NON_HUMAN_PART m_id="135" RELATED_TO="" TAG_DESCRIPTOR="t27_IE" instance_id="NON16628072497530110" />
<NON_HUMAN_PART m_id="134" RELATED_TO="" TAG_DESCRIPTOR="t27_flaw_or_vulnerability" instance_id="NON16628047448605797" />
<NON_HUMAN_PART m_id="133" RELATED_TO="" TAG_DESCRIPTOR="t27_emergency_patch" instance_id="NON16628128321821328" />
<ACTION_OCCURRENCE m_id="132" RELATED_TO="" TAG_DESCRIPTOR="t27_protect_customers" instance_id="ACT16628446210704189" />
<ACTION_OCCURRENCE m_id="131" RELATED_TO="" TAG_DESCRIPTOR="t27_attacks" instance_id="ACT16628483776494389" />
<HUMAN_PART_PER m_id="130" RELATED_TO="" TAG_DESCRIPTOR="t27_hackers_or_attackers" instance_id="HUM16627963455277878" />
<TIME_DATE m_id="129" RELATED_TO="" TAG_DESCRIPTOR="t27_17_sept_13" instance_id="TIM16629016021623094" />
<ACTION_OCCURRENCE m_id="128" RELATED_TO="" TAG_DESCRIPTOR="t27_exploiting_flaw" instance_id="ACT16628282010133294" />
<ACTION_REPORTING m_id="127" RELATED_TO="" TAG_DESCRIPTOR="t27_microsoft_announces" instance_id="ACT16628926406902821" />
</Markables>

<Relations>
<CROSS_DOC_COREF r_id="25450" note="ACT16628926406902821" >
  <source m_id="43" />
  <target m_id="127" />
</CROSS_DOC_COREF>
<CROSS_DOC_COREF r_id="25451" note="ACT16628282010133294" >
  <source m_id="10" />
  <source m_id="106" />
  <target m_id="128" />
</CROSS_DOC_COREF>
<CROSS_DOC_COREF r_id="25452" note="TIM16629016021623094" >
  <source m_id="18" />
  <target m_id="129" />
</CROSS_DOC_COREF>
<CROSS_DOC_COREF r_id="25453" note="HUM16627963455277878" >
  <source m_id="40" />
  <target m_id="130" />
</CROSS_DOC_COREF>
<CROSS_DOC_COREF r_id="25454" note="ACT16628483776494389" >
  <source m_id="56" />
  <source m_id="11" />
  <target m_id="131" />
</CROSS_DOC_COREF>
<CROSS_DOC_COREF r_id="25455" note="ACT16628446210704189" >
  <source m_id="51" />
  <target m_id="132" />
</CROSS_DOC_COREF>
<CROSS_DOC_COREF r_id="25456" note="NON16628128321821328" >
  <source m_id="39" />
  <source m_id="49" />
  <source m_id="105" />
  <source m_id="126" />
  <target m_id="133" />
</CROSS_DOC_COREF>
<CROSS_DOC_COREF r_id="25457" note="NON16628047448605797" >
  <source m_id="125" />
  <source m_id="53" />
  <target m_id="134" />
</CROSS_DOC_COREF>
<CROSS_DOC_COREF r_id="25458" note="NON16628072497530110" >
  <source m_id="15" />
  <source m_id="14" />
  <source m_id="16" />
  <target m_id="135" />
</CROSS_DOC_COREF>
<CROSS_DOC_COREF r_id="25459" note="HUM16627778540077611" >
  <source m_id="42" />
  <source m_id="41" />
  <target m_id="136" />
</CROSS_DOC_COREF>
<CROSS_DOC_COREF r_id="25460" note="ACT16628380851866429" >
  <source m_id="8" />
  <source m_id="9" />
  <target m_id="137" />
</CROSS_DOC_COREF>
<CROSS_DOC_COREF r_id="25461" note="HUM16627702263331271" >
  <source m_id="1" />
  <source m_id="21" />
  <source m_id="12" />
  <source m_id="2" />
  <source m_id="13" />
  <target m_id="138" />
</CROSS_DOC_COREF>

</Relations>
</Document>
