<Document doc_name="27_11ecb.xml" doc_id="DOC15654895642381924">
<token t_id="1" sentence="0" number="0">Microsoft</token>
<token t_id="2" sentence="0" number="1">releases</token>
<token t_id="3" sentence="0" number="2">emergency</token>
<token t_id="4" sentence="0" number="3">patch</token>
<token t_id="5" sentence="0" number="4">for</token>
<token t_id="6" sentence="0" number="5">IE</token>
<token t_id="7" sentence="1" number="0">Microsoft</token>
<token t_id="8" sentence="1" number="1">on</token>
<token t_id="9" sentence="1" number="2">Wednesday</token>
<token t_id="10" sentence="1" number="3">released</token>
<token t_id="11" sentence="1" number="4">an</token>
<token t_id="12" sentence="1" number="5">emergency</token>
<token t_id="13" sentence="1" number="6">patch</token>
<token t_id="14" sentence="1" number="7">to</token>
<token t_id="15" sentence="1" number="8">fix</token>
<token t_id="16" sentence="1" number="9">a</token>
<token t_id="17" sentence="1" number="10">perilous</token>
<token t_id="18" sentence="1" number="11">software</token>
<token t_id="19" sentence="1" number="12">flaw</token>
<token t_id="20" sentence="1" number="13">allowing</token>
<token t_id="21" sentence="1" number="14">hackers</token>
<token t_id="22" sentence="1" number="15">to</token>
<token t_id="23" sentence="1" number="16">hijack</token>
<token t_id="24" sentence="1" number="17">Internet</token>
<token t_id="25" sentence="1" number="18">Explorer</token>
<token t_id="26" sentence="1" number="19">browsers</token>
<token t_id="27" sentence="1" number="20">and</token>
<token t_id="28" sentence="1" number="21">take</token>
<token t_id="29" sentence="1" number="22">over</token>
<token t_id="30" sentence="1" number="23">computers</token>
<token t_id="31" sentence="1" number="24">.</token>
<token t_id="32" sentence="2" number="0">The</token>
<token t_id="33" sentence="2" number="1">US</token>
<token t_id="34" sentence="2" number="2">software</token>
<token t_id="35" sentence="2" number="3">giant</token>
<token t_id="36" sentence="2" number="4">said</token>
<token t_id="37" sentence="2" number="5">security</token>
<token t_id="38" sentence="2" number="6">update</token>
<token t_id="39" sentence="2" number="7">MS08-078</token>
<token t_id="40" sentence="2" number="8">addresses</token>
<token t_id="41" sentence="2" number="9">a</token>
<token t_id="42" sentence="2" number="10">vulnerability</token>
<token t_id="43" sentence="2" number="11">cyber-criminals</token>
<token t_id="44" sentence="2" number="12">can</token>
<token t_id="45" sentence="2" number="13">exploit</token>
<token t_id="46" sentence="2" number="14">to</token>
<token t_id="47" sentence="2" number="15">their</token>
<token t_id="48" sentence="2" number="16">advantage</token>
<token t_id="49" sentence="2" number="17">.</token>
<token t_id="50" sentence="3" number="0">``</token>
<token t_id="51" sentence="3" number="1">Microsoft</token>
<token t_id="52" sentence="3" number="2">encourages</token>
<token t_id="53" sentence="3" number="3">all</token>
<token t_id="54" sentence="3" number="4">IE</token>
<token t_id="55" sentence="3" number="5">customers</token>
<token t_id="56" sentence="3" number="6">to</token>
<token t_id="57" sentence="3" number="7">test</token>
<token t_id="58" sentence="3" number="8">and</token>
<token t_id="59" sentence="3" number="9">deploy</token>
<token t_id="60" sentence="3" number="10">this</token>
<token t_id="61" sentence="3" number="11">update</token>
<token t_id="62" sentence="3" number="12">as</token>
<token t_id="63" sentence="3" number="13">soon</token>
<token t_id="64" sentence="3" number="14">as</token>
<token t_id="65" sentence="3" number="15">possible</token>
<token t_id="66" sentence="3" number="16">,</token>
<token t_id="67" sentence="3" number="17">''</token>
<token t_id="68" sentence="3" number="18">said</token>
<token t_id="69" sentence="3" number="19">Microsoft</token>
<token t_id="70" sentence="3" number="20">security</token>
<token t_id="71" sentence="3" number="21">response</token>
<token t_id="72" sentence="3" number="22">communications</token>
<token t_id="73" sentence="3" number="23">head</token>
<token t_id="74" sentence="3" number="24">Christopher</token>
<token t_id="75" sentence="3" number="25">Budd</token>
<token t_id="76" sentence="3" number="26">.</token>
<token t_id="77" sentence="4" number="0">The</token>
<token t_id="78" sentence="4" number="1">threat</token>
<token t_id="79" sentence="4" number="2">led</token>
<token t_id="80" sentence="4" number="3">Microsoft</token>
<token t_id="81" sentence="4" number="4">to</token>
<token t_id="82" sentence="4" number="5">mobilize</token>
<token t_id="83" sentence="4" number="6">security</token>
<token t_id="84" sentence="4" number="7">engineering</token>
<token t_id="85" sentence="4" number="8">teams</token>
<token t_id="86" sentence="4" number="9">worldwide</token>
<token t_id="87" sentence="4" number="10">to</token>
<token t_id="88" sentence="4" number="11">deliver</token>
<token t_id="89" sentence="4" number="12">a</token>
<token t_id="90" sentence="4" number="13">software</token>
<token t_id="91" sentence="4" number="14">cure</token>
<token t_id="92" sentence="4" number="15">``</token>
<token t_id="93" sentence="4" number="16">in</token>
<token t_id="94" sentence="4" number="17">the</token>
<token t_id="95" sentence="4" number="18">unprecedented</token>
<token t_id="96" sentence="4" number="19">time</token>
<token t_id="97" sentence="4" number="20">of</token>
<token t_id="98" sentence="4" number="21">eight</token>
<token t_id="99" sentence="4" number="22">days</token>
<token t_id="100" sentence="4" number="23">.</token>
<token t_id="101" sentence="4" number="24">''</token>
<token t_id="102" sentence="5" number="0">According</token>
<token t_id="103" sentence="5" number="1">to</token>
<token t_id="104" sentence="5" number="2">researchers</token>
<token t_id="105" sentence="5" number="3">at</token>
<token t_id="106" sentence="5" number="4">software</token>
<token t_id="107" sentence="5" number="5">security</token>
<token t_id="108" sentence="5" number="6">firm</token>
<token t_id="109" sentence="5" number="7">Trend</token>
<token t_id="110" sentence="5" number="8">Micro</token>
<token t_id="111" sentence="5" number="9">,</token>
<token t_id="112" sentence="5" number="10">attacks</token>
<token t_id="113" sentence="5" number="11">based</token>
<token t_id="114" sentence="5" number="12">on</token>
<token t_id="115" sentence="5" number="13">the</token>
<token t_id="116" sentence="5" number="14">vulnerability</token>
<token t_id="117" sentence="5" number="15">in</token>
<token t_id="118" sentence="5" number="16">the</token>
<token t_id="119" sentence="5" number="17">world</token>
<token t_id="120" sentence="5" number="18">'s</token>
<token t_id="121" sentence="5" number="19">most</token>
<token t_id="122" sentence="5" number="20">popular</token>
<token t_id="123" sentence="5" number="21">Web</token>
<token t_id="124" sentence="5" number="22">browser</token>
<token t_id="125" sentence="5" number="23">were</token>
<token t_id="126" sentence="5" number="24">spreading</token>
<token t_id="127" sentence="5" number="25">``</token>
<token t_id="128" sentence="5" number="26">like</token>
<token t_id="129" sentence="5" number="27">wildfire</token>
<token t_id="130" sentence="5" number="28">''</token>
<token t_id="131" sentence="5" number="29">with</token>
<token t_id="132" sentence="5" number="30">millions</token>
<token t_id="133" sentence="5" number="31">of</token>
<token t_id="134" sentence="5" number="32">computers</token>
<token t_id="135" sentence="5" number="33">already</token>
<token t_id="136" sentence="5" number="34">compromised</token>
<token t_id="137" sentence="5" number="35">.</token>
<token t_id="138" sentence="6" number="0">Microsoft</token>
<token t_id="139" sentence="6" number="1">typically</token>
<token t_id="140" sentence="6" number="2">releases</token>
<token t_id="141" sentence="6" number="3">patches</token>
<token t_id="142" sentence="6" number="4">for</token>
<token t_id="143" sentence="6" number="5">its</token>
<token t_id="144" sentence="6" number="6">software</token>
<token t_id="145" sentence="6" number="7">on</token>
<token t_id="146" sentence="6" number="8">the</token>
<token t_id="147" sentence="6" number="9">second</token>
<token t_id="148" sentence="6" number="10">Tuesday</token>
<token t_id="149" sentence="6" number="11">of</token>
<token t_id="150" sentence="6" number="12">each</token>
<token t_id="151" sentence="6" number="13">month</token>
<token t_id="152" sentence="6" number="14">and</token>
<token t_id="153" sentence="6" number="15">rushing</token>
<token t_id="154" sentence="6" number="16">this</token>
<token t_id="155" sentence="6" number="17">fix</token>
<token t_id="156" sentence="6" number="18">to</token>
<token t_id="157" sentence="6" number="19">computer</token>
<token t_id="158" sentence="6" number="20">users</token>
<token t_id="159" sentence="6" number="21">out-of-cycle</token>
<token t_id="160" sentence="6" number="22">is</token>
<token t_id="161" sentence="6" number="23">testimony</token>
<token t_id="162" sentence="6" number="24">to</token>
<token t_id="163" sentence="6" number="25">the</token>
<token t_id="164" sentence="6" number="26">severe</token>
<token t_id="165" sentence="6" number="27">danger</token>
<token t_id="166" sentence="6" number="28">of</token>
<token t_id="167" sentence="6" number="29">the</token>
<token t_id="168" sentence="6" number="30">threat</token>
<token t_id="169" sentence="6" number="31">,</token>
<token t_id="170" sentence="6" number="32">according</token>
<token t_id="171" sentence="6" number="33">to</token>
<token t_id="172" sentence="6" number="34">Trend</token>
<token t_id="173" sentence="6" number="35">Micro</token>
<token t_id="174" sentence="6" number="36">.</token>
<token t_id="175" sentence="7" number="0">``</token>
<token t_id="176" sentence="7" number="1">People</token>
<token t_id="177" sentence="7" number="2">should</token>
<token t_id="178" sentence="7" number="3">run</token>
<token t_id="179" sentence="7" number="4">,</token>
<token t_id="180" sentence="7" number="5">not</token>
<token t_id="181" sentence="7" number="6">walk</token>
<token t_id="182" sentence="7" number="7">,</token>
<token t_id="183" sentence="7" number="8">to</token>
<token t_id="184" sentence="7" number="9">get</token>
<token t_id="185" sentence="7" number="10">it</token>
<token t_id="186" sentence="7" number="11">installed</token>
<token t_id="187" sentence="7" number="12">,</token>
<token t_id="188" sentence="7" number="13">''</token>
<token t_id="189" sentence="7" number="14">said</token>
<token t_id="190" sentence="7" number="15">Trend</token>
<token t_id="191" sentence="7" number="16">Micro</token>
<token t_id="192" sentence="7" number="17">advanced</token>
<token t_id="193" sentence="7" number="18">threat</token>
<token t_id="194" sentence="7" number="19">researcher</token>
<token t_id="195" sentence="7" number="20">Paul</token>
<token t_id="196" sentence="7" number="21">Ferguson</token>
<token t_id="197" sentence="7" number="22">.</token>
<token t_id="198" sentence="8" number="0">``</token>
<token t_id="199" sentence="8" number="1">This</token>
<token t_id="200" sentence="8" number="2">vulnerability</token>
<token t_id="201" sentence="8" number="3">is</token>
<token t_id="202" sentence="8" number="4">being</token>
<token t_id="203" sentence="8" number="5">actively</token>
<token t_id="204" sentence="8" number="6">exploited</token>
<token t_id="205" sentence="8" number="7">by</token>
<token t_id="206" sentence="8" number="8">cyber-criminals</token>
<token t_id="207" sentence="8" number="9">and</token>
<token t_id="208" sentence="8" number="10">getting</token>
<token t_id="209" sentence="8" number="11">worse</token>
<token t_id="210" sentence="8" number="12">every</token>
<token t_id="211" sentence="8" number="13">day</token>
<token t_id="212" sentence="8" number="14">.</token>
<token t_id="213" sentence="8" number="15">''</token>
<token t_id="214" sentence="9" number="0">The</token>
<token t_id="215" sentence="9" number="1">IE</token>
<token t_id="216" sentence="9" number="2">software</token>
<token t_id="217" sentence="9" number="3">patch</token>
<token t_id="218" sentence="9" number="4">will</token>
<token t_id="219" sentence="9" number="5">be</token>
<token t_id="220" sentence="9" number="6">automatically</token>
<token t_id="221" sentence="9" number="7">applied</token>
<token t_id="222" sentence="9" number="8">to</token>
<token t_id="223" sentence="9" number="9">hundreds</token>
<token t_id="224" sentence="9" number="10">of</token>
<token t_id="225" sentence="9" number="11">millions</token>
<token t_id="226" sentence="9" number="12">of</token>
<token t_id="227" sentence="9" number="13">personal</token>
<token t_id="228" sentence="9" number="14">computers</token>
<token t_id="229" sentence="9" number="15">due</token>
<token t_id="230" sentence="9" number="16">to</token>
<token t_id="231" sentence="9" number="17">standard</token>
<token t_id="232" sentence="9" number="18">update</token>
<token t_id="233" sentence="9" number="19">settings</token>
<token t_id="234" sentence="9" number="20">in</token>
<token t_id="235" sentence="9" number="21">the</token>
<token t_id="236" sentence="9" number="22">machines</token>
<token t_id="237" sentence="9" number="23">,</token>
<token t_id="238" sentence="9" number="24">according</token>
<token t_id="239" sentence="9" number="25">to</token>
<token t_id="240" sentence="9" number="26">Microsoft</token>
<token t_id="241" sentence="9" number="27">Security</token>
<token t_id="242" sentence="9" number="28">Response</token>
<token t_id="243" sentence="9" number="29">Alliance</token>
<token t_id="244" sentence="9" number="30">director</token>
<token t_id="245" sentence="9" number="31">Mike</token>
<token t_id="246" sentence="9" number="32">Reavey</token>
<token t_id="247" sentence="9" number="33">.</token>
<token t_id="248" sentence="10" number="0">Wednesday</token>
<token t_id="249" sentence="10" number="1">morning</token>
<token t_id="250" sentence="10" number="2">,</token>
<token t_id="251" sentence="10" number="3">business</token>
<token t_id="252" sentence="10" number="4">networks</token>
<token t_id="253" sentence="10" number="5">using</token>
<token t_id="254" sentence="10" number="6">IE</token>
<token t_id="255" sentence="10" number="7">began</token>
<token t_id="256" sentence="10" number="8">getting</token>
<token t_id="257" sentence="10" number="9">the</token>
<token t_id="258" sentence="10" number="10">critical</token>
<token t_id="259" sentence="10" number="11">fix</token>
<token t_id="260" sentence="10" number="12">through</token>
<token t_id="261" sentence="10" number="13">routine</token>
<token t_id="262" sentence="10" number="14">patching</token>
<token t_id="263" sentence="10" number="15">processes</token>
<token t_id="264" sentence="10" number="16">.</token>
<token t_id="265" sentence="11" number="0">Reavey</token>
<token t_id="266" sentence="11" number="1">said</token>
<token t_id="267" sentence="11" number="2">Microsoft</token>
<token t_id="268" sentence="11" number="3">went</token>
<token t_id="269" sentence="11" number="4">into</token>
<token t_id="270" sentence="11" number="5">``</token>
<token t_id="271" sentence="11" number="6">emergency</token>
<token t_id="272" sentence="11" number="7">response</token>
<token t_id="273" sentence="11" number="8">''</token>
<token t_id="274" sentence="11" number="9">mode</token>
<token t_id="275" sentence="11" number="10">on</token>
<token t_id="276" sentence="11" number="11">December</token>
<token t_id="277" sentence="11" number="12">9</token>
<token t_id="278" sentence="11" number="13">after</token>
<token t_id="279" sentence="11" number="14">it</token>
<token t_id="280" sentence="11" number="15">first</token>
<token t_id="281" sentence="11" number="16">learned</token>
<token t_id="282" sentence="11" number="17">of</token>
<token t_id="283" sentence="11" number="18">the</token>
<token t_id="284" sentence="11" number="19">attacks</token>
<token t_id="285" sentence="11" number="20">on</token>
<token t_id="286" sentence="11" number="21">IE</token>
<token t_id="287" sentence="11" number="22">browsers</token>
<token t_id="288" sentence="11" number="23">.</token>
<token t_id="289" sentence="12" number="0">A</token>
<token t_id="290" sentence="12" number="1">day</token>
<token t_id="291" sentence="12" number="2">later</token>
<token t_id="292" sentence="12" number="3">,</token>
<token t_id="293" sentence="12" number="4">Microsoft</token>
<token t_id="294" sentence="12" number="5">published</token>
<token t_id="295" sentence="12" number="6">a</token>
<token t_id="296" sentence="12" number="7">security</token>
<token t_id="297" sentence="12" number="8">advisory</token>
<token t_id="298" sentence="12" number="9">that</token>
<token t_id="299" sentence="12" number="10">``</token>
<token t_id="300" sentence="12" number="11">listed</token>
<token t_id="301" sentence="12" number="12">workarounds</token>
<token t_id="302" sentence="12" number="13">that</token>
<token t_id="303" sentence="12" number="14">blocked</token>
<token t_id="304" sentence="12" number="15">all</token>
<token t_id="305" sentence="12" number="16">known</token>
<token t_id="306" sentence="12" number="17">attacks</token>
<token t_id="307" sentence="12" number="18">.</token>
<token t_id="308" sentence="12" number="19">''</token>
<token t_id="309" sentence="13" number="0">``</token>
<token t_id="310" sentence="13" number="1">Over</token>
<token t_id="311" sentence="13" number="2">the</token>
<token t_id="312" sentence="13" number="3">course</token>
<token t_id="313" sentence="13" number="4">of</token>
<token t_id="314" sentence="13" number="5">the</token>
<token t_id="315" sentence="13" number="6">next</token>
<token t_id="316" sentence="13" number="7">eight</token>
<token t_id="317" sentence="13" number="8">days</token>
<token t_id="318" sentence="13" number="9">,</token>
<token t_id="319" sentence="13" number="10">this</token>
<token t_id="320" sentence="13" number="11">advisory</token>
<token t_id="321" sentence="13" number="12">was</token>
<token t_id="322" sentence="13" number="13">updated</token>
<token t_id="323" sentence="13" number="14">five</token>
<token t_id="324" sentence="13" number="15">times</token>
<token t_id="325" sentence="13" number="16">,</token>
<token t_id="326" sentence="13" number="17">adding</token>
<token t_id="327" sentence="13" number="18">newer</token>
<token t_id="328" sentence="13" number="19">workarounds</token>
<token t_id="329" sentence="13" number="20">and</token>
<token t_id="330" sentence="13" number="21">mitigations</token>
<token t_id="331" sentence="13" number="22">,</token>
<token t_id="332" sentence="13" number="23">''</token>
<token t_id="333" sentence="13" number="24">Reavey</token>
<token t_id="334" sentence="13" number="25">said</token>
<token t_id="335" sentence="13" number="26">.</token>
<token t_id="336" sentence="14" number="0">``</token>
<token t_id="337" sentence="14" number="1">We</token>
<token t_id="338" sentence="14" number="2">also</token>
<token t_id="339" sentence="14" number="3">continually</token>
<token t_id="340" sentence="14" number="4">monitored</token>
<token t_id="341" sentence="14" number="5">the</token>
<token t_id="342" sentence="14" number="6">threat</token>
<token t_id="343" sentence="14" number="7">environment</token>
<token t_id="344" sentence="14" number="8">,</token>
<token t_id="345" sentence="14" number="9">noting</token>
<token t_id="346" sentence="14" number="10">when</token>
<token t_id="347" sentence="14" number="11">the</token>
<token t_id="348" sentence="14" number="12">attacks</token>
<token t_id="349" sentence="14" number="13">began</token>
<token t_id="350" sentence="14" number="14">to</token>
<token t_id="351" sentence="14" number="15">change</token>
<token t_id="352" sentence="14" number="16">in</token>
<token t_id="353" sentence="14" number="17">nature</token>
<token t_id="354" sentence="14" number="18">and</token>
<token t_id="355" sentence="14" number="19">scope</token>
<token t_id="356" sentence="14" number="20">.</token>
<token t_id="357" sentence="14" number="21">''</token>
<token t_id="358" sentence="15" number="0">Trend</token>
<token t_id="359" sentence="15" number="1">Micro</token>
<token t_id="360" sentence="15" number="2">has</token>
<token t_id="361" sentence="15" number="3">identified</token>
<token t_id="362" sentence="15" number="4">about</token>
<token t_id="363" sentence="15" number="5">10,000</token>
<token t_id="364" sentence="15" number="6">websites</token>
<token t_id="365" sentence="15" number="7">that</token>
<token t_id="366" sentence="15" number="8">have</token>
<token t_id="367" sentence="15" number="9">been</token>
<token t_id="368" sentence="15" number="10">infected</token>
<token t_id="369" sentence="15" number="11">with</token>
<token t_id="370" sentence="15" number="12">malicious</token>
<token t_id="371" sentence="15" number="13">software</token>
<token t_id="372" sentence="15" number="14">that</token>
<token t_id="373" sentence="15" number="15">can</token>
<token t_id="374" sentence="15" number="16">be</token>
<token t_id="375" sentence="15" number="17">surreptitiously</token>
<token t_id="376" sentence="15" number="18">slipped</token>
<token t_id="377" sentence="15" number="19">into</token>
<token t_id="378" sentence="15" number="20">visitors</token>
<token t_id="379" sentence="15" number="21">'</token>
<token t_id="380" sentence="15" number="22">unprotected</token>
<token t_id="381" sentence="15" number="23">IE</token>
<token t_id="382" sentence="15" number="24">browsers</token>
<token t_id="383" sentence="15" number="25">to</token>
<token t_id="384" sentence="15" number="26">take</token>
<token t_id="385" sentence="15" number="27">advantage</token>
<token t_id="386" sentence="15" number="28">of</token>
<token t_id="387" sentence="15" number="29">the</token>
<token t_id="388" sentence="15" number="30">flaw</token>
<token t_id="389" sentence="15" number="31">.</token>
<token t_id="390" sentence="16" number="0">A</token>
<token t_id="391" sentence="16" number="1">major</token>
<token t_id="392" sentence="16" number="2">Internet</token>
<token t_id="393" sentence="16" number="3">portal</token>
<token t_id="394" sentence="16" number="4">in</token>
<token t_id="395" sentence="16" number="5">Taiwan</token>
<token t_id="396" sentence="16" number="6">is</token>
<token t_id="397" sentence="16" number="7">among</token>
<token t_id="398" sentence="16" number="8">the</token>
<token t_id="399" sentence="16" number="9">legitimate</token>
<token t_id="400" sentence="16" number="10">websites</token>
<token t_id="401" sentence="16" number="11">unknowingly</token>
<token t_id="402" sentence="16" number="12">tainted</token>
<token t_id="403" sentence="16" number="13">with</token>
<token t_id="404" sentence="16" number="14">malicious</token>
<token t_id="405" sentence="16" number="15">software</token>
<token t_id="406" sentence="16" number="16">aimed</token>
<token t_id="407" sentence="16" number="17">at</token>
<token t_id="408" sentence="16" number="18">IE</token>
<token t_id="409" sentence="16" number="19">'s</token>
<token t_id="410" sentence="16" number="20">weak</token>
<token t_id="411" sentence="16" number="21">spot</token>
<token t_id="412" sentence="16" number="22">,</token>
<token t_id="413" sentence="16" number="23">according</token>
<token t_id="414" sentence="16" number="24">to</token>
<token t_id="415" sentence="16" number="25">Ferguson</token>
<token t_id="416" sentence="16" number="26">.</token>
<token t_id="417" sentence="17" number="0">Hackers</token>
<token t_id="418" sentence="17" number="1">can</token>
<token t_id="419" sentence="17" number="2">take</token>
<token t_id="420" sentence="17" number="3">control</token>
<token t_id="421" sentence="17" number="4">of</token>
<token t_id="422" sentence="17" number="5">infected</token>
<token t_id="423" sentence="17" number="6">computers</token>
<token t_id="424" sentence="17" number="7">,</token>
<token t_id="425" sentence="17" number="8">steal</token>
<token t_id="426" sentence="17" number="9">data</token>
<token t_id="427" sentence="17" number="10">,</token>
<token t_id="428" sentence="17" number="11">redirect</token>
<token t_id="429" sentence="17" number="12">browsers</token>
<token t_id="430" sentence="17" number="13">to</token>
<token t_id="431" sentence="17" number="14">dubious</token>
<token t_id="432" sentence="17" number="15">websites</token>
<token t_id="433" sentence="17" number="16">,</token>
<token t_id="434" sentence="17" number="17">and</token>
<token t_id="435" sentence="17" number="18">use</token>
<token t_id="436" sentence="17" number="19">machines</token>
<token t_id="437" sentence="17" number="20">for</token>
<token t_id="438" sentence="17" number="21">devious</token>
<token t_id="439" sentence="17" number="22">activities</token>
<token t_id="440" sentence="17" number="23">such</token>
<token t_id="441" sentence="17" number="24">as</token>
<token t_id="442" sentence="17" number="25">attacks</token>
<token t_id="443" sentence="17" number="26">on</token>
<token t_id="444" sentence="17" number="27">other</token>
<token t_id="445" sentence="17" number="28">networks</token>
<token t_id="446" sentence="17" number="29">,</token>
<token t_id="447" sentence="17" number="30">according</token>
<token t_id="448" sentence="17" number="31">to</token>
<token t_id="449" sentence="17" number="32">security</token>
<token t_id="450" sentence="17" number="33">specialists</token>
<token t_id="451" sentence="17" number="34">.</token>
<token t_id="452" sentence="18" number="0">``</token>
<token t_id="453" sentence="18" number="1">What</token>
<token t_id="454" sentence="18" number="2">makes</token>
<token t_id="455" sentence="18" number="3">this</token>
<token t_id="456" sentence="18" number="4">so</token>
<token t_id="457" sentence="18" number="5">insidious</token>
<token t_id="458" sentence="18" number="6">is</token>
<token t_id="459" sentence="18" number="7">it</token>
<token t_id="460" sentence="18" number="8">takes</token>
<token t_id="461" sentence="18" number="9">advantage</token>
<token t_id="462" sentence="18" number="10">of</token>
<token t_id="463" sentence="18" number="11">a</token>
<token t_id="464" sentence="18" number="12">big</token>
<token t_id="465" sentence="18" number="13">gaping</token>
<token t_id="466" sentence="18" number="14">hole</token>
<token t_id="467" sentence="18" number="15">of</token>
<token t_id="468" sentence="18" number="16">IE</token>
<token t_id="469" sentence="18" number="17">,</token>
<token t_id="470" sentence="18" number="18">which</token>
<token t_id="471" sentence="18" number="19">has</token>
<token t_id="472" sentence="18" number="20">the</token>
<token t_id="473" sentence="18" number="21">largest</token>
<token t_id="474" sentence="18" number="22">install</token>
<token t_id="475" sentence="18" number="23">base</token>
<token t_id="476" sentence="18" number="24">of</token>
<token t_id="477" sentence="18" number="25">any</token>
<token t_id="478" sentence="18" number="26">browser</token>
<token t_id="479" sentence="18" number="27">on</token>
<token t_id="480" sentence="18" number="28">the</token>
<token t_id="481" sentence="18" number="29">market</token>
<token t_id="482" sentence="18" number="30">,</token>
<token t_id="483" sentence="18" number="31">''</token>
<token t_id="484" sentence="18" number="32">Ferguson</token>
<token t_id="485" sentence="18" number="33">said</token>
<token t_id="486" sentence="18" number="34">.</token>
<token t_id="487" sentence="19" number="0">IE</token>
<token t_id="488" sentence="19" number="1">is</token>
<token t_id="489" sentence="19" number="2">used</token>
<token t_id="490" sentence="19" number="3">on</token>
<token t_id="491" sentence="19" number="4">nearly</token>
<token t_id="492" sentence="19" number="5">three-quarters</token>
<token t_id="493" sentence="19" number="6">of</token>
<token t_id="494" sentence="19" number="7">the</token>
<token t_id="495" sentence="19" number="8">world</token>
<token t_id="496" sentence="19" number="9">'s</token>
<token t_id="497" sentence="19" number="10">computers</token>
<token t_id="498" sentence="19" number="11">,</token>
<token t_id="499" sentence="19" number="12">according</token>
<token t_id="500" sentence="19" number="13">to</token>
<token t_id="501" sentence="19" number="14">industry</token>
<token t_id="502" sentence="19" number="15">statistics</token>
<token t_id="503" sentence="19" number="16">from</token>
<token t_id="504" sentence="19" number="17">November</token>
<token t_id="505" sentence="19" number="18">.</token>
<token t_id="506" sentence="20" number="0">Reavey</token>
<token t_id="507" sentence="20" number="1">said</token>
<token t_id="508" sentence="20" number="2">the</token>
<token t_id="509" sentence="20" number="3">patch</token>
<token t_id="510" sentence="20" number="4">consists</token>
<token t_id="511" sentence="20" number="5">of</token>
<token t_id="512" sentence="20" number="6">more</token>
<token t_id="513" sentence="20" number="7">than</token>
<token t_id="514" sentence="20" number="8">300</token>
<token t_id="515" sentence="20" number="9">distinct</token>
<token t_id="516" sentence="20" number="10">updates</token>
<token t_id="517" sentence="20" number="11">for</token>
<token t_id="518" sentence="20" number="12">more</token>
<token t_id="519" sentence="20" number="13">than</token>
<token t_id="520" sentence="20" number="14">half-a-dozen</token>
<token t_id="521" sentence="20" number="15">versions</token>
<token t_id="522" sentence="20" number="16">of</token>
<token t_id="523" sentence="20" number="17">IE</token>
<token t_id="524" sentence="20" number="18">in</token>
<token t_id="525" sentence="20" number="19">scores</token>
<token t_id="526" sentence="20" number="20">of</token>
<token t_id="527" sentence="20" number="21">languages</token>
<token t_id="528" sentence="20" number="22">.</token>
<token t_id="529" sentence="21" number="0">Analyst</token>
<token t_id="530" sentence="21" number="1">Rob</token>
<token t_id="531" sentence="21" number="2">Enderle</token>
<token t_id="532" sentence="21" number="3">of</token>
<token t_id="533" sentence="21" number="4">Enderle</token>
<token t_id="534" sentence="21" number="5">Group</token>
<token t_id="535" sentence="21" number="6">in</token>
<token t_id="536" sentence="21" number="7">Silicon</token>
<token t_id="537" sentence="21" number="8">Valley</token>
<token t_id="538" sentence="21" number="9">said</token>
<token t_id="539" sentence="21" number="10">it</token>
<token t_id="540" sentence="21" number="11">was</token>
<token t_id="541" sentence="21" number="12">``</token>
<token t_id="542" sentence="21" number="13">amazing</token>
<token t_id="543" sentence="21" number="14">''</token>
<token t_id="544" sentence="21" number="15">that</token>
<token t_id="545" sentence="21" number="16">Microsoft</token>
<token t_id="546" sentence="21" number="17">was</token>
<token t_id="547" sentence="21" number="18">able</token>
<token t_id="548" sentence="21" number="19">to</token>
<token t_id="549" sentence="21" number="20">turn</token>
<token t_id="550" sentence="21" number="21">out</token>
<token t_id="551" sentence="21" number="22">a</token>
<token t_id="552" sentence="21" number="23">complex</token>
<token t_id="553" sentence="21" number="24">critical</token>
<token t_id="554" sentence="21" number="25">fix</token>
<token t_id="555" sentence="21" number="26">in</token>
<token t_id="556" sentence="21" number="27">a</token>
<token t_id="557" sentence="21" number="28">week</token>
<token t_id="558" sentence="21" number="29">when</token>
<token t_id="559" sentence="21" number="30">such</token>
<token t_id="560" sentence="21" number="31">jobs</token>
<token t_id="561" sentence="21" number="32">typically</token>
<token t_id="562" sentence="21" number="33">can</token>
<token t_id="563" sentence="21" number="34">take</token>
<token t_id="564" sentence="21" number="35">a</token>
<token t_id="565" sentence="21" number="36">month</token>
<token t_id="566" sentence="21" number="37">or</token>
<token t_id="567" sentence="21" number="38">longer</token>
<token t_id="568" sentence="21" number="39">of</token>
<token t_id="569" sentence="21" number="40">intense</token>
<token t_id="570" sentence="21" number="41">work</token>
<token t_id="571" sentence="21" number="42">.</token>
<token t_id="572" sentence="22" number="0">``</token>
<token t_id="573" sentence="22" number="1">Even</token>
<token t_id="574" sentence="22" number="2">with</token>
<token t_id="575" sentence="22" number="3">that</token>
<token t_id="576" sentence="22" number="4">,</token>
<token t_id="577" sentence="22" number="5">the</token>
<token t_id="578" sentence="22" number="6">release</token>
<token t_id="579" sentence="22" number="7">Emergency</token>
<token t_id="580" sentence="22" number="8">Response</token>
<token t_id="581" sentence="22" number="9">process</token>
<token t_id="582" sentence="22" number="10">is</token>
<token t_id="583" sentence="22" number="11">n't</token>
<token t_id="584" sentence="22" number="12">over</token>
<token t_id="585" sentence="22" number="13">,</token>
<token t_id="586" sentence="22" number="14">''</token>
<token t_id="587" sentence="22" number="15">Reavey</token>
<token t_id="588" sentence="22" number="16">said</token>
<token t_id="589" sentence="22" number="17">.</token>
<token t_id="590" sentence="23" number="0">``</token>
<token t_id="591" sentence="23" number="1">There</token>
<token t_id="592" sentence="23" number="2">is</token>
<token t_id="593" sentence="23" number="3">additional</token>
<token t_id="594" sentence="23" number="4">support</token>
<token t_id="595" sentence="23" number="5">to</token>
<token t_id="596" sentence="23" number="6">customers</token>
<token t_id="597" sentence="23" number="7">and</token>
<token t_id="598" sentence="23" number="8">additional</token>
<token t_id="599" sentence="23" number="9">refinement</token>
<token t_id="600" sentence="23" number="10">of</token>
<token t_id="601" sentence="23" number="11">our</token>
<token t_id="602" sentence="23" number="12">product</token>
<token t_id="603" sentence="23" number="13">development</token>
<token t_id="604" sentence="23" number="14">efforts</token>
<token t_id="605" sentence="23" number="15">.</token>
<token t_id="606" sentence="23" number="16">''</token>
<token t_id="607" sentence="24" number="0">Trend</token>
<token t_id="608" sentence="24" number="1">Micro</token>
<token t_id="609" sentence="24" number="2">urges</token>
<token t_id="610" sentence="24" number="3">IE</token>
<token t_id="611" sentence="24" number="4">users</token>
<token t_id="612" sentence="24" number="5">to</token>
<token t_id="613" sentence="24" number="6">heed</token>
<token t_id="614" sentence="24" number="7">precautionary</token>
<token t_id="615" sentence="24" number="8">advice</token>
<token t_id="616" sentence="24" number="9">from</token>
<token t_id="617" sentence="24" number="10">Microsoft</token>
<token t_id="618" sentence="24" number="11">,</token>
<token t_id="619" sentence="24" number="12">or</token>
<token t_id="620" sentence="24" number="13">avoid</token>
<token t_id="621" sentence="24" number="14">using</token>
<token t_id="622" sentence="24" number="15">the</token>
<token t_id="623" sentence="24" number="16">browsers</token>
<token t_id="624" sentence="24" number="17">,</token>
<token t_id="625" sentence="24" number="18">until</token>
<token t_id="626" sentence="24" number="19">the</token>
<token t_id="627" sentence="24" number="20">patches</token>
<token t_id="628" sentence="24" number="21">are</token>
<token t_id="629" sentence="24" number="22">applied</token>
<token t_id="630" sentence="24" number="23">.</token>
<token t_id="631" sentence="25" number="0">The</token>
<token t_id="632" sentence="25" number="1">``</token>
<token t_id="633" sentence="25" number="2">exploit</token>
<token t_id="634" sentence="25" number="3">''</token>
<token t_id="635" sentence="25" number="4">is</token>
<token t_id="636" sentence="25" number="5">similar</token>
<token t_id="637" sentence="25" number="6">to</token>
<token t_id="638" sentence="25" number="7">one</token>
<token t_id="639" sentence="25" number="8">used</token>
<token t_id="640" sentence="25" number="9">recently</token>
<token t_id="641" sentence="25" number="10">to</token>
<token t_id="642" sentence="25" number="11">steal</token>
<token t_id="643" sentence="25" number="12">user</token>
<token t_id="644" sentence="25" number="13">names</token>
<token t_id="645" sentence="25" number="14">,</token>
<token t_id="646" sentence="25" number="15">passwords</token>
<token t_id="647" sentence="25" number="16">and</token>
<token t_id="648" sentence="25" number="17">other</token>
<token t_id="649" sentence="25" number="18">information</token>
<token t_id="650" sentence="25" number="19">from</token>
<token t_id="651" sentence="25" number="20">people</token>
<token t_id="652" sentence="25" number="21">playing</token>
<token t_id="653" sentence="25" number="22">online</token>
<token t_id="654" sentence="25" number="23">games</token>
<token t_id="655" sentence="25" number="24">in</token>
<token t_id="656" sentence="25" number="25">China</token>
<token t_id="657" sentence="25" number="26">,</token>
<token t_id="658" sentence="25" number="27">according</token>
<token t_id="659" sentence="25" number="28">to</token>
<token t_id="660" sentence="25" number="29">Trend</token>
<token t_id="661" sentence="25" number="30">Micro</token>
<token t_id="662" sentence="25" number="31">.</token>
<Markables>
<ACTION_OCCURRENCE m_id="33"  >
  <token_anchor t_id="10"/>
</ACTION_OCCURRENCE>
<ACTION_OCCURRENCE m_id="39"  >
  <token_anchor t_id="45"/>
</ACTION_OCCURRENCE>
<ACTION_OCCURRENCE m_id="23"  >
  <token_anchor t_id="28"/>
  <token_anchor t_id="29"/>
</ACTION_OCCURRENCE>
<ACTION_OCCURRENCE m_id="24"  >
  <token_anchor t_id="23"/>
</ACTION_OCCURRENCE>
<ACTION_OCCURRENCE m_id="26"  >
  <token_anchor t_id="15"/>
</ACTION_OCCURRENCE>
<ACTION_OCCURRENCE m_id="27"  >
  <token_anchor t_id="40"/>
</ACTION_OCCURRENCE>
<ACTION_REPORTING m_id="34"  >
  <token_anchor t_id="36"/>
</ACTION_REPORTING>
<ACTION_STATE m_id="40"  >
  <token_anchor t_id="48"/>
</ACTION_STATE>
<ACTION_STATE m_id="42"  >
  <token_anchor t_id="12"/>
</ACTION_STATE>
<ACTION_STATE m_id="43"  >
  <token_anchor t_id="37"/>
</ACTION_STATE>
<HUMAN_PART_ORG m_id="30"  >
  <token_anchor t_id="7"/>
</HUMAN_PART_ORG>
<HUMAN_PART_PER m_id="41"  >
  <token_anchor t_id="47"/>
</HUMAN_PART_PER>
<HUMAN_PART_PER m_id="28"  >
  <token_anchor t_id="21"/>
</HUMAN_PART_PER>
<HUMAN_PART_PER m_id="29"  >
  <token_anchor t_id="43"/>
</HUMAN_PART_PER>
<NON_HUMAN_PART m_id="31"  >
  <token_anchor t_id="30"/>
</NON_HUMAN_PART>
<NON_HUMAN_PART m_id="35"  >
  <token_anchor t_id="19"/>
</NON_HUMAN_PART>
<NON_HUMAN_PART m_id="36"  >
  <token_anchor t_id="42"/>
</NON_HUMAN_PART>
<NON_HUMAN_PART m_id="37"  >
  <token_anchor t_id="13"/>
</NON_HUMAN_PART>
<NON_HUMAN_PART m_id="38"  >
  <token_anchor t_id="38"/>
  <token_anchor t_id="39"/>
</NON_HUMAN_PART>
<NON_HUMAN_PART m_id="46"  >
  <token_anchor t_id="34"/>
</NON_HUMAN_PART>
<NON_HUMAN_PART m_id="25"  >
  <token_anchor t_id="24"/>
  <token_anchor t_id="25"/>
</NON_HUMAN_PART>
<TIME_DATE m_id="32"  >
  <token_anchor t_id="9"/>
</TIME_DATE>


<HUMAN_PART_ORG m_id="47" note="byCROMER" >
  <token_anchor t_id="35"/>
</HUMAN_PART_ORG>
<ACTION_CAUSATIVE m_id="48" note="byCROMER" >
  <token_anchor t_id="20"/>
</ACTION_CAUSATIVE>


<ACTION_OCCURRENCE m_id="59" RELATED_TO="" TAG_DESCRIPTOR="t27b_computers_hacked" instance_id="ACT16632565623246075" />
<ACTION_OCCURRENCE m_id="58" RELATED_TO="" TAG_DESCRIPTOR="t27b_releases_update" instance_id="ACT16632487083891659" />
<HUMAN_PART_ORG m_id="57" RELATED_TO="" TAG_DESCRIPTOR="t27_microsoft" instance_id="HUM16627702263331271" />
<NON_HUMAN_PART m_id="56" RELATED_TO="" TAG_DESCRIPTOR="t27_IE" instance_id="NON16628072497530110" />
<ACTION_OCCURRENCE m_id="55" RELATED_TO="" TAG_DESCRIPTOR="t27b_fix_vulnerability" instance_id="ACT16632539609441083" />
<ACTION_OCCURRENCE m_id="54" RELATED_TO="" TAG_DESCRIPTOR="t27b_exploiting_flaw" instance_id="ACT16759694191093666" />
<NON_HUMAN_PART m_id="53" RELATED_TO="" TAG_DESCRIPTOR="t27b_flaw" instance_id="NON16727620231965862" />
<HUMAN_PART_PER m_id="52" RELATED_TO="" TAG_DESCRIPTOR="t27_hackers_or_attackers" instance_id="HUM16627963455277878" />
<ACTION_CAUSATIVE m_id="51" RELATED_TO="" TAG_DESCRIPTOR="t27b_facilitating_attacks" instance_id="ACT27376725138038411" />
<NON_HUMAN_PART m_id="50" RELATED_TO="" TAG_DESCRIPTOR="t27b_computers" instance_id="NON16728230766371174" />
<ACTION_REPORTING m_id="49" RELATED_TO="" TAG_DESCRIPTOR="t27b_microsoft_says" instance_id="ACT16727656023335002" />
<ACTION_OCCURRENCE m_id="62" RELATED_TO="" TAG_DESCRIPTOR="t27b_hijack_ie" instance_id="ACT27376525645832010" />
<NON_HUMAN_PART m_id="61" RELATED_TO="" TAG_DESCRIPTOR="t27b_patch" instance_id="NON16727641175459595" />
<TIME_DATE m_id="60" RELATED_TO="" TAG_DESCRIPTOR="t27b_wednesday_patch" instance_id="TIM27376179174463069" />
</Markables>

<Relations>
<CROSS_DOC_COREF r_id="37445" note="ACT16727656023335002" >
  <source m_id="34" />
  <target m_id="49" />
</CROSS_DOC_COREF>
<CROSS_DOC_COREF r_id="37446" note="NON16728230766371174" >
  <source m_id="31" />
  <target m_id="50" />
</CROSS_DOC_COREF>
<CROSS_DOC_COREF r_id="37447" note="ACT27376725138038411" >
  <source m_id="48" />
  <target m_id="51" />
</CROSS_DOC_COREF>
<CROSS_DOC_COREF r_id="37448" note="HUM16627963455277878" >
  <source m_id="41" />
  <source m_id="28" />
  <source m_id="29" />
  <target m_id="52" />
</CROSS_DOC_COREF>
<CROSS_DOC_COREF r_id="37449" note="NON16727620231965862" >
  <source m_id="35" />
  <source m_id="36" />
  <target m_id="53" />
</CROSS_DOC_COREF>
<CROSS_DOC_COREF r_id="37450" note="ACT16759694191093666" >
  <source m_id="39" />
  <target m_id="54" />
</CROSS_DOC_COREF>
<CROSS_DOC_COREF r_id="37451" note="ACT16632539609441083" >
  <source m_id="26" />
  <source m_id="27" />
  <target m_id="55" />
</CROSS_DOC_COREF>
<CROSS_DOC_COREF r_id="37452" note="NON16628072497530110" >
  <source m_id="25" />
  <target m_id="56" />
</CROSS_DOC_COREF>
<CROSS_DOC_COREF r_id="37453" note="HUM16627702263331271" >
  <source m_id="47" />
  <source m_id="30" />
  <target m_id="57" />
</CROSS_DOC_COREF>
<CROSS_DOC_COREF r_id="37454" note="ACT16632487083891659" >
  <source m_id="33" />
  <target m_id="58" />
</CROSS_DOC_COREF>
<CROSS_DOC_COREF r_id="37455" note="ACT16632565623246075" >
  <source m_id="23" />
  <target m_id="59" />
</CROSS_DOC_COREF>
<CROSS_DOC_COREF r_id="37456" note="TIM27376179174463069" >
  <source m_id="32" />
  <target m_id="60" />
</CROSS_DOC_COREF>
<CROSS_DOC_COREF r_id="37457" note="NON16727641175459595" >
  <source m_id="37" />
  <source m_id="38" />
  <target m_id="61" />
</CROSS_DOC_COREF>
<CROSS_DOC_COREF r_id="37458" note="ACT27376525645832010" >
  <source m_id="24" />
  <target m_id="62" />
</CROSS_DOC_COREF>

</Relations>
</Document>
