<Document doc_name="27_2ecb.xml" doc_id="DOC15654894808287296">
<token t_id="1" sentence="0" number="0">Microsoft</token>
<token t_id="2" sentence="0" number="1">Patches</token>
<token t_id="3" sentence="0" number="2">IE</token>
<token t_id="4" sentence="0" number="3">,</token>
<token t_id="5" sentence="0" number="4">But</token>
<token t_id="6" sentence="0" number="5">Security</token>
<token t_id="7" sentence="0" number="6">Issues</token>
<token t_id="8" sentence="0" number="7">Remain</token>
<token t_id="9" sentence="1" number="0">As</token>
<token t_id="10" sentence="1" number="1">usual</token>
<token t_id="11" sentence="1" number="2">,</token>
<token t_id="12" sentence="1" number="3">the</token>
<token t_id="13" sentence="1" number="4">bad</token>
<token t_id="14" sentence="1" number="5">guys</token>
<token t_id="15" sentence="1" number="6">are</token>
<token t_id="16" sentence="1" number="7">ahead</token>
<token t_id="17" sentence="1" number="8">in</token>
<token t_id="18" sentence="1" number="9">the</token>
<token t_id="19" sentence="1" number="10">tug-of-war</token>
<token t_id="20" sentence="1" number="11">over</token>
<token t_id="21" sentence="1" number="12">security</token>
<token t_id="22" sentence="1" number="13">.</token>
<token t_id="23" sentence="2" number="0">Microsoft</token>
<token t_id="24" sentence="2" number="1">today</token>
<token t_id="25" sentence="2" number="2">released</token>
<token t_id="26" sentence="2" number="3">a</token>
<token t_id="27" sentence="2" number="4">patch</token>
<token t_id="28" sentence="2" number="5">for</token>
<token t_id="29" sentence="2" number="6">the</token>
<token t_id="30" sentence="2" number="7">latest</token>
<token t_id="31" sentence="2" number="8">Internet</token>
<token t_id="32" sentence="2" number="9">Explorer</token>
<token t_id="33" sentence="2" number="10">(</token>
<token t_id="34" sentence="2" number="11">IE</token>
<token t_id="35" sentence="2" number="12">)</token>
<token t_id="36" sentence="2" number="13">browser</token>
<token t_id="37" sentence="2" number="14">vulnerability</token>
<token t_id="38" sentence="2" number="15">that</token>
<token t_id="39" sentence="2" number="16">has</token>
<token t_id="40" sentence="2" number="17">been</token>
<token t_id="41" sentence="2" number="18">in</token>
<token t_id="42" sentence="2" number="19">the</token>
<token t_id="43" sentence="2" number="20">news</token>
<token t_id="44" sentence="2" number="21">since</token>
<token t_id="45" sentence="2" number="22">last</token>
<token t_id="46" sentence="2" number="23">week</token>
<token t_id="47" sentence="2" number="24">.</token>
<token t_id="48" sentence="3" number="0">However</token>
<token t_id="49" sentence="3" number="1">,</token>
<token t_id="50" sentence="3" number="2">malware</token>
<token t_id="51" sentence="3" number="3">authors</token>
<token t_id="52" sentence="3" number="4">have</token>
<token t_id="53" sentence="3" number="5">already</token>
<token t_id="54" sentence="3" number="6">begun</token>
<token t_id="55" sentence="3" number="7">pushing</token>
<token t_id="56" sentence="3" number="8">out</token>
<token t_id="57" sentence="3" number="9">customized</token>
<token t_id="58" sentence="3" number="10">variants</token>
<token t_id="59" sentence="3" number="11">of</token>
<token t_id="60" sentence="3" number="12">the</token>
<token t_id="61" sentence="3" number="13">flaw</token>
<token t_id="62" sentence="3" number="14">that</token>
<token t_id="63" sentence="3" number="15">the</token>
<token t_id="64" sentence="3" number="16">Microsoft</token>
<token t_id="65" sentence="3" number="17">patch</token>
<token t_id="66" sentence="3" number="18">may</token>
<token t_id="67" sentence="3" number="19">not</token>
<token t_id="68" sentence="3" number="20">address</token>
<token t_id="69" sentence="3" number="21">.</token>
<token t_id="70" sentence="4" number="0">The</token>
<token t_id="71" sentence="4" number="1">vulnerability</token>
<token t_id="72" sentence="4" number="2">,</token>
<token t_id="73" sentence="4" number="3">rooted</token>
<token t_id="74" sentence="4" number="4">in</token>
<token t_id="75" sentence="4" number="5">IE</token>
<token t_id="76" sentence="4" number="6">'s</token>
<token t_id="77" sentence="4" number="7">XML</token>
<token t_id="78" sentence="4" number="8">parser</token>
<token t_id="79" sentence="4" number="9">,</token>
<token t_id="80" sentence="4" number="10">lets</token>
<token t_id="81" sentence="4" number="11">attackers</token>
<token t_id="82" sentence="4" number="12">execute</token>
<token t_id="83" sentence="4" number="13">code</token>
<token t_id="84" sentence="4" number="14">on</token>
<token t_id="85" sentence="4" number="15">their</token>
<token t_id="86" sentence="4" number="16">victims</token>
<token t_id="87" sentence="4" number="17">'</token>
<token t_id="88" sentence="4" number="18">PCs</token>
<token t_id="89" sentence="4" number="19">.</token>
<token t_id="90" sentence="5" number="0">By</token>
<token t_id="91" sentence="5" number="1">Saturday</token>
<token t_id="92" sentence="5" number="2">,</token>
<token t_id="93" sentence="5" number="3">at</token>
<token t_id="94" sentence="5" number="4">least</token>
<token t_id="95" sentence="5" number="5">6,000</token>
<token t_id="96" sentence="5" number="6">Web</token>
<token t_id="97" sentence="5" number="7">sites</token>
<token t_id="98" sentence="5" number="8">had</token>
<token t_id="99" sentence="5" number="9">been</token>
<token t_id="100" sentence="5" number="10">infected</token>
<token t_id="101" sentence="5" number="11">and</token>
<token t_id="102" sentence="5" number="12">the</token>
<token t_id="103" sentence="5" number="13">number</token>
<token t_id="104" sentence="5" number="14">is</token>
<token t_id="105" sentence="5" number="15">growing</token>
<token t_id="106" sentence="5" number="16">though</token>
<token t_id="107" sentence="5" number="17">ascertaining</token>
<token t_id="108" sentence="5" number="18">the</token>
<token t_id="109" sentence="5" number="19">exact</token>
<token t_id="110" sentence="5" number="20">number</token>
<token t_id="111" sentence="5" number="21">is</token>
<token t_id="112" sentence="5" number="22">difficult</token>
<token t_id="113" sentence="5" number="23">.</token>
<token t_id="114" sentence="6" number="0">However</token>
<token t_id="115" sentence="6" number="1">,</token>
<token t_id="116" sentence="6" number="2">security</token>
<token t_id="117" sentence="6" number="3">experts</token>
<token t_id="118" sentence="6" number="4">say</token>
<token t_id="119" sentence="6" number="5">things</token>
<token t_id="120" sentence="6" number="6">will</token>
<token t_id="121" sentence="6" number="7">get</token>
<token t_id="122" sentence="6" number="8">much</token>
<token t_id="123" sentence="6" number="9">worse</token>
<token t_id="124" sentence="6" number="10">,</token>
<token t_id="125" sentence="6" number="11">even</token>
<token t_id="126" sentence="6" number="12">if</token>
<token t_id="127" sentence="6" number="13">users</token>
<token t_id="128" sentence="6" number="14">follow</token>
<token t_id="129" sentence="6" number="15">Microsoft</token>
<token t_id="130" sentence="6" number="16">'s</token>
<token t_id="131" sentence="6" number="17">(</token>
<token t_id="132" sentence="6" number="18">NASDAQ</token>
<token t_id="133" sentence="6" number="19">:</token>
<token t_id="134" sentence="6" number="20">MSFT</token>
<token t_id="135" sentence="6" number="21">)</token>
<token t_id="136" sentence="6" number="22">advice</token>
<token t_id="137" sentence="6" number="23">to</token>
<token t_id="138" sentence="6" number="24">install</token>
<token t_id="139" sentence="6" number="25">the</token>
<token t_id="140" sentence="6" number="26">patch</token>
<token t_id="141" sentence="6" number="27">immediately</token>
<token t_id="142" sentence="6" number="28">.</token>
<token t_id="143" sentence="7" number="0">Currently</token>
<token t_id="144" sentence="7" number="1">attacks</token>
<token t_id="145" sentence="7" number="2">have</token>
<token t_id="146" sentence="7" number="3">only</token>
<token t_id="147" sentence="7" number="4">targeted</token>
<token t_id="148" sentence="7" number="5">IE</token>
<token t_id="149" sentence="7" number="6">7</token>
<token t_id="150" sentence="7" number="7">,</token>
<token t_id="151" sentence="7" number="8">Christopher</token>
<token t_id="152" sentence="7" number="9">Budd</token>
<token t_id="153" sentence="7" number="10">,</token>
<token t_id="154" sentence="7" number="11">security</token>
<token t_id="155" sentence="7" number="12">response</token>
<token t_id="156" sentence="7" number="13">communications</token>
<token t_id="157" sentence="7" number="14">lead</token>
<token t_id="158" sentence="7" number="15">at</token>
<token t_id="159" sentence="7" number="16">Microsoft</token>
<token t_id="160" sentence="7" number="17">,</token>
<token t_id="161" sentence="7" number="18">said</token>
<token t_id="162" sentence="7" number="19">in</token>
<token t_id="163" sentence="7" number="20">a</token>
<token t_id="164" sentence="7" number="21">statement</token>
<token t_id="165" sentence="7" number="22">.</token>
<token t_id="166" sentence="8" number="0">They</token>
<token t_id="167" sentence="8" number="1">have</token>
<token t_id="168" sentence="8" number="2">not</token>
<token t_id="169" sentence="8" number="3">been</token>
<token t_id="170" sentence="8" number="4">successful</token>
<token t_id="171" sentence="8" number="5">against</token>
<token t_id="172" sentence="8" number="6">systems</token>
<token t_id="173" sentence="8" number="7">where</token>
<token t_id="174" sentence="8" number="8">the</token>
<token t_id="175" sentence="8" number="9">patch</token>
<token t_id="176" sentence="8" number="10">has</token>
<token t_id="177" sentence="8" number="11">been</token>
<token t_id="178" sentence="8" number="12">applied</token>
<token t_id="179" sentence="8" number="13">,</token>
<token t_id="180" sentence="8" number="14">according</token>
<token t_id="181" sentence="8" number="15">to</token>
<token t_id="182" sentence="8" number="16">Budd</token>
<token t_id="183" sentence="8" number="17">.</token>
<token t_id="184" sentence="9" number="0">Microsoft</token>
<token t_id="185" sentence="9" number="1">is</token>
<token t_id="186" sentence="9" number="2">hosting</token>
<token t_id="187" sentence="9" number="3">two</token>
<token t_id="188" sentence="9" number="4">Webcasts</token>
<token t_id="189" sentence="9" number="5">to</token>
<token t_id="190" sentence="9" number="6">address</token>
<token t_id="191" sentence="9" number="7">customer</token>
<token t_id="192" sentence="9" number="8">questions</token>
<token t_id="193" sentence="9" number="9">about</token>
<token t_id="194" sentence="9" number="10">the</token>
<token t_id="195" sentence="9" number="11">security</token>
<token t_id="196" sentence="9" number="12">bulletin</token>
<token t_id="197" sentence="9" number="13">.</token>
<token t_id="198" sentence="10" number="0">The</token>
<token t_id="199" sentence="10" number="1">first</token>
<token t_id="200" sentence="10" number="2">was</token>
<token t_id="201" sentence="10" number="3">set</token>
<token t_id="202" sentence="10" number="4">for</token>
<token t_id="203" sentence="10" number="5">1</token>
<token t_id="204" sentence="10" number="6">p.m.</token>
<token t_id="205" sentence="10" number="7">PDT</token>
<token t_id="206" sentence="10" number="8">today</token>
<token t_id="207" sentence="10" number="9">and</token>
<token t_id="208" sentence="10" number="10">11</token>
<token t_id="209" sentence="10" number="11">a.m.</token>
<token t_id="210" sentence="10" number="12">PDT</token>
<token t_id="211" sentence="10" number="13">tomorrow</token>
<token t_id="212" sentence="10" number="14">in</token>
<token t_id="213" sentence="10" number="15">the</token>
<token t_id="214" sentence="10" number="16">U.S.</token>
<token t_id="215" sentence="10" number="17">and</token>
<token t_id="216" sentence="10" number="18">Canada</token>
<token t_id="217" sentence="10" number="19">.</token>
<token t_id="218" sentence="11" number="0">The</token>
<token t_id="219" sentence="11" number="1">Webcast</token>
<token t_id="220" sentence="11" number="2">will</token>
<token t_id="221" sentence="11" number="3">be</token>
<token t_id="222" sentence="11" number="4">available</token>
<token t_id="223" sentence="11" number="5">on</token>
<token t_id="224" sentence="11" number="6">demand</token>
<token t_id="225" sentence="11" number="7">after</token>
<token t_id="226" sentence="11" number="8">that</token>
<token t_id="227" sentence="11" number="9">.</token>
<token t_id="228" sentence="12" number="0">According</token>
<token t_id="229" sentence="12" number="1">to</token>
<token t_id="230" sentence="12" number="2">researcher</token>
<token t_id="231" sentence="12" number="3">Rahul</token>
<token t_id="232" sentence="12" number="4">Mohandas</token>
<token t_id="233" sentence="12" number="5">on</token>
<token t_id="234" sentence="12" number="6">the</token>
<token t_id="235" sentence="12" number="7">McAfee</token>
<token t_id="236" sentence="12" number="8">(</token>
<token t_id="237" sentence="12" number="9">NYSE</token>
<token t_id="238" sentence="12" number="10">:</token>
<token t_id="239" sentence="12" number="11">MFE</token>
<token t_id="240" sentence="12" number="12">)</token>
<token t_id="241" sentence="12" number="13">Avert</token>
<token t_id="242" sentence="12" number="14">Labs</token>
<token t_id="243" sentence="12" number="15">blog</token>
<token t_id="244" sentence="12" number="16">,</token>
<token t_id="245" sentence="12" number="17">malware</token>
<token t_id="246" sentence="12" number="18">authors</token>
<token t_id="247" sentence="12" number="19">have</token>
<token t_id="248" sentence="12" number="20">already</token>
<token t_id="249" sentence="12" number="21">begun</token>
<token t_id="250" sentence="12" number="22">issuing</token>
<token t_id="251" sentence="12" number="23">customized</token>
<token t_id="252" sentence="12" number="24">version</token>
<token t_id="253" sentence="12" number="25">of</token>
<token t_id="254" sentence="12" number="26">the</token>
<token t_id="255" sentence="12" number="27">IE</token>
<token t_id="256" sentence="12" number="28">exploit</token>
<token t_id="257" sentence="12" number="29">with</token>
<token t_id="258" sentence="12" number="30">various</token>
<token t_id="259" sentence="12" number="31">degrees</token>
<token t_id="260" sentence="12" number="32">of</token>
<token t_id="261" sentence="12" number="33">stealth</token>
<token t_id="262" sentence="12" number="34">.</token>
<token t_id="263" sentence="13" number="0">One</token>
<token t_id="264" sentence="13" number="1">of</token>
<token t_id="265" sentence="13" number="2">the</token>
<token t_id="266" sentence="13" number="3">most</token>
<token t_id="267" sentence="13" number="4">prominent</token>
<token t_id="268" sentence="13" number="5">techniques</token>
<token t_id="269" sentence="13" number="6">is</token>
<token t_id="270" sentence="13" number="7">where</token>
<token t_id="271" sentence="13" number="8">the</token>
<token t_id="272" sentence="13" number="9">attacker</token>
<token t_id="273" sentence="13" number="10">sends</token>
<token t_id="274" sentence="13" number="11">victims</token>
<token t_id="275" sentence="13" number="12">a</token>
<token t_id="276" sentence="13" number="13">Microsoft</token>
<token t_id="277" sentence="13" number="14">Word</token>
<token t_id="278" sentence="13" number="15">document</token>
<token t_id="279" sentence="13" number="16">by</token>
<token t_id="280" sentence="13" number="17">e-mail</token>
<token t_id="281" sentence="13" number="18">that</token>
<token t_id="282" sentence="13" number="19">contains</token>
<token t_id="283" sentence="13" number="20">an</token>
<token t_id="284" sentence="13" number="21">embedded</token>
<token t_id="285" sentence="13" number="22">ActiveX</token>
<token t_id="286" sentence="13" number="23">control</token>
<token t_id="287" sentence="13" number="24">triggered</token>
<token t_id="288" sentence="13" number="25">when</token>
<token t_id="289" sentence="13" number="26">the</token>
<token t_id="290" sentence="13" number="27">document</token>
<token t_id="291" sentence="13" number="28">is</token>
<token t_id="292" sentence="13" number="29">opened</token>
<token t_id="293" sentence="13" number="30">.</token>
<token t_id="294" sentence="14" number="0">This</token>
<token t_id="295" sentence="14" number="1">exploit</token>
<token t_id="296" sentence="14" number="2">was</token>
<token t_id="297" sentence="14" number="3">listed</token>
<token t_id="298" sentence="14" number="4">as</token>
<token t_id="299" sentence="14" number="5">one</token>
<token t_id="300" sentence="14" number="6">of</token>
<token t_id="301" sentence="14" number="7">the</token>
<token t_id="302" sentence="14" number="8">SysAdmin</token>
<token t_id="303" sentence="14" number="9">,</token>
<token t_id="304" sentence="14" number="10">Audit</token>
<token t_id="305" sentence="14" number="11">,</token>
<token t_id="306" sentence="14" number="12">Network</token>
<token t_id="307" sentence="14" number="13">,</token>
<token t_id="308" sentence="14" number="14">Security</token>
<token t_id="309" sentence="14" number="15">(</token>
<token t_id="310" sentence="14" number="16">SANS</token>
<token t_id="311" sentence="14" number="17">)</token>
<token t_id="312" sentence="14" number="18">Institute</token>
<token t_id="313" sentence="14" number="19">'s</token>
<token t_id="314" sentence="14" number="20">top</token>
<token t_id="315" sentence="14" number="21">20</token>
<token t_id="316" sentence="14" number="22">security</token>
<token t_id="317" sentence="14" number="23">risks</token>
<token t_id="318" sentence="14" number="24">in</token>
<token t_id="319" sentence="14" number="25">2007</token>
<token t_id="320" sentence="14" number="26">.</token>
<token t_id="321" sentence="15" number="0">Victims</token>
<token t_id="322" sentence="15" number="1">of</token>
<token t_id="323" sentence="15" number="2">the</token>
<token t_id="324" sentence="15" number="3">latest</token>
<token t_id="325" sentence="15" number="4">exploit</token>
<token t_id="326" sentence="15" number="5">are</token>
<token t_id="327" sentence="15" number="6">hit</token>
<token t_id="328" sentence="15" number="7">by</token>
<token t_id="329" sentence="15" number="8">drive-by</token>
<token t_id="330" sentence="15" number="9">injection</token>
<token t_id="331" sentence="15" number="10">attacks</token>
<token t_id="332" sentence="15" number="11">,</token>
<token t_id="333" sentence="15" number="12">where</token>
<token t_id="334" sentence="15" number="13">they</token>
<token t_id="335" sentence="15" number="14">go</token>
<token t_id="336" sentence="15" number="15">to</token>
<token t_id="337" sentence="15" number="16">a</token>
<token t_id="338" sentence="15" number="17">compromised</token>
<token t_id="339" sentence="15" number="18">Web</token>
<token t_id="340" sentence="15" number="19">site</token>
<token t_id="341" sentence="15" number="20">that</token>
<token t_id="342" sentence="15" number="21">automatically</token>
<token t_id="343" sentence="15" number="22">downloads</token>
<token t_id="344" sentence="15" number="23">malicious</token>
<token t_id="345" sentence="15" number="24">code</token>
<token t_id="346" sentence="15" number="25">onto</token>
<token t_id="347" sentence="15" number="26">their</token>
<token t_id="348" sentence="15" number="27">Web</token>
<token t_id="349" sentence="15" number="28">site</token>
<token t_id="350" sentence="15" number="29">.</token>
<token t_id="351" sentence="16" number="0">Malware</token>
<token t_id="352" sentence="16" number="1">authors</token>
<token t_id="353" sentence="16" number="2">have</token>
<token t_id="354" sentence="16" number="3">come</token>
<token t_id="355" sentence="16" number="4">up</token>
<token t_id="356" sentence="16" number="5">with</token>
<token t_id="357" sentence="16" number="6">a</token>
<token t_id="358" sentence="16" number="7">new</token>
<token t_id="359" sentence="16" number="8">twist</token>
<token t_id="360" sentence="16" number="9">on</token>
<token t_id="361" sentence="16" number="10">this</token>
<token t_id="362" sentence="16" number="11">,</token>
<token t_id="363" sentence="16" number="12">Dave</token>
<token t_id="364" sentence="16" number="13">Marcus</token>
<token t_id="365" sentence="16" number="14">,</token>
<token t_id="366" sentence="16" number="15">security</token>
<token t_id="367" sentence="16" number="16">research</token>
<token t_id="368" sentence="16" number="17">and</token>
<token t_id="369" sentence="16" number="18">communications</token>
<token t_id="370" sentence="16" number="19">director</token>
<token t_id="371" sentence="16" number="20">at</token>
<token t_id="372" sentence="16" number="21">McAfee</token>
<token t_id="373" sentence="16" number="22">Labs</token>
<token t_id="374" sentence="16" number="23">,</token>
<token t_id="375" sentence="16" number="24">told</token>
<token t_id="376" sentence="16" number="25">InternetNews.com</token>
<token t_id="377" sentence="16" number="26">.</token>
<token t_id="378" sentence="17" number="0">They</token>
<token t_id="379" sentence="17" number="1">plant</token>
<token t_id="380" sentence="17" number="2">an</token>
<token t_id="381" sentence="17" number="3">IFrame</token>
<token t_id="382" sentence="17" number="4">onto</token>
<token t_id="383" sentence="17" number="5">a</token>
<token t_id="384" sentence="17" number="6">legitimate</token>
<token t_id="385" sentence="17" number="7">site</token>
<token t_id="386" sentence="17" number="8">and</token>
<token t_id="387" sentence="17" number="9">the</token>
<token t_id="388" sentence="17" number="10">IFrame</token>
<token t_id="389" sentence="17" number="11">redirects</token>
<token t_id="390" sentence="17" number="12">unsuspecting</token>
<token t_id="391" sentence="17" number="13">visitors</token>
<token t_id="392" sentence="17" number="14">to</token>
<token t_id="393" sentence="17" number="15">the</token>
<token t_id="394" sentence="17" number="16">site</token>
<token t_id="395" sentence="17" number="17">hosting</token>
<token t_id="396" sentence="17" number="18">the</token>
<token t_id="397" sentence="17" number="19">malicious</token>
<token t_id="398" sentence="17" number="20">code</token>
<token t_id="399" sentence="17" number="21">.</token>
<token t_id="400" sentence="18" number="0">An</token>
<token t_id="401" sentence="18" number="1">IFrame</token>
<token t_id="402" sentence="18" number="2">is</token>
<token t_id="403" sentence="18" number="3">an</token>
<token t_id="404" sentence="18" number="4">HTML</token>
<token t_id="405" sentence="18" number="5">element</token>
<token t_id="406" sentence="18" number="6">that</token>
<token t_id="407" sentence="18" number="7">lets</token>
<token t_id="408" sentence="18" number="8">users</token>
<token t_id="409" sentence="18" number="9">embed</token>
<token t_id="410" sentence="18" number="10">an</token>
<token t_id="411" sentence="18" number="11">HTML</token>
<token t_id="412" sentence="18" number="12">document</token>
<token t_id="413" sentence="18" number="13">inside</token>
<token t_id="414" sentence="18" number="14">another</token>
<token t_id="415" sentence="18" number="15">HTML</token>
<token t_id="416" sentence="18" number="16">document</token>
<token t_id="417" sentence="18" number="17">.</token>
<token t_id="418" sentence="19" number="0">The</token>
<token t_id="419" sentence="19" number="1">CBS</token>
<token t_id="420" sentence="19" number="2">(</token>
<token t_id="421" sentence="19" number="3">NYSE</token>
<token t_id="422" sentence="19" number="4">:</token>
<token t_id="423" sentence="19" number="5">CBS</token>
<token t_id="424" sentence="19" number="6">)</token>
<token t_id="425" sentence="19" number="7">TV</token>
<token t_id="426" sentence="19" number="8">network</token>
<token t_id="427" sentence="19" number="9">site</token>
<token t_id="428" sentence="19" number="10">was</token>
<token t_id="429" sentence="19" number="11">hit</token>
<token t_id="430" sentence="19" number="12">by</token>
<token t_id="431" sentence="19" number="13">an</token>
<token t_id="432" sentence="19" number="14">IFrame</token>
<token t_id="433" sentence="19" number="15">attack</token>
<token t_id="434" sentence="19" number="16">on</token>
<token t_id="435" sentence="19" number="17">November</token>
<token t_id="436" sentence="19" number="18">11</token>
<token t_id="437" sentence="19" number="19">that</token>
<token t_id="438" sentence="19" number="20">saw</token>
<token t_id="439" sentence="19" number="21">visitors</token>
<token t_id="440" sentence="19" number="22">redirected</token>
<token t_id="441" sentence="19" number="23">to</token>
<token t_id="442" sentence="19" number="24">a</token>
<token t_id="443" sentence="19" number="25">server</token>
<token t_id="444" sentence="19" number="26">in</token>
<token t_id="445" sentence="19" number="27">Russia</token>
<token t_id="446" sentence="19" number="28">,</token>
<token t_id="447" sentence="19" number="29">according</token>
<token t_id="448" sentence="19" number="30">to</token>
<token t_id="449" sentence="19" number="31">security</token>
<token t_id="450" sentence="19" number="32">company</token>
<token t_id="451" sentence="19" number="33">Finjan</token>
<token t_id="452" sentence="19" number="34">'s</token>
<token t_id="453" sentence="19" number="35">MCRC</token>
<token t_id="454" sentence="19" number="36">blog</token>
<token t_id="455" sentence="19" number="37">on</token>
<token t_id="456" sentence="19" number="38">November</token>
<token t_id="457" sentence="19" number="39">27</token>
<token t_id="458" sentence="19" number="40">.</token>
<token t_id="459" sentence="20" number="0">``</token>
<token t_id="460" sentence="20" number="1">We</token>
<token t_id="461" sentence="20" number="2">'ve</token>
<token t_id="462" sentence="20" number="3">seen</token>
<token t_id="463" sentence="20" number="4">an</token>
<token t_id="464" sentence="20" number="5">awful</token>
<token t_id="465" sentence="20" number="6">lot</token>
<token t_id="466" sentence="20" number="7">of</token>
<token t_id="467" sentence="20" number="8">sites</token>
<token t_id="468" sentence="20" number="9">that</token>
<token t_id="469" sentence="20" number="10">have</token>
<token t_id="470" sentence="20" number="11">been</token>
<token t_id="471" sentence="20" number="12">compromised</token>
<token t_id="472" sentence="20" number="13">with</token>
<token t_id="473" sentence="20" number="14">the</token>
<token t_id="474" sentence="20" number="15">IFrame</token>
<token t_id="475" sentence="20" number="16">on</token>
<token t_id="476" sentence="20" number="17">them</token>
<token t_id="477" sentence="20" number="18">,</token>
<token t_id="478" sentence="20" number="19">''</token>
<token t_id="479" sentence="20" number="20">Marcus</token>
<token t_id="480" sentence="20" number="21">said</token>
<token t_id="481" sentence="20" number="22">.</token>
<token t_id="482" sentence="21" number="0">``</token>
<token t_id="483" sentence="21" number="1">It</token>
<token t_id="484" sentence="21" number="2">'s</token>
<token t_id="485" sentence="21" number="3">a</token>
<token t_id="486" sentence="21" number="4">very</token>
<token t_id="487" sentence="21" number="5">Web</token>
<token t_id="488" sentence="21" number="6">2.0</token>
<token t_id="489" sentence="21" number="7">way</token>
<token t_id="490" sentence="21" number="8">of</token>
<token t_id="491" sentence="21" number="9">spreading</token>
<token t_id="492" sentence="21" number="10">malware</token>
<token t_id="493" sentence="21" number="11">.</token>
<token t_id="494" sentence="21" number="12">''</token>
<Markables>
<ACTION_OCCURRENCE m_id="10"  >
  <token_anchor t_id="43"/>
</ACTION_OCCURRENCE>
<ACTION_OCCURRENCE m_id="12"  >
  <token_anchor t_id="25"/>
</ACTION_OCCURRENCE>
<HUMAN_PART_ORG m_id="11"  >
  <token_anchor t_id="23"/>
</HUMAN_PART_ORG>
<NON_HUMAN_PART m_id="17"  >
  <token_anchor t_id="31"/>
  <token_anchor t_id="32"/>
</NON_HUMAN_PART>
<NON_HUMAN_PART m_id="9"  >
  <token_anchor t_id="27"/>
</NON_HUMAN_PART>
<NON_HUMAN_PART m_id="14"  >
  <token_anchor t_id="37"/>
</NON_HUMAN_PART>
<NON_HUMAN_PART m_id="15"  >
  <token_anchor t_id="38"/>
</NON_HUMAN_PART>
<TIME_DATE m_id="13"  >
  <token_anchor t_id="24"/>
</TIME_DATE>
<TIME_DATE m_id="16"  >
  <token_anchor t_id="44"/>
  <token_anchor t_id="45"/>
  <token_anchor t_id="46"/>
</TIME_DATE>




<HUMAN_PART_ORG m_id="23" RELATED_TO="" TAG_DESCRIPTOR="t27_microsoft" instance_id="HUM16627702263331271" />
<NON_HUMAN_PART m_id="22" RELATED_TO="" TAG_DESCRIPTOR="t27_IE" instance_id="NON16628072497530110" />
<NON_HUMAN_PART m_id="21" RELATED_TO="" TAG_DESCRIPTOR="t27b_patch" instance_id="NON16727641175459595" />
<TIME_DATE m_id="19" RELATED_TO="" TAG_DESCRIPTOR="t27b_wednesday_patch" instance_id="TIM27376179174463069" />
<NON_HUMAN_PART m_id="20" RELATED_TO="" TAG_DESCRIPTOR="t27b_flaw" instance_id="NON16727620231965862" />
<ACTION_OCCURRENCE m_id="18" RELATED_TO="" TAG_DESCRIPTOR="t27b_releases_update" instance_id="ACT16632487083891659" />
</Markables>

<Relations>
<CROSS_DOC_COREF r_id="37388" note="ACT16632487083891659" >
  <source m_id="12" />
  <target m_id="18" />
</CROSS_DOC_COREF>
<CROSS_DOC_COREF r_id="37389" note="TIM27376179174463069" >
  <source m_id="13" />
  <target m_id="19" />
</CROSS_DOC_COREF>
<CROSS_DOC_COREF r_id="37390" note="NON16727620231965862" >
  <source m_id="14" />
  <source m_id="15" />
  <target m_id="20" />
</CROSS_DOC_COREF>
<CROSS_DOC_COREF r_id="37391" note="NON16727641175459595" >
  <source m_id="9" />
  <target m_id="21" />
</CROSS_DOC_COREF>
<CROSS_DOC_COREF r_id="37392" note="NON16628072497530110" >
  <source m_id="17" />
  <target m_id="22" />
</CROSS_DOC_COREF>
<CROSS_DOC_COREF r_id="37393" note="HUM16627702263331271" >
  <source m_id="11" />
  <target m_id="23" />
</CROSS_DOC_COREF>

</Relations>
</Document>
