<Document doc_name="27_3ecb.xml" doc_id="DOC15654895330953032">
<token t_id="1" sentence="0" number="0">Critical</token>
<token t_id="2" sentence="0" number="1">IE</token>
<token t_id="3" sentence="0" number="2">patch</token>
<token t_id="4" sentence="0" number="3">now</token>
<token t_id="5" sentence="0" number="4">available</token>
<token t_id="6" sentence="0" number="5">:</token>
<token t_id="7" sentence="0" number="6">go</token>
<token t_id="8" sentence="0" number="7">get</token>
<token t_id="9" sentence="0" number="8">it</token>
<token t_id="10" sentence="0" number="9">!</token>
<token t_id="11" sentence="1" number="0">In</token>
<token t_id="12" sentence="1" number="1">Thursday</token>
<token t_id="13" sentence="1" number="2">'s</token>
<token t_id="14" sentence="1" number="3">IT</token>
<token t_id="15" sentence="1" number="4">Blogwatch</token>
<token t_id="16" sentence="1" number="5">,</token>
<token t_id="17" sentence="1" number="6">Richi</token>
<token t_id="18" sentence="1" number="7">Jennings</token>
<token t_id="19" sentence="1" number="8">watches</token>
<token t_id="20" sentence="1" number="9">bloggers</token>
<token t_id="21" sentence="1" number="10">watch</token>
<token t_id="22" sentence="1" number="11">Microsoft</token>
<token t_id="23" sentence="1" number="12">'s</token>
<token t_id="24" sentence="1" number="13">latest</token>
<token t_id="25" sentence="1" number="14">out-of-cycle</token>
<token t_id="26" sentence="1" number="15">,</token>
<token t_id="27" sentence="1" number="16">critical</token>
<token t_id="28" sentence="1" number="17">patch</token>
<token t_id="29" sentence="1" number="18">for</token>
<token t_id="30" sentence="1" number="19">Internet</token>
<token t_id="31" sentence="1" number="20">Explorer</token>
<token t_id="32" sentence="1" number="21">.</token>
<token t_id="33" sentence="2" number="0">Not</token>
<token t_id="34" sentence="2" number="1">to</token>
<token t_id="35" sentence="2" number="2">mention</token>
<token t_id="36" sentence="2" number="3">portability</token>
<token t_id="37" sentence="2" number="4">,</token>
<token t_id="38" sentence="2" number="5">1980</token>
<token t_id="39" sentence="2" number="6">'s</token>
<token t_id="40" sentence="2" number="7">style</token>
<token t_id="41" sentence="2" number="8">...</token>
<token t_id="42" sentence="3" number="0">As</token>
<token t_id="43" sentence="3" number="1">it</token>
<token t_id="44" sentence="3" number="2">promised</token>
<token t_id="45" sentence="3" number="3">[</token>
<token t_id="46" sentence="3" number="4">Tuesday</token>
<token t_id="47" sentence="3" number="5">]</token>
<token t_id="48" sentence="3" number="6">,</token>
<token t_id="49" sentence="3" number="7">Microsoft</token>
<token t_id="50" sentence="3" number="8">Corp.</token>
<token t_id="51" sentence="3" number="9">today</token>
<token t_id="52" sentence="3" number="10">issued</token>
<token t_id="53" sentence="3" number="11">an</token>
<token t_id="54" sentence="3" number="12">emergency</token>
<token t_id="55" sentence="3" number="13">patch</token>
<token t_id="56" sentence="3" number="14">to</token>
<token t_id="57" sentence="3" number="15">plug</token>
<token t_id="58" sentence="3" number="16">a</token>
<token t_id="59" sentence="3" number="17">critical</token>
<token t_id="60" sentence="3" number="18">hole</token>
<token t_id="61" sentence="3" number="19">in</token>
<token t_id="62" sentence="3" number="20">Internet</token>
<token t_id="63" sentence="3" number="21">Explorer</token>
<token t_id="64" sentence="3" number="22">(</token>
<token t_id="65" sentence="3" number="23">IE</token>
<token t_id="66" sentence="3" number="24">)</token>
<token t_id="67" sentence="3" number="25">that</token>
<token t_id="68" sentence="3" number="26">attackers</token>
<token t_id="69" sentence="3" number="27">have</token>
<token t_id="70" sentence="3" number="28">been</token>
<token t_id="71" sentence="3" number="29">increasingly</token>
<token t_id="72" sentence="3" number="30">exploiting</token>
<token t_id="73" sentence="3" number="31">from</token>
<token t_id="74" sentence="3" number="32">hacked</token>
<token t_id="75" sentence="3" number="33">Web</token>
<token t_id="76" sentence="3" number="34">sites</token>
<token t_id="77" sentence="3" number="35">.</token>
<token t_id="78" sentence="4" number="0">The</token>
<token t_id="79" sentence="4" number="1">patch</token>
<token t_id="80" sentence="4" number="2">,</token>
<token t_id="81" sentence="4" number="3">described</token>
<token t_id="82" sentence="4" number="4">in</token>
<token t_id="83" sentence="4" number="5">Microsoft</token>
<token t_id="84" sentence="4" number="6">'s</token>
<token t_id="85" sentence="4" number="7">security</token>
<token t_id="86" sentence="4" number="8">bulletin</token>
<token t_id="87" sentence="4" number="9">MS08-078</token>
<token t_id="88" sentence="4" number="10">,</token>
<token t_id="89" sentence="4" number="11">fixes</token>
<token t_id="90" sentence="4" number="12">a</token>
<token t_id="91" sentence="4" number="13">flaw</token>
<token t_id="92" sentence="4" number="14">in</token>
<token t_id="93" sentence="4" number="15">the</token>
<token t_id="94" sentence="4" number="16">data-binding</token>
<token t_id="95" sentence="4" number="17">function</token>
<token t_id="96" sentence="4" number="18">of</token>
<token t_id="97" sentence="4" number="19">all</token>
<token t_id="98" sentence="4" number="20">available</token>
<token t_id="99" sentence="4" number="21">versions</token>
<token t_id="100" sentence="4" number="22">of</token>
<token t_id="101" sentence="4" number="23">the</token>
<token t_id="102" sentence="4" number="24">popular</token>
<token t_id="103" sentence="4" number="25">browser</token>
<token t_id="104" sentence="4" number="26">,</token>
<token t_id="105" sentence="4" number="27">including</token>
<token t_id="106" sentence="4" number="28">IE5.01</token>
<token t_id="107" sentence="4" number="29">,</token>
<token t_id="108" sentence="4" number="30">IE6</token>
<token t_id="109" sentence="4" number="31">,</token>
<token t_id="110" sentence="4" number="32">IE7</token>
<token t_id="111" sentence="4" number="33">and</token>
<token t_id="112" sentence="4" number="34">IE8</token>
<token t_id="113" sentence="4" number="35">Beta</token>
<token t_id="114" sentence="4" number="36">2</token>
<token t_id="115" sentence="4" number="37">.</token>
<token t_id="116" sentence="5" number="0">Microsoft</token>
<token t_id="117" sentence="5" number="1">labeled</token>
<token t_id="118" sentence="5" number="2">the</token>
<token t_id="119" sentence="5" number="3">bug</token>
<token t_id="120" sentence="5" number="4">as</token>
<token t_id="121" sentence="5" number="5">``</token>
<token t_id="122" sentence="5" number="6">critical</token>
<token t_id="123" sentence="5" number="7">,</token>
<token t_id="124" sentence="5" number="8">''</token>
<token t_id="125" sentence="5" number="9">the</token>
<token t_id="126" sentence="5" number="10">most</token>
<token t_id="127" sentence="5" number="11">serious</token>
<token t_id="128" sentence="5" number="12">threat</token>
<token t_id="129" sentence="5" number="13">ranking</token>
<token t_id="130" sentence="5" number="14">in</token>
<token t_id="131" sentence="5" number="15">its</token>
<token t_id="132" sentence="5" number="16">four-step</token>
<token t_id="133" sentence="5" number="17">scoring</token>
<token t_id="134" sentence="5" number="18">system</token>
<token t_id="135" sentence="5" number="19">.</token>
<token t_id="136" sentence="6" number="0">According</token>
<token t_id="137" sentence="6" number="1">to</token>
<token t_id="138" sentence="6" number="2">both</token>
<token t_id="139" sentence="6" number="3">Microsoft</token>
<token t_id="140" sentence="6" number="4">and</token>
<token t_id="141" sentence="6" number="5">numerous</token>
<token t_id="142" sentence="6" number="6">security</token>
<token t_id="143" sentence="6" number="7">firms</token>
<token t_id="144" sentence="6" number="8">,</token>
<token t_id="145" sentence="6" number="9">attacks</token>
<token t_id="146" sentence="6" number="10">have</token>
<token t_id="147" sentence="6" number="11">been</token>
<token t_id="148" sentence="6" number="12">mounting</token>
<token t_id="149" sentence="6" number="13">,</token>
<token t_id="150" sentence="6" number="14">particularly</token>
<token t_id="151" sentence="6" number="15">since</token>
<token t_id="152" sentence="6" number="16">last</token>
<token t_id="153" sentence="6" number="17">weekend</token>
<token t_id="154" sentence="6" number="18">,</token>
<token t_id="155" sentence="6" number="19">when</token>
<token t_id="156" sentence="6" number="20">hackers</token>
<token t_id="157" sentence="6" number="21">began</token>
<token t_id="158" sentence="6" number="22">hijacking</token>
<token t_id="159" sentence="6" number="23">legitimate</token>
<token t_id="160" sentence="6" number="24">Web</token>
<token t_id="161" sentence="6" number="25">sites</token>
<token t_id="162" sentence="6" number="26">and</token>
<token t_id="163" sentence="6" number="27">launching</token>
<token t_id="164" sentence="6" number="28">exploits</token>
<token t_id="165" sentence="6" number="29">against</token>
<token t_id="166" sentence="6" number="30">unwary</token>
<token t_id="167" sentence="6" number="31">visitors</token>
<token t_id="168" sentence="6" number="32">.</token>
<token t_id="169" sentence="7" number="0">In</token>
<token t_id="170" sentence="7" number="1">fact</token>
<token t_id="171" sentence="7" number="2">,</token>
<token t_id="172" sentence="7" number="3">Microsoft</token>
<token t_id="173" sentence="7" number="4">said</token>
<token t_id="174" sentence="7" number="5">it</token>
<token t_id="175" sentence="7" number="6">monitored</token>
<token t_id="176" sentence="7" number="7">a</token>
<token t_id="177" sentence="7" number="8">``</token>
<token t_id="178" sentence="7" number="9">huge</token>
<token t_id="179" sentence="7" number="10">increase</token>
<token t_id="180" sentence="7" number="11">''</token>
<token t_id="181" sentence="7" number="12">in</token>
<token t_id="182" sentence="7" number="13">attacks</token>
<token t_id="183" sentence="7" number="14">last</token>
<token t_id="184" sentence="7" number="15">Saturday</token>
<token t_id="185" sentence="7" number="16">.</token>
<token t_id="186" sentence="8" number="0">The</token>
<token t_id="187" sentence="8" number="1">number</token>
<token t_id="188" sentence="8" number="2">of</token>
<token t_id="189" sentence="8" number="3">infected</token>
<token t_id="190" sentence="8" number="4">Web</token>
<token t_id="191" sentence="8" number="5">sites</token>
<token t_id="192" sentence="8" number="6">,</token>
<token t_id="193" sentence="8" number="7">many</token>
<token t_id="194" sentence="8" number="8">of</token>
<token t_id="195" sentence="8" number="9">them</token>
<token t_id="196" sentence="8" number="10">legitimate</token>
<token t_id="197" sentence="8" number="11">,</token>
<token t_id="198" sentence="8" number="12">has</token>
<token t_id="199" sentence="8" number="13">grown</token>
<token t_id="200" sentence="8" number="14">at</token>
<token t_id="201" sentence="8" number="15">``</token>
<token t_id="202" sentence="8" number="16">an</token>
<token t_id="203" sentence="8" number="17">alarming</token>
<token t_id="204" sentence="8" number="18">''</token>
<token t_id="205" sentence="8" number="19">rate</token>
<token t_id="206" sentence="8" number="20">since</token>
<token t_id="207" sentence="8" number="21">the</token>
<token t_id="208" sentence="8" number="22">vulnerability</token>
<token t_id="209" sentence="8" number="23">was</token>
<token t_id="210" sentence="8" number="24">released</token>
<token t_id="211" sentence="8" number="25">into</token>
<token t_id="212" sentence="8" number="26">the</token>
<token t_id="213" sentence="8" number="27">wild</token>
<token t_id="214" sentence="8" number="28">and</token>
<token t_id="215" sentence="8" number="29">people</token>
<token t_id="216" sentence="8" number="30">need</token>
<token t_id="217" sentence="8" number="31">to</token>
<token t_id="218" sentence="8" number="32">do</token>
<token t_id="219" sentence="8" number="33">nothing</token>
<token t_id="220" sentence="8" number="34">but</token>
<token t_id="221" sentence="8" number="35">visit</token>
<token t_id="222" sentence="8" number="36">an</token>
<token t_id="223" sentence="8" number="37">infected</token>
<token t_id="224" sentence="8" number="38">site</token>
<token t_id="225" sentence="8" number="39">with</token>
<token t_id="226" sentence="8" number="40">a</token>
<token t_id="227" sentence="8" number="41">vulnerable</token>
<token t_id="228" sentence="8" number="42">browser</token>
<token t_id="229" sentence="8" number="43">to</token>
<token t_id="230" sentence="8" number="44">be</token>
<token t_id="231" sentence="8" number="45">affected</token>
<token t_id="232" sentence="8" number="46">.</token>
<token t_id="233" sentence="9" number="0">By</token>
<token t_id="234" sentence="9" number="1">Friday</token>
<token t_id="235" sentence="9" number="2">,</token>
<token t_id="236" sentence="9" number="3">Microsoft</token>
<token t_id="237" sentence="9" number="4">was</token>
<token t_id="238" sentence="9" number="5">aware</token>
<token t_id="239" sentence="9" number="6">users</token>
<token t_id="240" sentence="9" number="7">were</token>
<token t_id="241" sentence="9" number="8">becoming</token>
<token t_id="242" sentence="9" number="9">infected</token>
<token t_id="243" sentence="9" number="10">at</token>
<token t_id="244" sentence="9" number="11">a</token>
<token t_id="245" sentence="9" number="12">rate</token>
<token t_id="246" sentence="9" number="13">even</token>
<token t_id="247" sentence="9" number="14">faster</token>
<token t_id="248" sentence="9" number="15">than</token>
<token t_id="249" sentence="9" number="16">previous</token>
<token t_id="250" sentence="9" number="17">zero-day</token>
<token t_id="251" sentence="9" number="18">exploits</token>
<token t_id="252" sentence="9" number="19">.</token>
<token t_id="253" sentence="10" number="0">Originally</token>
<token t_id="254" sentence="10" number="1">porn</token>
<token t_id="255" sentence="10" number="2">sites</token>
<token t_id="256" sentence="10" number="3">seemed</token>
<token t_id="257" sentence="10" number="4">to</token>
<token t_id="258" sentence="10" number="5">be</token>
<token t_id="259" sentence="10" number="6">the</token>
<token t_id="260" sentence="10" number="7">carriers</token>
<token t_id="261" sentence="10" number="8">,</token>
<token t_id="262" sentence="10" number="9">but</token>
<token t_id="263" sentence="10" number="10">the</token>
<token t_id="264" sentence="10" number="11">number</token>
<token t_id="265" sentence="10" number="12">of</token>
<token t_id="266" sentence="10" number="13">legit</token>
<token t_id="267" sentence="10" number="14">sites</token>
<token t_id="268" sentence="10" number="15">causing</token>
<token t_id="269" sentence="10" number="16">infections</token>
<token t_id="270" sentence="10" number="17">was</token>
<token t_id="271" sentence="10" number="18">skyrocketing</token>
<token t_id="272" sentence="10" number="19">.</token>
<token t_id="273" sentence="11" number="0">Hackers</token>
<token t_id="274" sentence="11" number="1">were</token>
<token t_id="275" sentence="11" number="2">planting</token>
<token t_id="276" sentence="11" number="3">the</token>
<token t_id="277" sentence="11" number="4">exploit</token>
<token t_id="278" sentence="11" number="5">using</token>
<token t_id="279" sentence="11" number="6">well-known</token>
<token t_id="280" sentence="11" number="7">SQL</token>
<token t_id="281" sentence="11" number="8">injection</token>
<token t_id="282" sentence="11" number="9">techniques</token>
<token t_id="283" sentence="11" number="10">.</token>
<token t_id="284" sentence="12" number="0">It</token>
<token t_id="285" sentence="12" number="1">is</token>
<token t_id="286" sentence="12" number="2">users</token>
<token t_id="287" sentence="12" number="3">'</token>
<token t_id="288" sentence="12" number="4">turn</token>
<token t_id="289" sentence="12" number="5">to</token>
<token t_id="290" sentence="12" number="6">protect</token>
<token t_id="291" sentence="12" number="7">themselves</token>
<token t_id="292" sentence="12" number="8">by</token>
<token t_id="293" sentence="12" number="9">installing</token>
<token t_id="294" sentence="12" number="10">this</token>
<token t_id="295" sentence="12" number="11">emergency</token>
<token t_id="296" sentence="12" number="12">patch</token>
<token t_id="297" sentence="12" number="13">and</token>
<token t_id="298" sentence="12" number="14">all</token>
<token t_id="299" sentence="12" number="15">all</token>
<token t_id="300" sentence="12" number="16">the</token>
<token t_id="301" sentence="12" number="17">others</token>
<token t_id="302" sentence="12" number="18">,</token>
<token t_id="303" sentence="12" number="19">and</token>
<token t_id="304" sentence="12" number="20">fast</token>
<token t_id="305" sentence="12" number="21">.</token>
<token t_id="306" sentence="13" number="0">Since</token>
<token t_id="307" sentence="13" number="1">the</token>
<token t_id="308" sentence="13" number="2">bad</token>
<token t_id="309" sentence="13" number="3">guys</token>
<token t_id="310" sentence="13" number="4">were</token>
<token t_id="311" sentence="13" number="5">exploiting</token>
<token t_id="312" sentence="13" number="6">it</token>
<token t_id="313" sentence="13" number="7">before</token>
<token t_id="314" sentence="13" number="8">Microsoft</token>
<token t_id="315" sentence="13" number="9">knew</token>
<token t_id="316" sentence="13" number="10">it</token>
<token t_id="317" sentence="13" number="11">existed</token>
<token t_id="318" sentence="13" number="12">,</token>
<token t_id="319" sentence="13" number="13">the</token>
<token t_id="320" sentence="13" number="14">exploit</token>
<token t_id="321" sentence="13" number="15">is</token>
<token t_id="322" sentence="13" number="16">termed</token>
<token t_id="323" sentence="13" number="17">``</token>
<token t_id="324" sentence="13" number="18">zero</token>
<token t_id="325" sentence="13" number="19">day</token>
<token t_id="326" sentence="13" number="20">''</token>
<token t_id="327" sentence="13" number="21">because</token>
<token t_id="328" sentence="13" number="22">that</token>
<token t_id="329" sentence="13" number="23">is</token>
<token t_id="330" sentence="13" number="24">how</token>
<token t_id="331" sentence="13" number="25">much</token>
<token t_id="332" sentence="13" number="26">notice</token>
<token t_id="333" sentence="13" number="27">Microsoft</token>
<token t_id="334" sentence="13" number="28">got</token>
<token t_id="335" sentence="13" number="29">of</token>
<token t_id="336" sentence="13" number="30">the</token>
<token t_id="337" sentence="13" number="31">problem</token>
<token t_id="338" sentence="13" number="32">.</token>
<token t_id="339" sentence="14" number="0">It</token>
<token t_id="340" sentence="14" number="1">is</token>
<token t_id="341" sentence="14" number="2">also</token>
<token t_id="342" sentence="14" number="3">termed</token>
<token t_id="343" sentence="14" number="4">an</token>
<token t_id="344" sentence="14" number="5">``</token>
<token t_id="345" sentence="14" number="6">drive-by</token>
<token t_id="346" sentence="14" number="7">''</token>
<token t_id="347" sentence="14" number="8">exploit</token>
<token t_id="348" sentence="14" number="9">since</token>
<token t_id="349" sentence="14" number="10">a</token>
<token t_id="350" sentence="14" number="11">user</token>
<token t_id="351" sentence="14" number="12">could</token>
<token t_id="352" sentence="14" number="13">pick</token>
<token t_id="353" sentence="14" number="14">up</token>
<token t_id="354" sentence="14" number="15">a</token>
<token t_id="355" sentence="14" number="16">malware</token>
<token t_id="356" sentence="14" number="17">infestation</token>
<token t_id="357" sentence="14" number="18">by</token>
<token t_id="358" sentence="14" number="19">merely</token>
<token t_id="359" sentence="14" number="20">using</token>
<token t_id="360" sentence="14" number="21">IE</token>
<token t_id="361" sentence="14" number="22">to</token>
<token t_id="362" sentence="14" number="23">browse</token>
<token t_id="363" sentence="14" number="24">any</token>
<token t_id="364" sentence="14" number="25">of</token>
<token t_id="365" sentence="14" number="26">thousands</token>
<token t_id="366" sentence="14" number="27">of</token>
<token t_id="367" sentence="14" number="28">compromised</token>
<token t_id="368" sentence="14" number="29">websites</token>
<token t_id="369" sentence="14" number="30">.</token>
<token t_id="370" sentence="15" number="0">In</token>
<token t_id="371" sentence="15" number="1">short</token>
<token t_id="372" sentence="15" number="2">,</token>
<token t_id="373" sentence="15" number="3">it</token>
<token t_id="374" sentence="15" number="4">was</token>
<token t_id="375" sentence="15" number="5">really</token>
<token t_id="376" sentence="15" number="6">nasty</token>
<token t_id="377" sentence="15" number="7">stuff</token>
<token t_id="378" sentence="15" number="8">.</token>
<token t_id="379" sentence="16" number="0">Brian</token>
<token t_id="380" sentence="16" number="1">Krebs</token>
<token t_id="381" sentence="16" number="2">sounds</token>
<token t_id="382" sentence="16" number="3">worried:</token>
<token t_id="383" sentence="17" number="0">Microsoft</token>
<token t_id="384" sentence="17" number="1">estimated</token>
<token t_id="385" sentence="17" number="2">Monday</token>
<token t_id="386" sentence="17" number="3">that</token>
<token t_id="387" sentence="17" number="4">one</token>
<token t_id="388" sentence="17" number="5">in</token>
<token t_id="389" sentence="17" number="6">every</token>
<token t_id="390" sentence="17" number="7">500</token>
<token t_id="391" sentence="17" number="8">Windows</token>
<token t_id="392" sentence="17" number="9">users</token>
<token t_id="393" sentence="17" number="10">had</token>
<token t_id="394" sentence="17" number="11">been</token>
<token t_id="395" sentence="17" number="12">exposed</token>
<token t_id="396" sentence="17" number="13">to</token>
<token t_id="397" sentence="17" number="14">sites</token>
<token t_id="398" sentence="17" number="15">that</token>
<token t_id="399" sentence="17" number="16">try</token>
<token t_id="400" sentence="17" number="17">to</token>
<token t_id="401" sentence="17" number="18">exploit</token>
<token t_id="402" sentence="17" number="19">the</token>
<token t_id="403" sentence="17" number="20">flaw</token>
<token t_id="404" sentence="17" number="21">.</token>
<token t_id="405" sentence="18" number="0">Additionally</token>
<token t_id="406" sentence="18" number="1">,</token>
<token t_id="407" sentence="18" number="2">it</token>
<token t_id="408" sentence="18" number="3">said</token>
<token t_id="409" sentence="18" number="4">the</token>
<token t_id="410" sentence="18" number="5">number</token>
<token t_id="411" sentence="18" number="6">of</token>
<token t_id="412" sentence="18" number="7">victims</token>
<token t_id="413" sentence="18" number="8">was</token>
<token t_id="414" sentence="18" number="9">increasing</token>
<token t_id="415" sentence="18" number="10">at</token>
<token t_id="416" sentence="18" number="11">a</token>
<token t_id="417" sentence="18" number="12">rate</token>
<token t_id="418" sentence="18" number="13">of</token>
<token t_id="419" sentence="18" number="14">50</token>
<token t_id="420" sentence="18" number="15">percent</token>
<token t_id="421" sentence="18" number="16">daily</token>
<token t_id="422" sentence="18" number="17">.</token>
<token t_id="423" sentence="19" number="0">This</token>
<token t_id="424" sentence="19" number="1">is</token>
<token t_id="425" sentence="19" number="2">an</token>
<token t_id="426" sentence="19" number="3">urgent</token>
<token t_id="427" sentence="19" number="4">update</token>
<token t_id="428" sentence="19" number="5">.</token>
<token t_id="429" sentence="20" number="0">If</token>
<token t_id="430" sentence="20" number="1">you</token>
<token t_id="431" sentence="20" number="2">use</token>
<token t_id="432" sentence="20" number="3">Windows</token>
<token t_id="433" sentence="20" number="4">,</token>
<token t_id="434" sentence="20" number="5">apply</token>
<token t_id="435" sentence="20" number="6">this</token>
<token t_id="436" sentence="20" number="7">patch</token>
<token t_id="437" sentence="20" number="8">now</token>
<token t_id="438" sentence="20" number="9">.</token>
<token t_id="439" sentence="21" number="0">Microsoft</token>
<token t_id="440" sentence="21" number="1">'s</token>
<token t_id="441" sentence="21" number="2">Mike</token>
<token t_id="442" sentence="21" number="3">Reavey</token>
<token t_id="443" sentence="21" number="4">grabs</token>
<token t_id="444" sentence="21" number="5">the</token>
<token t_id="445" sentence="21" number="6">mic:</token>
<token t_id="446" sentence="22" number="0">This</token>
<token t_id="447" sentence="22" number="1">update</token>
<token t_id="448" sentence="22" number="2">will</token>
<token t_id="449" sentence="22" number="3">be</token>
<token t_id="450" sentence="22" number="4">applied</token>
<token t_id="451" sentence="22" number="5">automatically</token>
<token t_id="452" sentence="22" number="6">to</token>
<token t_id="453" sentence="22" number="7">hundreds</token>
<token t_id="454" sentence="22" number="8">of</token>
<token t_id="455" sentence="22" number="9">millions</token>
<token t_id="456" sentence="22" number="10">of</token>
<token t_id="457" sentence="22" number="11">customers</token>
<token t_id="458" sentence="22" number="12">through</token>
<token t_id="459" sentence="22" number="13">automatic</token>
<token t_id="460" sentence="22" number="14">updates</token>
<token t_id="461" sentence="22" number="15">over</token>
<token t_id="462" sentence="22" number="16">the</token>
<token t_id="463" sentence="22" number="17">next</token>
<token t_id="464" sentence="22" number="18">few</token>
<token t_id="465" sentence="22" number="19">days</token>
<token t_id="466" sentence="22" number="20">.</token>
<token t_id="467" sentence="23" number="0">And</token>
<token t_id="468" sentence="23" number="1">,</token>
<token t_id="469" sentence="23" number="2">for</token>
<token t_id="470" sentence="23" number="3">our</token>
<token t_id="471" sentence="23" number="4">enterprise</token>
<token t_id="472" sentence="23" number="5">customers</token>
<token t_id="473" sentence="23" number="6">-</token>
<token t_id="474" sentence="23" number="7">with</token>
<token t_id="475" sentence="23" number="8">multiple</token>
<token t_id="476" sentence="23" number="9">systems</token>
<token t_id="477" sentence="23" number="10">within</token>
<token t_id="478" sentence="23" number="11">their</token>
<token t_id="479" sentence="23" number="12">networks</token>
<token t_id="480" sentence="23" number="13">-</token>
<token t_id="481" sentence="23" number="14">this</token>
<token t_id="482" sentence="23" number="15">update</token>
<token t_id="483" sentence="23" number="16">can</token>
<token t_id="484" sentence="23" number="17">be</token>
<token t_id="485" sentence="23" number="18">deployed</token>
<token t_id="486" sentence="23" number="19">through</token>
<token t_id="487" sentence="23" number="20">all</token>
<token t_id="488" sentence="23" number="21">standard</token>
<token t_id="489" sentence="23" number="22">security</token>
<token t_id="490" sentence="23" number="23">update</token>
<token t_id="491" sentence="23" number="24">management</token>
<token t_id="492" sentence="23" number="25">systems</token>
<token t_id="493" sentence="23" number="26">including</token>
<token t_id="494" sentence="23" number="27">,</token>
<token t_id="495" sentence="23" number="28">SCCM</token>
<token t_id="496" sentence="23" number="29">,</token>
<token t_id="497" sentence="23" number="30">SMS</token>
<token t_id="498" sentence="23" number="31">,</token>
<token t_id="499" sentence="23" number="32">WSUS</token>
<token t_id="500" sentence="23" number="33">,</token>
<token t_id="501" sentence="23" number="34">and</token>
<token t_id="502" sentence="23" number="35">Windows</token>
<token t_id="503" sentence="23" number="36">Update</token>
<token t_id="504" sentence="24" number="0">This</token>
<token t_id="505" sentence="24" number="1">update</token>
<token t_id="506" sentence="24" number="2">meets</token>
<token t_id="507" sentence="24" number="3">the</token>
<token t_id="508" sentence="24" number="4">quality</token>
<token t_id="509" sentence="24" number="5">,</token>
<token t_id="510" sentence="24" number="6">deployment</token>
<token t_id="511" sentence="24" number="7">and</token>
<token t_id="512" sentence="24" number="8">application</token>
<token t_id="513" sentence="24" number="9">compatibility</token>
<token t_id="514" sentence="24" number="10">criteria</token>
<token t_id="515" sentence="24" number="11">.</token>
<token t_id="516" sentence="25" number="0">It</token>
<token t_id="517" sentence="25" number="1">is</token>
<token t_id="518" sentence="25" number="2">a</token>
<token t_id="519" sentence="25" number="3">high-quality</token>
<token t_id="520" sentence="25" number="4">update</token>
<token t_id="521" sentence="25" number="5">,</token>
<token t_id="522" sentence="25" number="6">ready</token>
<token t_id="523" sentence="25" number="7">for</token>
<token t_id="524" sentence="25" number="8">broad</token>
<token t_id="525" sentence="25" number="9">release</token>
<token t_id="526" sentence="25" number="10">,</token>
<token t_id="527" sentence="25" number="11">and</token>
<token t_id="528" sentence="25" number="12">we</token>
<token t_id="529" sentence="25" number="13">encourage</token>
<token t_id="530" sentence="25" number="14">customers</token>
<token t_id="531" sentence="25" number="15">to</token>
<token t_id="532" sentence="25" number="16">test</token>
<token t_id="533" sentence="25" number="17">and</token>
<token t_id="534" sentence="25" number="18">deploy</token>
<token t_id="535" sentence="25" number="19">this</token>
<token t_id="536" sentence="25" number="20">update</token>
<token t_id="537" sentence="25" number="21">as</token>
<token t_id="538" sentence="25" number="22">quickly</token>
<token t_id="539" sentence="25" number="23">as</token>
<token t_id="540" sentence="25" number="24">possible</token>
<token t_id="541" sentence="25" number="25">.</token>
<token t_id="542" sentence="26" number="0">We</token>
<token t_id="543" sentence="26" number="1">were</token>
<token t_id="544" sentence="26" number="2">able</token>
<token t_id="545" sentence="26" number="3">to</token>
<token t_id="546" sentence="26" number="4">share</token>
<token t_id="547" sentence="26" number="5">detailed</token>
<token t_id="548" sentence="26" number="6">information</token>
<token t_id="549" sentence="26" number="7">with</token>
<token t_id="550" sentence="26" number="8">our</token>
<token t_id="551" sentence="26" number="9">partners</token>
<token t_id="552" sentence="26" number="10">in</token>
<token t_id="553" sentence="26" number="11">the</token>
<token t_id="554" sentence="26" number="12">Microsoft</token>
<token t_id="555" sentence="26" number="13">Active</token>
<token t_id="556" sentence="26" number="14">Protections</token>
<token t_id="557" sentence="26" number="15">Program</token>
<token t_id="558" sentence="26" number="16">(</token>
<token t_id="559" sentence="26" number="17">MAPP</token>
<token t_id="560" sentence="26" number="18">)</token>
<token t_id="561" sentence="26" number="19">and</token>
<token t_id="562" sentence="26" number="20">Microsoft</token>
<token t_id="563" sentence="26" number="21">Security</token>
<token t_id="564" sentence="26" number="22">Response</token>
<token t_id="565" sentence="26" number="23">Alliance</token>
<token t_id="566" sentence="26" number="24">(</token>
<token t_id="567" sentence="26" number="25">MSRA</token>
<token t_id="568" sentence="26" number="26">)</token>
<token t_id="569" sentence="26" number="27">,</token>
<token t_id="570" sentence="26" number="28">allowing</token>
<token t_id="571" sentence="26" number="29">protections</token>
<token t_id="572" sentence="26" number="30">to</token>
<token t_id="573" sentence="26" number="31">be</token>
<token t_id="574" sentence="26" number="32">created</token>
<token t_id="575" sentence="26" number="33">for</token>
<token t_id="576" sentence="26" number="34">over</token>
<token t_id="577" sentence="26" number="35">24</token>
<token t_id="578" sentence="26" number="36">different</token>
<token t_id="579" sentence="26" number="37">security</token>
<token t_id="580" sentence="26" number="38">partners</token>
<token t_id="581" sentence="26" number="39">'</token>
<token t_id="582" sentence="26" number="40">products</token>
<token t_id="583" sentence="26" number="41">.</token>
<token t_id="584" sentence="27" number="0">This</token>
<token t_id="585" sentence="27" number="1">is</token>
<token t_id="586" sentence="27" number="2">further</token>
<token t_id="587" sentence="27" number="3">validation</token>
<token t_id="588" sentence="27" number="4">of</token>
<token t_id="589" sentence="27" number="5">our</token>
<token t_id="590" sentence="27" number="6">commitment</token>
<token t_id="591" sentence="27" number="7">to</token>
<token t_id="592" sentence="27" number="8">'community</token>
<token t_id="593" sentence="27" number="9">based</token>
<token t_id="594" sentence="27" number="10">defense</token>
<token t_id="595" sentence="27" number="11">'</token>
<token t_id="596" sentence="27" number="12">and</token>
<token t_id="597" sentence="27" number="13">means</token>
<token t_id="598" sentence="27" number="14">customers</token>
<token t_id="599" sentence="27" number="15">that</token>
<token t_id="600" sentence="27" number="16">...</token>
<token t_id="601" sentence="27" number="17">were</token>
<token t_id="602" sentence="27" number="18">n't</token>
<token t_id="603" sentence="27" number="19">even</token>
<token t_id="604" sentence="27" number="20">using</token>
<token t_id="605" sentence="27" number="21">Microsoft</token>
<token t_id="606" sentence="27" number="22">products</token>
<token t_id="607" sentence="27" number="23">,</token>
<token t_id="608" sentence="27" number="24">were</token>
<token t_id="609" sentence="27" number="25">also</token>
<token t_id="610" sentence="27" number="26">protected</token>
<token t_id="611" sentence="27" number="27">from</token>
<token t_id="612" sentence="27" number="28">known</token>
<token t_id="613" sentence="27" number="29">attacks</token>
<token t_id="614" sentence="27" number="30">.</token>
<token t_id="615" sentence="28" number="0">Ed</token>
<token t_id="616" sentence="28" number="1">Oswald</token>
<token t_id="617" sentence="28" number="2">is</token>
<token t_id="618" sentence="28" number="3">impressed</token>
<token t_id="619" sentence="28" number="4">by</token>
<token t_id="620" sentence="28" number="5">Microsoft</token>
<token t_id="621" sentence="28" number="6">'s</token>
<token t_id="622" sentence="28" number="7">speed:</token>
<token t_id="623" sentence="29" number="0">Well</token>
<token t_id="624" sentence="29" number="1">,</token>
<token t_id="625" sentence="29" number="2">that</token>
<token t_id="626" sentence="29" number="3">was</token>
<token t_id="627" sentence="29" number="4">quick</token>
<token t_id="628" sentence="29" number="5">.</token>
<token t_id="629" sentence="30" number="0">It</token>
<token t_id="630" sentence="30" number="1">'s</token>
<token t_id="631" sentence="30" number="2">pretty</token>
<token t_id="632" sentence="30" number="3">bad</token>
<token t_id="633" sentence="30" number="4">when</token>
<token t_id="634" sentence="30" number="5">security</token>
<token t_id="635" sentence="30" number="6">experts</token>
<token t_id="636" sentence="30" number="7">are</token>
<token t_id="637" sentence="30" number="8">telling</token>
<token t_id="638" sentence="30" number="9">your</token>
<token t_id="639" sentence="30" number="10">customers</token>
<token t_id="640" sentence="30" number="11">to</token>
<token t_id="641" sentence="30" number="12">switch</token>
<token t_id="642" sentence="30" number="13">.</token>
<token t_id="643" sentence="31" number="0">These</token>
<token t_id="644" sentence="31" number="1">are</token>
<token t_id="645" sentence="31" number="2">unbiased</token>
<token t_id="646" sentence="31" number="3">(</token>
<token t_id="647" sentence="31" number="4">for</token>
<token t_id="648" sentence="31" number="5">the</token>
<token t_id="649" sentence="31" number="6">most</token>
<token t_id="650" sentence="31" number="7">part</token>
<token t_id="651" sentence="31" number="8">)</token>
<token t_id="652" sentence="31" number="9">folks</token>
<token t_id="653" sentence="31" number="10">,</token>
<token t_id="654" sentence="31" number="11">and</token>
<token t_id="655" sentence="31" number="12">the</token>
<token t_id="656" sentence="31" number="13">typical</token>
<token t_id="657" sentence="31" number="14">computer</token>
<token t_id="658" sentence="31" number="15">user</token>
<token t_id="659" sentence="31" number="16">is</token>
<token t_id="660" sentence="31" number="17">going</token>
<token t_id="661" sentence="31" number="18">to</token>
<token t_id="662" sentence="31" number="19">take</token>
<token t_id="663" sentence="31" number="20">their</token>
<token t_id="664" sentence="31" number="21">advice</token>
<token t_id="665" sentence="31" number="22">seriously</token>
<token t_id="666" sentence="31" number="23">.</token>
<token t_id="667" sentence="32" number="0">But</token>
<token t_id="668" sentence="32" number="1">Tiny</token>
<token t_id="669" sentence="32" number="2">Dancer</token>
<token t_id="670" sentence="32" number="3">...</token>
<token t_id="671" sentence="32" number="4">well</token>
<token t_id="672" sentence="32" number="5">,</token>
<token t_id="673" sentence="32" number="6">not</token>
<token t_id="674" sentence="32" number="7">so</token>
<token t_id="675" sentence="32" number="8">much:</token>
<token t_id="676" sentence="33" number="0">Eight</token>
<token t_id="677" sentence="33" number="1">days</token>
<token t_id="678" sentence="33" number="2">is</token>
<token t_id="679" sentence="33" number="3">rather</token>
<token t_id="680" sentence="33" number="4">shamefully</token>
<token t_id="681" sentence="33" number="5">long</token>
<token t_id="682" sentence="33" number="6">to</token>
<token t_id="683" sentence="33" number="7">have</token>
<token t_id="684" sentence="33" number="8">to</token>
<token t_id="685" sentence="33" number="9">wait</token>
<token t_id="686" sentence="33" number="10">for</token>
<token t_id="687" sentence="33" number="11">a</token>
<token t_id="688" sentence="33" number="12">potentially</token>
<token t_id="689" sentence="33" number="13">devastating</token>
<token t_id="690" sentence="33" number="14">vulnerability</token>
<token t_id="691" sentence="33" number="15">to</token>
<token t_id="692" sentence="33" number="16">be</token>
<token t_id="693" sentence="33" number="17">fixed</token>
<token t_id="694" sentence="33" number="18">.</token>
<token t_id="695" sentence="34" number="0">This</token>
<token t_id="696" sentence="34" number="1">ai</token>
<token t_id="697" sentence="34" number="2">n't</token>
<token t_id="698" sentence="34" number="3">Hanukkah</token>
<token t_id="699" sentence="34" number="4">,</token>
<token t_id="700" sentence="34" number="5">Microsoft</token>
<token t_id="701" sentence="34" number="6">,</token>
<token t_id="702" sentence="34" number="7">and</token>
<token t_id="703" sentence="34" number="8">you</token>
<token t_id="704" sentence="34" number="9">ai</token>
<token t_id="705" sentence="34" number="10">n't</token>
<token t_id="706" sentence="34" number="11">no</token>
<token t_id="707" sentence="34" number="12">Maccabee</token>
<token t_id="708" sentence="34" number="13">.</token>
<Markables>
<ACTION_OCCURRENCE m_id="25"  >
  <token_anchor t_id="74"/>
</ACTION_OCCURRENCE>
<ACTION_OCCURRENCE m_id="26"  >
  <token_anchor t_id="44"/>
</ACTION_OCCURRENCE>
<ACTION_OCCURRENCE m_id="14"  >
  <token_anchor t_id="57"/>
</ACTION_OCCURRENCE>
<ACTION_OCCURRENCE m_id="16"  >
  <token_anchor t_id="52"/>
</ACTION_OCCURRENCE>
<ACTION_OCCURRENCE m_id="21"  >
  <token_anchor t_id="72"/>
</ACTION_OCCURRENCE>
<ACTION_STATE m_id="27"  >
  <token_anchor t_id="54"/>
</ACTION_STATE>
<HUMAN_PART_ORG m_id="19"  >
  <token_anchor t_id="43"/>
</HUMAN_PART_ORG>
<HUMAN_PART_ORG m_id="20"  >
  <token_anchor t_id="49"/>
  <token_anchor t_id="50"/>
</HUMAN_PART_ORG>
<HUMAN_PART_PER m_id="18"  >
  <token_anchor t_id="68"/>
</HUMAN_PART_PER>
<LOC_OTHER m_id="28"  >
  <token_anchor t_id="75"/>
  <token_anchor t_id="76"/>
</LOC_OTHER>
<NON_HUMAN_PART m_id="22"  >
  <token_anchor t_id="55"/>
</NON_HUMAN_PART>
<NON_HUMAN_PART m_id="24"  >
  <token_anchor t_id="62"/>
  <token_anchor t_id="63"/>
</NON_HUMAN_PART>
<NON_HUMAN_PART m_id="17"  >
  <token_anchor t_id="60"/>
</NON_HUMAN_PART>
<TIME_DATE m_id="23"  >
  <token_anchor t_id="51"/>
</TIME_DATE>
<TIME_DATE m_id="15"  >
  <token_anchor t_id="46"/>
</TIME_DATE>




<HUMAN_PART_ORG m_id="37" RELATED_TO="" TAG_DESCRIPTOR="t27_microsoft" instance_id="HUM16627702263331271" />
<NON_HUMAN_PART m_id="36" RELATED_TO="" TAG_DESCRIPTOR="t27_IE" instance_id="NON16628072497530110" />
<NON_HUMAN_PART m_id="35" RELATED_TO="" TAG_DESCRIPTOR="t27b_patch" instance_id="NON16727641175459595" />
<ACTION_OCCURRENCE m_id="34" RELATED_TO="" TAG_DESCRIPTOR="t27b_fix_vulnerability" instance_id="ACT16632539609441083" />
<ACTION_OCCURRENCE m_id="33" RELATED_TO="" TAG_DESCRIPTOR="t27b_exploiting_flaw" instance_id="ACT16759694191093666" />
<NON_HUMAN_PART m_id="32" RELATED_TO="" TAG_DESCRIPTOR="t27b_flaw" instance_id="NON16727620231965862" />
<HUMAN_PART_PER m_id="31" RELATED_TO="" TAG_DESCRIPTOR="t27_hackers_or_attackers" instance_id="HUM16627963455277878" />
<TIME_DATE m_id="30" RELATED_TO="" TAG_DESCRIPTOR="t27b_wednesday_patch" instance_id="TIM27376179174463069" />
<ACTION_OCCURRENCE m_id="29" RELATED_TO="" TAG_DESCRIPTOR="t27b_releases_update" instance_id="ACT16632487083891659" />
</Markables>

<Relations>
<CROSS_DOC_COREF r_id="37400" note="ACT16632487083891659" >
  <source m_id="16" />
  <target m_id="29" />
</CROSS_DOC_COREF>
<CROSS_DOC_COREF r_id="37401" note="TIM27376179174463069" >
  <source m_id="23" />
  <target m_id="30" />
</CROSS_DOC_COREF>
<CROSS_DOC_COREF r_id="37402" note="HUM16627963455277878" >
  <source m_id="18" />
  <target m_id="31" />
</CROSS_DOC_COREF>
<CROSS_DOC_COREF r_id="37403" note="NON16727620231965862" >
  <source m_id="17" />
  <target m_id="32" />
</CROSS_DOC_COREF>
<CROSS_DOC_COREF r_id="37404" note="ACT16759694191093666" >
  <source m_id="21" />
  <target m_id="33" />
</CROSS_DOC_COREF>
<CROSS_DOC_COREF r_id="37405" note="ACT16632539609441083" >
  <source m_id="14" />
  <target m_id="34" />
</CROSS_DOC_COREF>
<CROSS_DOC_COREF r_id="37406" note="NON16727641175459595" >
  <source m_id="22" />
  <target m_id="35" />
</CROSS_DOC_COREF>
<CROSS_DOC_COREF r_id="37407" note="NON16628072497530110" >
  <source m_id="24" />
  <target m_id="36" />
</CROSS_DOC_COREF>
<CROSS_DOC_COREF r_id="37408" note="HUM16627702263331271" >
  <source m_id="19" />
  <source m_id="20" />
  <target m_id="37" />
</CROSS_DOC_COREF>

</Relations>
</Document>
