<Document doc_name="27_4ecbplus.xml" doc_id="DOC15651678015057096">
<token t_id="1" sentence="0" number="0">http</token>
<token t_id="2" sentence="0" number="1">:</token>
<token t_id="3" sentence="0" number="2">/</token>
<token t_id="4" sentence="0" number="3">/</token>
<token t_id="5" sentence="0" number="4">www</token>
<token t_id="6" sentence="0" number="5">.</token>
<token t_id="7" sentence="0" number="6">crn</token>
<token t_id="8" sentence="0" number="7">.</token>
<token t_id="9" sentence="0" number="8">com</token>
<token t_id="10" sentence="0" number="9">/</token>
<token t_id="11" sentence="0" number="10">news</token>
<token t_id="12" sentence="0" number="11">/</token>
<token t_id="13" sentence="0" number="12">security</token>
<token t_id="14" sentence="0" number="13">/</token>
<token t_id="15" sentence="0" number="14">240161442</token>
<token t_id="16" sentence="0" number="15">/</token>
<token t_id="17" sentence="0" number="16">microsoft</token>
<token t_id="18" sentence="0" number="17">-</token>
<token t_id="19" sentence="0" number="18">rushes</token>
<token t_id="20" sentence="0" number="19">-</token>
<token t_id="21" sentence="0" number="20">emergency</token>
<token t_id="22" sentence="0" number="21">-</token>
<token t_id="23" sentence="0" number="22">fix</token>
<token t_id="24" sentence="0" number="23">-</token>
<token t_id="25" sentence="0" number="24">to</token>
<token t_id="26" sentence="0" number="25">-</token>
<token t_id="27" sentence="0" number="26">address</token>
<token t_id="28" sentence="0" number="27">-</token>
<token t_id="29" sentence="0" number="28">internet</token>
<token t_id="30" sentence="0" number="29">-</token>
<token t_id="31" sentence="0" number="30">explorer</token>
<token t_id="32" sentence="0" number="31">-</token>
<token t_id="33" sentence="0" number="32">attacks</token>
<token t_id="34" sentence="0" number="33">.</token>
<token t_id="35" sentence="0" number="34">htm</token>
<token t_id="36" sentence="1" number="0">Microsoft</token>
<token t_id="37" sentence="1" number="1">Rushes</token>
<token t_id="38" sentence="1" number="2">Emergency</token>
<token t_id="39" sentence="1" number="3">Fix</token>
<token t_id="40" sentence="1" number="4">To</token>
<token t_id="41" sentence="1" number="5">Address</token>
<token t_id="42" sentence="1" number="6">Internet</token>
<token t_id="43" sentence="1" number="7">Explorer</token>
<token t_id="44" sentence="1" number="8">Attacks</token>
<token t_id="45" sentence="2" number="0">September</token>
<token t_id="46" sentence="2" number="1">17</token>
<token t_id="47" sentence="2" number="2">,</token>
<token t_id="48" sentence="2" number="3">2013</token>
<token t_id="49" sentence="2" number="4">4</token>
<token t_id="50" sentence="2" number="5">:</token>
<token t_id="51" sentence="2" number="6">16</token>
<token t_id="52" sentence="2" number="7">PM</token>
<token t_id="53" sentence="2" number="8">ET</token>
<token t_id="54" sentence="3" number="0">Microsoft</token>
<token t_id="55" sentence="3" number="1">has</token>
<token t_id="56" sentence="3" number="2">rushed</token>
<token t_id="57" sentence="3" number="3">out</token>
<token t_id="58" sentence="3" number="4">a</token>
<token t_id="59" sentence="3" number="5">temporary</token>
<token t_id="60" sentence="3" number="6">fix</token>
<token t_id="61" sentence="3" number="7">to</token>
<token t_id="62" sentence="3" number="8">address</token>
<token t_id="63" sentence="3" number="9">ongoing</token>
<token t_id="64" sentence="3" number="10">attacks</token>
<token t_id="65" sentence="3" number="11">targeting</token>
<token t_id="66" sentence="3" number="12">an</token>
<token t_id="67" sentence="3" number="13">Internet</token>
<token t_id="68" sentence="3" number="14">Explorer</token>
<token t_id="69" sentence="3" number="15">zero</token>
<token t_id="70" sentence="3" number="16">-</token>
<token t_id="71" sentence="3" number="17">day</token>
<token t_id="72" sentence="3" number="18">vulnerability</token>
<token t_id="73" sentence="3" number="19">.</token>
<token t_id="74" sentence="4" number="0">The</token>
<token t_id="75" sentence="4" number="1">software</token>
<token t_id="76" sentence="4" number="2">giant</token>
<token t_id="77" sentence="4" number="3">said</token>
<token t_id="78" sentence="4" number="4">the</token>
<token t_id="79" sentence="4" number="5">Fix</token>
<token t_id="80" sentence="4" number="6">-</token>
<token t_id="81" sentence="4" number="7">It</token>
<token t_id="82" sentence="4" number="8">temporary</token>
<token t_id="83" sentence="4" number="9">workaround</token>
<token t_id="84" sentence="4" number="10">should</token>
<token t_id="85" sentence="4" number="11">be</token>
<token t_id="86" sentence="4" number="12">effective</token>
<token t_id="87" sentence="4" number="13">in</token>
<token t_id="88" sentence="4" number="14">preventing</token>
<token t_id="89" sentence="4" number="15">a</token>
<token t_id="90" sentence="4" number="16">successful</token>
<token t_id="91" sentence="4" number="17">attack</token>
<token t_id="92" sentence="4" number="18">.</token>
<token t_id="93" sentence="5" number="0">The</token>
<token t_id="94" sentence="5" number="1">company</token>
<token t_id="95" sentence="5" number="2">said</token>
<token t_id="96" sentence="5" number="3">the</token>
<token t_id="97" sentence="5" number="4">vulnerability</token>
<token t_id="98" sentence="5" number="5">impacts</token>
<token t_id="99" sentence="5" number="6">all</token>
<token t_id="100" sentence="5" number="7">currently</token>
<token t_id="101" sentence="5" number="8">supported</token>
<token t_id="102" sentence="5" number="9">versions</token>
<token t_id="103" sentence="5" number="10">of</token>
<token t_id="104" sentence="5" number="11">the</token>
<token t_id="105" sentence="5" number="12">browser</token>
<token t_id="106" sentence="5" number="13">,</token>
<token t_id="107" sentence="5" number="14">but</token>
<token t_id="108" sentence="5" number="15">attacks</token>
<token t_id="109" sentence="5" number="16">have</token>
<token t_id="110" sentence="5" number="17">been</token>
<token t_id="111" sentence="5" number="18">limited</token>
<token t_id="112" sentence="5" number="19">to</token>
<token t_id="113" sentence="5" number="20">users</token>
<token t_id="114" sentence="5" number="21">of</token>
<token t_id="115" sentence="5" number="22">Internet</token>
<token t_id="116" sentence="5" number="23">Explorer</token>
<token t_id="117" sentence="5" number="24">8</token>
<token t_id="118" sentence="5" number="25">and</token>
<token t_id="119" sentence="5" number="26">Internet</token>
<token t_id="120" sentence="5" number="27">Explorer</token>
<token t_id="121" sentence="5" number="28">9</token>
<token t_id="122" sentence="5" number="29">.</token>
<token t_id="123" sentence="6" number="0">"On</token>
<token t_id="124" sentence="6" number="1">completion</token>
<token t_id="125" sentence="6" number="2">of</token>
<token t_id="126" sentence="6" number="3">this</token>
<token t_id="127" sentence="6" number="4">investigation</token>
<token t_id="128" sentence="6" number="5">,</token>
<token t_id="129" sentence="6" number="6">Microsoft</token>
<token t_id="130" sentence="6" number="7">will</token>
<token t_id="131" sentence="6" number="8">take</token>
<token t_id="132" sentence="6" number="9">the</token>
<token t_id="133" sentence="6" number="10">appropriate</token>
<token t_id="134" sentence="6" number="11">action</token>
<token t_id="135" sentence="6" number="12">to</token>
<token t_id="136" sentence="6" number="13">protect</token>
<token t_id="137" sentence="6" number="14">our</token>
<token t_id="138" sentence="6" number="15">customers</token>
<token t_id="139" sentence="6" number="16">,</token>
<token t_id="140" sentence="6" number="17">which</token>
<token t_id="141" sentence="6" number="18">may</token>
<token t_id="142" sentence="6" number="19">include</token>
<token t_id="143" sentence="6" number="20">providing</token>
<token t_id="144" sentence="6" number="21">a</token>
<token t_id="145" sentence="6" number="22">solution</token>
<token t_id="146" sentence="6" number="23">through</token>
<token t_id="147" sentence="6" number="24">our</token>
<token t_id="148" sentence="6" number="25">monthly</token>
<token t_id="149" sentence="6" number="26">security</token>
<token t_id="150" sentence="6" number="27">update</token>
<token t_id="151" sentence="6" number="28">release</token>
<token t_id="152" sentence="6" number="29">process</token>
<token t_id="153" sentence="6" number="30">,</token>
<token t_id="154" sentence="6" number="31">or</token>
<token t_id="155" sentence="6" number="32">an</token>
<token t_id="156" sentence="6" number="33">out</token>
<token t_id="157" sentence="6" number="34">-</token>
<token t_id="158" sentence="6" number="35">of</token>
<token t_id="159" sentence="6" number="36">-</token>
<token t_id="160" sentence="6" number="37">cycle</token>
<token t_id="161" sentence="6" number="38">security</token>
<token t_id="162" sentence="6" number="39">update</token>
<token t_id="163" sentence="6" number="40">,</token>
<token t_id="164" sentence="6" number="41">depending</token>
<token t_id="165" sentence="6" number="42">on</token>
<token t_id="166" sentence="6" number="43">customer</token>
<token t_id="167" sentence="6" number="44">needs</token>
<token t_id="168" sentence="6" number="45">,</token>
<token t_id="169" sentence="6" number="46">"</token>
<token t_id="170" sentence="6" number="47">the</token>
<token t_id="171" sentence="6" number="48">company</token>
<token t_id="172" sentence="6" number="49">said</token>
<token t_id="173" sentence="6" number="50">in</token>
<token t_id="174" sentence="6" number="51">a</token>
<token t_id="175" sentence="6" number="52">security</token>
<token t_id="176" sentence="6" number="53">advisory</token>
<token t_id="177" sentence="6" number="54">issued</token>
<token t_id="178" sentence="6" number="55">Tuesday</token>
<token t_id="179" sentence="6" number="56">.</token>
<token t_id="180" sentence="7" number="0">"In</token>
<token t_id="181" sentence="7" number="1">addition</token>
<token t_id="182" sentence="7" number="2">,</token>
<token t_id="183" sentence="7" number="3">we</token>
<token t_id="184" sentence="7" number="4">are</token>
<token t_id="185" sentence="7" number="5">actively</token>
<token t_id="186" sentence="7" number="6">working</token>
<token t_id="187" sentence="7" number="7">with</token>
<token t_id="188" sentence="7" number="8">partners</token>
<token t_id="189" sentence="7" number="9">to</token>
<token t_id="190" sentence="7" number="10">monitor</token>
<token t_id="191" sentence="7" number="11">the</token>
<token t_id="192" sentence="7" number="12">threat</token>
<token t_id="193" sentence="7" number="13">landscape</token>
<token t_id="194" sentence="7" number="14">and</token>
<token t_id="195" sentence="7" number="15">take</token>
<token t_id="196" sentence="7" number="16">action</token>
<token t_id="197" sentence="7" number="17">against</token>
<token t_id="198" sentence="7" number="18">malicious</token>
<token t_id="199" sentence="7" number="19">sites</token>
<token t_id="200" sentence="7" number="20">that</token>
<token t_id="201" sentence="7" number="21">attempt</token>
<token t_id="202" sentence="7" number="22">to</token>
<token t_id="203" sentence="7" number="23">exploit</token>
<token t_id="204" sentence="7" number="24">this</token>
<token t_id="205" sentence="7" number="25">vulnerability</token>
<token t_id="206" sentence="7" number="26">.</token>
<token t_id="207" sentence="7" number="27">"</token>
<token t_id="208" sentence="8" number="0">The</token>
<token t_id="209" sentence="8" number="1">fact</token>
<token t_id="210" sentence="8" number="2">that</token>
<token t_id="211" sentence="8" number="3">Microsoft</token>
<token t_id="212" sentence="8" number="4">is</token>
<token t_id="213" sentence="8" number="5">rushing</token>
<token t_id="214" sentence="8" number="6">out</token>
<token t_id="215" sentence="8" number="7">a</token>
<token t_id="216" sentence="8" number="8">patch</token>
<token t_id="217" sentence="8" number="9">so</token>
<token t_id="218" sentence="8" number="10">quickly</token>
<token t_id="219" sentence="8" number="11">indicates</token>
<token t_id="220" sentence="8" number="12">the</token>
<token t_id="221" sentence="8" number="13">threat</token>
<token t_id="222" sentence="8" number="14">is</token>
<token t_id="223" sentence="8" number="15">serious</token>
<token t_id="224" sentence="8" number="16">,</token>
<token t_id="225" sentence="8" number="17">said</token>
<token t_id="226" sentence="8" number="18">Paul</token>
<token t_id="227" sentence="8" number="19">Henry</token>
<token t_id="228" sentence="8" number="20">,</token>
<token t_id="229" sentence="8" number="21">security</token>
<token t_id="230" sentence="8" number="22">and</token>
<token t_id="231" sentence="8" number="23">forensic</token>
<token t_id="232" sentence="8" number="24">analyst</token>
<token t_id="233" sentence="8" number="25">at</token>
<token t_id="234" sentence="8" number="26">Lumension</token>
<token t_id="235" sentence="8" number="27">.</token>
<token t_id="236" sentence="9" number="0">Cybercriminals</token>
<token t_id="237" sentence="9" number="1">can</token>
<token t_id="238" sentence="9" number="2">set</token>
<token t_id="239" sentence="9" number="3">up</token>
<token t_id="240" sentence="9" number="4">drive</token>
<token t_id="241" sentence="9" number="5">-</token>
<token t_id="242" sentence="9" number="6">by</token>
<token t_id="243" sentence="9" number="7">attack</token>
<token t_id="244" sentence="9" number="8">campaigns</token>
<token t_id="245" sentence="9" number="9">or</token>
<token t_id="246" sentence="9" number="10">lure</token>
<token t_id="247" sentence="9" number="11">victims</token>
<token t_id="248" sentence="9" number="12">to</token>
<token t_id="249" sentence="9" number="13">a</token>
<token t_id="250" sentence="9" number="14">website</token>
<token t_id="251" sentence="9" number="15">hosting</token>
<token t_id="252" sentence="9" number="16">malware</token>
<token t_id="253" sentence="9" number="17">that</token>
<token t_id="254" sentence="9" number="18">targets</token>
<token t_id="255" sentence="9" number="19">the</token>
<token t_id="256" sentence="9" number="20">coding</token>
<token t_id="257" sentence="9" number="21">error</token>
<token t_id="258" sentence="9" number="22">.</token>
<token t_id="259" sentence="10" number="0">"This</token>
<token t_id="260" sentence="10" number="1">seems</token>
<token t_id="261" sentence="10" number="2">to</token>
<token t_id="262" sentence="10" number="3">be</token>
<token t_id="263" sentence="10" number="4">perfectly</token>
<token t_id="264" sentence="10" number="5">positioned</token>
<token t_id="265" sentence="10" number="6">for</token>
<token t_id="266" sentence="10" number="7">drive</token>
<token t_id="267" sentence="10" number="8">-</token>
<token t_id="268" sentence="10" number="9">by</token>
<token t_id="269" sentence="10" number="10">malware</token>
<token t_id="270" sentence="10" number="11">using</token>
<token t_id="271" sentence="10" number="12">compromised</token>
<token t_id="272" sentence="10" number="13">websites</token>
<token t_id="273" sentence="10" number="14">,</token>
<token t_id="274" sentence="10" number="15">"</token>
<token t_id="275" sentence="10" number="16">Henry</token>
<token t_id="276" sentence="10" number="17">told</token>
<token t_id="277" sentence="10" number="18">CRN</token>
<token t_id="278" sentence="10" number="19">.</token>
<token t_id="279" sentence="11" number="0">"Since</token>
<token t_id="280" sentence="11" number="1">these</token>
<token t_id="281" sentence="11" number="2">are</token>
<token t_id="282" sentence="11" number="3">targeted</token>
<token t_id="283" sentence="11" number="4">attacks</token>
<token t_id="284" sentence="11" number="5">,</token>
<token t_id="285" sentence="11" number="6">someone</token>
<token t_id="286" sentence="11" number="7">is</token>
<token t_id="287" sentence="11" number="8">restricting</token>
<token t_id="288" sentence="11" number="9">use</token>
<token t_id="289" sentence="11" number="10">of</token>
<token t_id="290" sentence="11" number="11">it</token>
<token t_id="291" sentence="11" number="12">;</token>
<token t_id="292" sentence="11" number="13">they</token>
<token t_id="293" sentence="11" number="14">don't</token>
<token t_id="294" sentence="11" number="15">want</token>
<token t_id="295" sentence="11" number="16">information</token>
<token t_id="296" sentence="11" number="17">about</token>
<token t_id="297" sentence="11" number="18">this</token>
<token t_id="298" sentence="11" number="19">out</token>
<token t_id="299" sentence="11" number="20">in</token>
<token t_id="300" sentence="11" number="21">the</token>
<token t_id="301" sentence="11" number="22">wild</token>
<token t_id="302" sentence="11" number="23">because</token>
<token t_id="303" sentence="11" number="24">they</token>
<token t_id="304" sentence="11" number="25">want</token>
<token t_id="305" sentence="11" number="26">to</token>
<token t_id="306" sentence="11" number="27">be</token>
<token t_id="307" sentence="11" number="28">able</token>
<token t_id="308" sentence="11" number="29">to</token>
<token t_id="309" sentence="11" number="30">profit</token>
<token t_id="310" sentence="11" number="31">from</token>
<token t_id="311" sentence="11" number="32">it</token>
<token t_id="312" sentence="11" number="33">or</token>
<token t_id="313" sentence="11" number="34">use</token>
<token t_id="314" sentence="11" number="35">it</token>
<token t_id="315" sentence="11" number="36">in</token>
<token t_id="316" sentence="11" number="37">nation</token>
<token t_id="317" sentence="11" number="38">-</token>
<token t_id="318" sentence="11" number="39">state</token>
<token t_id="319" sentence="11" number="40">attacks</token>
<token t_id="320" sentence="11" number="41">.</token>
<token t_id="321" sentence="11" number="42">"</token>
<token t_id="322" sentence="12" number="0">The</token>
<token t_id="323" sentence="12" number="1">attack</token>
<token t_id="324" sentence="12" number="2">is</token>
<token t_id="325" sentence="12" number="3">very</token>
<token t_id="326" sentence="12" number="4">targeted</token>
<token t_id="327" sentence="12" number="5">and</token>
<token t_id="328" sentence="12" number="6">limited</token>
<token t_id="329" sentence="12" number="7">to</token>
<token t_id="330" sentence="12" number="8">Japan</token>
<token t_id="331" sentence="12" number="9">,</token>
<token t_id="332" sentence="12" number="10">according</token>
<token t_id="333" sentence="12" number="11">to</token>
<token t_id="334" sentence="12" number="12">Wolfgang</token>
<token t_id="335" sentence="12" number="13">Kandek</token>
<token t_id="336" sentence="12" number="14">,</token>
<token t_id="337" sentence="12" number="15">chief</token>
<token t_id="338" sentence="12" number="16">technology</token>
<token t_id="339" sentence="12" number="17">officer</token>
<token t_id="340" sentence="12" number="18">of</token>
<token t_id="341" sentence="12" number="19">Qualys</token>
<token t_id="342" sentence="12" number="20">.</token>
<token t_id="343" sentence="13" number="0">"It</token>
<token t_id="344" sentence="13" number="1">might</token>
<token t_id="345" sentence="13" number="2">not</token>
<token t_id="346" sentence="13" number="3">affect</token>
<token t_id="347" sentence="13" number="4">you</token>
<token t_id="348" sentence="13" number="5">at</token>
<token t_id="349" sentence="13" number="6">the</token>
<token t_id="350" sentence="13" number="7">moment</token>
<token t_id="351" sentence="13" number="8">.</token>
<token t_id="352" sentence="14" number="0">But</token>
<token t_id="353" sentence="14" number="1">with</token>
<token t_id="354" sentence="14" number="2">the</token>
<token t_id="355" sentence="14" number="3">publication</token>
<token t_id="356" sentence="14" number="4">of</token>
<token t_id="357" sentence="14" number="5">the</token>
<token t_id="358" sentence="14" number="6">shim</token>
<token t_id="359" sentence="14" number="7">,</token>
<token t_id="360" sentence="14" number="8">other</token>
<token t_id="361" sentence="14" number="9">attackers</token>
<token t_id="362" sentence="14" number="10">can</token>
<token t_id="363" sentence="14" number="11">now</token>
<token t_id="364" sentence="14" number="12">analyze</token>
<token t_id="365" sentence="14" number="13">the</token>
<token t_id="366" sentence="14" number="14">condition</token>
<token t_id="367" sentence="14" number="15">fixed</token>
<token t_id="368" sentence="14" number="16">and</token>
<token t_id="369" sentence="14" number="17">will</token>
<token t_id="370" sentence="14" number="18">be</token>
<token t_id="371" sentence="14" number="19">able</token>
<token t_id="372" sentence="14" number="20">to</token>
<token t_id="373" sentence="14" number="21">produce</token>
<token t_id="374" sentence="14" number="22">an</token>
<token t_id="375" sentence="14" number="23">equivalent</token>
<token t_id="376" sentence="14" number="24">exploit</token>
<token t_id="377" sentence="14" number="25">fairly</token>
<token t_id="378" sentence="14" number="26">quickly</token>
<token t_id="379" sentence="14" number="27">,</token>
<token t_id="380" sentence="14" number="28">"</token>
<token t_id="381" sentence="14" number="29">Kandek</token>
<token t_id="382" sentence="14" number="30">wrote</token>
<token t_id="383" sentence="14" number="31">in</token>
<token t_id="384" sentence="14" number="32">a</token>
<token t_id="385" sentence="14" number="33">blog</token>
<token t_id="386" sentence="14" number="34">post</token>
<token t_id="387" sentence="14" number="35">about</token>
<token t_id="388" sentence="14" number="36">the</token>
<token t_id="389" sentence="14" number="37">issue</token>
<token t_id="390" sentence="14" number="38">.</token>
<token t_id="391" sentence="15" number="0">"We</token>
<token t_id="392" sentence="15" number="1">suggest</token>
<token t_id="393" sentence="15" number="2">applying</token>
<token t_id="394" sentence="15" number="3">the</token>
<token t_id="395" sentence="15" number="4">Fix</token>
<token t_id="396" sentence="15" number="5">-</token>
<token t_id="397" sentence="15" number="6">It</token>
<token t_id="398" sentence="15" number="7">as</token>
<token t_id="399" sentence="15" number="8">soon</token>
<token t_id="400" sentence="15" number="9">as</token>
<token t_id="401" sentence="15" number="10">possible</token>
<token t_id="402" sentence="15" number="11">if</token>
<token t_id="403" sentence="15" number="12">you</token>
<token t_id="404" sentence="15" number="13">use</token>
<token t_id="405" sentence="15" number="14">IE</token>
<token t_id="406" sentence="15" number="15">to</token>
<token t_id="407" sentence="15" number="16">access</token>
<token t_id="408" sentence="15" number="17">the</token>
<token t_id="409" sentence="15" number="18">Internet</token>
<token t_id="410" sentence="15" number="19">.</token>
<token t_id="411" sentence="15" number="20">"</token>
<token t_id="412" sentence="16" number="0">The</token>
<token t_id="413" sentence="16" number="1">flaw</token>
<token t_id="414" sentence="16" number="2">stems</token>
<token t_id="415" sentence="16" number="3">from</token>
<token t_id="416" sentence="16" number="4">an</token>
<token t_id="417" sentence="16" number="5">error</token>
<token t_id="418" sentence="16" number="6">in</token>
<token t_id="419" sentence="16" number="7">the</token>
<token t_id="420" sentence="16" number="8">way</token>
<token t_id="421" sentence="16" number="9">the</token>
<token t_id="422" sentence="16" number="10">browser</token>
<token t_id="423" sentence="16" number="11">accesses</token>
<token t_id="424" sentence="16" number="12">an</token>
<token t_id="425" sentence="16" number="13">object</token>
<token t_id="426" sentence="16" number="14">in</token>
<token t_id="427" sentence="16" number="15">memory</token>
<token t_id="428" sentence="16" number="16">that</token>
<token t_id="429" sentence="16" number="17">has</token>
<token t_id="430" sentence="16" number="18">been</token>
<token t_id="431" sentence="16" number="19">deleted</token>
<token t_id="432" sentence="16" number="20">or</token>
<token t_id="433" sentence="16" number="21">has</token>
<token t_id="434" sentence="16" number="22">not</token>
<token t_id="435" sentence="16" number="23">been</token>
<token t_id="436" sentence="16" number="24">properly</token>
<token t_id="437" sentence="16" number="25">allocated</token>
<token t_id="438" sentence="16" number="26">.</token>
<token t_id="439" sentence="17" number="0">The</token>
<token t_id="440" sentence="17" number="1">coding</token>
<token t_id="441" sentence="17" number="2">error</token>
<token t_id="442" sentence="17" number="3">results</token>
<token t_id="443" sentence="17" number="4">in</token>
<token t_id="444" sentence="17" number="5">memory</token>
<token t_id="445" sentence="17" number="6">corruption</token>
<token t_id="446" sentence="17" number="7">,</token>
<token t_id="447" sentence="17" number="8">giving</token>
<token t_id="448" sentence="17" number="9">an</token>
<token t_id="449" sentence="17" number="10">attacker</token>
<token t_id="450" sentence="17" number="11">the</token>
<token t_id="451" sentence="17" number="12">ability</token>
<token t_id="452" sentence="17" number="13">to</token>
<token t_id="453" sentence="17" number="14">execute</token>
<token t_id="454" sentence="17" number="15">code</token>
<token t_id="455" sentence="17" number="16">in</token>
<token t_id="456" sentence="17" number="17">the</token>
<token t_id="457" sentence="17" number="18">context</token>
<token t_id="458" sentence="17" number="19">of</token>
<token t_id="459" sentence="17" number="20">the</token>
<token t_id="460" sentence="17" number="21">current</token>
<token t_id="461" sentence="17" number="22">user</token>
<token t_id="462" sentence="17" number="23">within</token>
<token t_id="463" sentence="17" number="24">Internet</token>
<token t_id="464" sentence="17" number="25">Explorer</token>
<token t_id="465" sentence="17" number="26">,</token>
<token t_id="466" sentence="17" number="27">Microsoft</token>
<token t_id="467" sentence="17" number="28">said</token>
<token t_id="468" sentence="17" number="29">.</token>
<token t_id="469" sentence="18" number="0">As</token>
<token t_id="470" sentence="18" number="1">part</token>
<token t_id="471" sentence="18" number="2">of</token>
<token t_id="472" sentence="18" number="3">its</token>
<token t_id="473" sentence="18" number="4">September</token>
<token t_id="474" sentence="18" number="5">2013</token>
<token t_id="475" sentence="18" number="6">Patch</token>
<token t_id="476" sentence="18" number="7">Tuesday</token>
<token t_id="477" sentence="18" number="8">updates</token>
<token t_id="478" sentence="18" number="9">,</token>
<token t_id="479" sentence="18" number="10">Microsoft</token>
<token t_id="480" sentence="18" number="11">repaired</token>
<token t_id="481" sentence="18" number="12">47</token>
<token t_id="482" sentence="18" number="13">vulnerabilities</token>
<token t_id="483" sentence="18" number="14">,</token>
<token t_id="484" sentence="18" number="15">including</token>
<token t_id="485" sentence="18" number="16">10</token>
<token t_id="486" sentence="18" number="17">critical</token>
<token t_id="487" sentence="18" number="18">flaws</token>
<token t_id="488" sentence="18" number="19">in</token>
<token t_id="489" sentence="18" number="20">Internet</token>
<token t_id="490" sentence="18" number="21">Explorer</token>
<token t_id="491" sentence="18" number="22">.</token>
<Markables>
<ACTION_OCCURRENCE m_id="41"  >
  <token_anchor t_id="145"/>
</ACTION_OCCURRENCE>
<ACTION_OCCURRENCE m_id="73"  >
  <token_anchor t_id="270"/>
</ACTION_OCCURRENCE>
<ACTION_OCCURRENCE m_id="42"  >
  <token_anchor t_id="152"/>
</ACTION_OCCURRENCE>
<ACTION_OCCURRENCE m_id="43"  >
  <token_anchor t_id="151"/>
</ACTION_OCCURRENCE>
<ACTION_OCCURRENCE m_id="44"  >
  <token_anchor t_id="164"/>
</ACTION_OCCURRENCE>
<ACTION_OCCURRENCE m_id="45"  >
  <token_anchor t_id="177"/>
</ACTION_OCCURRENCE>
<ACTION_OCCURRENCE m_id="46"  >
  <token_anchor t_id="186"/>
</ACTION_OCCURRENCE>
<ACTION_OCCURRENCE m_id="47"  >
  <token_anchor t_id="213"/>
  <token_anchor t_id="214"/>
</ACTION_OCCURRENCE>
<ACTION_OCCURRENCE m_id="48"  >
  <token_anchor t_id="219"/>
</ACTION_OCCURRENCE>
<ACTION_OCCURRENCE m_id="49"  >
  <token_anchor t_id="190"/>
</ACTION_OCCURRENCE>
<ACTION_OCCURRENCE m_id="50"  >
  <token_anchor t_id="195"/>
  <token_anchor t_id="196"/>
  <token_anchor t_id="197"/>
</ACTION_OCCURRENCE>
<ACTION_OCCURRENCE m_id="51"  >
  <token_anchor t_id="203"/>
</ACTION_OCCURRENCE>
<ACTION_OCCURRENCE m_id="52"  >
  <token_anchor t_id="238"/>
  <token_anchor t_id="239"/>
</ACTION_OCCURRENCE>
<ACTION_OCCURRENCE m_id="53"  >
  <token_anchor t_id="243"/>
</ACTION_OCCURRENCE>
<ACTION_OCCURRENCE m_id="22"  >
  <token_anchor t_id="37"/>
</ACTION_OCCURRENCE>
<ACTION_OCCURRENCE m_id="54"  >
  <token_anchor t_id="254"/>
</ACTION_OCCURRENCE>
<ACTION_OCCURRENCE m_id="23"  >
  <token_anchor t_id="56"/>
  <token_anchor t_id="57"/>
</ACTION_OCCURRENCE>
<ACTION_OCCURRENCE m_id="55"  >
  <token_anchor t_id="283"/>
</ACTION_OCCURRENCE>
<ACTION_OCCURRENCE m_id="27"  >
  <token_anchor t_id="64"/>
</ACTION_OCCURRENCE>
<ACTION_OCCURRENCE m_id="28"  >
  <token_anchor t_id="65"/>
</ACTION_OCCURRENCE>
<ACTION_OCCURRENCE m_id="29"  >
  <token_anchor t_id="44"/>
</ACTION_OCCURRENCE>
<ACTION_OCCURRENCE m_id="30"  >
  <token_anchor t_id="41"/>
</ACTION_OCCURRENCE>
<ACTION_OCCURRENCE m_id="31"  >
  <token_anchor t_id="62"/>
</ACTION_OCCURRENCE>
<ACTION_OCCURRENCE m_id="32"  >
  <token_anchor t_id="91"/>
</ACTION_OCCURRENCE>
<ACTION_OCCURRENCE m_id="33"  >
  <token_anchor t_id="98"/>
</ACTION_OCCURRENCE>
<ACTION_OCCURRENCE m_id="34"  >
  <token_anchor t_id="108"/>
</ACTION_OCCURRENCE>
<ACTION_OCCURRENCE m_id="35"  >
  <token_anchor t_id="111"/>
</ACTION_OCCURRENCE>
<ACTION_OCCURRENCE m_id="67"  >
  <token_anchor t_id="264"/>
</ACTION_OCCURRENCE>
<ACTION_OCCURRENCE m_id="36"  >
  <token_anchor t_id="127"/>
</ACTION_OCCURRENCE>
<ACTION_OCCURRENCE m_id="37"  >
  <token_anchor t_id="131"/>
</ACTION_OCCURRENCE>
<ACTION_OCCURRENCE m_id="38"  >
  <token_anchor t_id="134"/>
</ACTION_OCCURRENCE>
<ACTION_OCCURRENCE m_id="39"  >
  <token_anchor t_id="136"/>
</ACTION_OCCURRENCE>
<ACTION_OCCURRENCE m_id="40"  >
  <token_anchor t_id="143"/>
</ACTION_OCCURRENCE>
<ACTION_OCCURRENCE m_id="72"  >
  <token_anchor t_id="251"/>
</ACTION_OCCURRENCE>
<ACTION_STATE m_id="83"  >
  <token_anchor t_id="38"/>
</ACTION_STATE>
<ACTION_STATE m_id="87"  >
  <token_anchor t_id="101"/>
</ACTION_STATE>
<ACTION_STATE m_id="68"  >
  <token_anchor t_id="271"/>
</ACTION_STATE>
<ACTION_STATE m_id="69"  >
  <token_anchor t_id="205"/>
</ACTION_STATE>
<ACTION_STATE m_id="70"  >
  <token_anchor t_id="223"/>
</ACTION_STATE>
<HUMAN_PART_GENERIC m_id="14"  >
  <token_anchor t_id="236"/>
</HUMAN_PART_GENERIC>
<HUMAN_PART_GENERIC m_id="15"  >
  <token_anchor t_id="247"/>
</HUMAN_PART_GENERIC>
<HUMAN_PART_GENERIC m_id="17"  >
  <token_anchor t_id="285"/>
</HUMAN_PART_GENERIC>
<HUMAN_PART_GENERIC m_id="18"  >
  <token_anchor t_id="292"/>
</HUMAN_PART_GENERIC>
<HUMAN_PART_GENERIC m_id="19"  >
  <token_anchor t_id="303"/>
</HUMAN_PART_GENERIC>
<HUMAN_PART_GPE m_id="20"  >
  <token_anchor t_id="316"/>
  <token_anchor t_id="317"/>
  <token_anchor t_id="318"/>
</HUMAN_PART_GPE>
<HUMAN_PART_ORG m_id="9"  >
  <token_anchor t_id="171"/>
</HUMAN_PART_ORG>
<HUMAN_PART_ORG m_id="10"  >
  <token_anchor t_id="211"/>
</HUMAN_PART_ORG>
<HUMAN_PART_ORG m_id="12"  >
  <token_anchor t_id="188"/>
</HUMAN_PART_ORG>
<HUMAN_PART_ORG m_id="1"  >
  <token_anchor t_id="36"/>
</HUMAN_PART_ORG>
<HUMAN_PART_ORG m_id="2"  >
  <token_anchor t_id="54"/>
</HUMAN_PART_ORG>
<HUMAN_PART_ORG m_id="3"  >
  <token_anchor t_id="75"/>
  <token_anchor t_id="76"/>
</HUMAN_PART_ORG>
<HUMAN_PART_ORG m_id="4"  >
  <token_anchor t_id="94"/>
</HUMAN_PART_ORG>
<HUMAN_PART_ORG m_id="6"  >
  <token_anchor t_id="129"/>
</HUMAN_PART_ORG>
<HUMAN_PART_PER m_id="13"  >
  <token_anchor t_id="226"/>
  <token_anchor t_id="227"/>
</HUMAN_PART_PER>
<HUMAN_PART_PER m_id="16"  >
  <token_anchor t_id="275"/>
</HUMAN_PART_PER>
<HUMAN_PART_PER m_id="5"  >
  <token_anchor t_id="113"/>
</HUMAN_PART_PER>
<HUMAN_PART_PER m_id="7"  >
  <token_anchor t_id="138"/>
</HUMAN_PART_PER>
<HUMAN_PART_PER m_id="8"  >
  <token_anchor t_id="166"/>
</HUMAN_PART_PER>
<NON_HUMAN_PART m_id="75"  >
  <token_anchor t_id="102"/>
  <token_anchor t_id="103"/>
  <token_anchor t_id="104"/>
  <token_anchor t_id="105"/>
</NON_HUMAN_PART>
<NON_HUMAN_PART m_id="76"  >
  <token_anchor t_id="115"/>
  <token_anchor t_id="116"/>
  <token_anchor t_id="117"/>
</NON_HUMAN_PART>
<NON_HUMAN_PART m_id="77"  >
  <token_anchor t_id="119"/>
  <token_anchor t_id="120"/>
  <token_anchor t_id="121"/>
</NON_HUMAN_PART>
<NON_HUMAN_PART m_id="79"  >
  <token_anchor t_id="150"/>
</NON_HUMAN_PART>
<NON_HUMAN_PART m_id="80"  >
  <token_anchor t_id="176"/>
</NON_HUMAN_PART>
<NON_HUMAN_PART m_id="92"  >
  <token_anchor t_id="97"/>
</NON_HUMAN_PART>
<NON_HUMAN_PART m_id="24"  >
  <token_anchor t_id="42"/>
  <token_anchor t_id="43"/>
</NON_HUMAN_PART>
<NON_HUMAN_PART m_id="56"  >
  <token_anchor t_id="162"/>
</NON_HUMAN_PART>
<NON_HUMAN_PART m_id="25"  >
  <token_anchor t_id="67"/>
  <token_anchor t_id="68"/>
</NON_HUMAN_PART>
<NON_HUMAN_PART m_id="57"  >
  <token_anchor t_id="288"/>
</NON_HUMAN_PART>
<NON_HUMAN_PART m_id="58"  >
  <token_anchor t_id="295"/>
</NON_HUMAN_PART>
<NON_HUMAN_PART m_id="59"  >
  <token_anchor t_id="269"/>
</NON_HUMAN_PART>
<NON_HUMAN_PART m_id="60"  >
  <token_anchor t_id="216"/>
</NON_HUMAN_PART>
<NON_HUMAN_PART m_id="61"  >
  <token_anchor t_id="221"/>
</NON_HUMAN_PART>
<NON_HUMAN_PART m_id="62"  >
  <token_anchor t_id="192"/>
  <token_anchor t_id="193"/>
</NON_HUMAN_PART>
<NON_HUMAN_PART m_id="63"  >
  <token_anchor t_id="199"/>
</NON_HUMAN_PART>
<NON_HUMAN_PART m_id="64"  >
  <token_anchor t_id="257"/>
</NON_HUMAN_PART>
<NON_HUMAN_PART m_id="65"  >
  <token_anchor t_id="252"/>
</NON_HUMAN_PART>
<NON_HUMAN_PART m_id="66"  >
  <token_anchor t_id="250"/>
</NON_HUMAN_PART>
<NON_HUMAN_PART m_id="71"  >
  <token_anchor t_id="167"/>
</NON_HUMAN_PART>
<NON_HUMAN_PART_GENERIC m_id="74"  >
  <token_anchor t_id="272"/>
</NON_HUMAN_PART_GENERIC>
<TIME_DATE m_id="81"  >
  <token_anchor t_id="178"/>
</TIME_DATE>
<TIME_OF_THE_DAY m_id="21"  >
  <token_anchor t_id="45"/>
  <token_anchor t_id="46"/>
  <token_anchor t_id="47"/>
  <token_anchor t_id="48"/>
  <token_anchor t_id="49"/>
  <token_anchor t_id="50"/>
  <token_anchor t_id="51"/>
  <token_anchor t_id="52"/>
  <token_anchor t_id="53"/>
</TIME_OF_THE_DAY>


<NON_HUMAN_PART m_id="96" note="byCROMER" >
  <token_anchor t_id="39"/>
</NON_HUMAN_PART>
<NON_HUMAN_PART m_id="97" note="byCROMER" >
  <token_anchor t_id="60"/>
</NON_HUMAN_PART>
<NON_HUMAN_PART m_id="98" note="byCROMER" >
  <token_anchor t_id="69"/>
  <token_anchor t_id="70"/>
  <token_anchor t_id="71"/>
  <token_anchor t_id="72"/>
</NON_HUMAN_PART>
<NON_HUMAN_PART m_id="99" note="byCROMER" >
  <token_anchor t_id="79"/>
  <token_anchor t_id="80"/>
  <token_anchor t_id="81"/>
  <token_anchor t_id="82"/>
  <token_anchor t_id="83"/>
</NON_HUMAN_PART>
<HUMAN_PART_ORG m_id="100" note="byCROMER" >
  <token_anchor t_id="183"/>
</HUMAN_PART_ORG>
<ACTION_OCCURRENCE m_id="101" note="byCROMER" >
  <token_anchor t_id="88"/>
</ACTION_OCCURRENCE>


<HUMAN_PART_ORG m_id="109" RELATED_TO="" TAG_DESCRIPTOR="t27_microsoft" instance_id="HUM16627702263331271" />
<NON_HUMAN_PART m_id="108" RELATED_TO="" TAG_DESCRIPTOR="t27_IE" instance_id="NON16628072497530110" />
<ACTION_OCCURRENCE m_id="107" RELATED_TO="" TAG_DESCRIPTOR="t27_launches_patch" instance_id="ACT16628380851866429" />
<NON_HUMAN_PART m_id="106" RELATED_TO="" TAG_DESCRIPTOR="t27_flaw_or_vulnerability" instance_id="NON16628047448605797" />
<ACTION_OCCURRENCE m_id="105" RELATED_TO="" TAG_DESCRIPTOR="t27_prevent_attacks" instance_id="ACT16628349924253470" />
<NON_HUMAN_PART m_id="104" RELATED_TO="" TAG_DESCRIPTOR="t27_emergency_patch" instance_id="NON16628128321821328" />
<ACTION_OCCURRENCE m_id="103" RELATED_TO="" TAG_DESCRIPTOR="t27_targeted" instance_id="ACT16628372713940200" />
<ACTION_OCCURRENCE m_id="102" RELATED_TO="" TAG_DESCRIPTOR="t27_attacks" instance_id="ACT16628483776494389" />
</Markables>

<Relations>
<CROSS_DOC_COREF r_id="37695" note="ACT16628483776494389" >
  <source m_id="34" />
  <source m_id="27" />
  <source m_id="29" />
  <source m_id="32" />
  <target m_id="102" />
</CROSS_DOC_COREF>
<CROSS_DOC_COREF r_id="37696" note="ACT16628372713940200" >
  <source m_id="28" />
  <target m_id="103" />
</CROSS_DOC_COREF>
<CROSS_DOC_COREF r_id="37697" note="NON16628128321821328" >
  <source m_id="96" />
  <source m_id="97" />
  <source m_id="99" />
  <target m_id="104" />
</CROSS_DOC_COREF>
<CROSS_DOC_COREF r_id="37698" note="ACT16628349924253470" >
  <source m_id="30" />
  <source m_id="31" />
  <source m_id="101" />
  <target m_id="105" />
</CROSS_DOC_COREF>
<CROSS_DOC_COREF r_id="37699" note="NON16628047448605797" >
  <source m_id="98" />
  <target m_id="106" />
</CROSS_DOC_COREF>
<CROSS_DOC_COREF r_id="37700" note="ACT16628380851866429" >
  <source m_id="22" />
  <source m_id="23" />
  <target m_id="107" />
</CROSS_DOC_COREF>
<CROSS_DOC_COREF r_id="37701" note="NON16628072497530110" >
  <source m_id="25" />
  <source m_id="77" />
  <source m_id="24" />
  <source m_id="76" />
  <source m_id="75" />
  <target m_id="108" />
</CROSS_DOC_COREF>
<CROSS_DOC_COREF r_id="37702" note="HUM16627702263331271" >
  <source m_id="10" />
  <source m_id="1" />
  <source m_id="9" />
  <source m_id="4" />
  <source m_id="3" />
  <source m_id="6" />
  <source m_id="100" />
  <source m_id="2" />
  <target m_id="109" />
</CROSS_DOC_COREF>

</Relations>
</Document>
