<Document doc_name="27_6ecbplus.xml" doc_id="DOC15651678241300308">
<token t_id="1" sentence="0" number="0">http</token>
<token t_id="2" sentence="0" number="1">:</token>
<token t_id="3" sentence="0" number="2">/</token>
<token t_id="4" sentence="0" number="3">/</token>
<token t_id="5" sentence="0" number="4">krebsonsecurity</token>
<token t_id="6" sentence="0" number="5">.</token>
<token t_id="7" sentence="0" number="6">com</token>
<token t_id="8" sentence="0" number="7">/</token>
<token t_id="9" sentence="0" number="8">2013</token>
<token t_id="10" sentence="0" number="9">/</token>
<token t_id="11" sentence="0" number="10">09</token>
<token t_id="12" sentence="0" number="11">/</token>
<token t_id="13" sentence="0" number="12">microsoft</token>
<token t_id="14" sentence="0" number="13">-</token>
<token t_id="15" sentence="0" number="14">ie</token>
<token t_id="16" sentence="0" number="15">-</token>
<token t_id="17" sentence="0" number="16">zero</token>
<token t_id="18" sentence="0" number="17">-</token>
<token t_id="19" sentence="0" number="18">day</token>
<token t_id="20" sentence="0" number="19">-</token>
<token t_id="21" sentence="0" number="20">flaw</token>
<token t_id="22" sentence="0" number="21">-</token>
<token t_id="23" sentence="0" number="22">affects</token>
<token t_id="24" sentence="0" number="23">-</token>
<token t_id="25" sentence="0" number="24">all</token>
<token t_id="26" sentence="0" number="25">-</token>
<token t_id="27" sentence="0" number="26">versions</token>
<token t_id="28" sentence="0" number="27">/</token>
<token t_id="29" sentence="1" number="0">Microsoft</token>
<token t_id="30" sentence="1" number="1">:</token>
<token t_id="31" sentence="1" number="2">IE</token>
<token t_id="32" sentence="1" number="3">Zero</token>
<token t_id="33" sentence="1" number="4">Day</token>
<token t_id="34" sentence="1" number="5">Flaw</token>
<token t_id="35" sentence="1" number="6">Affects</token>
<token t_id="36" sentence="1" number="7">All</token>
<token t_id="37" sentence="1" number="8">Versions</token>
<token t_id="38" sentence="2" number="0">Microsoft</token>
<token t_id="39" sentence="2" number="1">said</token>
<token t_id="40" sentence="2" number="2">today</token>
<token t_id="41" sentence="2" number="3">that</token>
<token t_id="42" sentence="2" number="4">attackers</token>
<token t_id="43" sentence="2" number="5">are</token>
<token t_id="44" sentence="2" number="6">exploiting</token>
<token t_id="45" sentence="2" number="7">a</token>
<token t_id="46" sentence="2" number="8">previously</token>
<token t_id="47" sentence="2" number="9">unknown</token>
<token t_id="48" sentence="2" number="10">,</token>
<token t_id="49" sentence="2" number="11">unpatched</token>
<token t_id="50" sentence="2" number="12">vulnerability</token>
<token t_id="51" sentence="2" number="13">in</token>
<token t_id="52" sentence="2" number="14">all</token>
<token t_id="53" sentence="2" number="15">supported</token>
<token t_id="54" sentence="2" number="16">versions</token>
<token t_id="55" sentence="2" number="17">of</token>
<token t_id="56" sentence="2" number="18">its</token>
<token t_id="57" sentence="2" number="19">Internet</token>
<token t_id="58" sentence="2" number="20">Explorer</token>
<token t_id="59" sentence="2" number="21">Web</token>
<token t_id="60" sentence="2" number="22">browser</token>
<token t_id="61" sentence="2" number="23">.</token>
<token t_id="62" sentence="3" number="0">The</token>
<token t_id="63" sentence="3" number="1">company</token>
<token t_id="64" sentence="3" number="2">said</token>
<token t_id="65" sentence="3" number="3">it</token>
<token t_id="66" sentence="3" number="4">is</token>
<token t_id="67" sentence="3" number="5">working</token>
<token t_id="68" sentence="3" number="6">on</token>
<token t_id="69" sentence="3" number="7">an</token>
<token t_id="70" sentence="3" number="8">official</token>
<token t_id="71" sentence="3" number="9">patch</token>
<token t_id="72" sentence="3" number="10">to</token>
<token t_id="73" sentence="3" number="11">plug</token>
<token t_id="74" sentence="3" number="12">the</token>
<token t_id="75" sentence="3" number="13">security</token>
<token t_id="76" sentence="3" number="14">hole</token>
<token t_id="77" sentence="3" number="15">,</token>
<token t_id="78" sentence="3" number="16">but</token>
<token t_id="79" sentence="3" number="17">in</token>
<token t_id="80" sentence="3" number="18">the</token>
<token t_id="81" sentence="3" number="19">meantime</token>
<token t_id="82" sentence="3" number="20">it</token>
<token t_id="83" sentence="3" number="21">has</token>
<token t_id="84" sentence="3" number="22">released</token>
<token t_id="85" sentence="3" number="23">a</token>
<token t_id="86" sentence="3" number="24">stopgap</token>
<token t_id="87" sentence="3" number="25">fix</token>
<token t_id="88" sentence="3" number="26">to</token>
<token t_id="89" sentence="3" number="27">help</token>
<token t_id="90" sentence="3" number="28">protect</token>
<token t_id="91" sentence="3" number="29">affected</token>
<token t_id="92" sentence="3" number="30">customers</token>
<token t_id="93" sentence="3" number="31">.</token>
<token t_id="94" sentence="4" number="0">Microsoft</token>
<token t_id="95" sentence="4" number="1">said</token>
<token t_id="96" sentence="4" number="2">it</token>
<token t_id="97" sentence="4" number="3">is</token>
<token t_id="98" sentence="4" number="4">aware</token>
<token t_id="99" sentence="4" number="5">of</token>
<token t_id="100" sentence="4" number="6">targeted</token>
<token t_id="101" sentence="4" number="7">attacks</token>
<token t_id="102" sentence="4" number="8">that</token>
<token t_id="103" sentence="4" number="9">attempt</token>
<token t_id="104" sentence="4" number="10">to</token>
<token t_id="105" sentence="4" number="11">exploit</token>
<token t_id="106" sentence="4" number="12">the</token>
<token t_id="107" sentence="4" number="13">vulnerability</token>
<token t_id="108" sentence="4" number="14">(</token>
<token t_id="109" sentence="4" number="15">CVE</token>
<token t_id="110" sentence="4" number="16">-</token>
<token t_id="111" sentence="4" number="17">2013</token>
<token t_id="112" sentence="4" number="18">-</token>
<token t_id="113" sentence="4" number="19">3893</token>
<token t_id="114" sentence="4" number="20">)</token>
<token t_id="115" sentence="4" number="21">in</token>
<token t_id="116" sentence="4" number="22">IE</token>
<token t_id="117" sentence="4" number="23">8</token>
<token t_id="118" sentence="4" number="24">and</token>
<token t_id="119" sentence="4" number="25">IE</token>
<token t_id="120" sentence="4" number="26">9</token>
<token t_id="121" sentence="4" number="27">versions</token>
<token t_id="122" sentence="4" number="28">of</token>
<token t_id="123" sentence="4" number="29">the</token>
<token t_id="124" sentence="4" number="30">default</token>
<token t_id="125" sentence="4" number="31">Windows</token>
<token t_id="126" sentence="4" number="32">browser</token>
<token t_id="127" sentence="4" number="33">.</token>
<token t_id="128" sentence="5" number="0">According</token>
<token t_id="129" sentence="5" number="1">to</token>
<token t_id="130" sentence="5" number="2">an</token>
<token t_id="131" sentence="5" number="3">advisory</token>
<token t_id="132" sentence="5" number="4">issued</token>
<token t_id="133" sentence="5" number="5">today</token>
<token t_id="134" sentence="5" number="6">,</token>
<token t_id="135" sentence="5" number="7">the</token>
<token t_id="136" sentence="5" number="8">flaw</token>
<token t_id="137" sentence="5" number="9">is</token>
<token t_id="138" sentence="5" number="10">a</token>
<token t_id="139" sentence="5" number="11">remote</token>
<token t_id="140" sentence="5" number="12">code</token>
<token t_id="141" sentence="5" number="13">bug</token>
<token t_id="142" sentence="5" number="14">,</token>
<token t_id="143" sentence="5" number="15">which</token>
<token t_id="144" sentence="5" number="16">means</token>
<token t_id="145" sentence="5" number="17">malware</token>
<token t_id="146" sentence="5" number="18">or</token>
<token t_id="147" sentence="5" number="19">miscreants</token>
<token t_id="148" sentence="5" number="20">could</token>
<token t_id="149" sentence="5" number="21">use</token>
<token t_id="150" sentence="5" number="22">it</token>
<token t_id="151" sentence="5" number="23">install</token>
<token t_id="152" sentence="5" number="24">malware</token>
<token t_id="153" sentence="5" number="25">just</token>
<token t_id="154" sentence="5" number="26">by</token>
<token t_id="155" sentence="5" number="27">coaxing</token>
<token t_id="156" sentence="5" number="28">IE</token>
<token t_id="157" sentence="5" number="29">users</token>
<token t_id="158" sentence="5" number="30">to</token>
<token t_id="159" sentence="5" number="31">browse</token>
<token t_id="160" sentence="5" number="32">a</token>
<token t_id="161" sentence="5" number="33">hacked</token>
<token t_id="162" sentence="5" number="34">or</token>
<token t_id="163" sentence="5" number="35">malicious</token>
<token t_id="164" sentence="5" number="36">Web</token>
<token t_id="165" sentence="5" number="37">site</token>
<token t_id="166" sentence="5" number="38">.</token>
<token t_id="167" sentence="6" number="0">The</token>
<token t_id="168" sentence="6" number="1">Fix</token>
<token t_id="169" sentence="6" number="2">It</token>
<token t_id="170" sentence="6" number="3">solution</token>
<token t_id="171" sentence="6" number="4">is</token>
<token t_id="172" sentence="6" number="5">available</token>
<token t_id="173" sentence="6" number="6">from</token>
<token t_id="174" sentence="6" number="7">this</token>
<token t_id="175" sentence="6" number="8">link</token>
<token t_id="176" sentence="6" number="9">.</token>
<token t_id="177" sentence="7" number="0">To</token>
<token t_id="178" sentence="7" number="1">apply</token>
<token t_id="179" sentence="7" number="2">it</token>
<token t_id="180" sentence="7" number="3">,</token>
<token t_id="181" sentence="7" number="4">click</token>
<token t_id="182" sentence="7" number="5">the</token>
<token t_id="183" sentence="7" number="6">Fix</token>
<token t_id="184" sentence="7" number="7">It</token>
<token t_id="185" sentence="7" number="8">icon</token>
<token t_id="186" sentence="7" number="9">above</token>
<token t_id="187" sentence="7" number="10">the</token>
<token t_id="188" sentence="7" number="11">Fix</token>
<token t_id="189" sentence="7" number="12">This</token>
<token t_id="190" sentence="7" number="13">Problem</token>
<token t_id="191" sentence="7" number="14">link</token>
<token t_id="192" sentence="7" number="15">.</token>
<token t_id="193" sentence="8" number="0">Applying</token>
<token t_id="194" sentence="8" number="1">this</token>
<token t_id="195" sentence="8" number="2">solution</token>
<token t_id="196" sentence="8" number="3">may</token>
<token t_id="197" sentence="8" number="4">limit</token>
<token t_id="198" sentence="8" number="5">some</token>
<token t_id="199" sentence="8" number="6">functionalities</token>
<token t_id="200" sentence="8" number="7">of</token>
<token t_id="201" sentence="8" number="8">IE</token>
<token t_id="202" sentence="8" number="9">,</token>
<token t_id="203" sentence="8" number="10">so</token>
<token t_id="204" sentence="8" number="11">if</token>
<token t_id="205" sentence="8" number="12">you</token>
<token t_id="206" sentence="8" number="13">run</token>
<token t_id="207" sentence="8" number="14">into</token>
<token t_id="208" sentence="8" number="15">problems</token>
<token t_id="209" sentence="8" number="16">after</token>
<token t_id="210" sentence="8" number="17">applying</token>
<token t_id="211" sentence="8" number="18">this</token>
<token t_id="212" sentence="8" number="19">interim</token>
<token t_id="213" sentence="8" number="20">patch</token>
<token t_id="214" sentence="8" number="21">,</token>
<token t_id="215" sentence="8" number="22">you</token>
<token t_id="216" sentence="8" number="23">can</token>
<token t_id="217" sentence="8" number="24">click</token>
<token t_id="218" sentence="8" number="25">the</token>
<token t_id="219" sentence="8" number="26">Fix</token>
<token t_id="220" sentence="8" number="27">It</token>
<token t_id="221" sentence="8" number="28">icon</token>
<token t_id="222" sentence="8" number="29">to</token>
<token t_id="223" sentence="8" number="30">the</token>
<token t_id="224" sentence="8" number="31">right</token>
<token t_id="225" sentence="8" number="32">of</token>
<token t_id="226" sentence="8" number="33">that</token>
<token t_id="227" sentence="8" number="34">“</token>
<token t_id="228" sentence="8" number="35">enable</token>
<token t_id="229" sentence="8" number="36">”</token>
<token t_id="230" sentence="8" number="37">button</token>
<token t_id="231" sentence="8" number="38">to</token>
<token t_id="232" sentence="8" number="39">reverse</token>
<token t_id="233" sentence="8" number="40">the</token>
<token t_id="234" sentence="8" number="41">update</token>
<token t_id="235" sentence="8" number="42">.</token>
<token t_id="236" sentence="9" number="0">Update</token>
<token t_id="237" sentence="9" number="1">:</token>
<token t_id="238" sentence="9" number="2">As</token>
<token t_id="239" sentence="9" number="3">several</token>
<token t_id="240" sentence="9" number="4">readers</token>
<token t_id="241" sentence="9" number="5">have</token>
<token t_id="242" sentence="9" number="6">already</token>
<token t_id="243" sentence="9" number="7">noted</token>
<token t_id="244" sentence="9" number="8">in</token>
<token t_id="245" sentence="9" number="9">the</token>
<token t_id="246" sentence="9" number="10">comments</token>
<token t_id="247" sentence="9" number="11">,</token>
<token t_id="248" sentence="9" number="12">this</token>
<token t_id="249" sentence="9" number="13">Fix</token>
<token t_id="250" sentence="9" number="14">It</token>
<token t_id="251" sentence="9" number="15">solution</token>
<token t_id="252" sentence="9" number="16">is</token>
<token t_id="253" sentence="9" number="17">for</token>
<token t_id="254" sentence="9" number="18">32</token>
<token t_id="255" sentence="9" number="19">-</token>
<token t_id="256" sentence="9" number="20">bit</token>
<token t_id="257" sentence="9" number="21">versions</token>
<token t_id="258" sentence="9" number="22">of</token>
<token t_id="259" sentence="9" number="23">IE</token>
<token t_id="260" sentence="9" number="24">only</token>
<token t_id="261" sentence="9" number="25">.</token>
<token t_id="262" sentence="10" number="0">In</token>
<token t_id="263" sentence="10" number="1">64</token>
<token t_id="264" sentence="10" number="2">-</token>
<token t_id="265" sentence="10" number="3">bit</token>
<token t_id="266" sentence="10" number="4">Windows</token>
<token t_id="267" sentence="10" number="5">,</token>
<token t_id="268" sentence="10" number="6">you</token>
<token t_id="269" sentence="10" number="7">can</token>
<token t_id="270" sentence="10" number="8">tell</token>
<token t_id="271" sentence="10" number="9">whether</token>
<token t_id="272" sentence="10" number="10">the</token>
<token t_id="273" sentence="10" number="11">browser</token>
<token t_id="274" sentence="10" number="12">you</token>
<token t_id="275" sentence="10" number="13">’</token>
<token t_id="276" sentence="10" number="14">re</token>
<token t_id="277" sentence="10" number="15">using</token>
<token t_id="278" sentence="10" number="16">is</token>
<token t_id="279" sentence="10" number="17">a</token>
<token t_id="280" sentence="10" number="18">32</token>
<token t_id="281" sentence="10" number="19">-</token>
<token t_id="282" sentence="10" number="20">bit</token>
<token t_id="283" sentence="10" number="21">or</token>
<token t_id="284" sentence="10" number="22">64</token>
<token t_id="285" sentence="10" number="23">-</token>
<token t_id="286" sentence="10" number="24">bit</token>
<token t_id="287" sentence="10" number="25">version</token>
<token t_id="288" sentence="10" number="26">by</token>
<token t_id="289" sentence="10" number="27">opening</token>
<token t_id="290" sentence="10" number="28">the</token>
<token t_id="291" sentence="10" number="29">Windows</token>
<token t_id="292" sentence="10" number="30">Task</token>
<token t_id="293" sentence="10" number="31">Manager</token>
<token t_id="294" sentence="10" number="32">(</token>
<token t_id="295" sentence="10" number="33">Ctrl+Shift+Esc</token>
<token t_id="296" sentence="10" number="34">)</token>
<token t_id="297" sentence="10" number="35">and</token>
<token t_id="298" sentence="10" number="36">clicking</token>
<token t_id="299" sentence="10" number="37">the</token>
<token t_id="300" sentence="10" number="38">Processes</token>
<token t_id="301" sentence="10" number="39">tab</token>
<token t_id="302" sentence="10" number="40">.</token>
<token t_id="303" sentence="11" number="0">The</token>
<token t_id="304" sentence="11" number="1">number</token>
<token t_id="305" sentence="11" number="2">that</token>
<token t_id="306" sentence="11" number="3">appears</token>
<token t_id="307" sentence="11" number="4">after</token>
<token t_id="308" sentence="11" number="5">the</token>
<token t_id="309" sentence="11" number="6">process</token>
<token t_id="310" sentence="11" number="7">name</token>
<token t_id="311" sentence="11" number="8">(</token>
<token t_id="312" sentence="11" number="9">in</token>
<token t_id="313" sentence="11" number="10">this</token>
<token t_id="314" sentence="11" number="11">case</token>
<token t_id="315" sentence="11" number="12">,</token>
<token t_id="316" sentence="11" number="13">iexplore</token>
<token t_id="317" sentence="11" number="14">.</token>
<token t_id="318" sentence="11" number="15">exe</token>
<token t_id="319" sentence="11" number="16">)</token>
<token t_id="320" sentence="11" number="17">indicates</token>
<token t_id="321" sentence="11" number="18">the</token>
<token t_id="322" sentence="11" number="19">version</token>
<token t_id="323" sentence="11" number="20">in</token>
<token t_id="324" sentence="11" number="21">use</token>
<token t_id="325" sentence="11" number="22">.</token>
<Markables>
<ACTION_CAUSATIVE m_id="47"  >
  <token_anchor t_id="155"/>
</ACTION_CAUSATIVE>
<ACTION_OCCURRENCE m_id="41"  >
  <token_anchor t_id="101"/>
</ACTION_OCCURRENCE>
<ACTION_OCCURRENCE m_id="42"  >
  <token_anchor t_id="105"/>
</ACTION_OCCURRENCE>
<ACTION_OCCURRENCE m_id="44"  >
  <token_anchor t_id="132"/>
</ACTION_OCCURRENCE>
<ACTION_OCCURRENCE m_id="46"  >
  <token_anchor t_id="151"/>
</ACTION_OCCURRENCE>
<ACTION_OCCURRENCE m_id="48"  >
  <token_anchor t_id="159"/>
</ACTION_OCCURRENCE>
<ACTION_OCCURRENCE m_id="34"  >
  <token_anchor t_id="44"/>
</ACTION_OCCURRENCE>
<ACTION_OCCURRENCE m_id="35"  >
  <token_anchor t_id="67"/>
  <token_anchor t_id="68"/>
</ACTION_OCCURRENCE>
<ACTION_OCCURRENCE m_id="36"  >
  <token_anchor t_id="73"/>
</ACTION_OCCURRENCE>
<ACTION_OCCURRENCE m_id="37"  >
  <token_anchor t_id="84"/>
</ACTION_OCCURRENCE>
<ACTION_OCCURRENCE m_id="38"  >
  <token_anchor t_id="90"/>
</ACTION_OCCURRENCE>
<ACTION_REPORTING m_id="29"  >
  <token_anchor t_id="39"/>
</ACTION_REPORTING>
<ACTION_REPORTING m_id="30"  >
  <token_anchor t_id="64"/>
</ACTION_REPORTING>
<ACTION_REPORTING m_id="31"  >
  <token_anchor t_id="95"/>
</ACTION_REPORTING>
<ACTION_REPORTING m_id="32"  >
  <token_anchor t_id="128"/>
  <token_anchor t_id="129"/>
</ACTION_REPORTING>
<ACTION_STATE m_id="43"  >
  <token_anchor t_id="107"/>
</ACTION_STATE>
<ACTION_STATE m_id="49"  >
  <token_anchor t_id="161"/>
</ACTION_STATE>
<ACTION_STATE m_id="50"  >
  <token_anchor t_id="163"/>
</ACTION_STATE>
<ACTION_STATE m_id="51"  >
  <token_anchor t_id="172"/>
</ACTION_STATE>
<ACTION_STATE m_id="54"  >
  <token_anchor t_id="49"/>
</ACTION_STATE>
<ACTION_STATE m_id="55"  >
  <token_anchor t_id="53"/>
</ACTION_STATE>
<ACTION_STATE m_id="60"  >
  <token_anchor t_id="86"/>
</ACTION_STATE>
<ACTION_STATE m_id="61"  >
  <token_anchor t_id="75"/>
</ACTION_STATE>
<ACTION_STATE m_id="39"  >
  <token_anchor t_id="91"/>
</ACTION_STATE>
<ACTION_STATE m_id="40"  >
  <token_anchor t_id="98"/>
</ACTION_STATE>
<HUMAN_PART_ORG m_id="1"  >
  <token_anchor t_id="29"/>
</HUMAN_PART_ORG>
<HUMAN_PART_ORG m_id="2"  >
  <token_anchor t_id="38"/>
</HUMAN_PART_ORG>
<HUMAN_PART_ORG m_id="3"  >
  <token_anchor t_id="63"/>
</HUMAN_PART_ORG>
<HUMAN_PART_ORG m_id="4"  >
  <token_anchor t_id="94"/>
</HUMAN_PART_ORG>
<HUMAN_PART_ORG m_id="5"  >
  <token_anchor t_id="96"/>
</HUMAN_PART_ORG>
<HUMAN_PART_ORG m_id="6"  >
  <token_anchor t_id="65"/>
</HUMAN_PART_ORG>
<HUMAN_PART_ORG m_id="7"  >
  <token_anchor t_id="82"/>
</HUMAN_PART_ORG>
<HUMAN_PART_PER m_id="9"  >
  <token_anchor t_id="42"/>
</HUMAN_PART_PER>
<HUMAN_PART_PER m_id="10"  >
  <token_anchor t_id="92"/>
</HUMAN_PART_PER>
<HUMAN_PART_PER m_id="11"  >
  <token_anchor t_id="147"/>
</HUMAN_PART_PER>
<HUMAN_PART_PER m_id="12"  >
  <token_anchor t_id="157"/>
</HUMAN_PART_PER>
<NON_HUMAN_PART m_id="13"  >
  <token_anchor t_id="145"/>
</NON_HUMAN_PART>
<NON_HUMAN_PART m_id="14"  >
  <token_anchor t_id="152"/>
</NON_HUMAN_PART>
<NON_HUMAN_PART m_id="15"  >
  <token_anchor t_id="156"/>
</NON_HUMAN_PART>
<NON_HUMAN_PART m_id="16"  >
  <token_anchor t_id="57"/>
  <token_anchor t_id="58"/>
</NON_HUMAN_PART>
<NON_HUMAN_PART m_id="17"  >
  <token_anchor t_id="168"/>
  <token_anchor t_id="169"/>
</NON_HUMAN_PART>
<NON_HUMAN_PART m_id="18"  >
  <token_anchor t_id="175"/>
</NON_HUMAN_PART>
<NON_HUMAN_PART m_id="19"  >
  <token_anchor t_id="131"/>
</NON_HUMAN_PART>
<NON_HUMAN_PART m_id="20"  >
  <token_anchor t_id="136"/>
</NON_HUMAN_PART>
<NON_HUMAN_PART m_id="21"  >
  <token_anchor t_id="141"/>
</NON_HUMAN_PART>
<NON_HUMAN_PART m_id="22"  >
  <token_anchor t_id="164"/>
  <token_anchor t_id="165"/>
</NON_HUMAN_PART>
<NON_HUMAN_PART m_id="23"  >
  <token_anchor t_id="37"/>
</NON_HUMAN_PART>
<NON_HUMAN_PART m_id="57"  >
  <token_anchor t_id="54"/>
</NON_HUMAN_PART>
<NON_HUMAN_PART m_id="24"  >
  <token_anchor t_id="71"/>
</NON_HUMAN_PART>
<NON_HUMAN_PART m_id="59"  >
  <token_anchor t_id="76"/>
</NON_HUMAN_PART>
<NON_HUMAN_PART m_id="25"  >
  <token_anchor t_id="87"/>
</NON_HUMAN_PART>
<NON_HUMAN_PART m_id="26"  >
  <token_anchor t_id="116"/>
  <token_anchor t_id="117"/>
</NON_HUMAN_PART>
<NON_HUMAN_PART m_id="27"  >
  <token_anchor t_id="119"/>
  <token_anchor t_id="120"/>
</NON_HUMAN_PART>
<NON_HUMAN_PART m_id="63"  >
  <token_anchor t_id="31"/>
</NON_HUMAN_PART>
<NON_HUMAN_PART m_id="28"  >
  <token_anchor t_id="126"/>
</NON_HUMAN_PART>
<NON_HUMAN_PART m_id="66"  >
  <token_anchor t_id="50"/>
</NON_HUMAN_PART>
<TIME_DATE m_id="45"  >
  <token_anchor t_id="133"/>
</TIME_DATE>
<TIME_DATE m_id="8"  >
  <token_anchor t_id="40"/>
</TIME_DATE>


<NEG_ACTION_STATE m_id="67" note="byCROMER" >
  <token_anchor t_id="47"/>
</NEG_ACTION_STATE>
<ACTION_CAUSATIVE m_id="68" note="byCROMER" >
  <token_anchor t_id="35"/>
</ACTION_CAUSATIVE>
<NON_HUMAN_PART m_id="69" note="byCROMER" >
  <token_anchor t_id="32"/>
  <token_anchor t_id="33"/>
  <token_anchor t_id="34"/>
</NON_HUMAN_PART>


<NEG_ACTION_STATE m_id="81" RELATED_TO="" TAG_DESCRIPTOR="t27_unknown" instance_id="NEG16628966259122954" />
<NON_HUMAN_PART m_id="80" RELATED_TO="" TAG_DESCRIPTOR="t27_IE_versions" instance_id="NON16628062366463431" />
<ACTION_OCCURRENCE m_id="79" RELATED_TO="" TAG_DESCRIPTOR="t27_working_on" instance_id="ACT16628434506216499" />
<ACTION_CAUSATIVE m_id="78" RELATED_TO="" TAG_DESCRIPTOR="t27_affecting_ie" instance_id="ACT28452315024913912" />
<HUMAN_PART_ORG m_id="77" RELATED_TO="" TAG_DESCRIPTOR="t27_microsoft" instance_id="HUM16627702263331271" />
<ACTION_OCCURRENCE m_id="76" RELATED_TO="" TAG_DESCRIPTOR="t27_fix_flaw" instance_id="ACT16628469504676387" />
<NON_HUMAN_PART m_id="75" RELATED_TO="" TAG_DESCRIPTOR="t27_IE" instance_id="NON16628072497530110" />
<NON_HUMAN_PART m_id="74" RELATED_TO="" TAG_DESCRIPTOR="t27_flaw_or_vulnerability" instance_id="NON16628047448605797" />
<NON_HUMAN_PART m_id="73" RELATED_TO="" TAG_DESCRIPTOR="t27_emergency_patch" instance_id="NON16628128321821328" />
<HUMAN_PART_PER m_id="72" RELATED_TO="" TAG_DESCRIPTOR="t27_hackers_or_attackers" instance_id="HUM16627963455277878" />
<ACTION_OCCURRENCE m_id="71" RELATED_TO="" TAG_DESCRIPTOR="t27_exploiting_flaw" instance_id="ACT16628282010133294" />
<ACTION_STATE m_id="70" RELATED_TO="" TAG_DESCRIPTOR="t27_unpatched" instance_id="ACT16628577311223281" />
<HUMAN_PART_PER m_id="85" RELATED_TO="" TAG_DESCRIPTOR="t27_customers" instance_id="HUM16627778540077611" />
<ACTION_OCCURRENCE m_id="84" RELATED_TO="" TAG_DESCRIPTOR="t27_launches_patch" instance_id="ACT16628380851866429" />
<ACTION_OCCURRENCE m_id="83" RELATED_TO="" TAG_DESCRIPTOR="t27_protect_customers" instance_id="ACT16628446210704189" />
<ACTION_REPORTING m_id="82" RELATED_TO="" TAG_DESCRIPTOR="t27_microsoft_said_hackers" instance_id="ACT16628911741694920" />
</Markables>

<Relations>
<CROSS_DOC_COREF r_id="25479" note="ACT16628577311223281" >
  <source m_id="54" />
  <target m_id="70" />
</CROSS_DOC_COREF>
<CROSS_DOC_COREF r_id="25480" note="ACT16628282010133294" >
  <source m_id="34" />
  <target m_id="71" />
</CROSS_DOC_COREF>
<CROSS_DOC_COREF r_id="25481" note="HUM16627963455277878" >
  <source m_id="9" />
  <target m_id="72" />
</CROSS_DOC_COREF>
<CROSS_DOC_COREF r_id="25482" note="NON16628128321821328" >
  <source m_id="25" />
  <target m_id="73" />
</CROSS_DOC_COREF>
<CROSS_DOC_COREF r_id="25483" note="NON16628047448605797" >
  <source m_id="69" />
  <source m_id="59" />
  <source m_id="66" />
  <target m_id="74" />
</CROSS_DOC_COREF>
<CROSS_DOC_COREF r_id="25484" note="NON16628072497530110" >
  <source m_id="16" />
  <source m_id="63" />
  <target m_id="75" />
</CROSS_DOC_COREF>
<CROSS_DOC_COREF r_id="25485" note="ACT16628469504676387" >
  <source m_id="36" />
  <target m_id="76" />
</CROSS_DOC_COREF>
<CROSS_DOC_COREF r_id="25486" note="HUM16627702263331271" >
  <source m_id="1" />
  <source m_id="2" />
  <source m_id="7" />
  <source m_id="6" />
  <source m_id="3" />
  <target m_id="77" />
</CROSS_DOC_COREF>
<CROSS_DOC_COREF r_id="25487" note="ACT28452315024913912" >
  <source m_id="68" />
  <target m_id="78" />
</CROSS_DOC_COREF>
<CROSS_DOC_COREF r_id="25488" note="ACT16628434506216499" >
  <source m_id="35" />
  <target m_id="79" />
</CROSS_DOC_COREF>
<CROSS_DOC_COREF r_id="25489" note="NON16628062366463431" >
  <source m_id="23" />
  <source m_id="57" />
  <target m_id="80" />
</CROSS_DOC_COREF>
<CROSS_DOC_COREF r_id="25490" note="NEG16628966259122954" >
  <source m_id="67" />
  <target m_id="81" />
</CROSS_DOC_COREF>
<CROSS_DOC_COREF r_id="25491" note="ACT16628911741694920" >
  <source m_id="29" />
  <target m_id="82" />
</CROSS_DOC_COREF>
<CROSS_DOC_COREF r_id="25492" note="ACT16628446210704189" >
  <source m_id="38" />
  <target m_id="83" />
</CROSS_DOC_COREF>
<CROSS_DOC_COREF r_id="25493" note="ACT16628380851866429" >
  <source m_id="37" />
  <target m_id="84" />
</CROSS_DOC_COREF>
<CROSS_DOC_COREF r_id="25494" note="HUM16627778540077611" >
  <source m_id="10" />
  <target m_id="85" />
</CROSS_DOC_COREF>

</Relations>
</Document>
