<Document doc_name="27_7ecb.xml" doc_id="DOC15654895043821050">
<token t_id="1" sentence="0" number="0">Microsoft</token>
<token t_id="2" sentence="0" number="1">issues</token>
<token t_id="3" sentence="0" number="2">patch</token>
<token t_id="4" sentence="0" number="3">to</token>
<token t_id="5" sentence="0" number="4">fix</token>
<token t_id="6" sentence="0" number="5">IE</token>
<token t_id="7" sentence="1" number="0">Microsoft</token>
<token t_id="8" sentence="1" number="1">has</token>
<token t_id="9" sentence="1" number="2">issued</token>
<token t_id="10" sentence="1" number="3">a</token>
<token t_id="11" sentence="1" number="4">security</token>
<token t_id="12" sentence="1" number="5">patch</token>
<token t_id="13" sentence="1" number="6">to</token>
<token t_id="14" sentence="1" number="7">fix</token>
<token t_id="15" sentence="1" number="8">a</token>
<token t_id="16" sentence="1" number="9">critical</token>
<token t_id="17" sentence="1" number="10">vulnerability</token>
<token t_id="18" sentence="1" number="11">in</token>
<token t_id="19" sentence="1" number="12">its</token>
<token t_id="20" sentence="1" number="13">Internet</token>
<token t_id="21" sentence="1" number="14">Explorer</token>
<token t_id="22" sentence="1" number="15">browser</token>
<token t_id="23" sentence="1" number="16">which</token>
<token t_id="24" sentence="1" number="17">it</token>
<token t_id="25" sentence="1" number="18">said</token>
<token t_id="26" sentence="1" number="19">has</token>
<token t_id="27" sentence="1" number="20">attacked</token>
<token t_id="28" sentence="1" number="21">over</token>
<token t_id="29" sentence="1" number="22">2m</token>
<token t_id="30" sentence="1" number="23">Windows</token>
<token t_id="31" sentence="1" number="24">users</token>
<token t_id="32" sentence="1" number="25">.</token>
<token t_id="33" sentence="2" number="0">The</token>
<token t_id="34" sentence="2" number="1">flaw</token>
<token t_id="35" sentence="2" number="2">is</token>
<token t_id="36" sentence="2" number="3">believed</token>
<token t_id="37" sentence="2" number="4">to</token>
<token t_id="38" sentence="2" number="5">have</token>
<token t_id="39" sentence="2" number="6">already</token>
<token t_id="40" sentence="2" number="7">infected</token>
<token t_id="41" sentence="2" number="8">as</token>
<token t_id="42" sentence="2" number="9">many</token>
<token t_id="43" sentence="2" number="10">as</token>
<token t_id="44" sentence="2" number="11">10,000</token>
<token t_id="45" sentence="2" number="12">websites</token>
<token t_id="46" sentence="2" number="13">.</token>
<token t_id="47" sentence="3" number="0">The</token>
<token t_id="48" sentence="3" number="1">``</token>
<token t_id="49" sentence="3" number="2">zero</token>
<token t_id="50" sentence="3" number="3">day</token>
<token t_id="51" sentence="3" number="4">''</token>
<token t_id="52" sentence="3" number="5">exploit</token>
<token t_id="53" sentence="3" number="6">let</token>
<token t_id="54" sentence="3" number="7">criminals</token>
<token t_id="55" sentence="3" number="8">take</token>
<token t_id="56" sentence="3" number="9">over</token>
<token t_id="57" sentence="3" number="10">victims</token>
<token t_id="58" sentence="3" number="11">'</token>
<token t_id="59" sentence="3" number="12">computers</token>
<token t_id="60" sentence="3" number="13">by</token>
<token t_id="61" sentence="3" number="14">steering</token>
<token t_id="62" sentence="3" number="15">them</token>
<token t_id="63" sentence="3" number="16">to</token>
<token t_id="64" sentence="3" number="17">infected</token>
<token t_id="65" sentence="3" number="18">websites</token>
<token t_id="66" sentence="3" number="19">.</token>
<token t_id="67" sentence="4" number="0">Microsoft</token>
<token t_id="68" sentence="4" number="1">'s</token>
<token t_id="69" sentence="4" number="2">Christopher</token>
<token t_id="70" sentence="4" number="3">Budd</token>
<token t_id="71" sentence="4" number="4">said</token>
<token t_id="72" sentence="4" number="5">the</token>
<token t_id="73" sentence="4" number="6">software</token>
<token t_id="74" sentence="4" number="7">giant</token>
<token t_id="75" sentence="4" number="8">``</token>
<token t_id="76" sentence="4" number="9">encourages</token>
<token t_id="77" sentence="4" number="10">all</token>
<token t_id="78" sentence="4" number="11">IE</token>
<token t_id="79" sentence="4" number="12">customers</token>
<token t_id="80" sentence="4" number="13">to</token>
<token t_id="81" sentence="4" number="14">test</token>
<token t_id="82" sentence="4" number="15">and</token>
<token t_id="83" sentence="4" number="16">deploy</token>
<token t_id="84" sentence="4" number="17">this</token>
<token t_id="85" sentence="4" number="18">update</token>
<token t_id="86" sentence="4" number="19">as</token>
<token t_id="87" sentence="4" number="20">soon</token>
<token t_id="88" sentence="4" number="21">as</token>
<token t_id="89" sentence="4" number="22">possible</token>
<token t_id="90" sentence="4" number="23">''</token>
<token t_id="91" sentence="4" number="24">.</token>
<token t_id="92" sentence="5" number="0">He</token>
<token t_id="93" sentence="5" number="1">also</token>
<token t_id="94" sentence="5" number="2">said</token>
<token t_id="95" sentence="5" number="3">the</token>
<token t_id="96" sentence="5" number="4">threat</token>
<token t_id="97" sentence="5" number="5">led</token>
<token t_id="98" sentence="5" number="6">Microsoft</token>
<token t_id="99" sentence="5" number="7">to</token>
<token t_id="100" sentence="5" number="8">mobilise</token>
<token t_id="101" sentence="5" number="9">security</token>
<token t_id="102" sentence="5" number="10">engineering</token>
<token t_id="103" sentence="5" number="11">teams</token>
<token t_id="104" sentence="5" number="12">worldwide</token>
<token t_id="105" sentence="5" number="13">to</token>
<token t_id="106" sentence="5" number="14">deliver</token>
<token t_id="107" sentence="5" number="15">a</token>
<token t_id="108" sentence="5" number="16">software</token>
<token t_id="109" sentence="5" number="17">cure</token>
<token t_id="110" sentence="5" number="18">``</token>
<token t_id="111" sentence="5" number="19">in</token>
<token t_id="112" sentence="5" number="20">the</token>
<token t_id="113" sentence="5" number="21">unprecedented</token>
<token t_id="114" sentence="5" number="22">time</token>
<token t_id="115" sentence="5" number="23">of</token>
<token t_id="116" sentence="5" number="24">eight</token>
<token t_id="117" sentence="5" number="25">days</token>
<token t_id="118" sentence="5" number="26">''</token>
<token t_id="119" sentence="5" number="27">.</token>
<token t_id="120" sentence="6" number="0">The</token>
<token t_id="121" sentence="6" number="1">company</token>
<token t_id="122" sentence="6" number="2">'s</token>
<token t_id="123" sentence="6" number="3">security</token>
<token t_id="124" sentence="6" number="4">response</token>
<token t_id="125" sentence="6" number="5">team</token>
<token t_id="126" sentence="6" number="6">said</token>
<token t_id="127" sentence="6" number="7">the</token>
<token t_id="128" sentence="6" number="8">patch</token>
<token t_id="129" sentence="6" number="9">consists</token>
<token t_id="130" sentence="6" number="10">of</token>
<token t_id="131" sentence="6" number="11">more</token>
<token t_id="132" sentence="6" number="12">than</token>
<token t_id="133" sentence="6" number="13">300</token>
<token t_id="134" sentence="6" number="14">distinct</token>
<token t_id="135" sentence="6" number="15">updates</token>
<token t_id="136" sentence="6" number="16">for</token>
<token t_id="137" sentence="6" number="17">more</token>
<token t_id="138" sentence="6" number="18">than</token>
<token t_id="139" sentence="6" number="19">half-a-dozen</token>
<token t_id="140" sentence="6" number="20">versions</token>
<token t_id="141" sentence="6" number="21">of</token>
<token t_id="142" sentence="6" number="22">IE</token>
<token t_id="143" sentence="6" number="23">in</token>
<token t_id="144" sentence="6" number="24">around</token>
<token t_id="145" sentence="6" number="25">50</token>
<token t_id="146" sentence="6" number="26">languages</token>
<token t_id="147" sentence="6" number="27">.</token>
<token t_id="148" sentence="7" number="0">``</token>
<token t_id="149" sentence="7" number="1">Even</token>
<token t_id="150" sentence="7" number="2">with</token>
<token t_id="151" sentence="7" number="3">that</token>
<token t_id="152" sentence="7" number="4">,</token>
<token t_id="153" sentence="7" number="5">the</token>
<token t_id="154" sentence="7" number="6">release</token>
<token t_id="155" sentence="7" number="7">Emergency</token>
<token t_id="156" sentence="7" number="8">Response</token>
<token t_id="157" sentence="7" number="9">process</token>
<token t_id="158" sentence="7" number="10">is</token>
<token t_id="159" sentence="7" number="11">n't</token>
<token t_id="160" sentence="7" number="12">over</token>
<token t_id="161" sentence="7" number="13">,</token>
<token t_id="162" sentence="7" number="14">''</token>
<token t_id="163" sentence="7" number="15">said</token>
<token t_id="164" sentence="7" number="16">Security</token>
<token t_id="165" sentence="7" number="17">Response</token>
<token t_id="166" sentence="7" number="18">Alliance</token>
<token t_id="167" sentence="7" number="19">director</token>
<token t_id="168" sentence="7" number="20">Mike</token>
<token t_id="169" sentence="7" number="21">Reavey</token>
<token t_id="170" sentence="7" number="22">.</token>
<token t_id="171" sentence="8" number="0">``</token>
<token t_id="172" sentence="8" number="1">There</token>
<token t_id="173" sentence="8" number="2">is</token>
<token t_id="174" sentence="8" number="3">additional</token>
<token t_id="175" sentence="8" number="4">support</token>
<token t_id="176" sentence="8" number="5">to</token>
<token t_id="177" sentence="8" number="6">customers</token>
<token t_id="178" sentence="8" number="7">and</token>
<token t_id="179" sentence="8" number="8">additional</token>
<token t_id="180" sentence="8" number="9">refinement</token>
<token t_id="181" sentence="8" number="10">of</token>
<token t_id="182" sentence="8" number="11">our</token>
<token t_id="183" sentence="8" number="12">product</token>
<token t_id="184" sentence="8" number="13">development</token>
<token t_id="185" sentence="8" number="14">efforts</token>
<token t_id="186" sentence="8" number="15">.</token>
<token t_id="187" sentence="8" number="16">''</token>
<token t_id="188" sentence="9" number="0">Microsoft</token>
<token t_id="189" sentence="9" number="1">stressed</token>
<token t_id="190" sentence="9" number="2">that</token>
<token t_id="191" sentence="9" number="3">the</token>
<token t_id="192" sentence="9" number="4">flaw</token>
<token t_id="193" sentence="9" number="5">was</token>
<token t_id="194" sentence="9" number="6">proven</token>
<token t_id="195" sentence="9" number="7">to</token>
<token t_id="196" sentence="9" number="8">exist</token>
<token t_id="197" sentence="9" number="9">only</token>
<token t_id="198" sentence="9" number="10">in</token>
<token t_id="199" sentence="9" number="11">IE</token>
<token t_id="200" sentence="9" number="12">7</token>
<token t_id="201" sentence="9" number="13">on</token>
<token t_id="202" sentence="9" number="14">all</token>
<token t_id="203" sentence="9" number="15">applicable</token>
<token t_id="204" sentence="9" number="16">versions</token>
<token t_id="205" sentence="9" number="17">of</token>
<token t_id="206" sentence="9" number="18">Windows</token>
<token t_id="207" sentence="9" number="19">,</token>
<token t_id="208" sentence="9" number="20">but</token>
<token t_id="209" sentence="9" number="21">that</token>
<token t_id="210" sentence="9" number="22">IE</token>
<token t_id="211" sentence="9" number="23">6</token>
<token t_id="212" sentence="9" number="24">and</token>
<token t_id="213" sentence="9" number="25">the</token>
<token t_id="214" sentence="9" number="26">``</token>
<token t_id="215" sentence="9" number="27">beta</token>
<token t_id="216" sentence="9" number="28">''</token>
<token t_id="217" sentence="9" number="29">release</token>
<token t_id="218" sentence="9" number="30">of</token>
<token t_id="219" sentence="9" number="31">IE</token>
<token t_id="220" sentence="9" number="32">8</token>
<token t_id="221" sentence="9" number="33">were</token>
<token t_id="222" sentence="9" number="34">``</token>
<token t_id="223" sentence="9" number="35">potentially</token>
<token t_id="224" sentence="9" number="36">vulnerable</token>
<token t_id="225" sentence="9" number="37">''</token>
<token t_id="226" sentence="9" number="38">.</token>
<token t_id="227" sentence="10" number="0">Users</token>
<token t_id="228" sentence="10" number="1">who</token>
<token t_id="229" sentence="10" number="2">have</token>
<token t_id="230" sentence="10" number="3">automatic</token>
<token t_id="231" sentence="10" number="4">updates</token>
<token t_id="232" sentence="10" number="5">turned</token>
<token t_id="233" sentence="10" number="6">on</token>
<token t_id="234" sentence="10" number="7">will</token>
<token t_id="235" sentence="10" number="8">receive</token>
<token t_id="236" sentence="10" number="9">the</token>
<token t_id="237" sentence="10" number="10">patch</token>
<token t_id="238" sentence="10" number="11">over</token>
<token t_id="239" sentence="10" number="12">the</token>
<token t_id="240" sentence="10" number="13">next</token>
<token t_id="241" sentence="10" number="14">24</token>
<token t_id="242" sentence="10" number="15">hours</token>
<token t_id="243" sentence="10" number="16">while</token>
<token t_id="244" sentence="10" number="17">others</token>
<token t_id="245" sentence="10" number="18">can</token>
<token t_id="246" sentence="10" number="19">access</token>
<token t_id="247" sentence="10" number="20">it</token>
<token t_id="248" sentence="10" number="21">via</token>
<token t_id="249" sentence="10" number="22">a</token>
<token t_id="250" sentence="10" number="23">download</token>
<token t_id="251" sentence="10" number="24">.</token>
<token t_id="252" sentence="11" number="0">The</token>
<token t_id="253" sentence="11" number="1">AZN</token>
<token t_id="254" sentence="11" number="2">Trojan</token>
<token t_id="255" sentence="11" number="3">has</token>
<token t_id="256" sentence="11" number="4">been</token>
<token t_id="257" sentence="11" number="5">making</token>
<token t_id="258" sentence="11" number="6">the</token>
<token t_id="259" sentence="11" number="7">rounds</token>
<token t_id="260" sentence="11" number="8">since</token>
<token t_id="261" sentence="11" number="9">the</token>
<token t_id="262" sentence="11" number="10">beginning</token>
<token t_id="263" sentence="11" number="11">of</token>
<token t_id="264" sentence="11" number="12">December</token>
<token t_id="265" sentence="11" number="13">but</token>
<token t_id="266" sentence="11" number="14">became</token>
<token t_id="267" sentence="11" number="15">public</token>
<token t_id="268" sentence="11" number="16">knowledge</token>
<token t_id="269" sentence="11" number="17">in</token>
<token t_id="270" sentence="11" number="18">the</token>
<token t_id="271" sentence="11" number="19">last</token>
<token t_id="272" sentence="11" number="20">week</token>
<token t_id="273" sentence="11" number="21">.</token>
<token t_id="274" sentence="12" number="0">Unlike</token>
<token t_id="275" sentence="12" number="1">other</token>
<token t_id="276" sentence="12" number="2">exploits</token>
<token t_id="277" sentence="12" number="3">,</token>
<token t_id="278" sentence="12" number="4">users</token>
<token t_id="279" sentence="12" number="5">only</token>
<token t_id="280" sentence="12" number="6">have</token>
<token t_id="281" sentence="12" number="7">to</token>
<token t_id="282" sentence="12" number="8">visit</token>
<token t_id="283" sentence="12" number="9">a</token>
<token t_id="284" sentence="12" number="10">malicious</token>
<token t_id="285" sentence="12" number="11">site</token>
<token t_id="286" sentence="12" number="12">with</token>
<token t_id="287" sentence="12" number="13">Trojans</token>
<token t_id="288" sentence="12" number="14">or</token>
<token t_id="289" sentence="12" number="15">other</token>
<token t_id="290" sentence="12" number="16">malware</token>
<token t_id="291" sentence="12" number="17">in</token>
<token t_id="292" sentence="12" number="18">order</token>
<token t_id="293" sentence="12" number="19">to</token>
<token t_id="294" sentence="12" number="20">become</token>
<token t_id="295" sentence="12" number="21">contaminated</token>
<token t_id="296" sentence="12" number="22">.</token>
<token t_id="297" sentence="13" number="0">Once</token>
<token t_id="298" sentence="13" number="1">an</token>
<token t_id="299" sentence="13" number="2">infected</token>
<token t_id="300" sentence="13" number="3">web</token>
<token t_id="301" sentence="13" number="4">page</token>
<token t_id="302" sentence="13" number="5">is</token>
<token t_id="303" sentence="13" number="6">opened</token>
<token t_id="304" sentence="13" number="7">,</token>
<token t_id="305" sentence="13" number="8">malicious</token>
<token t_id="306" sentence="13" number="9">downloaders</token>
<token t_id="307" sentence="13" number="10">are</token>
<token t_id="308" sentence="13" number="11">installed</token>
<token t_id="309" sentence="13" number="12">on</token>
<token t_id="310" sentence="13" number="13">the</token>
<token t_id="311" sentence="13" number="14">computer</token>
<token t_id="312" sentence="13" number="15">designed</token>
<token t_id="313" sentence="13" number="16">to</token>
<token t_id="314" sentence="13" number="17">record</token>
<token t_id="315" sentence="13" number="18">keystrokes</token>
<token t_id="316" sentence="13" number="19">and</token>
<token t_id="317" sentence="13" number="20">steal</token>
<token t_id="318" sentence="13" number="21">passwords</token>
<token t_id="319" sentence="13" number="22">,</token>
<token t_id="320" sentence="13" number="23">credit</token>
<token t_id="321" sentence="13" number="24">card</token>
<token t_id="322" sentence="13" number="25">details</token>
<token t_id="323" sentence="13" number="26">and</token>
<token t_id="324" sentence="13" number="27">other</token>
<token t_id="325" sentence="13" number="28">financial</token>
<token t_id="326" sentence="13" number="29">information</token>
<token t_id="327" sentence="13" number="30">.</token>
<token t_id="328" sentence="14" number="0">The</token>
<token t_id="329" sentence="14" number="1">sites</token>
<token t_id="330" sentence="14" number="2">affected</token>
<token t_id="331" sentence="14" number="3">are</token>
<token t_id="332" sentence="14" number="4">mostly</token>
<token t_id="333" sentence="14" number="5">Chinese</token>
<token t_id="334" sentence="14" number="6">and</token>
<token t_id="335" sentence="14" number="7">have</token>
<token t_id="336" sentence="14" number="8">been</token>
<token t_id="337" sentence="14" number="9">serving</token>
<token t_id="338" sentence="14" number="10">up</token>
<token t_id="339" sentence="14" number="11">programmes</token>
<token t_id="340" sentence="14" number="12">to</token>
<token t_id="341" sentence="14" number="13">steal</token>
<token t_id="342" sentence="14" number="14">passwords</token>
<token t_id="343" sentence="14" number="15">for</token>
<token t_id="344" sentence="14" number="16">computer</token>
<token t_id="345" sentence="14" number="17">games</token>
<token t_id="346" sentence="14" number="18">which</token>
<token t_id="347" sentence="14" number="19">can</token>
<token t_id="348" sentence="14" number="20">then</token>
<token t_id="349" sentence="14" number="21">be</token>
<token t_id="350" sentence="14" number="22">sold</token>
<token t_id="351" sentence="14" number="23">for</token>
<token t_id="352" sentence="14" number="24">cash</token>
<token t_id="353" sentence="14" number="25">on</token>
<token t_id="354" sentence="14" number="26">the</token>
<token t_id="355" sentence="14" number="27">black</token>
<token t_id="356" sentence="14" number="28">market</token>
<token t_id="357" sentence="14" number="29">.</token>
<token t_id="358" sentence="15" number="0">Internet</token>
<token t_id="359" sentence="15" number="1">Explorer</token>
<token t_id="360" sentence="15" number="2">is</token>
<token t_id="361" sentence="15" number="3">the</token>
<token t_id="362" sentence="15" number="4">world</token>
<token t_id="363" sentence="15" number="5">'s</token>
<token t_id="364" sentence="15" number="6">most</token>
<token t_id="365" sentence="15" number="7">widely</token>
<token t_id="366" sentence="15" number="8">used</token>
<token t_id="367" sentence="15" number="9">web</token>
<token t_id="368" sentence="15" number="10">browser</token>
<token t_id="369" sentence="15" number="11">with</token>
<token t_id="370" sentence="15" number="12">nearly</token>
<token t_id="371" sentence="15" number="13">three</token>
<token t_id="372" sentence="15" number="14">quarters</token>
<token t_id="373" sentence="15" number="15">of</token>
<token t_id="374" sentence="15" number="16">the</token>
<token t_id="375" sentence="15" number="17">market</token>
<token t_id="376" sentence="15" number="18">share</token>
<token t_id="377" sentence="15" number="19">.</token>
<token t_id="378" sentence="16" number="0">Microsoft</token>
<token t_id="379" sentence="16" number="1">estimated</token>
<token t_id="380" sentence="16" number="2">that</token>
<token t_id="381" sentence="16" number="3">one</token>
<token t_id="382" sentence="16" number="4">in</token>
<token t_id="383" sentence="16" number="5">every</token>
<token t_id="384" sentence="16" number="6">500</token>
<token t_id="385" sentence="16" number="7">Windows</token>
<token t_id="386" sentence="16" number="8">users</token>
<token t_id="387" sentence="16" number="9">had</token>
<token t_id="388" sentence="16" number="10">been</token>
<token t_id="389" sentence="16" number="11">exposed</token>
<token t_id="390" sentence="16" number="12">to</token>
<token t_id="391" sentence="16" number="13">sites</token>
<token t_id="392" sentence="16" number="14">that</token>
<token t_id="393" sentence="16" number="15">tried</token>
<token t_id="394" sentence="16" number="16">to</token>
<token t_id="395" sentence="16" number="17">exploit</token>
<token t_id="396" sentence="16" number="18">the</token>
<token t_id="397" sentence="16" number="19">flaw</token>
<token t_id="398" sentence="16" number="20">and</token>
<token t_id="399" sentence="16" number="21">the</token>
<token t_id="400" sentence="16" number="22">number</token>
<token t_id="401" sentence="16" number="23">of</token>
<token t_id="402" sentence="16" number="24">victims</token>
<token t_id="403" sentence="16" number="25">was</token>
<token t_id="404" sentence="16" number="26">increasing</token>
<token t_id="405" sentence="16" number="27">at</token>
<token t_id="406" sentence="16" number="28">a</token>
<token t_id="407" sentence="16" number="29">rate</token>
<token t_id="408" sentence="16" number="30">of</token>
<token t_id="409" sentence="16" number="31">50</token>
<token t_id="410" sentence="16" number="32">%</token>
<token t_id="411" sentence="16" number="33">daily</token>
<token t_id="412" sentence="16" number="34">.</token>
<token t_id="413" sentence="17" number="0">Researchers</token>
<token t_id="414" sentence="17" number="1">at</token>
<token t_id="415" sentence="17" number="2">the</token>
<token t_id="416" sentence="17" number="3">software</token>
<token t_id="417" sentence="17" number="4">security</token>
<token t_id="418" sentence="17" number="5">firm</token>
<token t_id="419" sentence="17" number="6">Trend</token>
<token t_id="420" sentence="17" number="7">Micro</token>
<token t_id="421" sentence="17" number="8">said</token>
<token t_id="422" sentence="17" number="9">attacks</token>
<token t_id="423" sentence="17" number="10">were</token>
<token t_id="424" sentence="17" number="11">spreading</token>
<token t_id="425" sentence="17" number="12">``</token>
<token t_id="426" sentence="17" number="13">like</token>
<token t_id="427" sentence="17" number="14">wildfire</token>
<token t_id="428" sentence="17" number="15">''</token>
<token t_id="429" sentence="17" number="16">.</token>
<token t_id="430" sentence="18" number="0">``</token>
<token t_id="431" sentence="18" number="1">This</token>
<token t_id="432" sentence="18" number="2">vulnerability</token>
<token t_id="433" sentence="18" number="3">is</token>
<token t_id="434" sentence="18" number="4">being</token>
<token t_id="435" sentence="18" number="5">actively</token>
<token t_id="436" sentence="18" number="6">exploited</token>
<token t_id="437" sentence="18" number="7">by</token>
<token t_id="438" sentence="18" number="8">cyber-criminals</token>
<token t_id="439" sentence="18" number="9">and</token>
<token t_id="440" sentence="18" number="10">getting</token>
<token t_id="441" sentence="18" number="11">worse</token>
<token t_id="442" sentence="18" number="12">every</token>
<token t_id="443" sentence="18" number="13">day</token>
<token t_id="444" sentence="18" number="14">,</token>
<token t_id="445" sentence="18" number="15">''</token>
<token t_id="446" sentence="18" number="16">said</token>
<token t_id="447" sentence="18" number="17">the</token>
<token t_id="448" sentence="18" number="18">company</token>
<token t_id="449" sentence="18" number="19">'s</token>
<token t_id="450" sentence="18" number="20">advanced</token>
<token t_id="451" sentence="18" number="21">threat</token>
<token t_id="452" sentence="18" number="22">researcher</token>
<token t_id="453" sentence="18" number="23">Paul</token>
<token t_id="454" sentence="18" number="24">Ferguson</token>
<token t_id="455" sentence="18" number="25">.</token>
<token t_id="456" sentence="19" number="0">Microsoft</token>
<token t_id="457" sentence="19" number="1">labelled</token>
<token t_id="458" sentence="19" number="2">the</token>
<token t_id="459" sentence="19" number="3">bug</token>
<token t_id="460" sentence="19" number="4">as</token>
<token t_id="461" sentence="19" number="5">``</token>
<token t_id="462" sentence="19" number="6">critical</token>
<token t_id="463" sentence="19" number="7">,</token>
<token t_id="464" sentence="19" number="8">''</token>
<token t_id="465" sentence="19" number="9">the</token>
<token t_id="466" sentence="19" number="10">most</token>
<token t_id="467" sentence="19" number="11">serious</token>
<token t_id="468" sentence="19" number="12">threat</token>
<token t_id="469" sentence="19" number="13">ranking</token>
<token t_id="470" sentence="19" number="14">in</token>
<token t_id="471" sentence="19" number="15">its</token>
<token t_id="472" sentence="19" number="16">four-step</token>
<token t_id="473" sentence="19" number="17">scoring</token>
<token t_id="474" sentence="19" number="18">programme</token>
<token t_id="475" sentence="19" number="19">.</token>
<token t_id="476" sentence="20" number="0">The</token>
<token t_id="477" sentence="20" number="1">update</token>
<token t_id="478" sentence="20" number="2">is</token>
<token t_id="479" sentence="20" number="3">something</token>
<token t_id="480" sentence="20" number="4">of</token>
<token t_id="481" sentence="20" number="5">an</token>
<token t_id="482" sentence="20" number="6">unusual</token>
<token t_id="483" sentence="20" number="7">move</token>
<token t_id="484" sentence="20" number="8">for</token>
<token t_id="485" sentence="20" number="9">Microsoft</token>
<token t_id="486" sentence="20" number="10">and</token>
<token t_id="487" sentence="20" number="11">underscores</token>
<token t_id="488" sentence="20" number="12">the</token>
<token t_id="489" sentence="20" number="13">seriousness</token>
<token t_id="490" sentence="20" number="14">of</token>
<token t_id="491" sentence="20" number="15">the</token>
<token t_id="492" sentence="20" number="16">zero</token>
<token t_id="493" sentence="20" number="17">day</token>
<token t_id="494" sentence="20" number="18">flaw</token>
<token t_id="495" sentence="20" number="19">.</token>
<token t_id="496" sentence="21" number="0">The</token>
<token t_id="497" sentence="21" number="1">company</token>
<token t_id="498" sentence="21" number="2">rarely</token>
<token t_id="499" sentence="21" number="3">issues</token>
<token t_id="500" sentence="21" number="4">security</token>
<token t_id="501" sentence="21" number="5">fixes</token>
<token t_id="502" sentence="21" number="6">for</token>
<token t_id="503" sentence="21" number="7">its</token>
<token t_id="504" sentence="21" number="8">software</token>
<token t_id="505" sentence="21" number="9">outside</token>
<token t_id="506" sentence="21" number="10">of</token>
<token t_id="507" sentence="21" number="11">its</token>
<token t_id="508" sentence="21" number="12">regular</token>
<token t_id="509" sentence="21" number="13">monthly</token>
<token t_id="510" sentence="21" number="14">patch</token>
<token t_id="511" sentence="21" number="15">updates</token>
<token t_id="512" sentence="21" number="16">.</token>
<token t_id="513" sentence="22" number="0">Meanwhile</token>
<token t_id="514" sentence="22" number="1">Mozilla</token>
<token t_id="515" sentence="22" number="2">has</token>
<token t_id="516" sentence="22" number="3">released</token>
<token t_id="517" sentence="22" number="4">a</token>
<token t_id="518" sentence="22" number="5">scheduled</token>
<token t_id="519" sentence="22" number="6">update</token>
<token t_id="520" sentence="22" number="7">for</token>
<token t_id="521" sentence="22" number="8">its</token>
<token t_id="522" sentence="22" number="9">open</token>
<token t_id="523" sentence="22" number="10">source</token>
<token t_id="524" sentence="22" number="11">Firefox</token>
<token t_id="525" sentence="22" number="12">web</token>
<token t_id="526" sentence="22" number="13">browsers</token>
<token t_id="527" sentence="22" number="14">for</token>
<token t_id="528" sentence="22" number="15">at</token>
<token t_id="529" sentence="22" number="16">least</token>
<token t_id="530" sentence="22" number="17">10</token>
<token t_id="531" sentence="22" number="18">different</token>
<token t_id="532" sentence="22" number="19">vulnerabilities</token>
<token t_id="533" sentence="22" number="20">.</token>
<token t_id="534" sentence="23" number="0">The</token>
<token t_id="535" sentence="23" number="1">bugs</token>
<token t_id="536" sentence="23" number="2">in</token>
<token t_id="537" sentence="23" number="3">the</token>
<token t_id="538" sentence="23" number="4">browser</token>
<token t_id="539" sentence="23" number="5">could</token>
<token t_id="540" sentence="23" number="6">have</token>
<token t_id="541" sentence="23" number="7">been</token>
<token t_id="542" sentence="23" number="8">``</token>
<token t_id="543" sentence="23" number="9">used</token>
<token t_id="544" sentence="23" number="10">to</token>
<token t_id="545" sentence="23" number="11">run</token>
<token t_id="546" sentence="23" number="12">attacker</token>
<token t_id="547" sentence="23" number="13">code</token>
<token t_id="548" sentence="23" number="14">and</token>
<token t_id="549" sentence="23" number="15">install</token>
<token t_id="550" sentence="23" number="16">software</token>
<token t_id="551" sentence="23" number="17">,</token>
<token t_id="552" sentence="23" number="18">requiring</token>
<token t_id="553" sentence="23" number="19">no</token>
<token t_id="554" sentence="23" number="20">user</token>
<token t_id="555" sentence="23" number="21">interaction</token>
<token t_id="556" sentence="23" number="22">beyond</token>
<token t_id="557" sentence="23" number="23">normal</token>
<token t_id="558" sentence="23" number="24">browsing</token>
<token t_id="559" sentence="23" number="25">,</token>
<token t_id="560" sentence="23" number="26">''</token>
<token t_id="561" sentence="23" number="27">said</token>
<token t_id="562" sentence="23" number="28">Mozilla</token>
<token t_id="563" sentence="23" number="29">.</token>
<token t_id="564" sentence="24" number="0">It</token>
<token t_id="565" sentence="24" number="1">is</token>
<token t_id="566" sentence="24" number="2">also</token>
<token t_id="567" sentence="24" number="3">reissuing</token>
<token t_id="568" sentence="24" number="4">calls</token>
<token t_id="569" sentence="24" number="5">for</token>
<token t_id="570" sentence="24" number="6">users</token>
<token t_id="571" sentence="24" number="7">to</token>
<token t_id="572" sentence="24" number="8">upgrade</token>
<token t_id="573" sentence="24" number="9">from</token>
<token t_id="574" sentence="24" number="10">Firefox</token>
<token t_id="575" sentence="24" number="11">2.0</token>
<token t_id="576" sentence="24" number="12">to</token>
<token t_id="577" sentence="24" number="13">Firefox</token>
<token t_id="578" sentence="24" number="14">3.0</token>
<token t_id="579" sentence="24" number="15">as</token>
<token t_id="580" sentence="24" number="16">soon</token>
<token t_id="581" sentence="24" number="17">as</token>
<token t_id="582" sentence="24" number="18">possible</token>
<token t_id="583" sentence="24" number="19">and</token>
<token t_id="584" sentence="24" number="20">said</token>
<token t_id="585" sentence="24" number="21">it</token>
<token t_id="586" sentence="24" number="22">is</token>
<token t_id="587" sentence="24" number="23">``</token>
<token t_id="588" sentence="24" number="24">not</token>
<token t_id="589" sentence="24" number="25">planning</token>
<token t_id="590" sentence="24" number="26">any</token>
<token t_id="591" sentence="24" number="27">further</token>
<token t_id="592" sentence="24" number="28">security</token>
<token t_id="593" sentence="24" number="29">and</token>
<token t_id="594" sentence="24" number="30">stability</token>
<token t_id="595" sentence="24" number="31">updates</token>
<token t_id="596" sentence="24" number="32">for</token>
<token t_id="597" sentence="24" number="33">Firefox</token>
<token t_id="598" sentence="24" number="34">2</token>
<token t_id="599" sentence="24" number="35">''</token>
<token t_id="600" sentence="24" number="36">.</token>
<token t_id="601" sentence="25" number="0">This</token>
<token t_id="602" sentence="25" number="1">means</token>
<token t_id="603" sentence="25" number="2">Mozilla</token>
<token t_id="604" sentence="25" number="3">will</token>
<token t_id="605" sentence="25" number="4">no</token>
<token t_id="606" sentence="25" number="5">longer</token>
<token t_id="607" sentence="25" number="6">support</token>
<token t_id="608" sentence="25" number="7">the</token>
<token t_id="609" sentence="25" number="8">Firefox</token>
<token t_id="610" sentence="25" number="9">2</token>
<token t_id="611" sentence="25" number="10">browser</token>
<token t_id="612" sentence="25" number="11">against</token>
<token t_id="613" sentence="25" number="12">future</token>
<token t_id="614" sentence="25" number="13">online</token>
<token t_id="615" sentence="25" number="14">scams</token>
<token t_id="616" sentence="25" number="15">and</token>
<token t_id="617" sentence="25" number="16">attacks</token>
<token t_id="618" sentence="25" number="17">.</token>
<Markables>
<ACTION_OCCURRENCE m_id="13"  >
  <token_anchor t_id="27"/>
</ACTION_OCCURRENCE>
<ACTION_OCCURRENCE m_id="15"  >
  <token_anchor t_id="9"/>
</ACTION_OCCURRENCE>
<ACTION_OCCURRENCE m_id="19"  >
  <token_anchor t_id="14"/>
</ACTION_OCCURRENCE>
<ACTION_REPORTING m_id="22"  >
  <token_anchor t_id="25"/>
</ACTION_REPORTING>
<ACTION_STATE m_id="24"  >
  <token_anchor t_id="11"/>
</ACTION_STATE>
<HUMAN_PART_ORG m_id="16"  >
  <token_anchor t_id="7"/>
</HUMAN_PART_ORG>
<HUMAN_PART_ORG m_id="17"  >
  <token_anchor t_id="24"/>
</HUMAN_PART_ORG>
<HUMAN_PART_ORG m_id="18"  >
  <token_anchor t_id="19"/>
</HUMAN_PART_ORG>
<HUMAN_PART_PER m_id="14"  >
  <token_anchor t_id="31"/>
</HUMAN_PART_PER>
<NON_HUMAN_PART m_id="20"  >
  <token_anchor t_id="12"/>
</NON_HUMAN_PART>
<NON_HUMAN_PART m_id="21"  >
  <token_anchor t_id="20"/>
  <token_anchor t_id="21"/>
</NON_HUMAN_PART>
<NON_HUMAN_PART m_id="23"  >
  <token_anchor t_id="23"/>
</NON_HUMAN_PART>
<NON_HUMAN_PART m_id="12"  >
  <token_anchor t_id="17"/>
</NON_HUMAN_PART>




<HUMAN_PART_ORG m_id="33" RELATED_TO="" TAG_DESCRIPTOR="t27_microsoft" instance_id="HUM16627702263331271" />
<NON_HUMAN_PART m_id="32" RELATED_TO="" TAG_DESCRIPTOR="t27_IE" instance_id="NON16628072497530110" />
<HUMAN_PART_PER m_id="31" RELATED_TO="" TAG_DESCRIPTOR="t27_customers" instance_id="HUM16627778540077611" />
<NON_HUMAN_PART m_id="30" RELATED_TO="" TAG_DESCRIPTOR="t27b_patch" instance_id="NON16727641175459595" />
<ACTION_OCCURRENCE m_id="29" RELATED_TO="" TAG_DESCRIPTOR="t27b_fix_vulnerability" instance_id="ACT16632539609441083" />
<NON_HUMAN_PART m_id="28" RELATED_TO="" TAG_DESCRIPTOR="t27b_flaw" instance_id="NON16727620231965862" />
<ACTION_OCCURRENCE m_id="27" RELATED_TO="" TAG_DESCRIPTOR="t27b_releases_update" instance_id="ACT16632487083891659" />
<ACTION_OCCURRENCE m_id="26" RELATED_TO="" TAG_DESCRIPTOR="t27b_computers_hacked" instance_id="ACT16632565623246075" />
<ACTION_REPORTING m_id="25" RELATED_TO="" TAG_DESCRIPTOR="t27b_microsoft_says" instance_id="ACT16727656023335002" />
</Markables>

<Relations>
<CROSS_DOC_COREF r_id="37009" note="ACT16727656023335002" >
  <source m_id="22" />
  <target m_id="25" />
</CROSS_DOC_COREF>
<CROSS_DOC_COREF r_id="37010" note="ACT16632565623246075" >
  <source m_id="13" />
  <target m_id="26" />
</CROSS_DOC_COREF>
<CROSS_DOC_COREF r_id="37011" note="ACT16632487083891659" >
  <source m_id="15" />
  <target m_id="27" />
</CROSS_DOC_COREF>
<CROSS_DOC_COREF r_id="37012" note="NON16727620231965862" >
  <source m_id="12" />
  <source m_id="23" />
  <target m_id="28" />
</CROSS_DOC_COREF>
<CROSS_DOC_COREF r_id="37013" note="ACT16632539609441083" >
  <source m_id="19" />
  <target m_id="29" />
</CROSS_DOC_COREF>
<CROSS_DOC_COREF r_id="37014" note="NON16727641175459595" >
  <source m_id="20" />
  <target m_id="30" />
</CROSS_DOC_COREF>
<CROSS_DOC_COREF r_id="37015" note="HUM16627778540077611" >
  <source m_id="14" />
  <target m_id="31" />
</CROSS_DOC_COREF>
<CROSS_DOC_COREF r_id="37016" note="NON16628072497530110" >
  <source m_id="21" />
  <target m_id="32" />
</CROSS_DOC_COREF>
<CROSS_DOC_COREF r_id="37017" note="HUM16627702263331271" >
  <source m_id="16" />
  <source m_id="18" />
  <source m_id="17" />
  <target m_id="33" />
</CROSS_DOC_COREF>

</Relations>
</Document>
