<Document doc_name="27_9ecb.xml" doc_id="DOC15654895212221356">
<token t_id="1" sentence="0" number="0">Microsoft</token>
<token t_id="2" sentence="0" number="1">rushes</token>
<token t_id="3" sentence="0" number="2">to</token>
<token t_id="4" sentence="0" number="3">release</token>
<token t_id="5" sentence="0" number="4">patch</token>
<token t_id="6" sentence="0" number="5">to</token>
<token t_id="7" sentence="0" number="6">fix</token>
<token t_id="8" sentence="0" number="7">web</token>
<token t_id="9" sentence="0" number="8">browser</token>
<token t_id="10" sentence="0" number="9">flaw</token>
<token t_id="11" sentence="1" number="0">Microsoft</token>
<token t_id="12" sentence="1" number="1">on</token>
<token t_id="13" sentence="1" number="2">Wednesday</token>
<token t_id="14" sentence="1" number="3">issued</token>
<token t_id="15" sentence="1" number="4">an</token>
<token t_id="16" sentence="1" number="5">urgent</token>
<token t_id="17" sentence="1" number="6">patch</token>
<token t_id="18" sentence="1" number="7">to</token>
<token t_id="19" sentence="1" number="8">fix</token>
<token t_id="20" sentence="1" number="9">an</token>
<token t_id="21" sentence="1" number="10">Internet</token>
<token t_id="22" sentence="1" number="11">Explorer</token>
<token t_id="23" sentence="1" number="12">(</token>
<token t_id="24" sentence="1" number="13">IE</token>
<token t_id="25" sentence="1" number="14">)</token>
<token t_id="26" sentence="1" number="15">web</token>
<token t_id="27" sentence="1" number="16">browser</token>
<token t_id="28" sentence="1" number="17">flaw</token>
<token t_id="29" sentence="1" number="18">that</token>
<token t_id="30" sentence="1" number="19">may</token>
<token t_id="31" sentence="1" number="20">have</token>
<token t_id="32" sentence="1" number="21">been</token>
<token t_id="33" sentence="1" number="22">used</token>
<token t_id="34" sentence="1" number="23">by</token>
<token t_id="35" sentence="1" number="24">hackers</token>
<token t_id="36" sentence="1" number="25">to</token>
<token t_id="37" sentence="1" number="26">attack</token>
<token t_id="38" sentence="1" number="27">millions</token>
<token t_id="39" sentence="1" number="28">of</token>
<token t_id="40" sentence="1" number="29">computer</token>
<token t_id="41" sentence="1" number="30">users</token>
<token t_id="42" sentence="1" number="31">.</token>
<token t_id="43" sentence="2" number="0">The</token>
<token t_id="44" sentence="2" number="1">security</token>
<token t_id="45" sentence="2" number="2">update</token>
<token t_id="46" sentence="2" number="3">for</token>
<token t_id="47" sentence="2" number="4">IE</token>
<token t_id="48" sentence="2" number="5">,</token>
<token t_id="49" sentence="2" number="6">dubbed</token>
<token t_id="50" sentence="2" number="7">MS08-078</token>
<token t_id="51" sentence="2" number="8">,</token>
<token t_id="52" sentence="2" number="9">resolves</token>
<token t_id="53" sentence="2" number="10">a</token>
<token t_id="54" sentence="2" number="11">publicly</token>
<token t_id="55" sentence="2" number="12">disclosed</token>
<token t_id="56" sentence="2" number="13">vulnerability</token>
<token t_id="57" sentence="2" number="14">that</token>
<token t_id="58" sentence="2" number="15">``</token>
<token t_id="59" sentence="2" number="16">could</token>
<token t_id="60" sentence="2" number="17">allow</token>
<token t_id="61" sentence="2" number="18">remote</token>
<token t_id="62" sentence="2" number="19">code</token>
<token t_id="63" sentence="2" number="20">execution</token>
<token t_id="64" sentence="2" number="21">if</token>
<token t_id="65" sentence="2" number="22">a</token>
<token t_id="66" sentence="2" number="23">user</token>
<token t_id="67" sentence="2" number="24">views</token>
<token t_id="68" sentence="2" number="25">a</token>
<token t_id="69" sentence="2" number="26">specially</token>
<token t_id="70" sentence="2" number="27">crafted</token>
<token t_id="71" sentence="2" number="28">Web</token>
<token t_id="72" sentence="2" number="29">page</token>
<token t_id="73" sentence="2" number="30">using</token>
<token t_id="74" sentence="2" number="31">Internet</token>
<token t_id="75" sentence="2" number="32">Explorer</token>
<token t_id="76" sentence="2" number="33">,</token>
<token t_id="77" sentence="2" number="34">''</token>
<token t_id="78" sentence="2" number="35">the</token>
<token t_id="79" sentence="2" number="36">software</token>
<token t_id="80" sentence="2" number="37">giant</token>
<token t_id="81" sentence="2" number="38">said</token>
<token t_id="82" sentence="2" number="39">in</token>
<token t_id="83" sentence="2" number="40">a</token>
<token t_id="84" sentence="2" number="41">statement</token>
<token t_id="85" sentence="2" number="42">.</token>
<token t_id="86" sentence="3" number="0">The</token>
<token t_id="87" sentence="3" number="1">flaw</token>
<token t_id="88" sentence="3" number="2">could</token>
<token t_id="89" sentence="3" number="3">allow</token>
<token t_id="90" sentence="3" number="4">hackers</token>
<token t_id="91" sentence="3" number="5">to</token>
<token t_id="92" sentence="3" number="6">take</token>
<token t_id="93" sentence="3" number="7">control</token>
<token t_id="94" sentence="3" number="8">of</token>
<token t_id="95" sentence="3" number="9">computers</token>
<token t_id="96" sentence="3" number="10">and</token>
<token t_id="97" sentence="3" number="11">steal</token>
<token t_id="98" sentence="3" number="12">passwords</token>
<token t_id="99" sentence="3" number="13">and</token>
<token t_id="100" sentence="3" number="14">credit</token>
<token t_id="101" sentence="3" number="15">card</token>
<token t_id="102" sentence="3" number="16">information</token>
<token t_id="103" sentence="3" number="17">.</token>
<token t_id="104" sentence="4" number="0">Writing</token>
<token t_id="105" sentence="4" number="1">in</token>
<token t_id="106" sentence="4" number="2">a</token>
<token t_id="107" sentence="4" number="3">company</token>
<token t_id="108" sentence="4" number="4">blog</token>
<token t_id="109" sentence="4" number="5">,</token>
<token t_id="110" sentence="4" number="6">Mike</token>
<token t_id="111" sentence="4" number="7">Reavey</token>
<token t_id="112" sentence="4" number="8">,</token>
<token t_id="113" sentence="4" number="9">director</token>
<token t_id="114" sentence="4" number="10">of</token>
<token t_id="115" sentence="4" number="11">the</token>
<token t_id="116" sentence="4" number="12">Microsoft</token>
<token t_id="117" sentence="4" number="13">Security</token>
<token t_id="118" sentence="4" number="14">Response</token>
<token t_id="119" sentence="4" number="15">Center</token>
<token t_id="120" sentence="4" number="16">,</token>
<token t_id="121" sentence="4" number="17">urged</token>
<token t_id="122" sentence="4" number="18">users</token>
<token t_id="123" sentence="4" number="19">to</token>
<token t_id="124" sentence="4" number="20">test</token>
<token t_id="125" sentence="4" number="21">and</token>
<token t_id="126" sentence="4" number="22">deploy</token>
<token t_id="127" sentence="4" number="23">the</token>
<token t_id="128" sentence="4" number="24">security</token>
<token t_id="129" sentence="4" number="25">update</token>
<token t_id="130" sentence="4" number="26">``</token>
<token t_id="131" sentence="4" number="27">as</token>
<token t_id="132" sentence="4" number="28">quickly</token>
<token t_id="133" sentence="4" number="29">as</token>
<token t_id="134" sentence="4" number="30">possible</token>
<token t_id="135" sentence="4" number="31">.</token>
<token t_id="136" sentence="4" number="32">''</token>
<token t_id="137" sentence="5" number="0">Microsoft</token>
<token t_id="138" sentence="5" number="1">said</token>
<token t_id="139" sentence="5" number="2">the</token>
<token t_id="140" sentence="5" number="3">update</token>
<token t_id="141" sentence="5" number="4">is</token>
<token t_id="142" sentence="5" number="5">for</token>
<token t_id="143" sentence="5" number="6">IE</token>
<token t_id="144" sentence="5" number="7">on</token>
<token t_id="145" sentence="5" number="8">all</token>
<token t_id="146" sentence="5" number="9">currently</token>
<token t_id="147" sentence="5" number="10">supported</token>
<token t_id="148" sentence="5" number="11">versions</token>
<token t_id="149" sentence="5" number="12">of</token>
<token t_id="150" sentence="5" number="13">Windows</token>
<token t_id="151" sentence="5" number="14">.</token>
<token t_id="152" sentence="6" number="0">Users</token>
<token t_id="153" sentence="6" number="1">can</token>
<token t_id="154" sentence="6" number="2">now</token>
<token t_id="155" sentence="6" number="3">download</token>
<token t_id="156" sentence="6" number="4">it</token>
<token t_id="157" sentence="6" number="5">for</token>
<token t_id="158" sentence="6" number="6">their</token>
<token t_id="159" sentence="6" number="7">home</token>
<token t_id="160" sentence="6" number="8">computers</token>
<token t_id="161" sentence="6" number="9">or</token>
<token t_id="162" sentence="6" number="10">laptops</token>
<token t_id="163" sentence="6" number="11">from</token>
<token t_id="164" sentence="6" number="12">Microsoft</token>
<token t_id="165" sentence="6" number="13">Update</token>
<token t_id="166" sentence="6" number="14">website</token>
<token t_id="167" sentence="6" number="15">.</token>
<token t_id="168" sentence="7" number="0">Microsoft</token>
<token t_id="169" sentence="7" number="1">security</token>
<token t_id="170" sentence="7" number="2">experts</token>
<token t_id="171" sentence="7" number="3">estimated</token>
<token t_id="172" sentence="7" number="4">earlier</token>
<token t_id="173" sentence="7" number="5">that</token>
<token t_id="174" sentence="7" number="6">roughly</token>
<token t_id="175" sentence="7" number="7">0.2</token>
<token t_id="176" sentence="7" number="8">percent</token>
<token t_id="177" sentence="7" number="9">of</token>
<token t_id="178" sentence="7" number="10">IE</token>
<token t_id="179" sentence="7" number="11">users</token>
<token t_id="180" sentence="7" number="12">worldwide</token>
<token t_id="181" sentence="7" number="13">may</token>
<token t_id="182" sentence="7" number="14">have</token>
<token t_id="183" sentence="7" number="15">been</token>
<token t_id="184" sentence="7" number="16">exposed</token>
<token t_id="185" sentence="7" number="17">to</token>
<token t_id="186" sentence="7" number="18">websites</token>
<token t_id="187" sentence="7" number="19">containing</token>
<token t_id="188" sentence="7" number="20">exploits</token>
<token t_id="189" sentence="7" number="21">of</token>
<token t_id="190" sentence="7" number="22">the</token>
<token t_id="191" sentence="7" number="23">latest</token>
<token t_id="192" sentence="7" number="24">vulnerability</token>
<token t_id="193" sentence="7" number="25">,</token>
<token t_id="194" sentence="7" number="26">which</token>
<token t_id="195" sentence="7" number="27">means</token>
<token t_id="196" sentence="7" number="28">millions</token>
<token t_id="197" sentence="7" number="29">of</token>
<token t_id="198" sentence="7" number="30">users</token>
<token t_id="199" sentence="7" number="31">are</token>
<token t_id="200" sentence="7" number="32">in</token>
<token t_id="201" sentence="7" number="33">danger</token>
<token t_id="202" sentence="7" number="34">of</token>
<token t_id="203" sentence="7" number="35">having</token>
<token t_id="204" sentence="7" number="36">their</token>
<token t_id="205" sentence="7" number="37">computers</token>
<token t_id="206" sentence="7" number="38">infected</token>
<token t_id="207" sentence="7" number="39">.</token>
<token t_id="208" sentence="8" number="0">Latest</token>
<token t_id="209" sentence="8" number="1">statistics</token>
<token t_id="210" sentence="8" number="2">from</token>
<token t_id="211" sentence="8" number="3">research</token>
<token t_id="212" sentence="8" number="4">firm</token>
<token t_id="213" sentence="8" number="5">Net</token>
<token t_id="214" sentence="8" number="6">Applications</token>
<token t_id="215" sentence="8" number="7">showed</token>
<token t_id="216" sentence="8" number="8">that</token>
<token t_id="217" sentence="8" number="9">IE</token>
<token t_id="218" sentence="8" number="10">still</token>
<token t_id="219" sentence="8" number="11">dominates</token>
<token t_id="220" sentence="8" number="12">the</token>
<token t_id="221" sentence="8" number="13">browser</token>
<token t_id="222" sentence="8" number="14">market</token>
<token t_id="223" sentence="8" number="15">with</token>
<token t_id="224" sentence="8" number="16">a</token>
<token t_id="225" sentence="8" number="17">share</token>
<token t_id="226" sentence="8" number="18">of</token>
<token t_id="227" sentence="8" number="19">nearly</token>
<token t_id="228" sentence="8" number="20">70</token>
<token t_id="229" sentence="8" number="21">percent</token>
<token t_id="230" sentence="8" number="22">.</token>
<Markables>
<ACTION_OCCURRENCE m_id="44"  >
  <token_anchor t_id="61"/>
  <token_anchor t_id="62"/>
  <token_anchor t_id="63"/>
</ACTION_OCCURRENCE>
<ACTION_OCCURRENCE m_id="45"  >
  <token_anchor t_id="37"/>
</ACTION_OCCURRENCE>
<ACTION_OCCURRENCE m_id="46"  >
  <token_anchor t_id="73"/>
</ACTION_OCCURRENCE>
<ACTION_OCCURRENCE m_id="53"  >
  <token_anchor t_id="52"/>
</ACTION_OCCURRENCE>
<ACTION_OCCURRENCE m_id="54"  >
  <token_anchor t_id="19"/>
</ACTION_OCCURRENCE>
<ACTION_OCCURRENCE m_id="67"  >
  <token_anchor t_id="49"/>
</ACTION_OCCURRENCE>
<ACTION_OCCURRENCE m_id="68"  >
  <token_anchor t_id="147"/>
</ACTION_OCCURRENCE>
<ACTION_OCCURRENCE m_id="37"  >
  <token_anchor t_id="14"/>
</ACTION_OCCURRENCE>
<ACTION_OCCURRENCE m_id="69"  >
  <token_anchor t_id="70"/>
</ACTION_OCCURRENCE>
<ACTION_OCCURRENCE m_id="70"  >
  <token_anchor t_id="55"/>
</ACTION_OCCURRENCE>
<ACTION_OCCURRENCE m_id="39"  >
  <token_anchor t_id="33"/>
</ACTION_OCCURRENCE>
<ACTION_REPORTING m_id="49"  >
  <token_anchor t_id="81"/>
</ACTION_REPORTING>
<ACTION_REPORTING m_id="50"  >
  <token_anchor t_id="67"/>
</ACTION_REPORTING>
<ACTION_REPORTING m_id="52"  >
  <token_anchor t_id="84"/>
</ACTION_REPORTING>
<ACTION_REPORTING m_id="65"  >
  <token_anchor t_id="138"/>
</ACTION_REPORTING>
<ACTION_STATE m_id="66"  >
  <token_anchor t_id="44"/>
</ACTION_STATE>
<HUMAN_PART_ORG m_id="41"  >
  <token_anchor t_id="11"/>
</HUMAN_PART_ORG>
<HUMAN_PART_ORG m_id="42"  >
  <token_anchor t_id="79"/>
  <token_anchor t_id="80"/>
</HUMAN_PART_ORG>
<HUMAN_PART_ORG m_id="43"  >
  <token_anchor t_id="137"/>
</HUMAN_PART_ORG>
<HUMAN_PART_PER m_id="40"  >
  <token_anchor t_id="35"/>
</HUMAN_PART_PER>
<HUMAN_PART_PER m_id="48"  >
  <token_anchor t_id="41"/>
</HUMAN_PART_PER>
<HUMAN_PART_PER m_id="36"  >
  <token_anchor t_id="66"/>
</HUMAN_PART_PER>
<LOC_OTHER m_id="47"  >
  <token_anchor t_id="71"/>
  <token_anchor t_id="72"/>
</LOC_OTHER>
<NON_HUMAN_PART m_id="55"  >
  <token_anchor t_id="21"/>
  <token_anchor t_id="22"/>
</NON_HUMAN_PART>
<NON_HUMAN_PART m_id="56"  >
  <token_anchor t_id="74"/>
  <token_anchor t_id="75"/>
</NON_HUMAN_PART>
<NON_HUMAN_PART m_id="57"  >
  <token_anchor t_id="47"/>
</NON_HUMAN_PART>
<NON_HUMAN_PART m_id="58"  >
  <token_anchor t_id="45"/>
</NON_HUMAN_PART>
<NON_HUMAN_PART m_id="59"  >
  <token_anchor t_id="50"/>
</NON_HUMAN_PART>
<NON_HUMAN_PART m_id="60"  >
  <token_anchor t_id="17"/>
</NON_HUMAN_PART>
<NON_HUMAN_PART m_id="61"  >
  <token_anchor t_id="150"/>
</NON_HUMAN_PART>
<NON_HUMAN_PART m_id="62"  >
  <token_anchor t_id="148"/>
</NON_HUMAN_PART>
<NON_HUMAN_PART m_id="63"  >
  <token_anchor t_id="143"/>
</NON_HUMAN_PART>
<NON_HUMAN_PART m_id="32"  >
  <token_anchor t_id="29"/>
</NON_HUMAN_PART>
<NON_HUMAN_PART m_id="64"  >
  <token_anchor t_id="140"/>
</NON_HUMAN_PART>
<NON_HUMAN_PART m_id="33"  >
  <token_anchor t_id="28"/>
</NON_HUMAN_PART>
<NON_HUMAN_PART m_id="34"  >
  <token_anchor t_id="56"/>
</NON_HUMAN_PART>
<NON_HUMAN_PART m_id="35"  >
  <token_anchor t_id="57"/>
</NON_HUMAN_PART>
<TIME_DATE m_id="38"  >
  <token_anchor t_id="12"/>
  <token_anchor t_id="13"/>
</TIME_DATE>


<ACTION_CAUSATIVE m_id="71" note="byCROMER" >
  <token_anchor t_id="60"/>
</ACTION_CAUSATIVE>


<HUMAN_PART_PER m_id="87" RELATED_TO="" TAG_DESCRIPTOR="t27_customers" instance_id="HUM16627778540077611" />
<NON_HUMAN_PART m_id="86" RELATED_TO="" TAG_DESCRIPTOR="t27b_patch" instance_id="NON16727641175459595" />
<TIME_DATE m_id="85" RELATED_TO="" TAG_DESCRIPTOR="t27b_wednesday_patch" instance_id="TIM27376179174463069" />
<ACTION_OCCURRENCE m_id="84" RELATED_TO="" TAG_DESCRIPTOR="t27b_releases_update" instance_id="ACT16632487083891659" />
<ACTION_OCCURRENCE m_id="83" RELATED_TO="" TAG_DESCRIPTOR="t27b_computers_hacked" instance_id="ACT16632565623246075" />
<HUMAN_PART_ORG m_id="82" RELATED_TO="" TAG_DESCRIPTOR="t27_microsoft" instance_id="HUM16627702263331271" />
<NON_HUMAN_PART m_id="81" RELATED_TO="" TAG_DESCRIPTOR="t27_IE" instance_id="NON16628072497530110" />
<ACTION_OCCURRENCE m_id="80" RELATED_TO="" TAG_DESCRIPTOR="t27b_attacks" instance_id="ACT16759674029446388" />
<NON_HUMAN_PART m_id="79" RELATED_TO="" TAG_DESCRIPTOR="t27_windows_OS" instance_id="NON16759636276543635" />
<ACTION_OCCURRENCE m_id="78" RELATED_TO="" TAG_DESCRIPTOR="t27b_exploiting_flaw" instance_id="ACT16759694191093666" />
<ACTION_OCCURRENCE m_id="77" RELATED_TO="" TAG_DESCRIPTOR="t27b_fix_vulnerability" instance_id="ACT16632539609441083" />
<NON_HUMAN_PART m_id="76" RELATED_TO="" TAG_DESCRIPTOR="t27b_flaw" instance_id="NON16727620231965862" />
<HUMAN_PART_PER m_id="75" RELATED_TO="" TAG_DESCRIPTOR="t27_hackers_or_attackers" instance_id="HUM16627963455277878" />
<ACTION_CAUSATIVE m_id="74" RELATED_TO="" TAG_DESCRIPTOR="t27b_facilitating_attacks" instance_id="ACT27376725138038411" />
<ACTION_REPORTING m_id="73" RELATED_TO="" TAG_DESCRIPTOR="t27b_microsoft_says" instance_id="ACT16727656023335002" />
<NON_HUMAN_PART m_id="72" RELATED_TO="" TAG_DESCRIPTOR="t27b_windows_versions" instance_id="NON16759665745345094" />
</Markables>

<Relations>
<CROSS_DOC_COREF r_id="37041" note="NON16759665745345094" >
  <source m_id="62" />
  <target m_id="72" />
</CROSS_DOC_COREF>
<CROSS_DOC_COREF r_id="37042" note="ACT16727656023335002" >
  <source m_id="49" />
  <target m_id="73" />
</CROSS_DOC_COREF>
<CROSS_DOC_COREF r_id="37043" note="ACT27376725138038411" >
  <source m_id="71" />
  <target m_id="74" />
</CROSS_DOC_COREF>
<CROSS_DOC_COREF r_id="37044" note="HUM16627963455277878" >
  <source m_id="40" />
  <target m_id="75" />
</CROSS_DOC_COREF>
<CROSS_DOC_COREF r_id="37045" note="NON16727620231965862" >
  <source m_id="35" />
  <source m_id="34" />
  <source m_id="33" />
  <source m_id="32" />
  <target m_id="76" />
</CROSS_DOC_COREF>
<CROSS_DOC_COREF r_id="37046" note="ACT16632539609441083" >
  <source m_id="54" />
  <source m_id="53" />
  <target m_id="77" />
</CROSS_DOC_COREF>
<CROSS_DOC_COREF r_id="37047" note="ACT16759694191093666" >
  <source m_id="39" />
  <target m_id="78" />
</CROSS_DOC_COREF>
<CROSS_DOC_COREF r_id="37048" note="NON16759636276543635" >
  <source m_id="61" />
  <target m_id="79" />
</CROSS_DOC_COREF>
<CROSS_DOC_COREF r_id="37049" note="ACT16759674029446388" >
  <source m_id="45" />
  <target m_id="80" />
</CROSS_DOC_COREF>
<CROSS_DOC_COREF r_id="37050" note="NON16628072497530110" >
  <source m_id="56" />
  <source m_id="55" />
  <source m_id="63" />
  <source m_id="57" />
  <target m_id="81" />
</CROSS_DOC_COREF>
<CROSS_DOC_COREF r_id="37051" note="HUM16627702263331271" >
  <source m_id="43" />
  <source m_id="41" />
  <source m_id="42" />
  <target m_id="82" />
</CROSS_DOC_COREF>
<CROSS_DOC_COREF r_id="37052" note="ACT16632565623246075" >
  <source m_id="44" />
  <target m_id="83" />
</CROSS_DOC_COREF>
<CROSS_DOC_COREF r_id="37053" note="ACT16632487083891659" >
  <source m_id="37" />
  <target m_id="84" />
</CROSS_DOC_COREF>
<CROSS_DOC_COREF r_id="37054" note="TIM27376179174463069" >
  <source m_id="38" />
  <target m_id="85" />
</CROSS_DOC_COREF>
<CROSS_DOC_COREF r_id="37055" note="NON16727641175459595" >
  <source m_id="60" />
  <source m_id="58" />
  <source m_id="64" />
  <source m_id="59" />
  <target m_id="86" />
</CROSS_DOC_COREF>
<CROSS_DOC_COREF r_id="37056" note="HUM16627778540077611" >
  <source m_id="48" />
  <source m_id="36" />
  <target m_id="87" />
</CROSS_DOC_COREF>

</Relations>
</Document>
