<Document doc_name="16_10ecbplus.xml" doc_id="DOC15646216693198082">
<token t_id="1" sentence="0" number="0">http</token>
<token t_id="2" sentence="0" number="1">:</token>
<token t_id="3" sentence="0" number="2">/</token>
<token t_id="4" sentence="0" number="3">/</token>
<token t_id="5" sentence="0" number="4">www</token>
<token t_id="6" sentence="0" number="5">.</token>
<token t_id="7" sentence="0" number="6">presstelegram</token>
<token t_id="8" sentence="0" number="7">.</token>
<token t_id="9" sentence="0" number="8">com</token>
<token t_id="10" sentence="0" number="9">/</token>
<token t_id="11" sentence="0" number="10">technology</token>
<token t_id="12" sentence="0" number="11">/</token>
<token t_id="13" sentence="0" number="12">20070503</token>
<token t_id="14" sentence="0" number="13">/</token>
<token t_id="15" sentence="0" number="14">judge</token>
<token t_id="16" sentence="0" number="15">-</token>
<token t_id="17" sentence="0" number="16">sentences</token>
<token t_id="18" sentence="0" number="17">-</token>
<token t_id="19" sentence="0" number="18">orozco</token>
<token t_id="20" sentence="0" number="19">-</token>
<token t_id="21" sentence="0" number="20">to</token>
<token t_id="22" sentence="0" number="21">-</token>
<token t_id="23" sentence="0" number="22">death</token>
<token t_id="24" sentence="1" number="0">Judge</token>
<token t_id="25" sentence="1" number="1">sentences</token>
<token t_id="26" sentence="1" number="2">Orozco</token>
<token t_id="27" sentence="1" number="3">to</token>
<token t_id="28" sentence="1" number="4">death</token>
<token t_id="29" sentence="2" number="0">POSTED</token>
<token t_id="30" sentence="2" number="1">:</token>
<token t_id="31" sentence="2" number="2">05</token>
<token t_id="32" sentence="2" number="3">/</token>
<token t_id="33" sentence="2" number="4">02</token>
<token t_id="34" sentence="2" number="5">/</token>
<token t_id="35" sentence="2" number="6">07</token>
<token t_id="36" sentence="2" number="7">,</token>
<token t_id="37" sentence="2" number="8">9</token>
<token t_id="38" sentence="2" number="9">:</token>
<token t_id="39" sentence="2" number="10">00</token>
<token t_id="40" sentence="2" number="11">PM</token>
<token t_id="41" sentence="2" number="12">PDT</token>
<token t_id="42" sentence="2" number="13">|</token>
<token t_id="43" sentence="3" number="0">A</token>
<token t_id="44" sentence="3" number="1">Norwalk</token>
<token t_id="45" sentence="3" number="2">Superior</token>
<token t_id="46" sentence="3" number="3">Court</token>
<token t_id="47" sentence="3" number="4">judge</token>
<token t_id="48" sentence="3" number="5">on</token>
<token t_id="49" sentence="3" number="6">Thursday</token>
<token t_id="50" sentence="3" number="7">upheld</token>
<token t_id="51" sentence="3" number="8">a</token>
<token t_id="52" sentence="3" number="9">jury's</token>
<token t_id="53" sentence="3" number="10">recommendation</token>
<token t_id="54" sentence="3" number="11">that</token>
<token t_id="55" sentence="3" number="12">convicted</token>
<token t_id="56" sentence="3" number="13">cop</token>
<token t_id="57" sentence="3" number="14">killer</token>
<token t_id="58" sentence="3" number="15">Jose</token>
<token t_id="59" sentence="3" number="16">Luis</token>
<token t_id="60" sentence="3" number="17">Orozco</token>
<token t_id="61" sentence="3" number="18">die</token>
<token t_id="62" sentence="3" number="19">for</token>
<token t_id="63" sentence="3" number="20">his</token>
<token t_id="64" sentence="3" number="21">crimes</token>
<token t_id="65" sentence="3" number="22">.</token>
<token t_id="66" sentence="4" number="0">Judge</token>
<token t_id="67" sentence="4" number="1">Philip</token>
<token t_id="68" sentence="4" number="2">Hickok</token>
<token t_id="69" sentence="4" number="3">told</token>
<token t_id="70" sentence="4" number="4">a</token>
<token t_id="71" sentence="4" number="5">packed</token>
<token t_id="72" sentence="4" number="6">courtroom</token>
<token t_id="73" sentence="4" number="7">that</token>
<token t_id="74" sentence="4" number="8">he</token>
<token t_id="75" sentence="4" number="9">weighed</token>
<token t_id="76" sentence="4" number="10">all</token>
<token t_id="77" sentence="4" number="11">the</token>
<token t_id="78" sentence="4" number="12">aggravating</token>
<token t_id="79" sentence="4" number="13">factors</token>
<token t_id="80" sentence="4" number="14">and</token>
<token t_id="81" sentence="4" number="15">mitigating</token>
<token t_id="82" sentence="4" number="16">circumstances</token>
<token t_id="83" sentence="4" number="17">in</token>
<token t_id="84" sentence="4" number="18">the</token>
<token t_id="85" sentence="4" number="19">ambush</token>
<token t_id="86" sentence="4" number="20">slaying</token>
<token t_id="87" sentence="4" number="21">of</token>
<token t_id="88" sentence="4" number="22">Los</token>
<token t_id="89" sentence="4" number="23">Angeles</token>
<token t_id="90" sentence="4" number="24">County</token>
<token t_id="91" sentence="4" number="25">Sheriff's</token>
<token t_id="92" sentence="4" number="26">Deputy</token>
<token t_id="93" sentence="4" number="27">Jerry</token>
<token t_id="94" sentence="4" number="28">Ortiz</token>
<token t_id="95" sentence="4" number="29">in</token>
<token t_id="96" sentence="4" number="30">June</token>
<token t_id="97" sentence="4" number="31">2005</token>
<token t_id="98" sentence="4" number="32">,</token>
<token t_id="99" sentence="4" number="33">and</token>
<token t_id="100" sentence="4" number="34">he</token>
<token t_id="101" sentence="4" number="35">concluded</token>
<token t_id="102" sentence="4" number="36">that</token>
<token t_id="103" sentence="4" number="37">the</token>
<token t_id="104" sentence="4" number="38">case</token>
<token t_id="105" sentence="4" number="39">"absolutely</token>
<token t_id="106" sentence="4" number="40">warrants</token>
<token t_id="107" sentence="4" number="41">death</token>
<token t_id="108" sentence="4" number="42">instead</token>
<token t_id="109" sentence="4" number="43">of</token>
<token t_id="110" sentence="4" number="44">life</token>
<token t_id="111" sentence="4" number="45">without</token>
<token t_id="112" sentence="4" number="46">parole</token>
<token t_id="113" sentence="4" number="47">.</token>
<token t_id="114" sentence="4" number="48">"</token>
<token t_id="115" sentence="5" number="0">Orozco</token>
<token t_id="116" sentence="5" number="1">was</token>
<token t_id="117" sentence="5" number="2">convicted</token>
<token t_id="118" sentence="5" number="3">March</token>
<token t_id="119" sentence="5" number="4">20</token>
<token t_id="120" sentence="5" number="5">of</token>
<token t_id="121" sentence="5" number="6">first</token>
<token t_id="122" sentence="5" number="7">-</token>
<token t_id="123" sentence="5" number="8">degree</token>
<token t_id="124" sentence="5" number="9">murder</token>
<token t_id="125" sentence="5" number="10">for</token>
<token t_id="126" sentence="5" number="11">the</token>
<token t_id="127" sentence="5" number="12">slaying</token>
<token t_id="128" sentence="5" number="13">of</token>
<token t_id="129" sentence="5" number="14">Ortiz</token>
<token t_id="130" sentence="5" number="15">,</token>
<token t_id="131" sentence="5" number="16">a</token>
<token t_id="132" sentence="5" number="17">15</token>
<token t_id="133" sentence="5" number="18">-</token>
<token t_id="134" sentence="5" number="19">year</token>
<token t_id="135" sentence="5" number="20">veteran</token>
<token t_id="136" sentence="5" number="21">and</token>
<token t_id="137" sentence="5" number="22">member</token>
<token t_id="138" sentence="5" number="23">of</token>
<token t_id="139" sentence="5" number="24">the</token>
<token t_id="140" sentence="5" number="25">anti</token>
<token t_id="141" sentence="5" number="26">-</token>
<token t_id="142" sentence="5" number="27">gang</token>
<token t_id="143" sentence="5" number="28">detail</token>
<token t_id="144" sentence="5" number="29">at</token>
<token t_id="145" sentence="5" number="30">the</token>
<token t_id="146" sentence="5" number="31">Sheriff's</token>
<token t_id="147" sentence="5" number="32">Lakewood</token>
<token t_id="148" sentence="5" number="33">Station</token>
<token t_id="149" sentence="5" number="34">.</token>
<token t_id="150" sentence="6" number="0">A</token>
<token t_id="151" sentence="6" number="1">jury</token>
<token t_id="152" sentence="6" number="2">recommended</token>
<token t_id="153" sentence="6" number="3">on</token>
<token t_id="154" sentence="6" number="4">April</token>
<token t_id="155" sentence="6" number="5">3</token>
<token t_id="156" sentence="6" number="6">that</token>
<token t_id="157" sentence="6" number="7">Orozco</token>
<token t_id="158" sentence="6" number="8">be</token>
<token t_id="159" sentence="6" number="9">executed</token>
<token t_id="160" sentence="6" number="10">.</token>
<token t_id="161" sentence="7" number="0">Wearing</token>
<token t_id="162" sentence="7" number="1">the</token>
<token t_id="163" sentence="7" number="2">orange</token>
<token t_id="164" sentence="7" number="3">Los</token>
<token t_id="165" sentence="7" number="4">Angeles</token>
<token t_id="166" sentence="7" number="5">County</token>
<token t_id="167" sentence="7" number="6">Jail</token>
<token t_id="168" sentence="7" number="7">-</token>
<token t_id="169" sentence="7" number="8">issued</token>
<token t_id="170" sentence="7" number="9">jumpsuit</token>
<token t_id="171" sentence="7" number="10">and</token>
<token t_id="172" sentence="7" number="11">with</token>
<token t_id="173" sentence="7" number="12">his</token>
<token t_id="174" sentence="7" number="13">handcuffed</token>
<token t_id="175" sentence="7" number="14">wrists</token>
<token t_id="176" sentence="7" number="15">chained</token>
<token t_id="177" sentence="7" number="16">to</token>
<token t_id="178" sentence="7" number="17">his</token>
<token t_id="179" sentence="7" number="18">waist</token>
<token t_id="180" sentence="7" number="19">,</token>
<token t_id="181" sentence="7" number="20">Orozco</token>
<token t_id="182" sentence="7" number="21">smiled</token>
<token t_id="183" sentence="7" number="22">as</token>
<token t_id="184" sentence="7" number="23">he</token>
<token t_id="185" sentence="7" number="24">was</token>
<token t_id="186" sentence="7" number="25">led</token>
<token t_id="187" sentence="7" number="26">from</token>
<token t_id="188" sentence="7" number="27">the</token>
<token t_id="189" sentence="7" number="28">courtroom</token>
<token t_id="190" sentence="7" number="29">for</token>
<token t_id="191" sentence="7" number="30">the</token>
<token t_id="192" sentence="7" number="31">last</token>
<token t_id="193" sentence="7" number="32">time</token>
<token t_id="194" sentence="7" number="33">and</token>
<token t_id="195" sentence="7" number="34">turned</token>
<token t_id="196" sentence="7" number="35">to</token>
<token t_id="197" sentence="7" number="36">make</token>
<token t_id="198" sentence="7" number="37">an</token>
<token t_id="199" sentence="7" number="38">obscene</token>
<token t_id="200" sentence="7" number="39">gesture</token>
<token t_id="201" sentence="7" number="40">at</token>
<token t_id="202" sentence="7" number="41">a</token>
<token t_id="203" sentence="7" number="42">photographer</token>
<token t_id="204" sentence="7" number="43">.</token>
<token t_id="205" sentence="8" number="0">In</token>
<token t_id="206" sentence="8" number="1">denying</token>
<token t_id="207" sentence="8" number="2">an</token>
<token t_id="208" sentence="8" number="3">automatic</token>
<token t_id="209" sentence="8" number="4">motion</token>
<token t_id="210" sentence="8" number="5">by</token>
<token t_id="211" sentence="8" number="6">the</token>
<token t_id="212" sentence="8" number="7">defense</token>
<token t_id="213" sentence="8" number="8">to</token>
<token t_id="214" sentence="8" number="9">reduce</token>
<token t_id="215" sentence="8" number="10">the</token>
<token t_id="216" sentence="8" number="11">jury's</token>
<token t_id="217" sentence="8" number="12">recommendation</token>
<token t_id="218" sentence="8" number="13">from</token>
<token t_id="219" sentence="8" number="14">death</token>
<token t_id="220" sentence="8" number="15">to</token>
<token t_id="221" sentence="8" number="16">life</token>
<token t_id="222" sentence="8" number="17">in</token>
<token t_id="223" sentence="8" number="18">prison</token>
<token t_id="224" sentence="8" number="19">without</token>
<token t_id="225" sentence="8" number="20">the</token>
<token t_id="226" sentence="8" number="21">possibility</token>
<token t_id="227" sentence="8" number="22">of</token>
<token t_id="228" sentence="8" number="23">parole</token>
<token t_id="229" sentence="8" number="24">,</token>
<token t_id="230" sentence="8" number="25">Hickok</token>
<token t_id="231" sentence="8" number="26">called</token>
<token t_id="232" sentence="8" number="27">the</token>
<token t_id="233" sentence="8" number="28">slaying</token>
<token t_id="234" sentence="8" number="29">of</token>
<token t_id="235" sentence="8" number="30">the</token>
<token t_id="236" sentence="8" number="31">newlywed</token>
<token t_id="237" sentence="8" number="32">deputy</token>
<token t_id="238" sentence="8" number="33">and</token>
<token t_id="239" sentence="8" number="34">father</token>
<token t_id="240" sentence="8" number="35">of</token>
<token t_id="241" sentence="8" number="36">two</token>
<token t_id="242" sentence="8" number="37">"a</token>
<token t_id="243" sentence="8" number="38">cold</token>
<token t_id="244" sentence="8" number="39">-</token>
<token t_id="245" sentence="8" number="40">blooded</token>
<token t_id="246" sentence="8" number="41">,</token>
<token t_id="247" sentence="8" number="42">vicious</token>
<token t_id="248" sentence="8" number="43">murder</token>
<token t_id="249" sentence="8" number="44">.</token>
<token t_id="250" sentence="8" number="45">"</token>
<token t_id="251" sentence="9" number="0">`Colossal'</token>
<token t_id="252" sentence="9" number="1">factors</token>
<token t_id="253" sentence="10" number="0">Hickok</token>
<token t_id="254" sentence="10" number="1">said</token>
<token t_id="255" sentence="10" number="2">the</token>
<token t_id="256" sentence="10" number="3">aggravating</token>
<token t_id="257" sentence="10" number="4">factors</token>
<token t_id="258" sentence="10" number="5">in</token>
<token t_id="259" sentence="10" number="6">the</token>
<token t_id="260" sentence="10" number="7">case</token>
<token t_id="261" sentence="10" number="8">were</token>
<token t_id="262" sentence="10" number="9">"colossal</token>
<token t_id="263" sentence="10" number="10">.</token>
<token t_id="264" sentence="10" number="11">"</token>
<token t_id="265" sentence="11" number="0">He</token>
<token t_id="266" sentence="11" number="1">noted</token>
<token t_id="267" sentence="11" number="2">the</token>
<token t_id="268" sentence="11" number="3">29</token>
<token t_id="269" sentence="11" number="4">-</token>
<token t_id="270" sentence="11" number="5">year</token>
<token t_id="271" sentence="11" number="6">-</token>
<token t_id="272" sentence="11" number="7">old</token>
<token t_id="273" sentence="11" number="8">gang</token>
<token t_id="274" sentence="11" number="9">member</token>
<token t_id="275" sentence="11" number="10">not</token>
<token t_id="276" sentence="11" number="11">only</token>
<token t_id="277" sentence="11" number="12">killed</token>
<token t_id="278" sentence="11" number="13">the</token>
<token t_id="279" sentence="11" number="14">deputy</token>
<token t_id="280" sentence="11" number="15">while</token>
<token t_id="281" sentence="11" number="16">hiding</token>
<token t_id="282" sentence="11" number="17">outside</token>
<token t_id="283" sentence="11" number="18">of</token>
<token t_id="284" sentence="11" number="19">the</token>
<token t_id="285" sentence="11" number="20">lawman's</token>
<token t_id="286" sentence="11" number="21">view</token>
<token t_id="287" sentence="11" number="22">behind</token>
<token t_id="288" sentence="11" number="23">a</token>
<token t_id="289" sentence="11" number="24">door</token>
<token t_id="290" sentence="11" number="25">,</token>
<token t_id="291" sentence="11" number="26">Orozco</token>
<token t_id="292" sentence="11" number="27">also</token>
<token t_id="293" sentence="11" number="28">allegedly</token>
<token t_id="294" sentence="11" number="29">tried</token>
<token t_id="295" sentence="11" number="30">to</token>
<token t_id="296" sentence="11" number="31">kill</token>
<token t_id="297" sentence="11" number="32">another</token>
<token t_id="298" sentence="11" number="33">man</token>
<token t_id="299" sentence="11" number="34">just</token>
<token t_id="300" sentence="11" number="35">a</token>
<token t_id="301" sentence="11" number="36">few</token>
<token t_id="302" sentence="11" number="37">days</token>
<token t_id="303" sentence="11" number="38">earlier</token>
<token t_id="304" sentence="11" number="39">by</token>
<token t_id="305" sentence="11" number="40">shooting</token>
<token t_id="306" sentence="11" number="41">that</token>
<token t_id="307" sentence="11" number="42">individual</token>
<token t_id="308" sentence="11" number="43">in</token>
<token t_id="309" sentence="11" number="44">the</token>
<token t_id="310" sentence="11" number="45">back</token>
<token t_id="311" sentence="11" number="46">twice</token>
<token t_id="312" sentence="11" number="47">,</token>
<token t_id="313" sentence="11" number="48">and</token>
<token t_id="314" sentence="11" number="49">had</token>
<token t_id="315" sentence="11" number="50">bragged</token>
<token t_id="316" sentence="11" number="51">about</token>
<token t_id="317" sentence="11" number="52">killing</token>
<token t_id="318" sentence="11" number="53">the</token>
<token t_id="319" sentence="11" number="54">officer</token>
<token t_id="320" sentence="11" number="55">.</token>
<token t_id="321" sentence="12" number="0">He</token>
<token t_id="322" sentence="12" number="1">had</token>
<token t_id="323" sentence="12" number="2">also</token>
<token t_id="324" sentence="12" number="3">boasted</token>
<token t_id="325" sentence="12" number="4">prior</token>
<token t_id="326" sentence="12" number="5">to</token>
<token t_id="327" sentence="12" number="6">Ortiz's</token>
<token t_id="328" sentence="12" number="7">killing</token>
<token t_id="329" sentence="12" number="8">that</token>
<token t_id="330" sentence="12" number="9">he</token>
<token t_id="331" sentence="12" number="10">wanted</token>
<token t_id="332" sentence="12" number="11">to</token>
<token t_id="333" sentence="12" number="12">kill</token>
<token t_id="334" sentence="12" number="13">a</token>
<token t_id="335" sentence="12" number="14">cop</token>
<token t_id="336" sentence="12" number="15">,</token>
<token t_id="337" sentence="12" number="16">that</token>
<token t_id="338" sentence="12" number="17">he</token>
<token t_id="339" sentence="12" number="18">wanted</token>
<token t_id="340" sentence="12" number="19">to</token>
<token t_id="341" sentence="12" number="20">make</token>
<token t_id="342" sentence="12" number="21">a</token>
<token t_id="343" sentence="12" number="22">name</token>
<token t_id="344" sentence="12" number="23">for</token>
<token t_id="345" sentence="12" number="24">his</token>
<token t_id="346" sentence="12" number="25">gang</token>
<token t_id="347" sentence="12" number="26">,</token>
<token t_id="348" sentence="12" number="27">the</token>
<token t_id="349" sentence="12" number="28">judge</token>
<token t_id="350" sentence="12" number="29">added</token>
<token t_id="351" sentence="12" number="30">.</token>
<token t_id="352" sentence="13" number="0">"The</token>
<token t_id="353" sentence="13" number="1">murder</token>
<token t_id="354" sentence="13" number="2">was</token>
<token t_id="355" sentence="13" number="3">committed</token>
<token t_id="356" sentence="13" number="4">without</token>
<token t_id="357" sentence="13" number="5">regard</token>
<token t_id="358" sentence="13" number="6">in</token>
<token t_id="359" sentence="13" number="7">front</token>
<token t_id="360" sentence="13" number="8">of</token>
<token t_id="361" sentence="13" number="9">two</token>
<token t_id="362" sentence="13" number="10">extremely</token>
<token t_id="363" sentence="13" number="11">impressionable</token>
<token t_id="364" sentence="13" number="12">and</token>
<token t_id="365" sentence="13" number="13">young</token>
<token t_id="366" sentence="13" number="14">girls</token>
<token t_id="367" sentence="13" number="15">,</token>
<token t_id="368" sentence="13" number="16">"</token>
<token t_id="369" sentence="13" number="17">Hickok</token>
<token t_id="370" sentence="13" number="18">said</token>
<token t_id="371" sentence="13" number="19">,</token>
<token t_id="372" sentence="13" number="20">referring</token>
<token t_id="373" sentence="13" number="21">to</token>
<token t_id="374" sentence="13" number="22">the</token>
<token t_id="375" sentence="13" number="23">star</token>
<token t_id="376" sentence="13" number="24">witnesses</token>
<token t_id="377" sentence="13" number="25">in</token>
<token t_id="378" sentence="13" number="26">the</token>
<token t_id="379" sentence="13" number="27">case</token>
<token t_id="380" sentence="13" number="28">,</token>
<token t_id="381" sentence="13" number="29">two</token>
<token t_id="382" sentence="13" number="30">sisters</token>
<token t_id="383" sentence="13" number="31">-</token>
<token t_id="384" sentence="13" number="32">8</token>
<token t_id="385" sentence="13" number="33">-</token>
<token t_id="386" sentence="13" number="34">and</token>
<token t_id="387" sentence="13" number="35">10</token>
<token t_id="388" sentence="13" number="36">-</token>
<token t_id="389" sentence="13" number="37">year</token>
<token t_id="390" sentence="13" number="38">-</token>
<token t_id="391" sentence="13" number="39">old</token>
<token t_id="392" sentence="13" number="40">girls</token>
<token t_id="393" sentence="13" number="41">-</token>
<token t_id="394" sentence="13" number="42">who</token>
<token t_id="395" sentence="13" number="43">described</token>
<token t_id="396" sentence="13" number="44">the</token>
<token t_id="397" sentence="13" number="45">shooting</token>
<token t_id="398" sentence="13" number="46">for</token>
<token t_id="399" sentence="13" number="47">the</token>
<token t_id="400" sentence="13" number="48">jury</token>
<token t_id="401" sentence="13" number="49">.</token>
<token t_id="402" sentence="14" number="0">"</token>
<token t_id="403" sentence="14" number="1">(</token>
<token t_id="404" sentence="14" number="2">Orozco</token>
<token t_id="405" sentence="14" number="3">)</token>
<token t_id="406" sentence="14" number="4">arranged</token>
<token t_id="407" sentence="14" number="5">to</token>
<token t_id="408" sentence="14" number="6">have</token>
<token t_id="409" sentence="14" number="7">witnesses</token>
<token t_id="410" sentence="14" number="8">,</token>
<token t_id="411" sentence="14" number="9">including</token>
<token t_id="412" sentence="14" number="10">those</token>
<token t_id="413" sentence="14" number="11">two</token>
<token t_id="414" sentence="14" number="12">very</token>
<token t_id="415" sentence="14" number="13">young</token>
<token t_id="416" sentence="14" number="14">girls</token>
<token t_id="417" sentence="14" number="15">,</token>
<token t_id="418" sentence="14" number="16">killed</token>
<token t_id="419" sentence="14" number="17">so</token>
<token t_id="420" sentence="14" number="18">that</token>
<token t_id="421" sentence="14" number="19">they</token>
<token t_id="422" sentence="14" number="20">would</token>
<token t_id="423" sentence="14" number="21">not</token>
<token t_id="424" sentence="14" number="22">testify</token>
<token t_id="425" sentence="14" number="23">,</token>
<token t_id="426" sentence="14" number="24">"</token>
<token t_id="427" sentence="14" number="25">Hickok</token>
<token t_id="428" sentence="14" number="26">said</token>
<token t_id="429" sentence="14" number="27">.</token>
<token t_id="430" sentence="15" number="0">Dozens</token>
<token t_id="431" sentence="15" number="1">of</token>
<token t_id="432" sentence="15" number="2">deputies</token>
<token t_id="433" sentence="15" number="3">-</token>
<token t_id="434" sentence="15" number="4">many</token>
<token t_id="435" sentence="15" number="5">in</token>
<token t_id="436" sentence="15" number="6">uniform</token>
<token t_id="437" sentence="15" number="7">-</token>
<token t_id="438" sentence="15" number="8">packed</token>
<token t_id="439" sentence="15" number="9">the</token>
<token t_id="440" sentence="15" number="10">court</token>
<token t_id="441" sentence="15" number="11">for</token>
<token t_id="442" sentence="15" number="12">Thursday's</token>
<token t_id="443" sentence="15" number="13">sentencing</token>
<token t_id="444" sentence="15" number="14">,</token>
<token t_id="445" sentence="15" number="15">just</token>
<token t_id="446" sentence="15" number="16">as</token>
<token t_id="447" sentence="15" number="17">they</token>
<token t_id="448" sentence="15" number="18">had</token>
<token t_id="449" sentence="15" number="19">every</token>
<token t_id="450" sentence="15" number="20">day</token>
<token t_id="451" sentence="15" number="21">of</token>
<token t_id="452" sentence="15" number="22">the</token>
<token t_id="453" sentence="15" number="23">trial</token>
<token t_id="454" sentence="15" number="24">.</token>
<token t_id="455" sentence="16" number="0">In</token>
<token t_id="456" sentence="16" number="1">the</token>
<token t_id="457" sentence="16" number="2">center</token>
<token t_id="458" sentence="16" number="3">of</token>
<token t_id="459" sentence="16" number="4">the</token>
<token t_id="460" sentence="16" number="5">gallery</token>
<token t_id="461" sentence="16" number="6">was</token>
<token t_id="462" sentence="16" number="7">the</token>
<token t_id="463" sentence="16" number="8">slain</token>
<token t_id="464" sentence="16" number="9">deputy's</token>
<token t_id="465" sentence="16" number="10">wife</token>
<token t_id="466" sentence="16" number="11">,</token>
<token t_id="467" sentence="16" number="12">Chela</token>
<token t_id="468" sentence="16" number="13">Ortiz</token>
<token t_id="469" sentence="16" number="14">,</token>
<token t_id="470" sentence="16" number="15">who</token>
<token t_id="471" sentence="16" number="16">linked</token>
<token t_id="472" sentence="16" number="17">hands</token>
<token t_id="473" sentence="16" number="18">with</token>
<token t_id="474" sentence="16" number="19">her</token>
<token t_id="475" sentence="16" number="20">mother</token>
<token t_id="476" sentence="16" number="21">-</token>
<token t_id="477" sentence="16" number="22">in</token>
<token t_id="478" sentence="16" number="23">-</token>
<token t_id="479" sentence="16" number="24">law</token>
<token t_id="480" sentence="16" number="25">,</token>
<token t_id="481" sentence="16" number="26">Rosa</token>
<token t_id="482" sentence="16" number="27">Ortiz</token>
<token t_id="483" sentence="16" number="28">,</token>
<token t_id="484" sentence="16" number="29">and</token>
<token t_id="485" sentence="16" number="30">her</token>
<token t_id="486" sentence="16" number="31">husband's</token>
<token t_id="487" sentence="16" number="32">siblings</token>
<token t_id="488" sentence="16" number="33">.</token>
<token t_id="489" sentence="17" number="0">Chela</token>
<token t_id="490" sentence="17" number="1">spoke</token>
<token t_id="491" sentence="17" number="2">briefly</token>
<token t_id="492" sentence="17" number="3">before</token>
<token t_id="493" sentence="17" number="4">Hickok</token>
<token t_id="494" sentence="17" number="5">made</token>
<token t_id="495" sentence="17" number="6">the</token>
<token t_id="496" sentence="17" number="7">final</token>
<token t_id="497" sentence="17" number="8">ruling</token>
<token t_id="498" sentence="17" number="9">,</token>
<token t_id="499" sentence="17" number="10">addressing</token>
<token t_id="500" sentence="17" number="11">her</token>
<token t_id="501" sentence="17" number="12">husband's</token>
<token t_id="502" sentence="17" number="13">killer</token>
<token t_id="503" sentence="17" number="14">directly</token>
<token t_id="504" sentence="17" number="15">as</token>
<token t_id="505" sentence="17" number="16">she</token>
<token t_id="506" sentence="17" number="17">read</token>
<token t_id="507" sentence="17" number="18">from</token>
<token t_id="508" sentence="17" number="19">a</token>
<token t_id="509" sentence="17" number="20">letter</token>
<token t_id="510" sentence="17" number="21">written</token>
<token t_id="511" sentence="17" number="22">by</token>
<token t_id="512" sentence="17" number="23">her</token>
<token t_id="513" sentence="17" number="24">stepson</token>
<token t_id="514" sentence="17" number="25">,</token>
<token t_id="515" sentence="17" number="26">Jeremy</token>
<token t_id="516" sentence="17" number="27">Ortiz</token>
<token t_id="517" sentence="17" number="28">,</token>
<token t_id="518" sentence="17" number="29">and</token>
<token t_id="519" sentence="17" number="30">then</token>
<token t_id="520" sentence="17" number="31">made</token>
<token t_id="521" sentence="17" number="32">her</token>
<token t_id="522" sentence="17" number="33">own</token>
<token t_id="523" sentence="17" number="34">statement</token>
<token t_id="524" sentence="17" number="35">.</token>
<token t_id="525" sentence="18" number="0">"Why</token>
<token t_id="526" sentence="18" number="1">did</token>
<token t_id="527" sentence="18" number="2">you</token>
<token t_id="528" sentence="18" number="3">do</token>
<token t_id="529" sentence="18" number="4">it</token>
<token t_id="530" sentence="18" number="5">?</token>
<token t_id="531" sentence="19" number="0">Why</token>
<token t_id="532" sentence="19" number="1">did</token>
<token t_id="533" sentence="19" number="2">you</token>
<token t_id="534" sentence="19" number="3">have</token>
<token t_id="535" sentence="19" number="4">to</token>
<token t_id="536" sentence="19" number="5">stand</token>
<token t_id="537" sentence="19" number="6">behind</token>
<token t_id="538" sentence="19" number="7">a</token>
<token t_id="539" sentence="19" number="8">door</token>
<token t_id="540" sentence="19" number="9">like</token>
<token t_id="541" sentence="19" number="10">a</token>
<token t_id="542" sentence="19" number="11">coward</token>
<token t_id="543" sentence="19" number="12">?</token>
<token t_id="544" sentence="19" number="13">"</token>
<token t_id="545" sentence="19" number="14">the</token>
<token t_id="546" sentence="19" number="15">young</token>
<token t_id="547" sentence="19" number="16">widow</token>
<token t_id="548" sentence="19" number="17">read</token>
<token t_id="549" sentence="19" number="18">from</token>
<token t_id="550" sentence="19" number="19">the</token>
<token t_id="551" sentence="19" number="20">teen's</token>
<token t_id="552" sentence="19" number="21">letter</token>
<token t_id="553" sentence="19" number="22">.</token>
<token t_id="554" sentence="20" number="0">Chela</token>
<token t_id="555" sentence="20" number="1">Ortiz</token>
<token t_id="556" sentence="20" number="2">,</token>
<token t_id="557" sentence="20" number="3">who</token>
<token t_id="558" sentence="20" number="4">married</token>
<token t_id="559" sentence="20" number="5">the</token>
<token t_id="560" sentence="20" number="6">deputy</token>
<token t_id="561" sentence="20" number="7">three</token>
<token t_id="562" sentence="20" number="8">weeks</token>
<token t_id="563" sentence="20" number="9">before</token>
<token t_id="564" sentence="20" number="10">he</token>
<token t_id="565" sentence="20" number="11">was</token>
<token t_id="566" sentence="20" number="12">murdered</token>
<token t_id="567" sentence="20" number="13">,</token>
<token t_id="568" sentence="20" number="14">told</token>
<token t_id="569" sentence="20" number="15">Orozco</token>
<token t_id="570" sentence="20" number="16">in</token>
<token t_id="571" sentence="20" number="17">a</token>
<token t_id="572" sentence="20" number="18">firm</token>
<token t_id="573" sentence="20" number="19">voice</token>
<token t_id="574" sentence="20" number="20">,</token>
<token t_id="575" sentence="20" number="21">"I</token>
<token t_id="576" sentence="20" number="22">want</token>
<token t_id="577" sentence="20" number="23">you</token>
<token t_id="578" sentence="20" number="24">to</token>
<token t_id="579" sentence="20" number="25">know</token>
<token t_id="580" sentence="20" number="26">you</token>
<token t_id="581" sentence="20" number="27">did</token>
<token t_id="582" sentence="20" number="28">not</token>
<token t_id="583" sentence="20" number="29">break</token>
<token t_id="584" sentence="20" number="30">our</token>
<token t_id="585" sentence="20" number="31">family</token>
<token t_id="586" sentence="20" number="32">,</token>
<token t_id="587" sentence="20" number="33">"</token>
<token t_id="588" sentence="20" number="34">as</token>
<token t_id="589" sentence="20" number="35">her</token>
<token t_id="590" sentence="20" number="36">family</token>
<token t_id="591" sentence="20" number="37">began</token>
<token t_id="592" sentence="20" number="38">to</token>
<token t_id="593" sentence="20" number="39">cry</token>
<token t_id="594" sentence="20" number="40">.</token>
<token t_id="595" sentence="21" number="0">"Our</token>
<token t_id="596" sentence="21" number="1">Jerry</token>
<token t_id="597" sentence="21" number="2">is</token>
<token t_id="598" sentence="21" number="3">in</token>
<token t_id="599" sentence="21" number="4">heaven</token>
<token t_id="600" sentence="21" number="5">,</token>
<token t_id="601" sentence="21" number="6">we</token>
<token t_id="602" sentence="21" number="7">will</token>
<token t_id="603" sentence="21" number="8">see</token>
<token t_id="604" sentence="21" number="9">him</token>
<token t_id="605" sentence="21" number="10">again</token>
<token t_id="606" sentence="21" number="11">.</token>
<token t_id="607" sentence="21" number="12">.</token>
<token t_id="608" sentence="21" number="13">.</token>
<token t_id="609" sentence="22" number="0">his</token>
<token t_id="610" sentence="22" number="1">memory</token>
<token t_id="611" sentence="22" number="2">will</token>
<token t_id="612" sentence="22" number="3">live</token>
<token t_id="613" sentence="22" number="4">on</token>
<token t_id="614" sentence="22" number="5">,</token>
<token t_id="615" sentence="22" number="6">"</token>
<token t_id="616" sentence="22" number="7">she</token>
<token t_id="617" sentence="22" number="8">said</token>
<token t_id="618" sentence="22" number="9">amid</token>
<token t_id="619" sentence="22" number="10">the</token>
<token t_id="620" sentence="22" number="11">sounds</token>
<token t_id="621" sentence="22" number="12">of</token>
<token t_id="622" sentence="22" number="13">soft</token>
<token t_id="623" sentence="22" number="14">sobs</token>
<token t_id="624" sentence="22" number="15">and</token>
<token t_id="625" sentence="22" number="16">sniffles</token>
<token t_id="626" sentence="22" number="17">.</token>
<token t_id="627" sentence="23" number="0">"And</token>
<token t_id="628" sentence="23" number="1">you</token>
<token t_id="629" sentence="23" number="2">will</token>
<token t_id="630" sentence="23" number="3">always</token>
<token t_id="631" sentence="23" number="4">be</token>
<token t_id="632" sentence="23" number="5">remembered</token>
<token t_id="633" sentence="23" number="6">as</token>
<token t_id="634" sentence="23" number="7">a</token>
<token t_id="635" sentence="23" number="8">coward</token>
<token t_id="636" sentence="23" number="9">.</token>
<token t_id="637" sentence="23" number="10">"</token>
<token t_id="638" sentence="24" number="0">The</token>
<token t_id="639" sentence="24" number="1">35</token>
<token t_id="640" sentence="24" number="2">-</token>
<token t_id="641" sentence="24" number="3">year</token>
<token t_id="642" sentence="24" number="4">-</token>
<token t_id="643" sentence="24" number="5">old</token>
<token t_id="644" sentence="24" number="6">deputy</token>
<token t_id="645" sentence="24" number="7">was</token>
<token t_id="646" sentence="24" number="8">killed</token>
<token t_id="647" sentence="24" number="9">on</token>
<token t_id="648" sentence="24" number="10">June</token>
<token t_id="649" sentence="24" number="11">24</token>
<token t_id="650" sentence="24" number="12">,</token>
<token t_id="651" sentence="24" number="13">while</token>
<token t_id="652" sentence="24" number="14">investigating</token>
<token t_id="653" sentence="24" number="15">an</token>
<token t_id="654" sentence="24" number="16">attack</token>
<token t_id="655" sentence="24" number="17">in</token>
<token t_id="656" sentence="24" number="18">which</token>
<token t_id="657" sentence="24" number="19">Orozco</token>
<token t_id="658" sentence="24" number="20">shot</token>
<token t_id="659" sentence="24" number="21">a</token>
<token t_id="660" sentence="24" number="22">man</token>
<token t_id="661" sentence="24" number="23">in</token>
<token t_id="662" sentence="24" number="24">the</token>
<token t_id="663" sentence="24" number="25">back</token>
<token t_id="664" sentence="24" number="26">while</token>
<token t_id="665" sentence="24" number="27">doing</token>
<token t_id="666" sentence="24" number="28">yard</token>
<token t_id="667" sentence="24" number="29">work</token>
<token t_id="668" sentence="24" number="30">at</token>
<token t_id="669" sentence="24" number="31">a</token>
<token t_id="670" sentence="24" number="32">Hawaiian</token>
<token t_id="671" sentence="24" number="33">Gardens</token>
<token t_id="672" sentence="24" number="34">home</token>
<token t_id="673" sentence="24" number="35">four</token>
<token t_id="674" sentence="24" number="36">days</token>
<token t_id="675" sentence="24" number="37">earlier</token>
<token t_id="676" sentence="24" number="38">.</token>
<token t_id="677" sentence="25" number="0">Along</token>
<token t_id="678" sentence="25" number="1">with</token>
<token t_id="679" sentence="25" number="2">murder</token>
<token t_id="680" sentence="25" number="3">,</token>
<token t_id="681" sentence="25" number="4">Orozco</token>
<token t_id="682" sentence="25" number="5">was</token>
<token t_id="683" sentence="25" number="6">convicted</token>
<token t_id="684" sentence="25" number="7">of</token>
<token t_id="685" sentence="25" number="8">one</token>
<token t_id="686" sentence="25" number="9">count</token>
<token t_id="687" sentence="25" number="10">of</token>
<token t_id="688" sentence="25" number="11">attempted</token>
<token t_id="689" sentence="25" number="12">murder</token>
<token t_id="690" sentence="25" number="13">involving</token>
<token t_id="691" sentence="25" number="14">the</token>
<token t_id="692" sentence="25" number="15">earlier</token>
<token t_id="693" sentence="25" number="16">shooting</token>
<token t_id="694" sentence="25" number="17">and</token>
<token t_id="695" sentence="25" number="18">two</token>
<token t_id="696" sentence="25" number="19">counts</token>
<token t_id="697" sentence="25" number="20">of</token>
<token t_id="698" sentence="25" number="21">possession</token>
<token t_id="699" sentence="25" number="22">of</token>
<token t_id="700" sentence="25" number="23">a</token>
<token t_id="701" sentence="25" number="24">firearm</token>
<token t_id="702" sentence="25" number="25">by</token>
<token t_id="703" sentence="25" number="26">a</token>
<token t_id="704" sentence="25" number="27">felon</token>
<token t_id="705" sentence="25" number="28">.</token>
<token t_id="706" sentence="26" number="0">Jurors</token>
<token t_id="707" sentence="26" number="1">also</token>
<token t_id="708" sentence="26" number="2">found</token>
<token t_id="709" sentence="26" number="3">true</token>
<token t_id="710" sentence="26" number="4">the</token>
<token t_id="711" sentence="26" number="5">special</token>
<token t_id="712" sentence="26" number="6">circumstance</token>
<token t_id="713" sentence="26" number="7">allegations</token>
<token t_id="714" sentence="26" number="8">of</token>
<token t_id="715" sentence="26" number="9">murder</token>
<token t_id="716" sentence="26" number="10">of</token>
<token t_id="717" sentence="26" number="11">a</token>
<token t_id="718" sentence="26" number="12">peace</token>
<token t_id="719" sentence="26" number="13">officer</token>
<token t_id="720" sentence="26" number="14">,</token>
<token t_id="721" sentence="26" number="15">murder</token>
<token t_id="722" sentence="26" number="16">while</token>
<token t_id="723" sentence="26" number="17">lying</token>
<token t_id="724" sentence="26" number="18">in</token>
<token t_id="725" sentence="26" number="19">wait</token>
<token t_id="726" sentence="26" number="20">and</token>
<token t_id="727" sentence="26" number="21">murder</token>
<token t_id="728" sentence="26" number="22">to</token>
<token t_id="729" sentence="26" number="23">avoid</token>
<token t_id="730" sentence="26" number="24">arrest</token>
<token t_id="731" sentence="26" number="25">,</token>
<token t_id="732" sentence="26" number="26">along</token>
<token t_id="733" sentence="26" number="27">with</token>
<token t_id="734" sentence="26" number="28">the</token>
<token t_id="735" sentence="26" number="29">allegations</token>
<token t_id="736" sentence="26" number="30">that</token>
<token t_id="737" sentence="26" number="31">he</token>
<token t_id="738" sentence="26" number="32">personally</token>
<token t_id="739" sentence="26" number="33">discharged</token>
<token t_id="740" sentence="26" number="34">a</token>
<token t_id="741" sentence="26" number="35">handgun</token>
<token t_id="742" sentence="26" number="36">and</token>
<token t_id="743" sentence="26" number="37">committed</token>
<token t_id="744" sentence="26" number="38">the</token>
<token t_id="745" sentence="26" number="39">crimes</token>
<token t_id="746" sentence="26" number="40">for</token>
<token t_id="747" sentence="26" number="41">the</token>
<token t_id="748" sentence="26" number="42">benefit</token>
<token t_id="749" sentence="26" number="43">of</token>
<token t_id="750" sentence="26" number="44">a</token>
<token t_id="751" sentence="26" number="45">criminal</token>
<token t_id="752" sentence="26" number="46">street</token>
<token t_id="753" sentence="26" number="47">gang</token>
<token t_id="754" sentence="26" number="48">.</token>
<token t_id="755" sentence="27" number="0">In</token>
<token t_id="756" sentence="27" number="1">addition</token>
<token t_id="757" sentence="27" number="2">to</token>
<token t_id="758" sentence="27" number="3">asking</token>
<token t_id="759" sentence="27" number="4">the</token>
<token t_id="760" sentence="27" number="5">judge</token>
<token t_id="761" sentence="27" number="6">to</token>
<token t_id="762" sentence="27" number="7">reduce</token>
<token t_id="763" sentence="27" number="8">the</token>
<token t_id="764" sentence="27" number="9">sentence</token>
<token t_id="765" sentence="27" number="10">Thursday</token>
<token t_id="766" sentence="27" number="11">,</token>
<token t_id="767" sentence="27" number="12">Orozco's</token>
<token t_id="768" sentence="27" number="13">attorneys</token>
<token t_id="769" sentence="27" number="14">made</token>
<token t_id="770" sentence="27" number="15">a</token>
<token t_id="771" sentence="27" number="16">motion</token>
<token t_id="772" sentence="27" number="17">for</token>
<token t_id="773" sentence="27" number="18">a</token>
<token t_id="774" sentence="27" number="19">new</token>
<token t_id="775" sentence="27" number="20">trial</token>
<token t_id="776" sentence="27" number="21">,</token>
<token t_id="777" sentence="27" number="22">arguing</token>
<token t_id="778" sentence="27" number="23">that</token>
<token t_id="779" sentence="27" number="24">the</token>
<token t_id="780" sentence="27" number="25">DA</token>
<token t_id="781" sentence="27" number="26">was</token>
<token t_id="782" sentence="27" number="27">wrongly</token>
<token t_id="783" sentence="27" number="28">allowed</token>
<token t_id="784" sentence="27" number="29">to</token>
<token t_id="785" sentence="27" number="30">bring</token>
<token t_id="786" sentence="27" number="31">in</token>
<token t_id="787" sentence="27" number="32">overwhelmingly</token>
<token t_id="788" sentence="27" number="33">prejudicial</token>
<token t_id="789" sentence="27" number="34">material</token>
<token t_id="790" sentence="27" number="35">about</token>
<token t_id="791" sentence="27" number="36">Orozco's</token>
<token t_id="792" sentence="27" number="37">gang</token>
<token t_id="793" sentence="27" number="38">ties</token>
<token t_id="794" sentence="27" number="39">.</token>
<token t_id="795" sentence="28" number="0">The</token>
<token t_id="796" sentence="28" number="1">attorneys</token>
<token t_id="797" sentence="28" number="2">also</token>
<token t_id="798" sentence="28" number="3">argued</token>
<token t_id="799" sentence="28" number="4">that</token>
<token t_id="800" sentence="28" number="5">the</token>
<token t_id="801" sentence="28" number="6">defense</token>
<token t_id="802" sentence="28" number="7">was</token>
<token t_id="803" sentence="28" number="8">hamstrung</token>
<token t_id="804" sentence="28" number="9">when</token>
<token t_id="805" sentence="28" number="10">the</token>
<token t_id="806" sentence="28" number="11">judge</token>
<token t_id="807" sentence="28" number="12">refused</token>
<token t_id="808" sentence="28" number="13">to</token>
<token t_id="809" sentence="28" number="14">let</token>
<token t_id="810" sentence="28" number="15">them</token>
<token t_id="811" sentence="28" number="16">bring</token>
<token t_id="812" sentence="28" number="17">in</token>
<token t_id="813" sentence="28" number="18">the</token>
<token t_id="814" sentence="28" number="19">Rev</token>
<token t_id="815" sentence="28" number="20">.</token>
<token t_id="816" sentence="28" number="21">Gregory</token>
<token t_id="817" sentence="28" number="22">Boyle</token>
<token t_id="818" sentence="28" number="23">to</token>
<token t_id="819" sentence="28" number="24">testify</token>
<token t_id="820" sentence="28" number="25">on</token>
<token t_id="821" sentence="28" number="26">his</token>
<token t_id="822" sentence="28" number="27">gang</token>
<token t_id="823" sentence="28" number="28">experience</token>
<token t_id="824" sentence="28" number="29">in</token>
<token t_id="825" sentence="28" number="30">the</token>
<token t_id="826" sentence="28" number="31">penalty</token>
<token t_id="827" sentence="28" number="32">phase</token>
<token t_id="828" sentence="28" number="33">of</token>
<token t_id="829" sentence="28" number="34">the</token>
<token t_id="830" sentence="28" number="35">trial</token>
<token t_id="831" sentence="28" number="36">.</token>
<token t_id="832" sentence="29" number="0">They</token>
<token t_id="833" sentence="29" number="1">said</token>
<token t_id="834" sentence="29" number="2">the</token>
<token t_id="835" sentence="29" number="3">judge</token>
<token t_id="836" sentence="29" number="4">also</token>
<token t_id="837" sentence="29" number="5">refused</token>
<token t_id="838" sentence="29" number="6">to</token>
<token t_id="839" sentence="29" number="7">let</token>
<token t_id="840" sentence="29" number="8">them</token>
<token t_id="841" sentence="29" number="9">add</token>
<token t_id="842" sentence="29" number="10">jury</token>
<token t_id="843" sentence="29" number="11">instructions</token>
<token t_id="844" sentence="29" number="12">about</token>
<token t_id="845" sentence="29" number="13">others</token>
<token t_id="846" sentence="29" number="14">who</token>
<token t_id="847" sentence="29" number="15">could</token>
<token t_id="848" sentence="29" number="16">be</token>
<token t_id="849" sentence="29" number="17">guilty</token>
<token t_id="850" sentence="29" number="18">of</token>
<token t_id="851" sentence="29" number="19">aiding</token>
<token t_id="852" sentence="29" number="20">and</token>
<token t_id="853" sentence="29" number="21">abetting</token>
<token t_id="854" sentence="29" number="22">Orozco</token>
<token t_id="855" sentence="29" number="23">.</token>
<token t_id="856" sentence="30" number="0">Prosecutors</token>
<token t_id="857" sentence="30" number="1">pointed</token>
<token t_id="858" sentence="30" number="2">out</token>
<token t_id="859" sentence="30" number="3">all</token>
<token t_id="860" sentence="30" number="4">those</token>
<token t_id="861" sentence="30" number="5">arguments</token>
<token t_id="862" sentence="30" number="6">had</token>
<token t_id="863" sentence="30" number="7">been</token>
<token t_id="864" sentence="30" number="8">made</token>
<token t_id="865" sentence="30" number="9">during</token>
<token t_id="866" sentence="30" number="10">the</token>
<token t_id="867" sentence="30" number="11">guilt</token>
<token t_id="868" sentence="30" number="12">or</token>
<token t_id="869" sentence="30" number="13">penalty</token>
<token t_id="870" sentence="30" number="14">phase</token>
<token t_id="871" sentence="30" number="15">of</token>
<token t_id="872" sentence="30" number="16">the</token>
<token t_id="873" sentence="30" number="17">trial</token>
<token t_id="874" sentence="30" number="18">,</token>
<token t_id="875" sentence="30" number="19">and</token>
<token t_id="876" sentence="30" number="20">the</token>
<token t_id="877" sentence="30" number="21">judge</token>
<token t_id="878" sentence="30" number="22">had</token>
<token t_id="879" sentence="30" number="23">already</token>
<token t_id="880" sentence="30" number="24">ruled</token>
<token t_id="881" sentence="30" number="25">in</token>
<token t_id="882" sentence="30" number="26">the</token>
<token t_id="883" sentence="30" number="27">matters</token>
<token t_id="884" sentence="30" number="28">.</token>
<token t_id="885" sentence="31" number="0">Hickok</token>
<token t_id="886" sentence="31" number="1">agreed</token>
<token t_id="887" sentence="31" number="2">and</token>
<token t_id="888" sentence="31" number="3">denied</token>
<token t_id="889" sentence="31" number="4">both</token>
<token t_id="890" sentence="31" number="5">motions</token>
<token t_id="891" sentence="31" number="6">.</token>
<token t_id="892" sentence="32" number="0">`Tragic</token>
<token t_id="893" sentence="32" number="1">situation'</token>
<token t_id="894" sentence="33" number="0">Outside</token>
<token t_id="895" sentence="33" number="1">court</token>
<token t_id="896" sentence="33" number="2">,</token>
<token t_id="897" sentence="33" number="3">Defense</token>
<token t_id="898" sentence="33" number="4">Attorney</token>
<token t_id="899" sentence="33" number="5">Stanley</token>
<token t_id="900" sentence="33" number="6">Perlo</token>
<token t_id="901" sentence="33" number="7">said</token>
<token t_id="902" sentence="33" number="8">his</token>
<token t_id="903" sentence="33" number="9">client</token>
<token t_id="904" sentence="33" number="10">stands</token>
<token t_id="905" sentence="33" number="11">little</token>
<token t_id="906" sentence="33" number="12">chance</token>
<token t_id="907" sentence="33" number="13">at</token>
<token t_id="908" sentence="33" number="14">winning</token>
<token t_id="909" sentence="33" number="15">an</token>
<token t_id="910" sentence="33" number="16">appeal</token>
<token t_id="911" sentence="33" number="17">in</token>
<token t_id="912" sentence="33" number="18">the</token>
<token t_id="913" sentence="33" number="19">state</token>
<token t_id="914" sentence="33" number="20">Supreme</token>
<token t_id="915" sentence="33" number="21">Court</token>
<token t_id="916" sentence="33" number="22">,</token>
<token t_id="917" sentence="33" number="23">which</token>
<token t_id="918" sentence="33" number="24">he</token>
<token t_id="919" sentence="33" number="25">described</token>
<token t_id="920" sentence="33" number="26">as</token>
<token t_id="921" sentence="33" number="27">"very</token>
<token t_id="922" sentence="33" number="28">pro</token>
<token t_id="923" sentence="33" number="29">death</token>
<token t_id="924" sentence="33" number="30">.</token>
<token t_id="925" sentence="33" number="31">"</token>
<token t_id="926" sentence="34" number="0">In</token>
<token t_id="927" sentence="34" number="1">the</token>
<token t_id="928" sentence="34" number="2">Ninth</token>
<token t_id="929" sentence="34" number="3">District</token>
<token t_id="930" sentence="34" number="4">Court</token>
<token t_id="931" sentence="34" number="5">of</token>
<token t_id="932" sentence="34" number="6">Appeals</token>
<token t_id="933" sentence="34" number="7">,</token>
<token t_id="934" sentence="34" number="8">there</token>
<token t_id="935" sentence="34" number="9">is</token>
<token t_id="936" sentence="34" number="10">a</token>
<token t_id="937" sentence="34" number="11">chance</token>
<token t_id="938" sentence="34" number="12">they</token>
<token t_id="939" sentence="34" number="13">will</token>
<token t_id="940" sentence="34" number="14">see</token>
<token t_id="941" sentence="34" number="15">that</token>
<token t_id="942" sentence="34" number="16">the</token>
<token t_id="943" sentence="34" number="17">defense</token>
<token t_id="944" sentence="34" number="18">was</token>
<token t_id="945" sentence="34" number="19">denied</token>
<token t_id="946" sentence="34" number="20">a</token>
<token t_id="947" sentence="34" number="21">key</token>
<token t_id="948" sentence="34" number="22">witness</token>
<token t_id="949" sentence="34" number="23">in</token>
<token t_id="950" sentence="34" number="24">the</token>
<token t_id="951" sentence="34" number="25">penalty</token>
<token t_id="952" sentence="34" number="26">phase</token>
<token t_id="953" sentence="34" number="27">of</token>
<token t_id="954" sentence="34" number="28">the</token>
<token t_id="955" sentence="34" number="29">trial</token>
<token t_id="956" sentence="34" number="30">,</token>
<token t_id="957" sentence="34" number="31">he</token>
<token t_id="958" sentence="34" number="32">said</token>
<token t_id="959" sentence="34" number="33">.</token>
<token t_id="960" sentence="35" number="0">Neither</token>
<token t_id="961" sentence="35" number="1">Perlo</token>
<token t_id="962" sentence="35" number="2">nor</token>
<token t_id="963" sentence="35" number="3">his</token>
<token t_id="964" sentence="35" number="4">co</token>
<token t_id="965" sentence="35" number="5">-</token>
<token t_id="966" sentence="35" number="6">counsel</token>
<token t_id="967" sentence="35" number="7">,</token>
<token t_id="968" sentence="35" number="8">Robin</token>
<token t_id="969" sentence="35" number="9">Yanes</token>
<token t_id="970" sentence="35" number="10">,</token>
<token t_id="971" sentence="35" number="11">ever</token>
<token t_id="972" sentence="35" number="12">claimed</token>
<token t_id="973" sentence="35" number="13">their</token>
<token t_id="974" sentence="35" number="14">client's</token>
<token t_id="975" sentence="35" number="15">innocence</token>
<token t_id="976" sentence="35" number="16">.</token>
<token t_id="977" sentence="36" number="0">Their</token>
<token t_id="978" sentence="36" number="1">client</token>
<token t_id="979" sentence="36" number="2">had</token>
<token t_id="980" sentence="36" number="3">committed</token>
<token t_id="981" sentence="36" number="4">the</token>
<token t_id="982" sentence="36" number="5">crimes</token>
<token t_id="983" sentence="36" number="6">,</token>
<token t_id="984" sentence="36" number="7">both</token>
<token t_id="985" sentence="36" number="8">attorneys</token>
<token t_id="986" sentence="36" number="9">said</token>
<token t_id="987" sentence="36" number="10">Thursday</token>
<token t_id="988" sentence="36" number="11">.</token>
<token t_id="989" sentence="37" number="0">Rather</token>
<token t_id="990" sentence="37" number="1">,</token>
<token t_id="991" sentence="37" number="2">they</token>
<token t_id="992" sentence="37" number="3">argued</token>
<token t_id="993" sentence="37" number="4">that</token>
<token t_id="994" sentence="37" number="5">the</token>
<token t_id="995" sentence="37" number="6">defendant's</token>
<token t_id="996" sentence="37" number="7">lifetime</token>
<token t_id="997" sentence="37" number="8">of</token>
<token t_id="998" sentence="37" number="9">gang</token>
<token t_id="999" sentence="37" number="10">membership</token>
<token t_id="1000" sentence="37" number="11">and</token>
<token t_id="1001" sentence="37" number="12">drug</token>
<token t_id="1002" sentence="37" number="13">abuse</token>
<token t_id="1003" sentence="37" number="14">were</token>
<token t_id="1004" sentence="37" number="15">mitigating</token>
<token t_id="1005" sentence="37" number="16">factors</token>
<token t_id="1006" sentence="37" number="17">that</token>
<token t_id="1007" sentence="37" number="18">could</token>
<token t_id="1008" sentence="37" number="19">not</token>
<token t_id="1009" sentence="37" number="20">be</token>
<token t_id="1010" sentence="37" number="21">ignored</token>
<token t_id="1011" sentence="37" number="22">and</token>
<token t_id="1012" sentence="37" number="23">that</token>
<token t_id="1013" sentence="37" number="24">should</token>
<token t_id="1014" sentence="37" number="25">have</token>
<token t_id="1015" sentence="37" number="26">spared</token>
<token t_id="1016" sentence="37" number="27">him</token>
<token t_id="1017" sentence="37" number="28">death</token>
<token t_id="1018" sentence="37" number="29">.</token>
<token t_id="1019" sentence="38" number="0">They</token>
<token t_id="1020" sentence="38" number="1">added</token>
<token t_id="1021" sentence="38" number="2">that</token>
<token t_id="1022" sentence="38" number="3">many</token>
<token t_id="1023" sentence="38" number="4">of</token>
<token t_id="1024" sentence="38" number="5">the</token>
<token t_id="1025" sentence="38" number="6">people</token>
<token t_id="1026" sentence="38" number="7">called</token>
<token t_id="1027" sentence="38" number="8">to</token>
<token t_id="1028" sentence="38" number="9">testify</token>
<token t_id="1029" sentence="38" number="10">against</token>
<token t_id="1030" sentence="38" number="11">their</token>
<token t_id="1031" sentence="38" number="12">client</token>
<token t_id="1032" sentence="38" number="13">were</token>
<token t_id="1033" sentence="38" number="14">equally</token>
<token t_id="1034" sentence="38" number="15">responsible</token>
<token t_id="1035" sentence="38" number="16">for</token>
<token t_id="1036" sentence="38" number="17">the</token>
<token t_id="1037" sentence="38" number="18">deputy's</token>
<token t_id="1038" sentence="38" number="19">slaying</token>
<token t_id="1039" sentence="38" number="20">and</token>
<token t_id="1040" sentence="38" number="21">yet</token>
<token t_id="1041" sentence="38" number="22">were</token>
<token t_id="1042" sentence="38" number="23">not</token>
<token t_id="1043" sentence="38" number="24">prosecuted</token>
<token t_id="1044" sentence="38" number="25">.</token>
<token t_id="1045" sentence="39" number="0">"It's</token>
<token t_id="1046" sentence="39" number="1">a</token>
<token t_id="1047" sentence="39" number="2">tragic</token>
<token t_id="1048" sentence="39" number="3">situation</token>
<token t_id="1049" sentence="39" number="4">with</token>
<token t_id="1050" sentence="39" number="5">nothing</token>
<token t_id="1051" sentence="39" number="6">but</token>
<token t_id="1052" sentence="39" number="7">a</token>
<token t_id="1053" sentence="39" number="8">sad</token>
<token t_id="1054" sentence="39" number="9">ending</token>
<token t_id="1055" sentence="39" number="10">.</token>
<token t_id="1056" sentence="40" number="0">What</token>
<token t_id="1057" sentence="40" number="1">else</token>
<token t_id="1058" sentence="40" number="2">could</token>
<token t_id="1059" sentence="40" number="3">it</token>
<token t_id="1060" sentence="40" number="4">be</token>
<token t_id="1061" sentence="40" number="5">?</token>
<token t_id="1062" sentence="40" number="6">"</token>
<token t_id="1063" sentence="40" number="7">Yanes</token>
<token t_id="1064" sentence="40" number="8">said</token>
<token t_id="1065" sentence="40" number="9">.</token>
<token t_id="1066" sentence="41" number="0">Asked</token>
<token t_id="1067" sentence="41" number="1">about</token>
<token t_id="1068" sentence="41" number="2">the</token>
<token t_id="1069" sentence="41" number="3">pending</token>
<token t_id="1070" sentence="41" number="4">appeal</token>
<token t_id="1071" sentence="41" number="5">,</token>
<token t_id="1072" sentence="41" number="6">Deputy</token>
<token t_id="1073" sentence="41" number="7">District</token>
<token t_id="1074" sentence="41" number="8">Attorney</token>
<token t_id="1075" sentence="41" number="9">Phil</token>
<token t_id="1076" sentence="41" number="10">Stirling</token>
<token t_id="1077" sentence="41" number="11">said</token>
<token t_id="1078" sentence="41" number="12">such</token>
<token t_id="1079" sentence="41" number="13">cases</token>
<token t_id="1080" sentence="41" number="14">can</token>
<token t_id="1081" sentence="41" number="15">never</token>
<token t_id="1082" sentence="41" number="16">be</token>
<token t_id="1083" sentence="41" number="17">predicted</token>
<token t_id="1084" sentence="41" number="18">,</token>
<token t_id="1085" sentence="41" number="19">but</token>
<token t_id="1086" sentence="41" number="20">added</token>
<token t_id="1087" sentence="41" number="21">that</token>
<token t_id="1088" sentence="41" number="22">he</token>
<token t_id="1089" sentence="41" number="23">and</token>
<token t_id="1090" sentence="41" number="24">Lowell</token>
<token t_id="1091" sentence="41" number="25">Anger</token>
<token t_id="1092" sentence="41" number="26">-</token>
<token t_id="1093" sentence="41" number="27">the</token>
<token t_id="1094" sentence="41" number="28">lead</token>
<token t_id="1095" sentence="41" number="29">DA</token>
<token t_id="1096" sentence="41" number="30">on</token>
<token t_id="1097" sentence="41" number="31">the</token>
<token t_id="1098" sentence="41" number="32">case</token>
<token t_id="1099" sentence="41" number="33">-</token>
<token t_id="1100" sentence="41" number="34">were</token>
<token t_id="1101" sentence="41" number="35">confident</token>
<token t_id="1102" sentence="41" number="36">the</token>
<token t_id="1103" sentence="41" number="37">conviction</token>
<token t_id="1104" sentence="41" number="38">and</token>
<token t_id="1105" sentence="41" number="39">sentence</token>
<token t_id="1106" sentence="41" number="40">would</token>
<token t_id="1107" sentence="41" number="41">stand</token>
<token t_id="1108" sentence="41" number="42">.</token>
<token t_id="1109" sentence="42" number="0">After</token>
<token t_id="1110" sentence="42" number="1">the</token>
<token t_id="1111" sentence="42" number="2">sentencing</token>
<token t_id="1112" sentence="42" number="3">,</token>
<token t_id="1113" sentence="42" number="4">Stirling</token>
<token t_id="1114" sentence="42" number="5">called</token>
<token t_id="1115" sentence="42" number="6">Orozco</token>
<token t_id="1116" sentence="42" number="7">a</token>
<token t_id="1117" sentence="42" number="8">"predator</token>
<token t_id="1118" sentence="42" number="9">.</token>
<token t_id="1119" sentence="42" number="10">"</token>
<token t_id="1120" sentence="43" number="0">"He</token>
<token t_id="1121" sentence="43" number="1">is</token>
<token t_id="1122" sentence="43" number="2">a</token>
<token t_id="1123" sentence="43" number="3">killer</token>
<token t_id="1124" sentence="43" number="4">.</token>
<token t_id="1125" sentence="44" number="0">He</token>
<token t_id="1126" sentence="44" number="1">murdered</token>
<token t_id="1127" sentence="44" number="2">Deputy</token>
<token t_id="1128" sentence="44" number="3">Sheriff</token>
<token t_id="1129" sentence="44" number="4">Jerry</token>
<token t_id="1130" sentence="44" number="5">Ortiz</token>
<token t_id="1131" sentence="44" number="6">,</token>
<token t_id="1132" sentence="44" number="7">in</token>
<token t_id="1133" sentence="44" number="8">addition</token>
<token t_id="1134" sentence="44" number="9">to</token>
<token t_id="1135" sentence="44" number="10">attempting</token>
<token t_id="1136" sentence="44" number="11">to</token>
<token t_id="1137" sentence="44" number="12">murder</token>
<token t_id="1138" sentence="44" number="13">at</token>
<token t_id="1139" sentence="44" number="14">least</token>
<token t_id="1140" sentence="44" number="15">three</token>
<token t_id="1141" sentence="44" number="16">other</token>
<token t_id="1142" sentence="44" number="17">people</token>
<token t_id="1143" sentence="44" number="18">that</token>
<token t_id="1144" sentence="44" number="19">we</token>
<token t_id="1145" sentence="44" number="20">know</token>
<token t_id="1146" sentence="44" number="21">of</token>
<token t_id="1147" sentence="44" number="22">,</token>
<token t_id="1148" sentence="44" number="23">"</token>
<token t_id="1149" sentence="44" number="24">Stirling</token>
<token t_id="1150" sentence="44" number="25">said</token>
<token t_id="1151" sentence="44" number="26">.</token>
<token t_id="1152" sentence="45" number="0">Orozco's</token>
<token t_id="1153" sentence="45" number="1">death</token>
<token t_id="1154" sentence="45" number="2">sentence</token>
<token t_id="1155" sentence="45" number="3">will</token>
<token t_id="1156" sentence="45" number="4">be</token>
<token t_id="1157" sentence="45" number="5">automatically</token>
<token t_id="1158" sentence="45" number="6">appealed</token>
<token t_id="1159" sentence="45" number="7">to</token>
<token t_id="1160" sentence="45" number="8">the</token>
<token t_id="1161" sentence="45" number="9">California</token>
<token t_id="1162" sentence="45" number="10">Supreme</token>
<token t_id="1163" sentence="45" number="11">Court</token>
<token t_id="1164" sentence="45" number="12">and</token>
<token t_id="1165" sentence="45" number="13">he</token>
<token t_id="1166" sentence="45" number="14">was</token>
<token t_id="1167" sentence="45" number="15">ordered</token>
<token t_id="1168" sentence="45" number="16">to</token>
<token t_id="1169" sentence="45" number="17">be</token>
<token t_id="1170" sentence="45" number="18">transferred</token>
<token t_id="1171" sentence="45" number="19">within</token>
<token t_id="1172" sentence="45" number="20">10</token>
<token t_id="1173" sentence="45" number="21">days</token>
<token t_id="1174" sentence="45" number="22">from</token>
<token t_id="1175" sentence="45" number="23">county</token>
<token t_id="1176" sentence="45" number="24">jail</token>
<token t_id="1177" sentence="45" number="25">to</token>
<token t_id="1178" sentence="45" number="26">San</token>
<token t_id="1179" sentence="45" number="27">Quentin</token>
<token t_id="1180" sentence="45" number="28">State</token>
<token t_id="1181" sentence="45" number="29">Prison</token>
<token t_id="1182" sentence="45" number="30">,</token>
<token t_id="1183" sentence="45" number="31">where</token>
<token t_id="1184" sentence="45" number="32">he</token>
<token t_id="1185" sentence="45" number="33">will</token>
<token t_id="1186" sentence="45" number="34">await</token>
<token t_id="1187" sentence="45" number="35">his</token>
<token t_id="1188" sentence="45" number="36">appeal</token>
<token t_id="1189" sentence="45" number="37">on</token>
<token t_id="1190" sentence="45" number="38">death</token>
<token t_id="1191" sentence="45" number="39">row</token>
<token t_id="1192" sentence="45" number="40">.</token>
<token t_id="1193" sentence="46" number="0">"He'll</token>
<token t_id="1194" sentence="46" number="1">probably</token>
<token t_id="1195" sentence="46" number="2">live</token>
<token t_id="1196" sentence="46" number="3">a</token>
<token t_id="1197" sentence="46" number="4">much</token>
<token t_id="1198" sentence="46" number="5">longer</token>
<token t_id="1199" sentence="46" number="6">,</token>
<token t_id="1200" sentence="46" number="7">healthier</token>
<token t_id="1201" sentence="46" number="8">life</token>
<token t_id="1202" sentence="46" number="9">on</token>
<token t_id="1203" sentence="46" number="10">death</token>
<token t_id="1204" sentence="46" number="11">row</token>
<token t_id="1205" sentence="46" number="12">than</token>
<token t_id="1206" sentence="46" number="13">he</token>
<token t_id="1207" sentence="46" number="14">would</token>
<token t_id="1208" sentence="46" number="15">have</token>
<token t_id="1209" sentence="46" number="16">on</token>
<token t_id="1210" sentence="46" number="17">the</token>
<token t_id="1211" sentence="46" number="18">streets</token>
<token t_id="1212" sentence="46" number="19">,</token>
<token t_id="1213" sentence="46" number="20">"</token>
<token t_id="1214" sentence="46" number="21">Perlo</token>
<token t_id="1215" sentence="46" number="22">said</token>
<token t_id="1216" sentence="46" number="23">.</token>
<Markables>
<ACTION_OCCURRENCE m_id="41"  >
  <token_anchor t_id="1167"/>
</ACTION_OCCURRENCE>
<ACTION_OCCURRENCE m_id="42"  >
  <token_anchor t_id="1170"/>
</ACTION_OCCURRENCE>
<ACTION_OCCURRENCE m_id="11"  >
  <token_anchor t_id="50"/>
</ACTION_OCCURRENCE>
<ACTION_OCCURRENCE m_id="43"  >
  <token_anchor t_id="1186"/>
</ACTION_OCCURRENCE>
<ACTION_OCCURRENCE m_id="12"  >
  <token_anchor t_id="53"/>
</ACTION_OCCURRENCE>
<ACTION_OCCURRENCE m_id="44"  >
  <token_anchor t_id="1188"/>
</ACTION_OCCURRENCE>
<ACTION_OCCURRENCE m_id="13"  >
  <token_anchor t_id="61"/>
</ACTION_OCCURRENCE>
<ACTION_OCCURRENCE m_id="14"  >
  <token_anchor t_id="64"/>
</ACTION_OCCURRENCE>
<ACTION_OCCURRENCE m_id="22"  >
  <token_anchor t_id="75"/>
</ACTION_OCCURRENCE>
<ACTION_OCCURRENCE m_id="23"  >
  <token_anchor t_id="85"/>
</ACTION_OCCURRENCE>
<ACTION_OCCURRENCE m_id="24"  >
  <token_anchor t_id="86"/>
</ACTION_OCCURRENCE>
<ACTION_OCCURRENCE m_id="25"  >
  <token_anchor t_id="104"/>
</ACTION_OCCURRENCE>
<ACTION_OCCURRENCE m_id="26"  >
  <token_anchor t_id="106"/>
</ACTION_OCCURRENCE>
<ACTION_OCCURRENCE m_id="27"  >
  <token_anchor t_id="107"/>
</ACTION_OCCURRENCE>
<ACTION_OCCURRENCE m_id="28"  >
  <token_anchor t_id="110"/>
</ACTION_OCCURRENCE>
<ACTION_OCCURRENCE m_id="32"  >
  <token_anchor t_id="101"/>
</ACTION_OCCURRENCE>
<ACTION_OCCURRENCE m_id="33"  >
  <token_anchor t_id="1111"/>
</ACTION_OCCURRENCE>
<ACTION_OCCURRENCE m_id="3"  >
  <token_anchor t_id="25"/>
</ACTION_OCCURRENCE>
<ACTION_OCCURRENCE m_id="39"  >
  <token_anchor t_id="1154"/>
</ACTION_OCCURRENCE>
<ACTION_OCCURRENCE m_id="40"  >
  <token_anchor t_id="1158"/>
</ACTION_OCCURRENCE>
<ACTION_REPORTING m_id="19"  >
  <token_anchor t_id="69"/>
</ACTION_REPORTING>
<ACTION_REPORTING m_id="37"  >
  <token_anchor t_id="1114"/>
</ACTION_REPORTING>
<ACTION_STATE m_id="56"  >
  <token_anchor t_id="1153"/>
</ACTION_STATE>
<ACTION_STATE m_id="4"  >
  <token_anchor t_id="28"/>
</ACTION_STATE>
<HUMAN_PART_FAC m_id="20"  >
  <token_anchor t_id="72"/>
</HUMAN_PART_FAC>
<HUMAN_PART_ORG m_id="45"  >
  <token_anchor t_id="1161"/>
  <token_anchor t_id="1162"/>
  <token_anchor t_id="1163"/>
</HUMAN_PART_ORG>
<HUMAN_PART_ORG m_id="7"  >
  <token_anchor t_id="52"/>
</HUMAN_PART_ORG>
<HUMAN_PART_PER m_id="10"  >
  <token_anchor t_id="63"/>
</HUMAN_PART_PER>
<HUMAN_PART_PER m_id="46"  >
  <token_anchor t_id="1165"/>
</HUMAN_PART_PER>
<HUMAN_PART_PER m_id="15"  >
  <token_anchor t_id="67"/>
  <token_anchor t_id="68"/>
</HUMAN_PART_PER>
<HUMAN_PART_PER m_id="16"  >
  <token_anchor t_id="93"/>
  <token_anchor t_id="94"/>
</HUMAN_PART_PER>
<HUMAN_PART_PER m_id="17"  >
  <token_anchor t_id="100"/>
</HUMAN_PART_PER>
<HUMAN_PART_PER m_id="51"  >
  <token_anchor t_id="1184"/>
</HUMAN_PART_PER>
<HUMAN_PART_PER m_id="21"  >
  <token_anchor t_id="74"/>
</HUMAN_PART_PER>
<HUMAN_PART_PER m_id="1"  >
  <token_anchor t_id="24"/>
</HUMAN_PART_PER>
<HUMAN_PART_PER m_id="2"  >
  <token_anchor t_id="26"/>
</HUMAN_PART_PER>
<HUMAN_PART_PER m_id="34"  >
  <token_anchor t_id="1113"/>
</HUMAN_PART_PER>
<HUMAN_PART_PER m_id="35"  >
  <token_anchor t_id="1115"/>
</HUMAN_PART_PER>
<HUMAN_PART_PER m_id="36"  >
  <token_anchor t_id="1117"/>
</HUMAN_PART_PER>
<HUMAN_PART_PER m_id="6"  >
  <token_anchor t_id="47"/>
</HUMAN_PART_PER>
<HUMAN_PART_PER m_id="38"  >
  <token_anchor t_id="1152"/>
</HUMAN_PART_PER>
<HUMAN_PART_PER m_id="8"  >
  <token_anchor t_id="58"/>
  <token_anchor t_id="59"/>
  <token_anchor t_id="60"/>
</HUMAN_PART_PER>
<LOC_FAC m_id="48"  >
  <token_anchor t_id="1175"/>
  <token_anchor t_id="1176"/>
</LOC_FAC>
<LOC_FAC m_id="49"  >
  <token_anchor t_id="1178"/>
  <token_anchor t_id="1179"/>
  <token_anchor t_id="1180"/>
  <token_anchor t_id="1181"/>
</LOC_FAC>
<LOC_FAC m_id="50"  >
  <token_anchor t_id="1183"/>
</LOC_FAC>
<LOC_OTHER m_id="52"  >
  <token_anchor t_id="1190"/>
  <token_anchor t_id="1191"/>
</LOC_OTHER>
<NEG_ACTION_OCCURRENCE m_id="29"  >
  <token_anchor t_id="112"/>
</NEG_ACTION_OCCURRENCE>
<NON_HUMAN_PART m_id="30"  >
  <token_anchor t_id="79"/>
</NON_HUMAN_PART>
<NON_HUMAN_PART m_id="31"  >
  <token_anchor t_id="82"/>
</NON_HUMAN_PART>
<TIME_DATE m_id="9"  >
  <token_anchor t_id="48"/>
  <token_anchor t_id="49"/>
</TIME_DATE>
<TIME_DATE m_id="18"  >
  <token_anchor t_id="95"/>
  <token_anchor t_id="96"/>
  <token_anchor t_id="97"/>
</TIME_DATE>
<TIME_DURATION m_id="47"  >
  <token_anchor t_id="1172"/>
  <token_anchor t_id="1173"/>
</TIME_DURATION>
<TIME_OF_THE_DAY m_id="5"  >
  <token_anchor t_id="31"/>
  <token_anchor t_id="32"/>
  <token_anchor t_id="33"/>
  <token_anchor t_id="34"/>
  <token_anchor t_id="35"/>
  <token_anchor t_id="36"/>
  <token_anchor t_id="37"/>
  <token_anchor t_id="38"/>
  <token_anchor t_id="39"/>
  <token_anchor t_id="40"/>
  <token_anchor t_id="41"/>
  <token_anchor t_id="42"/>
</TIME_OF_THE_DAY>




<ACTION_OCCURRENCE m_id="62" RELATED_TO="" TAG_DESCRIPTOR="t15_murder" instance_id="ACT17479136632367144" />
<TIME_DATE m_id="59" RELATED_TO="" TAG_DESCRIPTOR="t15_june_24" instance_id="TIM17479270522604297" />
<HUMAN_PART_PER m_id="61" RELATED_TO="" TAG_DESCRIPTOR="t15_ortiz" instance_id="HUM17479043832472136" />
<HUMAN_PART_PER m_id="58" RELATED_TO="" TAG_DESCRIPTOR="t15_judge_hickok" instance_id="HUM28363977625123031" />
<HUMAN_PART_PER m_id="60" RELATED_TO="" TAG_DESCRIPTOR="t15_orozco" instance_id="HUM17479022102121768" />
<ACTION_OCCURRENCE m_id="57" RELATED_TO="" TAG_DESCRIPTOR="t15_convicted" instance_id="ACT17480211163273785" />
<ACTION_STATE m_id="55" RELATED_TO="" TAG_DESCRIPTOR="death" />
</Markables>

<Relations>
<INTRA_DOC_COREF r_id="25053" >
<source m_id="4" />
<source m_id="13" />
<source m_id="27" />
<source m_id="56" />
<target m_id="55" />
</INTRA_DOC_COREF>
<CROSS_DOC_COREF r_id="25054" note="ACT17480211163273785" >
  <source m_id="33" />
  <source m_id="3" />
  <source m_id="39" />
  <source m_id="32" />
  <source m_id="11" />
  <target m_id="57" />
</CROSS_DOC_COREF>
<CROSS_DOC_COREF r_id="25055" note="HUM28363977625123031" >
  <source m_id="15" />
  <source m_id="6" />
  <source m_id="1" />
  <source m_id="21" />
  <source m_id="17" />
  <target m_id="58" />
</CROSS_DOC_COREF>
<CROSS_DOC_COREF r_id="25056" note="TIM17479270522604297" >
  <source m_id="18" />
  <target m_id="59" />
</CROSS_DOC_COREF>
<CROSS_DOC_COREF r_id="25057" note="HUM17479022102121768" >
  <source m_id="51" />
  <source m_id="2" />
  <source m_id="35" />
  <source m_id="36" />
  <source m_id="8" />
  <source m_id="10" />
  <source m_id="38" />
  <source m_id="46" />
  <target m_id="60" />
</CROSS_DOC_COREF>
<CROSS_DOC_COREF r_id="25058" note="HUM17479043832472136" >
  <source m_id="16" />
  <target m_id="61" />
</CROSS_DOC_COREF>
<CROSS_DOC_COREF r_id="25059" note="ACT17479136632367144" >
  <source m_id="24" />
  <target m_id="62" />
</CROSS_DOC_COREF>

</Relations>
</Document>
