<Document doc_name="16_1ecb.xml" doc_id="DOC15654374048872361">
<token t_id="1" sentence="0" number="0">Two</token>
<token t_id="2" sentence="0" number="1">possible</token>
<token t_id="3" sentence="0" number="2">gang</token>
<token t_id="4" sentence="0" number="3">members</token>
<token t_id="5" sentence="0" number="4">are</token>
<token t_id="6" sentence="0" number="5">under</token>
<token t_id="7" sentence="0" number="6">arrest</token>
<token t_id="8" sentence="0" number="7">for</token>
<token t_id="9" sentence="0" number="8">the</token>
<token t_id="10" sentence="0" number="9">assassination-style</token>
<token t_id="11" sentence="0" number="10">murder</token>
<token t_id="12" sentence="0" number="11">of</token>
<token t_id="13" sentence="0" number="12">a</token>
<token t_id="14" sentence="0" number="13">Los</token>
<token t_id="15" sentence="0" number="14">Angeles</token>
<token t_id="16" sentence="0" number="15">County</token>
<token t_id="17" sentence="0" number="16">sheriff</token>
<token t_id="18" sentence="0" number="17">'s</token>
<token t_id="19" sentence="0" number="18">deputy</token>
<token t_id="20" sentence="0" number="19">outside</token>
<token t_id="21" sentence="0" number="20">his</token>
<token t_id="22" sentence="0" number="21">house</token>
<token t_id="23" sentence="0" number="22">in</token>
<token t_id="24" sentence="0" number="23">a</token>
<token t_id="25" sentence="0" number="24">gang-plagued</token>
<token t_id="26" sentence="0" number="25">section</token>
<token t_id="27" sentence="0" number="26">of</token>
<token t_id="28" sentence="0" number="27">the</token>
<token t_id="29" sentence="0" number="28">city</token>
<token t_id="30" sentence="0" number="29">last</token>
<token t_id="31" sentence="0" number="30">summer</token>
<token t_id="32" sentence="0" number="31">,</token>
<token t_id="33" sentence="0" number="32">police</token>
<token t_id="34" sentence="0" number="33">said</token>
<token t_id="35" sentence="0" number="34">Saturday</token>
<token t_id="36" sentence="0" number="35">.</token>
<token t_id="37" sentence="1" number="0">Guillermo</token>
<token t_id="38" sentence="1" number="1">Hernandez</token>
<token t_id="39" sentence="1" number="2">,</token>
<token t_id="40" sentence="1" number="3">20</token>
<token t_id="41" sentence="1" number="4">,</token>
<token t_id="42" sentence="1" number="5">and</token>
<token t_id="43" sentence="1" number="6">Carlos</token>
<token t_id="44" sentence="1" number="7">Velasquez</token>
<token t_id="45" sentence="1" number="8">,</token>
<token t_id="46" sentence="1" number="9">24</token>
<token t_id="47" sentence="1" number="10">,</token>
<token t_id="48" sentence="1" number="11">were</token>
<token t_id="49" sentence="1" number="12">arrested</token>
<token t_id="50" sentence="1" number="13">Friday</token>
<token t_id="51" sentence="1" number="14">and</token>
<token t_id="52" sentence="1" number="15">were</token>
<token t_id="53" sentence="1" number="16">being</token>
<token t_id="54" sentence="1" number="17">held</token>
<token t_id="55" sentence="1" number="18">without</token>
<token t_id="56" sentence="1" number="19">bail</token>
<token t_id="57" sentence="1" number="20">in</token>
<token t_id="58" sentence="1" number="21">a</token>
<token t_id="59" sentence="1" number="22">Los</token>
<token t_id="60" sentence="1" number="23">Angeles</token>
<token t_id="61" sentence="1" number="24">Police</token>
<token t_id="62" sentence="1" number="25">jail</token>
<token t_id="63" sentence="1" number="26">,</token>
<token t_id="64" sentence="1" number="27">charged</token>
<token t_id="65" sentence="1" number="28">with</token>
<token t_id="66" sentence="1" number="29">killing</token>
<token t_id="67" sentence="1" number="30">Juan</token>
<token t_id="68" sentence="1" number="31">Abel</token>
<token t_id="69" sentence="1" number="32">Escalante</token>
<token t_id="70" sentence="1" number="33">last</token>
<token t_id="71" sentence="1" number="34">summer</token>
<token t_id="72" sentence="1" number="35">,</token>
<token t_id="73" sentence="1" number="36">said</token>
<token t_id="74" sentence="1" number="37">Chief</token>
<token t_id="75" sentence="1" number="38">of</token>
<token t_id="76" sentence="1" number="39">Detectives</token>
<token t_id="77" sentence="1" number="40">Charlie</token>
<token t_id="78" sentence="1" number="41">Beck</token>
<token t_id="79" sentence="1" number="42">.</token>
<token t_id="80" sentence="2" number="0">The</token>
<token t_id="81" sentence="2" number="1">suspects</token>
<token t_id="82" sentence="2" number="2">are</token>
<token t_id="83" sentence="2" number="3">members</token>
<token t_id="84" sentence="2" number="4">of</token>
<token t_id="85" sentence="2" number="5">the</token>
<token t_id="86" sentence="2" number="6">Avenues</token>
<token t_id="87" sentence="2" number="7">Gang</token>
<token t_id="88" sentence="2" number="8">,</token>
<token t_id="89" sentence="2" number="9">a</token>
<token t_id="90" sentence="2" number="10">violent</token>
<token t_id="91" sentence="2" number="11">group</token>
<token t_id="92" sentence="2" number="12">that</token>
<token t_id="93" sentence="2" number="13">has</token>
<token t_id="94" sentence="2" number="14">long</token>
<token t_id="95" sentence="2" number="15">claimed</token>
<token t_id="96" sentence="2" number="16">as</token>
<token t_id="97" sentence="2" number="17">its</token>
<token t_id="98" sentence="2" number="18">turf</token>
<token t_id="99" sentence="2" number="19">the</token>
<token t_id="100" sentence="2" number="20">low-income</token>
<token t_id="101" sentence="2" number="21">Cypress</token>
<token t_id="102" sentence="2" number="22">Park</token>
<token t_id="103" sentence="2" number="23">area</token>
<token t_id="104" sentence="2" number="24">northeast</token>
<token t_id="105" sentence="2" number="25">of</token>
<token t_id="106" sentence="2" number="26">Dodger</token>
<token t_id="107" sentence="2" number="27">Stadium</token>
<token t_id="108" sentence="2" number="28">,</token>
<token t_id="109" sentence="2" number="29">according</token>
<token t_id="110" sentence="2" number="30">to</token>
<token t_id="111" sentence="2" number="31">the</token>
<token t_id="112" sentence="2" number="32">Los</token>
<token t_id="113" sentence="2" number="33">Angeles</token>
<token t_id="114" sentence="2" number="34">Times</token>
<token t_id="115" sentence="2" number="35">.</token>
<token t_id="116" sentence="3" number="0">But</token>
<token t_id="117" sentence="3" number="1">police</token>
<token t_id="118" sentence="3" number="2">chief</token>
<token t_id="119" sentence="3" number="3">William</token>
<token t_id="120" sentence="3" number="4">J.</token>
<token t_id="121" sentence="3" number="5">Bratton</token>
<token t_id="122" sentence="3" number="6">,</token>
<token t_id="123" sentence="3" number="7">eager</token>
<token t_id="124" sentence="3" number="8">to</token>
<token t_id="125" sentence="3" number="9">protect</token>
<token t_id="126" sentence="3" number="10">his</token>
<token t_id="127" sentence="3" number="11">case</token>
<token t_id="128" sentence="3" number="12">,</token>
<token t_id="129" sentence="3" number="13">would</token>
<token t_id="130" sentence="3" number="14">not</token>
<token t_id="131" sentence="3" number="15">confirm</token>
<token t_id="132" sentence="3" number="16">the</token>
<token t_id="133" sentence="3" number="17">reported</token>
<token t_id="134" sentence="3" number="18">gang</token>
<token t_id="135" sentence="3" number="19">links</token>
<token t_id="136" sentence="3" number="20">.</token>
<token t_id="137" sentence="4" number="0">Escalante</token>
<token t_id="138" sentence="4" number="1">was</token>
<token t_id="139" sentence="4" number="2">shot</token>
<token t_id="140" sentence="4" number="3">outside</token>
<token t_id="141" sentence="4" number="4">his</token>
<token t_id="142" sentence="4" number="5">boyhood</token>
<token t_id="143" sentence="4" number="6">home</token>
<token t_id="144" sentence="4" number="7">in</token>
<token t_id="145" sentence="4" number="8">the</token>
<token t_id="146" sentence="4" number="9">3400</token>
<token t_id="147" sentence="4" number="10">block</token>
<token t_id="148" sentence="4" number="11">of</token>
<token t_id="149" sentence="4" number="12">Thorpe</token>
<token t_id="150" sentence="4" number="13">Street</token>
<token t_id="151" sentence="4" number="14">in</token>
<token t_id="152" sentence="4" number="15">Cypress</token>
<token t_id="153" sentence="4" number="16">Park</token>
<token t_id="154" sentence="4" number="17">while</token>
<token t_id="155" sentence="4" number="18">on</token>
<token t_id="156" sentence="4" number="19">his</token>
<token t_id="157" sentence="4" number="20">way</token>
<token t_id="158" sentence="4" number="21">to</token>
<token t_id="159" sentence="4" number="22">work</token>
<token t_id="160" sentence="4" number="23">at</token>
<token t_id="161" sentence="4" number="24">the</token>
<token t_id="162" sentence="4" number="25">Men</token>
<token t_id="163" sentence="4" number="26">'s</token>
<token t_id="164" sentence="4" number="27">Central</token>
<token t_id="165" sentence="4" number="28">Jail</token>
<token t_id="166" sentence="4" number="29">early</token>
<token t_id="167" sentence="4" number="30">Aug.</token>
<token t_id="168" sentence="4" number="31">2</token>
<token t_id="169" sentence="4" number="32">.</token>
<token t_id="170" sentence="5" number="0">Bratton</token>
<token t_id="171" sentence="5" number="1">said</token>
<token t_id="172" sentence="5" number="2">Escalante</token>
<token t_id="173" sentence="5" number="3">was</token>
<token t_id="174" sentence="5" number="4">loading</token>
<token t_id="175" sentence="5" number="5">a</token>
<token t_id="176" sentence="5" number="6">car</token>
<token t_id="177" sentence="5" number="7">seat</token>
<token t_id="178" sentence="5" number="8">into</token>
<token t_id="179" sentence="5" number="9">the</token>
<token t_id="180" sentence="5" number="10">family</token>
<token t_id="181" sentence="5" number="11">'s</token>
<token t_id="182" sentence="5" number="12">car</token>
<token t_id="183" sentence="5" number="13">when</token>
<token t_id="184" sentence="5" number="14">his</token>
<token t_id="185" sentence="5" number="15">wife</token>
<token t_id="186" sentence="5" number="16">,</token>
<token t_id="187" sentence="5" number="17">Celeste</token>
<token t_id="188" sentence="5" number="18">,</token>
<token t_id="189" sentence="5" number="19">heard</token>
<token t_id="190" sentence="5" number="20">gun</token>
<token t_id="191" sentence="5" number="21">shots</token>
<token t_id="192" sentence="5" number="22">and</token>
<token t_id="193" sentence="5" number="23">saw</token>
<token t_id="194" sentence="5" number="24">her</token>
<token t_id="195" sentence="5" number="25">husband</token>
<token t_id="196" sentence="5" number="26">on</token>
<token t_id="197" sentence="5" number="27">the</token>
<token t_id="198" sentence="5" number="28">ground</token>
<token t_id="199" sentence="5" number="29">.</token>
<token t_id="200" sentence="6" number="0">Police</token>
<token t_id="201" sentence="6" number="1">earlier</token>
<token t_id="202" sentence="6" number="2">confirmed</token>
<token t_id="203" sentence="6" number="3">that</token>
<token t_id="204" sentence="6" number="4">Escalante</token>
<token t_id="205" sentence="6" number="5">was</token>
<token t_id="206" sentence="6" number="6">shot</token>
<token t_id="207" sentence="6" number="7">in</token>
<token t_id="208" sentence="6" number="8">his</token>
<token t_id="209" sentence="6" number="9">head</token>
<token t_id="210" sentence="6" number="10">from</token>
<token t_id="211" sentence="6" number="11">behind</token>
<token t_id="212" sentence="6" number="12">and</token>
<token t_id="213" sentence="6" number="13">may</token>
<token t_id="214" sentence="6" number="14">never</token>
<token t_id="215" sentence="6" number="15">have</token>
<token t_id="216" sentence="6" number="16">seen</token>
<token t_id="217" sentence="6" number="17">his</token>
<token t_id="218" sentence="6" number="18">murderer</token>
<token t_id="219" sentence="6" number="19">.</token>
<token t_id="220" sentence="7" number="0">Bratton</token>
<token t_id="221" sentence="7" number="1">asked</token>
<token t_id="222" sentence="7" number="2">for</token>
<token t_id="223" sentence="7" number="3">the</token>
<token t_id="224" sentence="7" number="4">public</token>
<token t_id="225" sentence="7" number="5">'s</token>
<token t_id="226" sentence="7" number="6">help</token>
<token t_id="227" sentence="7" number="7">in</token>
<token t_id="228" sentence="7" number="8">providing</token>
<token t_id="229" sentence="7" number="9">additional</token>
<token t_id="230" sentence="7" number="10">information</token>
<token t_id="231" sentence="7" number="11">now</token>
<token t_id="232" sentence="7" number="12">that</token>
<token t_id="233" sentence="7" number="13">the</token>
<token t_id="234" sentence="7" number="14">suspects</token>
<token t_id="235" sentence="7" number="15">'</token>
<token t_id="236" sentence="7" number="16">names</token>
<token t_id="237" sentence="7" number="17">were</token>
<token t_id="238" sentence="7" number="18">made</token>
<token t_id="239" sentence="7" number="19">public</token>
<token t_id="240" sentence="7" number="20">.</token>
<token t_id="241" sentence="8" number="0">The</token>
<token t_id="242" sentence="8" number="1">city</token>
<token t_id="243" sentence="8" number="2">had</token>
<token t_id="244" sentence="8" number="3">offered</token>
<token t_id="245" sentence="8" number="4">a</token>
<token t_id="246" sentence="8" number="5">$</token>
<token t_id="247" sentence="8" number="6">75,000</token>
<token t_id="248" sentence="8" number="7">in</token>
<token t_id="249" sentence="8" number="8">the</token>
<token t_id="250" sentence="8" number="9">case</token>
<token t_id="251" sentence="8" number="10">,</token>
<token t_id="252" sentence="8" number="11">and</token>
<token t_id="253" sentence="8" number="12">the</token>
<token t_id="254" sentence="8" number="13">county</token>
<token t_id="255" sentence="8" number="14">Board</token>
<token t_id="256" sentence="8" number="15">of</token>
<token t_id="257" sentence="8" number="16">Supervisors</token>
<token t_id="258" sentence="8" number="17">added</token>
<token t_id="259" sentence="8" number="18">another</token>
<token t_id="260" sentence="8" number="19">$</token>
<token t_id="261" sentence="8" number="20">20,000</token>
<token t_id="262" sentence="8" number="21">to</token>
<token t_id="263" sentence="8" number="22">that</token>
<token t_id="264" sentence="8" number="23">pot</token>
<token t_id="265" sentence="8" number="24">.</token>
<token t_id="266" sentence="9" number="0">At</token>
<token t_id="267" sentence="9" number="1">an</token>
<token t_id="268" sentence="9" number="2">afternoon</token>
<token t_id="269" sentence="9" number="3">news</token>
<token t_id="270" sentence="9" number="4">conference</token>
<token t_id="271" sentence="9" number="5">at</token>
<token t_id="272" sentence="9" number="6">Parker</token>
<token t_id="273" sentence="9" number="7">Center</token>
<token t_id="274" sentence="9" number="8">,</token>
<token t_id="275" sentence="9" number="9">police</token>
<token t_id="276" sentence="9" number="10">offered</token>
<token t_id="277" sentence="9" number="11">almost</token>
<token t_id="278" sentence="9" number="12">no</token>
<token t_id="279" sentence="9" number="13">details</token>
<token t_id="280" sentence="9" number="14">about</token>
<token t_id="281" sentence="9" number="15">the</token>
<token t_id="282" sentence="9" number="16">arrests</token>
<token t_id="283" sentence="9" number="17">and</token>
<token t_id="284" sentence="9" number="18">Bratton</token>
<token t_id="285" sentence="9" number="19">specifically</token>
<token t_id="286" sentence="9" number="20">declined</token>
<token t_id="287" sentence="9" number="21">to</token>
<token t_id="288" sentence="9" number="22">confirm</token>
<token t_id="289" sentence="9" number="23">reports</token>
<token t_id="290" sentence="9" number="24">of</token>
<token t_id="291" sentence="9" number="25">the</token>
<token t_id="292" sentence="9" number="26">suspects</token>
<token t_id="293" sentence="9" number="27">'</token>
<token t_id="294" sentence="9" number="28">gang</token>
<token t_id="295" sentence="9" number="29">affiliation</token>
<token t_id="296" sentence="9" number="30">.</token>
<token t_id="297" sentence="10" number="0">A</token>
<token t_id="298" sentence="10" number="1">filing</token>
<token t_id="299" sentence="10" number="2">with</token>
<token t_id="300" sentence="10" number="3">the</token>
<token t_id="301" sentence="10" number="4">district</token>
<token t_id="302" sentence="10" number="5">attorney</token>
<token t_id="303" sentence="10" number="6">'s</token>
<token t_id="304" sentence="10" number="7">office</token>
<token t_id="305" sentence="10" number="8">was</token>
<token t_id="306" sentence="10" number="9">expected</token>
<token t_id="307" sentence="10" number="10">on</token>
<token t_id="308" sentence="10" number="11">Monday</token>
<token t_id="309" sentence="10" number="12">,</token>
<token t_id="310" sentence="10" number="13">and</token>
<token t_id="311" sentence="10" number="14">officials</token>
<token t_id="312" sentence="10" number="15">said</token>
<token t_id="313" sentence="10" number="16">releasing</token>
<token t_id="314" sentence="10" number="17">details</token>
<token t_id="315" sentence="10" number="18">in</token>
<token t_id="316" sentence="10" number="19">advance</token>
<token t_id="317" sentence="10" number="20">of</token>
<token t_id="318" sentence="10" number="21">the</token>
<token t_id="319" sentence="10" number="22">filing</token>
<token t_id="320" sentence="10" number="23">could</token>
<token t_id="321" sentence="10" number="24">put</token>
<token t_id="322" sentence="10" number="25">the</token>
<token t_id="323" sentence="10" number="26">case</token>
<token t_id="324" sentence="10" number="27">at</token>
<token t_id="325" sentence="10" number="28">risk</token>
<token t_id="326" sentence="10" number="29">.</token>
<token t_id="327" sentence="11" number="0">Bratton</token>
<token t_id="328" sentence="11" number="1">asked</token>
<token t_id="329" sentence="11" number="2">anyone</token>
<token t_id="330" sentence="11" number="3">with</token>
<token t_id="331" sentence="11" number="4">information</token>
<token t_id="332" sentence="11" number="5">to</token>
<token t_id="333" sentence="11" number="6">call</token>
<token t_id="334" sentence="11" number="7">877-LAPD-24-7</token>
<token t_id="335" sentence="11" number="8">(</token>
<token t_id="336" sentence="11" number="9">527-3247</token>
<token t_id="337" sentence="11" number="10">)</token>
<token t_id="338" sentence="11" number="11">.</token>
<Markables>
<ACTION_OCCURRENCE m_id="16"  >
  <token_anchor t_id="7"/>
</ACTION_OCCURRENCE>
<ACTION_OCCURRENCE m_id="17"  >
  <token_anchor t_id="11"/>
</ACTION_OCCURRENCE>
<ACTION_REPORTING m_id="22"  >
  <token_anchor t_id="34"/>
</ACTION_REPORTING>
<HUMAN_PART_ORG m_id="21"  >
  <token_anchor t_id="33"/>
</HUMAN_PART_ORG>
<HUMAN_PART_PER m_id="15"  >
  <token_anchor t_id="3"/>
  <token_anchor t_id="4"/>
</HUMAN_PART_PER>
<HUMAN_PART_PER m_id="18"  >
  <token_anchor t_id="19"/>
</HUMAN_PART_PER>
<TIME_DATE m_id="23"  >
  <token_anchor t_id="35"/>
</TIME_DATE>
<TIME_DATE m_id="20"  >
  <token_anchor t_id="30"/>
  <token_anchor t_id="31"/>
</TIME_DATE>


<LOC_GEO m_id="24" note="byCROMER" >
  <token_anchor t_id="20"/>
  <token_anchor t_id="21"/>
  <token_anchor t_id="22"/>
  <token_anchor t_id="23"/>
  <token_anchor t_id="24"/>
  <token_anchor t_id="25"/>
  <token_anchor t_id="26"/>
  <token_anchor t_id="27"/>
  <token_anchor t_id="28"/>
  <token_anchor t_id="29"/>
</LOC_GEO>


<TIME_DATE m_id="31" RELATED_TO="" TAG_DESCRIPTOR="t15b_murder_day" instance_id="TIM27322550628147633" />
<TIME_DATE m_id="30" RELATED_TO="" TAG_DESCRIPTOR="t15b_saturday" instance_id="TIM17633663168631773" />
<HUMAN_PART_PER m_id="29" RELATED_TO="" TAG_DESCRIPTOR="t15b_deputy" instance_id="HUM17633644003453649" />
<ACTION_OCCURRENCE m_id="28" RELATED_TO="" TAG_DESCRIPTOR="t15b_murder" instance_id="ACT17633373969662937" />
<LOC_GEO m_id="27" RELATED_TO="" TAG_DESCRIPTOR="t15b_murder_place" instance_id="LOC27322694613812443" />
<HUMAN_PART_PER m_id="26" RELATED_TO="" TAG_DESCRIPTOR="t15b_gang_members" instance_id="HUM17633416173491475" />
<ACTION_OCCURRENCE m_id="25" RELATED_TO="" TAG_DESCRIPTOR="t15b_arrest" instance_id="ACT17633362089395558" />
</Markables>

<Relations>
<CROSS_DOC_COREF r_id="33727" note="ACT17633362089395558" >
  <source m_id="16" />
  <target m_id="25" />
</CROSS_DOC_COREF>
<CROSS_DOC_COREF r_id="33728" note="HUM17633416173491475" >
  <source m_id="15" />
  <target m_id="26" />
</CROSS_DOC_COREF>
<CROSS_DOC_COREF r_id="33729" note="LOC27322694613812443" >
  <source m_id="24" />
  <target m_id="27" />
</CROSS_DOC_COREF>
<CROSS_DOC_COREF r_id="33730" note="ACT17633373969662937" >
  <source m_id="17" />
  <target m_id="28" />
</CROSS_DOC_COREF>
<CROSS_DOC_COREF r_id="33731" note="HUM17633644003453649" >
  <source m_id="18" />
  <target m_id="29" />
</CROSS_DOC_COREF>
<CROSS_DOC_COREF r_id="33732" note="TIM17633663168631773" >
  <source m_id="23" />
  <target m_id="30" />
</CROSS_DOC_COREF>
<CROSS_DOC_COREF r_id="33733" note="TIM27322550628147633" >
  <source m_id="20" />
  <target m_id="31" />
</CROSS_DOC_COREF>

</Relations>
</Document>
