<Document doc_name="21_14ecbplus.xml" doc_id="DOC15646295038403124">
<token t_id="1" sentence="0" number="0">http</token>
<token t_id="2" sentence="0" number="1">:</token>
<token t_id="3" sentence="0" number="2">/</token>
<token t_id="4" sentence="0" number="3">/</token>
<token t_id="5" sentence="0" number="4">www</token>
<token t_id="6" sentence="0" number="5">.</token>
<token t_id="7" sentence="0" number="6">timesunion</token>
<token t_id="8" sentence="0" number="7">.</token>
<token t_id="9" sentence="0" number="8">com</token>
<token t_id="10" sentence="0" number="9">/</token>
<token t_id="11" sentence="0" number="10">local</token>
<token t_id="12" sentence="0" number="11">/</token>
<token t_id="13" sentence="0" number="12">article</token>
<token t_id="14" sentence="0" number="13">/</token>
<token t_id="15" sentence="0" number="14">Schenectady</token>
<token t_id="16" sentence="0" number="15">-</token>
<token t_id="17" sentence="0" number="16">man</token>
<token t_id="18" sentence="0" number="17">-</token>
<token t_id="19" sentence="0" number="18">charged</token>
<token t_id="20" sentence="0" number="19">-</token>
<token t_id="21" sentence="0" number="20">in</token>
<token t_id="22" sentence="0" number="21">-</token>
<token t_id="23" sentence="0" number="22">fatal</token>
<token t_id="24" sentence="0" number="23">-</token>
<token t_id="25" sentence="0" number="24">Queens</token>
<token t_id="26" sentence="0" number="25">-</token>
<token t_id="27" sentence="0" number="26">crash</token>
<token t_id="28" sentence="0" number="27">-</token>
<token t_id="29" sentence="0" number="28">4817202</token>
<token t_id="30" sentence="0" number="29">.</token>
<token t_id="31" sentence="0" number="30">php</token>
<token t_id="32" sentence="1" number="0">Schenectady</token>
<token t_id="33" sentence="1" number="1">man</token>
<token t_id="34" sentence="1" number="2">charged</token>
<token t_id="35" sentence="1" number="3">in</token>
<token t_id="36" sentence="1" number="4">fatal</token>
<token t_id="37" sentence="1" number="5">Queens</token>
<token t_id="38" sentence="1" number="6">crash</token>
<token t_id="39" sentence="2" number="0">Published</token>
<token t_id="40" sentence="2" number="1">12</token>
<token t_id="41" sentence="2" number="2">:</token>
<token t_id="42" sentence="2" number="3">17</token>
<token t_id="43" sentence="2" number="4">am</token>
<token t_id="44" sentence="2" number="5">,</token>
<token t_id="45" sentence="2" number="6">Monday</token>
<token t_id="46" sentence="2" number="7">,</token>
<token t_id="47" sentence="2" number="8">September</token>
<token t_id="48" sentence="2" number="9">16</token>
<token t_id="49" sentence="2" number="10">,</token>
<token t_id="50" sentence="2" number="11">2013</token>
<token t_id="51" sentence="3" number="0">A</token>
<token t_id="52" sentence="3" number="1">Schenectady</token>
<token t_id="53" sentence="3" number="2">man</token>
<token t_id="54" sentence="3" number="3">has</token>
<token t_id="55" sentence="3" number="4">been</token>
<token t_id="56" sentence="3" number="5">charged</token>
<token t_id="57" sentence="3" number="6">in</token>
<token t_id="58" sentence="3" number="7">a</token>
<token t_id="59" sentence="3" number="8">fatal</token>
<token t_id="60" sentence="3" number="9">hit</token>
<token t_id="61" sentence="3" number="10">-</token>
<token t_id="62" sentence="3" number="11">and</token>
<token t_id="63" sentence="3" number="12">-</token>
<token t_id="64" sentence="3" number="13">run</token>
<token t_id="65" sentence="3" number="14">crash</token>
<token t_id="66" sentence="3" number="15">that</token>
<token t_id="67" sentence="3" number="16">killed</token>
<token t_id="68" sentence="3" number="17">a</token>
<token t_id="69" sentence="3" number="18">woman</token>
<token t_id="70" sentence="3" number="19">in</token>
<token t_id="71" sentence="3" number="20">Queens</token>
<token t_id="72" sentence="3" number="21">Friday</token>
<token t_id="73" sentence="3" number="22">night</token>
<token t_id="74" sentence="3" number="23">,</token>
<token t_id="75" sentence="3" number="24">New</token>
<token t_id="76" sentence="3" number="25">York</token>
<token t_id="77" sentence="3" number="26">Police</token>
<token t_id="78" sentence="3" number="27">said</token>
<token t_id="79" sentence="3" number="28">.</token>
<token t_id="80" sentence="4" number="0">Vishwanand</token>
<token t_id="81" sentence="4" number="1">Subryan</token>
<token t_id="82" sentence="4" number="2">,</token>
<token t_id="83" sentence="4" number="3">23</token>
<token t_id="84" sentence="4" number="4">,</token>
<token t_id="85" sentence="4" number="5">was</token>
<token t_id="86" sentence="4" number="6">charged</token>
<token t_id="87" sentence="4" number="7">with</token>
<token t_id="88" sentence="4" number="8">vehicular</token>
<token t_id="89" sentence="4" number="9">manslaughter</token>
<token t_id="90" sentence="4" number="10">,</token>
<token t_id="91" sentence="4" number="11">criminally</token>
<token t_id="92" sentence="4" number="12">negligent</token>
<token t_id="93" sentence="4" number="13">homicide</token>
<token t_id="94" sentence="4" number="14">,</token>
<token t_id="95" sentence="4" number="15">leaving</token>
<token t_id="96" sentence="4" number="16">the</token>
<token t_id="97" sentence="4" number="17">scene</token>
<token t_id="98" sentence="4" number="18">of</token>
<token t_id="99" sentence="4" number="19">an</token>
<token t_id="100" sentence="4" number="20">accident</token>
<token t_id="101" sentence="4" number="21">and</token>
<token t_id="102" sentence="4" number="22">driving</token>
<token t_id="103" sentence="4" number="23">while</token>
<token t_id="104" sentence="4" number="24">intoxicated</token>
<token t_id="105" sentence="4" number="25">,</token>
<token t_id="106" sentence="4" number="26">police</token>
<token t_id="107" sentence="4" number="27">said</token>
<token t_id="108" sentence="4" number="28">.</token>
<token t_id="109" sentence="5" number="0">Subryan</token>
<token t_id="110" sentence="5" number="1">allegedly</token>
<token t_id="111" sentence="5" number="2">struck</token>
<token t_id="112" sentence="5" number="3">Raj</token>
<token t_id="113" sentence="5" number="4">Chohan</token>
<token t_id="114" sentence="5" number="5">,</token>
<token t_id="115" sentence="5" number="6">a</token>
<token t_id="116" sentence="5" number="7">59</token>
<token t_id="117" sentence="5" number="8">-</token>
<token t_id="118" sentence="5" number="9">year</token>
<token t_id="119" sentence="5" number="10">-</token>
<token t_id="120" sentence="5" number="11">old</token>
<token t_id="121" sentence="5" number="12">grandmother</token>
<token t_id="122" sentence="5" number="13">,</token>
<token t_id="123" sentence="5" number="14">as</token>
<token t_id="124" sentence="5" number="15">she</token>
<token t_id="125" sentence="5" number="16">walked</token>
<token t_id="126" sentence="5" number="17">along</token>
<token t_id="127" sentence="5" number="18">parked</token>
<token t_id="128" sentence="5" number="19">cars</token>
<token t_id="129" sentence="5" number="20">on</token>
<token t_id="130" sentence="5" number="21">117th</token>
<token t_id="131" sentence="5" number="22">Street</token>
<token t_id="132" sentence="5" number="23">in</token>
<token t_id="133" sentence="5" number="24">Queens</token>
<token t_id="134" sentence="5" number="25">when</token>
<token t_id="135" sentence="5" number="26">the</token>
<token t_id="136" sentence="5" number="27">car</token>
<token t_id="137" sentence="5" number="28">struck</token>
<token t_id="138" sentence="5" number="29">her</token>
<token t_id="139" sentence="5" number="30">and</token>
<token t_id="140" sentence="5" number="31">fled</token>
<token t_id="141" sentence="5" number="32">the</token>
<token t_id="142" sentence="5" number="33">scene</token>
<token t_id="143" sentence="5" number="34">.</token>
<token t_id="144" sentence="6" number="0">Chohan</token>
<token t_id="145" sentence="6" number="1">was</token>
<token t_id="146" sentence="6" number="2">unconscious</token>
<token t_id="147" sentence="6" number="3">and</token>
<token t_id="148" sentence="6" number="4">unresponsive</token>
<token t_id="149" sentence="6" number="5">when</token>
<token t_id="150" sentence="6" number="6">officers</token>
<token t_id="151" sentence="6" number="7">and</token>
<token t_id="152" sentence="6" number="8">EMS</token>
<token t_id="153" sentence="6" number="9">arrived</token>
<token t_id="154" sentence="6" number="10">,</token>
<token t_id="155" sentence="6" number="11">police</token>
<token t_id="156" sentence="6" number="12">said</token>
<token t_id="157" sentence="6" number="13">.</token>
<token t_id="158" sentence="7" number="0">She</token>
<token t_id="159" sentence="7" number="1">was</token>
<token t_id="160" sentence="7" number="2">taken</token>
<token t_id="161" sentence="7" number="3">to</token>
<token t_id="162" sentence="7" number="4">Jamaica</token>
<token t_id="163" sentence="7" number="5">Hospital</token>
<token t_id="164" sentence="7" number="6">,</token>
<token t_id="165" sentence="7" number="7">where</token>
<token t_id="166" sentence="7" number="8">she</token>
<token t_id="167" sentence="7" number="9">was</token>
<token t_id="168" sentence="7" number="10">pronounced</token>
<token t_id="169" sentence="7" number="11">dead</token>
<token t_id="170" sentence="7" number="12">,</token>
<token t_id="171" sentence="7" number="13">police</token>
<token t_id="172" sentence="7" number="14">said</token>
<token t_id="173" sentence="7" number="15">.</token>
<token t_id="174" sentence="8" number="0">Subryan</token>
<token t_id="175" sentence="8" number="1">was</token>
<token t_id="176" sentence="8" number="2">arrested</token>
<token t_id="177" sentence="8" number="3">without</token>
<token t_id="178" sentence="8" number="4">incident</token>
<token t_id="179" sentence="8" number="5">shortly</token>
<token t_id="180" sentence="8" number="6">after</token>
<token t_id="181" sentence="8" number="7">the</token>
<token t_id="182" sentence="8" number="8">crash</token>
<token t_id="183" sentence="8" number="9">,</token>
<token t_id="184" sentence="8" number="10">police</token>
<token t_id="185" sentence="8" number="11">said</token>
<token t_id="186" sentence="8" number="12">.</token>
<Markables>
<ACTION_GENERIC m_id="44"  >
  <token_anchor t_id="102"/>
</ACTION_GENERIC>
<ACTION_GENERIC m_id="45"  >
  <token_anchor t_id="104"/>
</ACTION_GENERIC>
<ACTION_GENERIC m_id="40"  >
  <token_anchor t_id="89"/>
</ACTION_GENERIC>
<ACTION_GENERIC m_id="41"  >
  <token_anchor t_id="93"/>
</ACTION_GENERIC>
<ACTION_GENERIC m_id="42"  >
  <token_anchor t_id="95"/>
</ACTION_GENERIC>
<ACTION_GENERIC m_id="43"  >
  <token_anchor t_id="100"/>
</ACTION_GENERIC>
<ACTION_OCCURRENCE m_id="9"  >
  <token_anchor t_id="56"/>
</ACTION_OCCURRENCE>
<ACTION_OCCURRENCE m_id="10"  >
  <token_anchor t_id="65"/>
</ACTION_OCCURRENCE>
<ACTION_OCCURRENCE m_id="11"  >
  <token_anchor t_id="67"/>
</ACTION_OCCURRENCE>
<ACTION_OCCURRENCE m_id="12"  >
  <token_anchor t_id="86"/>
</ACTION_OCCURRENCE>
<ACTION_OCCURRENCE m_id="13"  >
  <token_anchor t_id="111"/>
</ACTION_OCCURRENCE>
<ACTION_OCCURRENCE m_id="14"  >
  <token_anchor t_id="125"/>
</ACTION_OCCURRENCE>
<ACTION_OCCURRENCE m_id="15"  >
  <token_anchor t_id="137"/>
</ACTION_OCCURRENCE>
<ACTION_OCCURRENCE m_id="16"  >
  <token_anchor t_id="140"/>
</ACTION_OCCURRENCE>
<ACTION_OCCURRENCE m_id="17"  >
  <token_anchor t_id="176"/>
</ACTION_OCCURRENCE>
<ACTION_OCCURRENCE m_id="18"  >
  <token_anchor t_id="182"/>
</ACTION_OCCURRENCE>
<ACTION_OCCURRENCE m_id="7"  >
  <token_anchor t_id="34"/>
</ACTION_OCCURRENCE>
<ACTION_OCCURRENCE m_id="8"  >
  <token_anchor t_id="38"/>
</ACTION_OCCURRENCE>
<ACTION_REPORTING m_id="28"  >
  <token_anchor t_id="185"/>
</ACTION_REPORTING>
<ACTION_REPORTING m_id="29"  >
  <token_anchor t_id="78"/>
</ACTION_REPORTING>
<ACTION_REPORTING m_id="30"  >
  <token_anchor t_id="107"/>
</ACTION_REPORTING>
<HUMAN_PART_ORG m_id="24"  >
  <token_anchor t_id="75"/>
  <token_anchor t_id="76"/>
  <token_anchor t_id="77"/>
</HUMAN_PART_ORG>
<HUMAN_PART_ORG m_id="27"  >
  <token_anchor t_id="184"/>
</HUMAN_PART_ORG>
<HUMAN_PART_ORG m_id="31"  >
  <token_anchor t_id="106"/>
</HUMAN_PART_ORG>
<HUMAN_PART_PER m_id="19"  >
  <token_anchor t_id="69"/>
</HUMAN_PART_PER>
<HUMAN_PART_PER m_id="20"  >
  <token_anchor t_id="112"/>
  <token_anchor t_id="113"/>
</HUMAN_PART_PER>
<HUMAN_PART_PER m_id="21"  >
  <token_anchor t_id="121"/>
</HUMAN_PART_PER>
<HUMAN_PART_PER m_id="22"  >
  <token_anchor t_id="124"/>
</HUMAN_PART_PER>
<HUMAN_PART_PER m_id="23"  >
  <token_anchor t_id="138"/>
</HUMAN_PART_PER>
<HUMAN_PART_PER m_id="1"  >
  <token_anchor t_id="33"/>
</HUMAN_PART_PER>
<HUMAN_PART_PER m_id="2"  >
  <token_anchor t_id="53"/>
</HUMAN_PART_PER>
<HUMAN_PART_PER m_id="3"  >
  <token_anchor t_id="80"/>
  <token_anchor t_id="81"/>
</HUMAN_PART_PER>
<HUMAN_PART_PER m_id="4"  >
  <token_anchor t_id="109"/>
</HUMAN_PART_PER>
<HUMAN_PART_PER m_id="5"  >
  <token_anchor t_id="174"/>
</HUMAN_PART_PER>
<LOC_GEO m_id="25"  >
  <token_anchor t_id="70"/>
  <token_anchor t_id="71"/>
</LOC_GEO>
<LOC_GEO m_id="32"  >
  <token_anchor t_id="126"/>
  <token_anchor t_id="127"/>
  <token_anchor t_id="128"/>
  <token_anchor t_id="129"/>
  <token_anchor t_id="130"/>
  <token_anchor t_id="131"/>
  <token_anchor t_id="132"/>
  <token_anchor t_id="133"/>
</LOC_GEO>
<LOC_GEO m_id="33"  >
  <token_anchor t_id="141"/>
  <token_anchor t_id="142"/>
</LOC_GEO>
<NEG_ACTION_OCCURRENCE m_id="34"  >
  <token_anchor t_id="178"/>
</NEG_ACTION_OCCURRENCE>
<NON_HUMAN_PART m_id="36"  >
  <token_anchor t_id="136"/>
</NON_HUMAN_PART>
<TIME_OF_THE_DAY m_id="6"  >
  <token_anchor t_id="40"/>
  <token_anchor t_id="41"/>
  <token_anchor t_id="42"/>
  <token_anchor t_id="43"/>
  <token_anchor t_id="44"/>
  <token_anchor t_id="45"/>
  <token_anchor t_id="46"/>
  <token_anchor t_id="47"/>
  <token_anchor t_id="48"/>
  <token_anchor t_id="49"/>
  <token_anchor t_id="50"/>
</TIME_OF_THE_DAY>


<TIME_DATE m_id="48" note="byCROMER" >
  <token_anchor t_id="72"/>
  <token_anchor t_id="73"/>
</TIME_DATE>
<LOC_OTHER m_id="49" note="byCROMER" >
  <token_anchor t_id="96"/>
  <token_anchor t_id="97"/>
</LOC_OTHER>


<HUMAN_PART_PER m_id="50" RELATED_TO="" TAG_DESCRIPTOR="t21_subryan" instance_id="HUM18048451299991743" />
<HUMAN_PART_PER m_id="69" RELATED_TO="" TAG_DESCRIPTOR="t21_chohan" instance_id="HUM18048481960258753" />
<ACTION_OCCURRENCE m_id="68" RELATED_TO="" TAG_DESCRIPTOR="t21_walked" instance_id="ACT18006440933768460" />
<ACTION_GENERIC m_id="67" RELATED_TO="" TAG_DESCRIPTOR="t21_manslaughter" instance_id="ACT18007093335618632" />
<LOC_OTHER m_id="66" RELATED_TO="" TAG_DESCRIPTOR="t21_generic_scene" instance_id="LOC18616597438078112" />
<ACTION_OCCURRENCE m_id="65" RELATED_TO="" TAG_DESCRIPTOR="t21_crash" instance_id="ACT18006382662795369" />
<ACTION_REPORTING m_id="64" RELATED_TO="" TAG_DESCRIPTOR="t21_police_said" instance_id="ACT18006456740754703" />
<ACTION_OCCURRENCE m_id="63" RELATED_TO="" TAG_DESCRIPTOR="t21_charged" instance_id="ACT18006370986223288" />
<ACTION_GENERIC m_id="62" RELATED_TO="" TAG_DESCRIPTOR="t21_driving" instance_id="ACT18007060435769386" />
<ACTION_OCCURRENCE m_id="61" RELATED_TO="" TAG_DESCRIPTOR="t21_hit" instance_id="ACT18007234386480781" />
<ACTION_GENERIC m_id="60" RELATED_TO="" TAG_DESCRIPTOR="t21_leaving" instance_id="ACT18006833576304985" />
<LOC_GEO m_id="70" RELATED_TO="" TAG_DESCRIPTOR="t21_crash_scene" instance_id="LOC18048603777329683" />
<NON_HUMAN_PART m_id="59" RELATED_TO="" TAG_DESCRIPTOR="t21_car" instance_id="NON18048571524531961" />
<ACTION_OCCURRENCE m_id="58" RELATED_TO="" TAG_DESCRIPTOR="t21_fled" instance_id="ACT18006419091410479" />
<ACTION_GENERIC m_id="57" RELATED_TO="" TAG_DESCRIPTOR="t21_accident" instance_id="ACT18006496790984999" />
<HUMAN_PART_ORG m_id="56" RELATED_TO="" TAG_DESCRIPTOR="t21_police" instance_id="HUM18048433979655900" />
<TIME_DATE m_id="55" RELATED_TO="" TAG_DESCRIPTOR="t21_friday" instance_id="TIM18048634739556877" />
<ACTION_GENERIC m_id="54" RELATED_TO="" TAG_DESCRIPTOR="t21_homicide" instance_id="ACT18006519726581894" />
<ACTION_OCCURRENCE m_id="53" RELATED_TO="" TAG_DESCRIPTOR="t21_killed" instance_id="ACT18006431002286049" />
<LOC_GEO m_id="52" RELATED_TO="" TAG_DESCRIPTOR="t21_queens" instance_id="LOC18048554549072991" />
<ACTION_OCCURRENCE m_id="51" RELATED_TO="" TAG_DESCRIPTOR="t21_arrested" instance_id="ACT18006406730977660" />
</Markables>

<Relations>
<CROSS_DOC_COREF r_id="41287" note="HUM18048451299991743" >
  <source m_id="1" />
  <source m_id="3" />
  <source m_id="5" />
  <source m_id="4" />
  <source m_id="2" />
  <target m_id="50" />
</CROSS_DOC_COREF>
<CROSS_DOC_COREF r_id="41288" note="ACT18006406730977660" >
  <source m_id="17" />
  <target m_id="51" />
</CROSS_DOC_COREF>
<CROSS_DOC_COREF r_id="41289" note="LOC18048554549072991" >
  <source m_id="25" />
  <target m_id="52" />
</CROSS_DOC_COREF>
<CROSS_DOC_COREF r_id="41290" note="ACT18006431002286049" >
  <source m_id="11" />
  <target m_id="53" />
</CROSS_DOC_COREF>
<CROSS_DOC_COREF r_id="41291" note="ACT18006519726581894" >
  <source m_id="41" />
  <target m_id="54" />
</CROSS_DOC_COREF>
<CROSS_DOC_COREF r_id="41292" note="TIM18048634739556877" >
  <source m_id="48" />
  <target m_id="55" />
</CROSS_DOC_COREF>
<CROSS_DOC_COREF r_id="41293" note="HUM18048433979655900" >
  <source m_id="24" />
  <source m_id="31" />
  <source m_id="27" />
  <target m_id="56" />
</CROSS_DOC_COREF>
<CROSS_DOC_COREF r_id="41294" note="ACT18006496790984999" >
  <source m_id="43" />
  <target m_id="57" />
</CROSS_DOC_COREF>
<CROSS_DOC_COREF r_id="41295" note="ACT18006419091410479" >
  <source m_id="16" />
  <target m_id="58" />
</CROSS_DOC_COREF>
<CROSS_DOC_COREF r_id="41296" note="NON18048571524531961" >
  <source m_id="36" />
  <target m_id="59" />
</CROSS_DOC_COREF>
<CROSS_DOC_COREF r_id="41297" note="ACT18006833576304985" >
  <source m_id="42" />
  <target m_id="60" />
</CROSS_DOC_COREF>
<CROSS_DOC_COREF r_id="41298" note="ACT18007234386480781" >
  <source m_id="15" />
  <source m_id="13" />
  <target m_id="61" />
</CROSS_DOC_COREF>
<CROSS_DOC_COREF r_id="41299" note="ACT18007060435769386" >
  <source m_id="44" />
  <target m_id="62" />
</CROSS_DOC_COREF>
<CROSS_DOC_COREF r_id="41300" note="ACT18006370986223288" >
  <source m_id="9" />
  <source m_id="7" />
  <source m_id="12" />
  <target m_id="63" />
</CROSS_DOC_COREF>
<CROSS_DOC_COREF r_id="41301" note="ACT18006456740754703" >
  <source m_id="29" />
  <source m_id="30" />
  <source m_id="28" />
  <target m_id="64" />
</CROSS_DOC_COREF>
<CROSS_DOC_COREF r_id="41302" note="ACT18006382662795369" >
  <source m_id="8" />
  <source m_id="10" />
  <source m_id="18" />
  <target m_id="65" />
</CROSS_DOC_COREF>
<CROSS_DOC_COREF r_id="41303" note="LOC18616597438078112" >
  <source m_id="49" />
  <target m_id="66" />
</CROSS_DOC_COREF>
<CROSS_DOC_COREF r_id="41304" note="ACT18007093335618632" >
  <source m_id="40" />
  <target m_id="67" />
</CROSS_DOC_COREF>
<CROSS_DOC_COREF r_id="41305" note="ACT18006440933768460" >
  <source m_id="14" />
  <target m_id="68" />
</CROSS_DOC_COREF>
<CROSS_DOC_COREF r_id="41306" note="HUM18048481960258753" >
  <source m_id="23" />
  <source m_id="19" />
  <source m_id="21" />
  <source m_id="22" />
  <source m_id="20" />
  <target m_id="69" />
</CROSS_DOC_COREF>
<CROSS_DOC_COREF r_id="41307" note="LOC18048603777329683" >
  <source m_id="33" />
  <source m_id="32" />
  <target m_id="70" />
</CROSS_DOC_COREF>

</Relations>
</Document>
