<Document doc_name="21_13ecbplus.xml" doc_id="DOC15646296046801116">
<token t_id="1" sentence="0" number="0">http</token>
<token t_id="2" sentence="0" number="1">:</token>
<token t_id="3" sentence="0" number="2">/</token>
<token t_id="4" sentence="0" number="3">/</token>
<token t_id="5" sentence="0" number="4">www</token>
<token t_id="6" sentence="0" number="5">.</token>
<token t_id="7" sentence="0" number="6">timesledger</token>
<token t_id="8" sentence="0" number="7">.</token>
<token t_id="9" sentence="0" number="8">com</token>
<token t_id="10" sentence="0" number="9">/</token>
<token t_id="11" sentence="0" number="10">stories</token>
<token t_id="12" sentence="0" number="11">/</token>
<token t_id="13" sentence="0" number="12">2013</token>
<token t_id="14" sentence="0" number="13">/</token>
<token t_id="15" sentence="0" number="14">38</token>
<token t_id="16" sentence="0" number="15">/</token>
<token t_id="17" sentence="0" number="16">srichhillhitrun</token>
<token t_id="18" sentence="0" number="17">_</token>
<token t_id="19" sentence="0" number="18">web</token>
<token t_id="20" sentence="0" number="19">_</token>
<token t_id="21" sentence="0" number="20">2013</token>
<token t_id="22" sentence="0" number="21">_</token>
<token t_id="23" sentence="0" number="22">09</token>
<token t_id="24" sentence="0" number="23">_</token>
<token t_id="25" sentence="0" number="24">14</token>
<token t_id="26" sentence="0" number="25">_</token>
<token t_id="27" sentence="0" number="26">q</token>
<token t_id="28" sentence="0" number="27">.</token>
<token t_id="29" sentence="0" number="28">html</token>
<token t_id="30" sentence="1" number="0">Man</token>
<token t_id="31" sentence="1" number="1">charged</token>
<token t_id="32" sentence="1" number="2">with</token>
<token t_id="33" sentence="1" number="3">DWI</token>
<token t_id="34" sentence="1" number="4">,</token>
<token t_id="35" sentence="1" number="5">leaving</token>
<token t_id="36" sentence="1" number="6">scene</token>
<token t_id="37" sentence="1" number="7">after</token>
<token t_id="38" sentence="1" number="8">S</token>
<token t_id="39" sentence="1" number="9">.</token>
<token t_id="40" sentence="1" number="10">Rich</token>
<token t_id="41" sentence="1" number="11">Hill</token>
<token t_id="42" sentence="1" number="12">mother</token>
<token t_id="43" sentence="1" number="13">killed</token>
<token t_id="44" sentence="1" number="14">in</token>
<token t_id="45" sentence="1" number="15">crash</token>
<token t_id="46" sentence="1" number="16">:</token>
<token t_id="47" sentence="1" number="17">NYPD</token>
<token t_id="48" sentence="2" number="0">A</token>
<token t_id="49" sentence="2" number="1">59</token>
<token t_id="50" sentence="2" number="2">-</token>
<token t_id="51" sentence="2" number="3">year</token>
<token t_id="52" sentence="2" number="4">-</token>
<token t_id="53" sentence="2" number="5">old</token>
<token t_id="54" sentence="2" number="6">woman</token>
<token t_id="55" sentence="2" number="7">was</token>
<token t_id="56" sentence="2" number="8">killed</token>
<token t_id="57" sentence="2" number="9">in</token>
<token t_id="58" sentence="2" number="10">a</token>
<token t_id="59" sentence="2" number="11">hit</token>
<token t_id="60" sentence="2" number="12">-</token>
<token t_id="61" sentence="2" number="13">and</token>
<token t_id="62" sentence="2" number="14">-</token>
<token t_id="63" sentence="2" number="15">run</token>
<token t_id="64" sentence="2" number="16">crash</token>
<token t_id="65" sentence="2" number="17">while</token>
<token t_id="66" sentence="2" number="18">visiting</token>
<token t_id="67" sentence="2" number="19">a</token>
<token t_id="68" sentence="2" number="20">former</token>
<token t_id="69" sentence="2" number="21">neighbor</token>
<token t_id="70" sentence="2" number="22">to</token>
<token t_id="71" sentence="2" number="23">welcome</token>
<token t_id="72" sentence="2" number="24">his</token>
<token t_id="73" sentence="2" number="25">new</token>
<token t_id="74" sentence="2" number="26">daughter</token>
<token t_id="75" sentence="2" number="27">-</token>
<token t_id="76" sentence="2" number="28">in</token>
<token t_id="77" sentence="2" number="29">-</token>
<token t_id="78" sentence="2" number="30">law</token>
<token t_id="79" sentence="2" number="31">to</token>
<token t_id="80" sentence="2" number="32">the</token>
<token t_id="81" sentence="2" number="33">family</token>
<token t_id="82" sentence="2" number="34">Friday</token>
<token t_id="83" sentence="2" number="35">evening</token>
<token t_id="84" sentence="2" number="36">,</token>
<token t_id="85" sentence="2" number="37">and</token>
<token t_id="86" sentence="2" number="38">the</token>
<token t_id="87" sentence="2" number="39">man</token>
<token t_id="88" sentence="2" number="40">allegedly</token>
<token t_id="89" sentence="2" number="41">behind</token>
<token t_id="90" sentence="2" number="42">the</token>
<token t_id="91" sentence="2" number="43">wheel</token>
<token t_id="92" sentence="2" number="44">of</token>
<token t_id="93" sentence="2" number="45">the</token>
<token t_id="94" sentence="2" number="46">car</token>
<token t_id="95" sentence="2" number="47">that</token>
<token t_id="96" sentence="2" number="48">hit</token>
<token t_id="97" sentence="2" number="49">her</token>
<token t_id="98" sentence="2" number="50">was</token>
<token t_id="99" sentence="2" number="51">charged</token>
<token t_id="100" sentence="2" number="52">with</token>
<token t_id="101" sentence="2" number="53">driving</token>
<token t_id="102" sentence="2" number="54">drunk</token>
<token t_id="103" sentence="2" number="55">,</token>
<token t_id="104" sentence="2" number="56">police</token>
<token t_id="105" sentence="2" number="57">and</token>
<token t_id="106" sentence="2" number="58">the</token>
<token t_id="107" sentence="2" number="59">woman</token>
<token t_id="108" sentence="2" number="60">’</token>
<token t_id="109" sentence="2" number="61">s</token>
<token t_id="110" sentence="2" number="62">friend</token>
<token t_id="111" sentence="2" number="63">said</token>
<token t_id="112" sentence="2" number="64">.</token>
<token t_id="113" sentence="3" number="0">Raj</token>
<token t_id="114" sentence="3" number="1">K</token>
<token t_id="115" sentence="3" number="2">.</token>
<token t_id="116" sentence="3" number="3">Chohan</token>
<token t_id="117" sentence="3" number="4">was</token>
<token t_id="118" sentence="3" number="5">walking</token>
<token t_id="119" sentence="3" number="6">alongside</token>
<token t_id="120" sentence="3" number="7">parked</token>
<token t_id="121" sentence="3" number="8">cars</token>
<token t_id="122" sentence="3" number="9">on</token>
<token t_id="123" sentence="3" number="10">117th</token>
<token t_id="124" sentence="3" number="11">Street</token>
<token t_id="125" sentence="3" number="12">and</token>
<token t_id="126" sentence="3" number="13">97th</token>
<token t_id="127" sentence="3" number="14">Avenue</token>
<token t_id="128" sentence="3" number="15">at</token>
<token t_id="129" sentence="3" number="16">about</token>
<token t_id="130" sentence="3" number="17">7</token>
<token t_id="131" sentence="3" number="18">p</token>
<token t_id="132" sentence="3" number="19">.</token>
<token t_id="133" sentence="3" number="20">m</token>
<token t_id="134" sentence="3" number="21">.</token>
<token t_id="135" sentence="3" number="22">when</token>
<token t_id="136" sentence="3" number="23">she</token>
<token t_id="137" sentence="3" number="24">was</token>
<token t_id="138" sentence="3" number="25">struck</token>
<token t_id="139" sentence="3" number="26">by</token>
<token t_id="140" sentence="3" number="27">a</token>
<token t_id="141" sentence="3" number="28">gray</token>
<token t_id="142" sentence="3" number="29">2013</token>
<token t_id="143" sentence="3" number="30">Toyota</token>
<token t_id="144" sentence="3" number="31">Camry</token>
<token t_id="145" sentence="3" number="32">,</token>
<token t_id="146" sentence="3" number="33">which</token>
<token t_id="147" sentence="3" number="34">then</token>
<token t_id="148" sentence="3" number="35">sped</token>
<token t_id="149" sentence="3" number="36">off</token>
<token t_id="150" sentence="3" number="37">,</token>
<token t_id="151" sentence="3" number="38">according</token>
<token t_id="152" sentence="3" number="39">to</token>
<token t_id="153" sentence="3" number="40">cops</token>
<token t_id="154" sentence="3" number="41">.</token>
<token t_id="155" sentence="4" number="0">“</token>
<token t_id="156" sentence="4" number="1">The</token>
<token t_id="157" sentence="4" number="2">husband</token>
<token t_id="158" sentence="4" number="3">and</token>
<token t_id="159" sentence="4" number="4">wife</token>
<token t_id="160" sentence="4" number="5">came</token>
<token t_id="161" sentence="4" number="6">to</token>
<token t_id="162" sentence="4" number="7">visit</token>
<token t_id="163" sentence="4" number="8">,</token>
<token t_id="164" sentence="4" number="9">”</token>
<token t_id="165" sentence="4" number="10">said</token>
<token t_id="166" sentence="4" number="11">South</token>
<token t_id="167" sentence="4" number="12">Richmond</token>
<token t_id="168" sentence="4" number="13">Hill</token>
<token t_id="169" sentence="4" number="14">resident</token>
<token t_id="170" sentence="4" number="15">Suri</token>
<token t_id="171" sentence="4" number="16">Charanjit</token>
<token t_id="172" sentence="4" number="17">.</token>
<token t_id="173" sentence="5" number="0">“</token>
<token t_id="174" sentence="5" number="1">He</token>
<token t_id="175" sentence="5" number="2">was</token>
<token t_id="176" sentence="5" number="3">with</token>
<token t_id="177" sentence="5" number="4">her</token>
<token t_id="178" sentence="5" number="5">when</token>
<token t_id="179" sentence="5" number="6">it</token>
<token t_id="180" sentence="5" number="7">happened</token>
<token t_id="181" sentence="5" number="8">.</token>
<token t_id="182" sentence="5" number="9">”</token>
<token t_id="183" sentence="6" number="0">Charanjit</token>
<token t_id="184" sentence="6" number="1">said</token>
<token t_id="185" sentence="6" number="2">he</token>
<token t_id="186" sentence="6" number="3">and</token>
<token t_id="187" sentence="6" number="4">his</token>
<token t_id="188" sentence="6" number="5">family</token>
<token t_id="189" sentence="6" number="6">came</token>
<token t_id="190" sentence="6" number="7">out</token>
<token t_id="191" sentence="6" number="8">of</token>
<token t_id="192" sentence="6" number="9">their</token>
<token t_id="193" sentence="6" number="10">home</token>
<token t_id="194" sentence="6" number="11">on</token>
<token t_id="195" sentence="6" number="12">117th</token>
<token t_id="196" sentence="6" number="13">Street</token>
<token t_id="197" sentence="6" number="14">and</token>
<token t_id="198" sentence="6" number="15">saw</token>
<token t_id="199" sentence="6" number="16">a</token>
<token t_id="200" sentence="6" number="17">crowd</token>
<token t_id="201" sentence="6" number="18">of</token>
<token t_id="202" sentence="6" number="19">people</token>
<token t_id="203" sentence="6" number="20">gathered</token>
<token t_id="204" sentence="6" number="21">and</token>
<token t_id="205" sentence="6" number="22">EMS</token>
<token t_id="206" sentence="6" number="23">performing</token>
<token t_id="207" sentence="6" number="24">CPR</token>
<token t_id="208" sentence="6" number="25">on</token>
<token t_id="209" sentence="6" number="26">Chohan</token>
<token t_id="210" sentence="6" number="27">.</token>
<token t_id="211" sentence="7" number="0">Emergency</token>
<token t_id="212" sentence="7" number="1">responders</token>
<token t_id="213" sentence="7" number="2">were</token>
<token t_id="214" sentence="7" number="3">called</token>
<token t_id="215" sentence="7" number="4">in</token>
<token t_id="216" sentence="7" number="5">and</token>
<token t_id="217" sentence="7" number="6">took</token>
<token t_id="218" sentence="7" number="7">Chohan</token>
<token t_id="219" sentence="7" number="8">to</token>
<token t_id="220" sentence="7" number="9">Jamaica</token>
<token t_id="221" sentence="7" number="10">Hospital</token>
<token t_id="222" sentence="7" number="11">,</token>
<token t_id="223" sentence="7" number="12">where</token>
<token t_id="224" sentence="7" number="13">she</token>
<token t_id="225" sentence="7" number="14">was</token>
<token t_id="226" sentence="7" number="15">later</token>
<token t_id="227" sentence="7" number="16">pronounced</token>
<token t_id="228" sentence="7" number="17">dead</token>
<token t_id="229" sentence="7" number="18">,</token>
<token t_id="230" sentence="7" number="19">the</token>
<token t_id="231" sentence="7" number="20">NYPD</token>
<token t_id="232" sentence="7" number="21">said</token>
<token t_id="233" sentence="7" number="22">.</token>
<token t_id="234" sentence="8" number="0">Residents</token>
<token t_id="235" sentence="8" number="1">along</token>
<token t_id="236" sentence="8" number="2">117th</token>
<token t_id="237" sentence="8" number="3">Street</token>
<token t_id="238" sentence="8" number="4">said</token>
<token t_id="239" sentence="8" number="5">a</token>
<token t_id="240" sentence="8" number="6">police</token>
<token t_id="241" sentence="8" number="7">cruiser</token>
<token t_id="242" sentence="8" number="8">happened</token>
<token t_id="243" sentence="8" number="9">to</token>
<token t_id="244" sentence="8" number="10">be</token>
<token t_id="245" sentence="8" number="11">pulled</token>
<token t_id="246" sentence="8" number="12">over</token>
<token t_id="247" sentence="8" number="13">on</token>
<token t_id="248" sentence="8" number="14">the</token>
<token t_id="249" sentence="8" number="15">side</token>
<token t_id="250" sentence="8" number="16">of</token>
<token t_id="251" sentence="8" number="17">the</token>
<token t_id="252" sentence="8" number="18">road</token>
<token t_id="253" sentence="8" number="19">near</token>
<token t_id="254" sentence="8" number="20">where</token>
<token t_id="255" sentence="8" number="21">the</token>
<token t_id="256" sentence="8" number="22">crash</token>
<token t_id="257" sentence="8" number="23">occurred</token>
<token t_id="258" sentence="8" number="24">,</token>
<token t_id="259" sentence="8" number="25">and</token>
<token t_id="260" sentence="8" number="26">immediately</token>
<token t_id="261" sentence="8" number="27">chased</token>
<token t_id="262" sentence="8" number="28">the</token>
<token t_id="263" sentence="8" number="29">vehicle</token>
<token t_id="264" sentence="8" number="30">.</token>
<token t_id="265" sentence="9" number="0">Police</token>
<token t_id="266" sentence="9" number="1">said</token>
<token t_id="267" sentence="9" number="2">the</token>
<token t_id="268" sentence="9" number="3">officers</token>
<token t_id="269" sentence="9" number="4">caught</token>
<token t_id="270" sentence="9" number="5">up</token>
<token t_id="271" sentence="9" number="6">with</token>
<token t_id="272" sentence="9" number="7">23</token>
<token t_id="273" sentence="9" number="8">-</token>
<token t_id="274" sentence="9" number="9">year</token>
<token t_id="275" sentence="9" number="10">-</token>
<token t_id="276" sentence="9" number="11">old</token>
<token t_id="277" sentence="9" number="12">Vishwanand</token>
<token t_id="278" sentence="9" number="13">Subryan</token>
<token t_id="279" sentence="9" number="14">of</token>
<token t_id="280" sentence="9" number="15">Schenectady</token>
<token t_id="281" sentence="9" number="16">a</token>
<token t_id="282" sentence="9" number="17">few</token>
<token t_id="283" sentence="9" number="18">blocks</token>
<token t_id="284" sentence="9" number="19">away</token>
<token t_id="285" sentence="9" number="20">-</token>
<token t_id="286" sentence="9" number="21">at</token>
<token t_id="287" sentence="9" number="22">115th</token>
<token t_id="288" sentence="9" number="23">Street</token>
<token t_id="289" sentence="9" number="24">and</token>
<token t_id="290" sentence="9" number="25">101st</token>
<token t_id="291" sentence="9" number="26">Avenue</token>
<token t_id="292" sentence="9" number="27">-</token>
<token t_id="293" sentence="9" number="28">where</token>
<token t_id="294" sentence="9" number="29">he</token>
<token t_id="295" sentence="9" number="30">was</token>
<token t_id="296" sentence="9" number="31">taken</token>
<token t_id="297" sentence="9" number="32">into</token>
<token t_id="298" sentence="9" number="33">custody</token>
<token t_id="299" sentence="9" number="34">without</token>
<token t_id="300" sentence="9" number="35">incident</token>
<token t_id="301" sentence="9" number="36">.</token>
<token t_id="302" sentence="10" number="0">Subryan</token>
<token t_id="303" sentence="10" number="1">was</token>
<token t_id="304" sentence="10" number="2">charged</token>
<token t_id="305" sentence="10" number="3">with</token>
<token t_id="306" sentence="10" number="4">vehicular</token>
<token t_id="307" sentence="10" number="5">manslaughter</token>
<token t_id="308" sentence="10" number="6">,</token>
<token t_id="309" sentence="10" number="7">criminally</token>
<token t_id="310" sentence="10" number="8">negligent</token>
<token t_id="311" sentence="10" number="9">homicide</token>
<token t_id="312" sentence="10" number="10">,</token>
<token t_id="313" sentence="10" number="11">leaving</token>
<token t_id="314" sentence="10" number="12">the</token>
<token t_id="315" sentence="10" number="13">scene</token>
<token t_id="316" sentence="10" number="14">of</token>
<token t_id="317" sentence="10" number="15">an</token>
<token t_id="318" sentence="10" number="16">accident</token>
<token t_id="319" sentence="10" number="17">resulting</token>
<token t_id="320" sentence="10" number="18">in</token>
<token t_id="321" sentence="10" number="19">death</token>
<token t_id="322" sentence="10" number="20">and</token>
<token t_id="323" sentence="10" number="21">DWI</token>
<token t_id="324" sentence="10" number="22">,</token>
<token t_id="325" sentence="10" number="23">the</token>
<token t_id="326" sentence="10" number="24">NYPD</token>
<token t_id="327" sentence="10" number="25">said</token>
<token t_id="328" sentence="10" number="26">.</token>
<token t_id="329" sentence="11" number="0">Chohan</token>
<token t_id="330" sentence="11" number="1">,</token>
<token t_id="331" sentence="11" number="2">who</token>
<token t_id="332" sentence="11" number="3">is</token>
<token t_id="333" sentence="11" number="4">a</token>
<token t_id="334" sentence="11" number="5">mother</token>
<token t_id="335" sentence="11" number="6">to</token>
<token t_id="336" sentence="11" number="7">a</token>
<token t_id="337" sentence="11" number="8">married</token>
<token t_id="338" sentence="11" number="9">son</token>
<token t_id="339" sentence="11" number="10">and</token>
<token t_id="340" sentence="11" number="11">daughter</token>
<token t_id="341" sentence="11" number="12">,</token>
<token t_id="342" sentence="11" number="13">had</token>
<token t_id="343" sentence="11" number="14">been</token>
<token t_id="344" sentence="11" number="15">in</token>
<token t_id="345" sentence="11" number="16">her</token>
<token t_id="346" sentence="11" number="17">former</token>
<token t_id="347" sentence="11" number="18">neighborhood</token>
<token t_id="348" sentence="11" number="19">to</token>
<token t_id="349" sentence="11" number="20">visit</token>
<token t_id="350" sentence="11" number="21">Piara</token>
<token t_id="351" sentence="11" number="22">Singh</token>
<token t_id="352" sentence="11" number="23">,</token>
<token t_id="353" sentence="11" number="24">according</token>
<token t_id="354" sentence="11" number="25">to</token>
<token t_id="355" sentence="11" number="26">Charanjit</token>
<token t_id="356" sentence="11" number="27">who</token>
<token t_id="357" sentence="11" number="28">translated</token>
<token t_id="358" sentence="11" number="29">for</token>
<token t_id="359" sentence="11" number="30">Singh</token>
<token t_id="360" sentence="11" number="31">.</token>
<token t_id="361" sentence="12" number="0">She</token>
<token t_id="362" sentence="12" number="1">had</token>
<token t_id="363" sentence="12" number="2">moved</token>
<token t_id="364" sentence="12" number="3">about</token>
<token t_id="365" sentence="12" number="4">a</token>
<token t_id="366" sentence="12" number="5">mile</token>
<token t_id="367" sentence="12" number="6">and</token>
<token t_id="368" sentence="12" number="7">a</token>
<token t_id="369" sentence="12" number="8">half</token>
<token t_id="370" sentence="12" number="9">away</token>
<token t_id="371" sentence="12" number="10">five</token>
<token t_id="372" sentence="12" number="11">or</token>
<token t_id="373" sentence="12" number="12">six</token>
<token t_id="374" sentence="12" number="13">years</token>
<token t_id="375" sentence="12" number="14">ago</token>
<token t_id="376" sentence="12" number="15">,</token>
<token t_id="377" sentence="12" number="16">her</token>
<token t_id="378" sentence="12" number="17">friend</token>
<token t_id="379" sentence="12" number="18">said</token>
<token t_id="380" sentence="12" number="19">.</token>
<token t_id="381" sentence="13" number="0">As</token>
<token t_id="382" sentence="13" number="1">part</token>
<token t_id="383" sentence="13" number="2">of</token>
<token t_id="384" sentence="13" number="3">a</token>
<token t_id="385" sentence="13" number="4">Sikh</token>
<token t_id="386" sentence="13" number="5">tradition</token>
<token t_id="387" sentence="13" number="6">,</token>
<token t_id="388" sentence="13" number="7">she</token>
<token t_id="389" sentence="13" number="8">had</token>
<token t_id="390" sentence="13" number="9">been</token>
<token t_id="391" sentence="13" number="10">visiting</token>
<token t_id="392" sentence="13" number="11">to</token>
<token t_id="393" sentence="13" number="12">greet</token>
<token t_id="394" sentence="13" number="13">Singh</token>
<token t_id="395" sentence="13" number="14">’</token>
<token t_id="396" sentence="13" number="15">s</token>
<token t_id="397" sentence="13" number="16">daughter</token>
<token t_id="398" sentence="13" number="17">-</token>
<token t_id="399" sentence="13" number="18">in</token>
<token t_id="400" sentence="13" number="19">-</token>
<token t_id="401" sentence="13" number="20">law</token>
<token t_id="402" sentence="13" number="21">,</token>
<token t_id="403" sentence="13" number="22">who</token>
<token t_id="404" sentence="13" number="23">recently</token>
<token t_id="405" sentence="13" number="24">arrived</token>
<token t_id="406" sentence="13" number="25">from</token>
<token t_id="407" sentence="13" number="26">India</token>
<token t_id="408" sentence="13" number="27">,</token>
<token t_id="409" sentence="13" number="28">and</token>
<token t_id="410" sentence="13" number="29">present</token>
<token t_id="411" sentence="13" number="30">her</token>
<token t_id="412" sentence="13" number="31">with</token>
<token t_id="413" sentence="13" number="32">gifts</token>
<token t_id="414" sentence="13" number="33">,</token>
<token t_id="415" sentence="13" number="34">he</token>
<token t_id="416" sentence="13" number="35">explained</token>
<token t_id="417" sentence="13" number="36">.</token>
<token t_id="418" sentence="14" number="0">Chohan</token>
<token t_id="419" sentence="14" number="1">had</token>
<token t_id="420" sentence="14" number="2">called</token>
<token t_id="421" sentence="14" number="3">Singh</token>
<token t_id="422" sentence="14" number="4">’</token>
<token t_id="423" sentence="14" number="5">s</token>
<token t_id="424" sentence="14" number="6">house</token>
<token t_id="425" sentence="14" number="7">to</token>
<token t_id="426" sentence="14" number="8">let</token>
<token t_id="427" sentence="14" number="9">the</token>
<token t_id="428" sentence="14" number="10">family</token>
<token t_id="429" sentence="14" number="11">know</token>
<token t_id="430" sentence="14" number="12">she</token>
<token t_id="431" sentence="14" number="13">was</token>
<token t_id="432" sentence="14" number="14">outside</token>
<token t_id="433" sentence="14" number="15">and</token>
<token t_id="434" sentence="14" number="16">asked</token>
<token t_id="435" sentence="14" number="17">that</token>
<token t_id="436" sentence="14" number="18">someone</token>
<token t_id="437" sentence="14" number="19">open</token>
<token t_id="438" sentence="14" number="20">the</token>
<token t_id="439" sentence="14" number="21">door</token>
<token t_id="440" sentence="14" number="22">.</token>
<token t_id="441" sentence="15" number="0">“</token>
<token t_id="442" sentence="15" number="1">When</token>
<token t_id="443" sentence="15" number="2">[</token>
<token t_id="444" sentence="15" number="3">Singh</token>
<token t_id="445" sentence="15" number="4">’</token>
<token t_id="446" sentence="15" number="5">s</token>
<token t_id="447" sentence="15" number="6">]</token>
<token t_id="448" sentence="15" number="7">son</token>
<token t_id="449" sentence="15" number="8">came</token>
<token t_id="450" sentence="15" number="9">out</token>
<token t_id="451" sentence="15" number="10">,</token>
<token t_id="452" sentence="15" number="11">he</token>
<token t_id="453" sentence="15" number="12">saw</token>
<token t_id="454" sentence="15" number="13">her</token>
<token t_id="455" sentence="15" number="14">on</token>
<token t_id="456" sentence="15" number="15">the</token>
<token t_id="457" sentence="15" number="16">floor</token>
<token t_id="458" sentence="15" number="17">,</token>
<token t_id="459" sentence="15" number="18">”</token>
<token t_id="460" sentence="15" number="19">Charanjit</token>
<token t_id="461" sentence="15" number="20">said</token>
<token t_id="462" sentence="15" number="21">.</token>
<token t_id="463" sentence="16" number="0">Both</token>
<token t_id="464" sentence="16" number="1">Charanjit</token>
<token t_id="465" sentence="16" number="2">and</token>
<token t_id="466" sentence="16" number="3">Singh</token>
<token t_id="467" sentence="16" number="4">complained</token>
<token t_id="468" sentence="16" number="5">cars</token>
<token t_id="469" sentence="16" number="6">speeding</token>
<token t_id="470" sentence="16" number="7">along</token>
<token t_id="471" sentence="16" number="8">117th</token>
<token t_id="472" sentence="16" number="9">Street</token>
<token t_id="473" sentence="16" number="10">.</token>
<token t_id="474" sentence="17" number="0">“</token>
<token t_id="475" sentence="17" number="1">The</token>
<token t_id="476" sentence="17" number="2">cars</token>
<token t_id="477" sentence="17" number="3">come</token>
<token t_id="478" sentence="17" number="4">straight</token>
<token t_id="479" sentence="17" number="5">from</token>
<token t_id="480" sentence="17" number="6">103rd</token>
<token t_id="481" sentence="17" number="7">Avenue</token>
<token t_id="482" sentence="17" number="8">.</token>
<token t_id="483" sentence="18" number="0">They</token>
<token t_id="484" sentence="18" number="1">have</token>
<token t_id="485" sentence="18" number="2">no</token>
<token t_id="486" sentence="18" number="3">stop</token>
<token t_id="487" sentence="18" number="4">sign</token>
<token t_id="488" sentence="18" number="5">,</token>
<token t_id="489" sentence="18" number="6">no</token>
<token t_id="490" sentence="18" number="7">bump</token>
<token t_id="491" sentence="18" number="8">,</token>
<token t_id="492" sentence="18" number="9">nothing</token>
<token t_id="493" sentence="18" number="10">but</token>
<token t_id="494" sentence="18" number="11">green</token>
<token t_id="495" sentence="18" number="12">until</token>
<token t_id="496" sentence="18" number="13">95th</token>
<token t_id="497" sentence="18" number="14">Avenue</token>
<token t_id="498" sentence="18" number="15">,</token>
<token t_id="499" sentence="18" number="16">”</token>
<token t_id="500" sentence="18" number="17">Charanjit</token>
<token t_id="501" sentence="18" number="18">said</token>
<token t_id="502" sentence="18" number="19">.</token>
<token t_id="503" sentence="19" number="0">“</token>
<token t_id="504" sentence="19" number="1">This</token>
<token t_id="505" sentence="19" number="2">is</token>
<token t_id="506" sentence="19" number="3">just</token>
<token t_id="507" sentence="19" number="4">a</token>
<token t_id="508" sentence="19" number="5">side</token>
<token t_id="509" sentence="19" number="6">street</token>
<token t_id="510" sentence="19" number="7">.</token>
<token t_id="511" sentence="20" number="0">We</token>
<token t_id="512" sentence="20" number="1">want</token>
<token t_id="513" sentence="20" number="2">to</token>
<token t_id="514" sentence="20" number="3">have</token>
<token t_id="515" sentence="20" number="4">a</token>
<token t_id="516" sentence="20" number="5">stop</token>
<token t_id="517" sentence="20" number="6">sign</token>
<token t_id="518" sentence="20" number="7">.</token>
<token t_id="519" sentence="20" number="8">”</token>
<Markables>
<ACTION_GENERIC m_id="63"  >
  <token_anchor t_id="33"/>
</ACTION_GENERIC>
<ACTION_GENERIC m_id="64"  >
  <token_anchor t_id="35"/>
</ACTION_GENERIC>
<ACTION_OCCURRENCE m_id="9"  >
  <token_anchor t_id="45"/>
</ACTION_OCCURRENCE>
<ACTION_OCCURRENCE m_id="10"  >
  <token_anchor t_id="56"/>
</ACTION_OCCURRENCE>
<ACTION_OCCURRENCE m_id="11"  >
  <token_anchor t_id="64"/>
</ACTION_OCCURRENCE>
<ACTION_OCCURRENCE m_id="12"  >
  <token_anchor t_id="66"/>
</ACTION_OCCURRENCE>
<ACTION_OCCURRENCE m_id="13"  >
  <token_anchor t_id="71"/>
</ACTION_OCCURRENCE>
<ACTION_OCCURRENCE m_id="14"  >
  <token_anchor t_id="96"/>
</ACTION_OCCURRENCE>
<ACTION_OCCURRENCE m_id="15"  >
  <token_anchor t_id="99"/>
</ACTION_OCCURRENCE>
<ACTION_OCCURRENCE m_id="48"  >
  <token_anchor t_id="89"/>
  <token_anchor t_id="90"/>
  <token_anchor t_id="91"/>
</ACTION_OCCURRENCE>
<ACTION_OCCURRENCE m_id="17"  >
  <token_anchor t_id="118"/>
</ACTION_OCCURRENCE>
<ACTION_OCCURRENCE m_id="18"  >
  <token_anchor t_id="138"/>
</ACTION_OCCURRENCE>
<ACTION_OCCURRENCE m_id="19"  >
  <token_anchor t_id="148"/>
  <token_anchor t_id="149"/>
</ACTION_OCCURRENCE>
<ACTION_OCCURRENCE m_id="20"  >
  <token_anchor t_id="269"/>
  <token_anchor t_id="270"/>
</ACTION_OCCURRENCE>
<ACTION_OCCURRENCE m_id="21"  >
  <token_anchor t_id="296"/>
</ACTION_OCCURRENCE>
<ACTION_OCCURRENCE m_id="22"  >
  <token_anchor t_id="298"/>
</ACTION_OCCURRENCE>
<ACTION_OCCURRENCE m_id="23"  >
  <token_anchor t_id="304"/>
</ACTION_OCCURRENCE>
<ACTION_OCCURRENCE m_id="26"  >
  <token_anchor t_id="318"/>
</ACTION_OCCURRENCE>
<ACTION_OCCURRENCE m_id="7"  >
  <token_anchor t_id="31"/>
</ACTION_OCCURRENCE>
<ACTION_OCCURRENCE m_id="8"  >
  <token_anchor t_id="43"/>
</ACTION_OCCURRENCE>
<ACTION_REPORTING m_id="51"  >
  <token_anchor t_id="327"/>
</ACTION_REPORTING>
<ACTION_REPORTING m_id="52"  >
  <token_anchor t_id="111"/>
</ACTION_REPORTING>
<ACTION_REPORTING m_id="57"  >
  <token_anchor t_id="266"/>
</ACTION_REPORTING>
<HUMAN_PART_ORG m_id="30"  >
  <token_anchor t_id="326"/>
</HUMAN_PART_ORG>
<HUMAN_PART_ORG m_id="31"  >
  <token_anchor t_id="47"/>
</HUMAN_PART_ORG>
<HUMAN_PART_ORG m_id="36"  >
  <token_anchor t_id="265"/>
</HUMAN_PART_ORG>
<HUMAN_PART_PER m_id="41"  >
  <token_anchor t_id="87"/>
</HUMAN_PART_PER>
<HUMAN_PART_PER m_id="42"  >
  <token_anchor t_id="97"/>
</HUMAN_PART_PER>
<HUMAN_PART_PER m_id="44"  >
  <token_anchor t_id="110"/>
</HUMAN_PART_PER>
<HUMAN_PART_PER m_id="46"  >
  <token_anchor t_id="81"/>
</HUMAN_PART_PER>
<HUMAN_PART_PER m_id="55"  >
  <token_anchor t_id="136"/>
</HUMAN_PART_PER>
<HUMAN_PART_PER m_id="1"  >
  <token_anchor t_id="30"/>
</HUMAN_PART_PER>
<HUMAN_PART_PER m_id="2"  >
  <token_anchor t_id="42"/>
</HUMAN_PART_PER>
<HUMAN_PART_PER m_id="3"  >
  <token_anchor t_id="54"/>
</HUMAN_PART_PER>
<HUMAN_PART_PER m_id="4"  >
  <token_anchor t_id="113"/>
  <token_anchor t_id="114"/>
  <token_anchor t_id="115"/>
  <token_anchor t_id="116"/>
</HUMAN_PART_PER>
<HUMAN_PART_PER m_id="5"  >
  <token_anchor t_id="302"/>
</HUMAN_PART_PER>
<HUMAN_PART_PER m_id="37"  >
  <token_anchor t_id="268"/>
</HUMAN_PART_PER>
<HUMAN_PART_PER m_id="6"  >
  <token_anchor t_id="277"/>
  <token_anchor t_id="278"/>
</HUMAN_PART_PER>
<HUMAN_PART_PER m_id="38"  >
  <token_anchor t_id="294"/>
</HUMAN_PART_PER>
<HUMAN_PART_PER m_id="39"  >
  <token_anchor t_id="69"/>
</HUMAN_PART_PER>
<HUMAN_PART_PER m_id="40"  >
  <token_anchor t_id="74"/>
  <token_anchor t_id="75"/>
  <token_anchor t_id="76"/>
  <token_anchor t_id="77"/>
  <token_anchor t_id="78"/>
</HUMAN_PART_PER>
<LOC_GEO m_id="53"  >
  <token_anchor t_id="119"/>
  <token_anchor t_id="120"/>
  <token_anchor t_id="121"/>
  <token_anchor t_id="122"/>
  <token_anchor t_id="123"/>
  <token_anchor t_id="124"/>
  <token_anchor t_id="125"/>
  <token_anchor t_id="126"/>
  <token_anchor t_id="127"/>
</LOC_GEO>
<LOC_GEO m_id="32"  >
  <token_anchor t_id="281"/>
  <token_anchor t_id="282"/>
  <token_anchor t_id="283"/>
  <token_anchor t_id="284"/>
  <token_anchor t_id="285"/>
  <token_anchor t_id="286"/>
  <token_anchor t_id="287"/>
  <token_anchor t_id="288"/>
  <token_anchor t_id="289"/>
  <token_anchor t_id="290"/>
  <token_anchor t_id="291"/>
</LOC_GEO>
<NEG_ACTION_OCCURRENCE m_id="33"  >
  <token_anchor t_id="300"/>
</NEG_ACTION_OCCURRENCE>
<NON_HUMAN_PART m_id="49"  >
  <token_anchor t_id="94"/>
</NON_HUMAN_PART>
<NON_HUMAN_PART m_id="50"  >
  <token_anchor t_id="143"/>
  <token_anchor t_id="144"/>
</NON_HUMAN_PART>
<ACTION_GENERIC m_id="67" note="byCROMER" >
  <token_anchor t_id="319"/>
</ACTION_GENERIC>
<LOC_OTHER m_id="68" note="byCROMER" >
  <token_anchor t_id="36"/>
</LOC_OTHER>
<ACTION_GENERIC m_id="69" note="byCROMER" >
  <token_anchor t_id="313"/>
</ACTION_GENERIC>
<ACTION_GENERIC m_id="70" note="byCROMER" >
  <token_anchor t_id="311"/>
</ACTION_GENERIC>
<LOC_OTHER m_id="71" note="byCROMER" >
  <token_anchor t_id="314"/>
  <token_anchor t_id="315"/>
</LOC_OTHER>
<HUMAN_PART_ORG m_id="72" note="byCROMER" >
  <token_anchor t_id="153"/>
</HUMAN_PART_ORG>
<TIME_DATE m_id="73" note="byCROMER" >
  <token_anchor t_id="128"/>
  <token_anchor t_id="129"/>
  <token_anchor t_id="130"/>
  <token_anchor t_id="131"/>
  <token_anchor t_id="132"/>
  <token_anchor t_id="133"/>
</TIME_DATE>
<ACTION_REPORTING m_id="74" note="byCROMER" >
  <token_anchor t_id="151"/>
  <token_anchor t_id="152"/>
</ACTION_REPORTING>
<HUMAN_PART_ORG m_id="75" note="byCROMER" >
  <token_anchor t_id="104"/>
</HUMAN_PART_ORG>
<ACTION_GENERIC m_id="76" note="byCROMER" >
  <token_anchor t_id="102"/>
</ACTION_GENERIC>
<ACTION_GENERIC m_id="77" note="byCROMER" >
  <token_anchor t_id="101"/>
</ACTION_GENERIC>
<NON_HUMAN_PART m_id="78" note="byCROMER" >
  <token_anchor t_id="146"/>
</NON_HUMAN_PART>
<ACTION_GENERIC m_id="79" note="byCROMER" >
  <token_anchor t_id="323"/>
</ACTION_GENERIC>
<ACTION_GENERIC m_id="80" note="byCROMER" >
  <token_anchor t_id="307"/>
</ACTION_GENERIC>
<ACTION_GENERIC m_id="81" note="byCROMER" >
  <token_anchor t_id="321"/>
</ACTION_GENERIC>
<TIME_DATE m_id="82" note="byCROMER" >
  <token_anchor t_id="82"/>
  <token_anchor t_id="83"/>
</TIME_DATE>


<LOC_OTHER m_id="99" RELATED_TO="" TAG_DESCRIPTOR="t21_generic_scene" instance_id="LOC18616597438078112" />
<ACTION_OCCURRENCE m_id="98" RELATED_TO="" TAG_DESCRIPTOR="t21_crash" instance_id="ACT18006382662795369" />
<ACTION_REPORTING m_id="97" RELATED_TO="" TAG_DESCRIPTOR="t21_police_said" instance_id="ACT18006456740754703" />
<ACTION_OCCURRENCE m_id="96" RELATED_TO="" TAG_DESCRIPTOR="t21_charged" instance_id="ACT18006370986223288" />
<ACTION_GENERIC m_id="95" RELATED_TO="" TAG_DESCRIPTOR="t21_driving" instance_id="ACT18007060435769386" />
<ACTION_GENERIC m_id="94" RELATED_TO="" TAG_DESCRIPTOR="t21_drunk" instance_id="ACT18006853519872681" />
<ACTION_OCCURRENCE m_id="93" RELATED_TO="" TAG_DESCRIPTOR="t21_hit" instance_id="ACT18007234386480781" />
<LOC_GEO m_id="104" RELATED_TO="" TAG_DESCRIPTOR="t21_crash_scene" instance_id="LOC18048603777329683" />
<ACTION_GENERIC m_id="92" RELATED_TO="" TAG_DESCRIPTOR="t21_leaving" instance_id="ACT18006833576304985" />
<ACTION_GENERIC m_id="103" RELATED_TO="" TAG_DESCRIPTOR="t21_resulting" instance_id="ACT18008407407675237" />
<NON_HUMAN_PART m_id="91" RELATED_TO="" TAG_DESCRIPTOR="t21_car" instance_id="NON18048571524531961" />
<ACTION_OCCURRENCE m_id="102" RELATED_TO="" TAG_DESCRIPTOR="t21_walked" instance_id="ACT18006440933768460" />
<ACTION_OCCURRENCE m_id="90" RELATED_TO="" TAG_DESCRIPTOR="t21_fled" instance_id="ACT18006419091410479" />
<HUMAN_PART_PER m_id="101" RELATED_TO="" TAG_DESCRIPTOR="t21_chohan" instance_id="HUM18048481960258753" />
<ACTION_GENERIC m_id="100" RELATED_TO="" TAG_DESCRIPTOR="t21_manslaughter" instance_id="ACT18007093335618632" />
<HUMAN_PART_ORG m_id="89" RELATED_TO="" TAG_DESCRIPTOR="t21_police" instance_id="HUM18048433979655900" />
<TIME_DATE m_id="88" RELATED_TO="" TAG_DESCRIPTOR="t21_friday" instance_id="TIM18048634739556877" />
<ACTION_GENERIC m_id="87" RELATED_TO="" TAG_DESCRIPTOR="t21_death" instance_id="ACT18006711790458027" />
<ACTION_GENERIC m_id="86" RELATED_TO="" TAG_DESCRIPTOR="t21_homicide" instance_id="ACT18006519726581894" />
<ACTION_OCCURRENCE m_id="85" RELATED_TO="" TAG_DESCRIPTOR="t21_killed" instance_id="ACT18006431002286049" />
<ACTION_GENERIC m_id="84" RELATED_TO="" TAG_DESCRIPTOR="t21_dwi" instance_id="ACT18006667347625610" />
<HUMAN_PART_PER m_id="83" RELATED_TO="" TAG_DESCRIPTOR="t21_subryan" instance_id="HUM18048451299991743" />
</Markables>

<Relations>
<CROSS_DOC_COREF r_id="41285" note="HUM18048451299991743" >
  <source m_id="6" />
  <source m_id="41" />
  <source m_id="5" />
  <source m_id="38" />
  <source m_id="1" />
  <target m_id="83" />
</CROSS_DOC_COREF>
<CROSS_DOC_COREF r_id="41286" note="ACT18006667347625610" >
  <source m_id="63" />
  <source m_id="79" />
  <target m_id="84" />
</CROSS_DOC_COREF>
<CROSS_DOC_COREF r_id="41287" note="ACT18006431002286049" >
  <source m_id="10" />
  <source m_id="8" />
  <target m_id="85" />
</CROSS_DOC_COREF>
<CROSS_DOC_COREF r_id="41288" note="ACT18006519726581894" >
  <source m_id="70" />
  <target m_id="86" />
</CROSS_DOC_COREF>
<CROSS_DOC_COREF r_id="41289" note="ACT18006711790458027" >
  <source m_id="81" />
  <target m_id="87" />
</CROSS_DOC_COREF>
<CROSS_DOC_COREF r_id="41290" note="TIM18048634739556877" >
  <source m_id="73" />
  <source m_id="82" />
  <target m_id="88" />
</CROSS_DOC_COREF>
<CROSS_DOC_COREF r_id="41291" note="HUM18048433979655900" >
  <source m_id="72" />
  <source m_id="75" />
  <source m_id="36" />
  <source m_id="31" />
  <source m_id="30" />
  <target m_id="89" />
</CROSS_DOC_COREF>
<CROSS_DOC_COREF r_id="41292" note="ACT18006419091410479" >
  <source m_id="19" />
  <target m_id="90" />
</CROSS_DOC_COREF>
<CROSS_DOC_COREF r_id="41293" note="NON18048571524531961" >
  <source m_id="50" />
  <source m_id="78" />
  <source m_id="49" />
  <target m_id="91" />
</CROSS_DOC_COREF>
<CROSS_DOC_COREF r_id="41294" note="ACT18006833576304985" >
  <source m_id="64" />
  <source m_id="69" />
  <target m_id="92" />
</CROSS_DOC_COREF>
<CROSS_DOC_COREF r_id="41295" note="ACT18007234386480781" >
  <source m_id="18" />
  <source m_id="14" />
  <target m_id="93" />
</CROSS_DOC_COREF>
<CROSS_DOC_COREF r_id="41296" note="ACT18006853519872681" >
  <source m_id="76" />
  <target m_id="94" />
</CROSS_DOC_COREF>
<CROSS_DOC_COREF r_id="41297" note="ACT18007060435769386" >
  <source m_id="77" />
  <target m_id="95" />
</CROSS_DOC_COREF>
<CROSS_DOC_COREF r_id="41298" note="ACT18006370986223288" >
  <source m_id="15" />
  <source m_id="23" />
  <source m_id="7" />
  <target m_id="96" />
</CROSS_DOC_COREF>
<CROSS_DOC_COREF r_id="41299" note="ACT18006456740754703" >
  <source m_id="74" />
  <target m_id="97" />
</CROSS_DOC_COREF>
<CROSS_DOC_COREF r_id="41300" note="ACT18006382662795369" >
  <source m_id="26" />
  <source m_id="11" />
  <source m_id="9" />
  <target m_id="98" />
</CROSS_DOC_COREF>
<CROSS_DOC_COREF r_id="41301" note="LOC18616597438078112" >
  <source m_id="68" />
  <source m_id="71" />
  <target m_id="99" />
</CROSS_DOC_COREF>
<CROSS_DOC_COREF r_id="41302" note="ACT18007093335618632" >
  <source m_id="80" />
  <target m_id="100" />
</CROSS_DOC_COREF>
<CROSS_DOC_COREF r_id="41303" note="HUM18048481960258753" >
  <source m_id="55" />
  <source m_id="2" />
  <source m_id="42" />
  <source m_id="4" />
  <source m_id="3" />
  <target m_id="101" />
</CROSS_DOC_COREF>
<CROSS_DOC_COREF r_id="41304" note="ACT18006440933768460" >
  <source m_id="17" />
  <target m_id="102" />
</CROSS_DOC_COREF>
<CROSS_DOC_COREF r_id="41305" note="ACT18008407407675237" >
  <source m_id="67" />
  <target m_id="103" />
</CROSS_DOC_COREF>
<CROSS_DOC_COREF r_id="41306" note="LOC18048603777329683" >
  <source m_id="53" />
  <target m_id="104" />
</CROSS_DOC_COREF>

</Relations>
</Document>
