<Document doc_name="21_1ecbplus.xml" doc_id="DOC15646295116426238">
<token t_id="1" sentence="0" number="0">http</token>
<token t_id="2" sentence="0" number="1">:</token>
<token t_id="3" sentence="0" number="2">/</token>
<token t_id="4" sentence="0" number="3">/</token>
<token t_id="5" sentence="0" number="4">www</token>
<token t_id="6" sentence="0" number="5">.</token>
<token t_id="7" sentence="0" number="6">ny1</token>
<token t_id="8" sentence="0" number="7">.</token>
<token t_id="9" sentence="0" number="8">com</token>
<token t_id="10" sentence="0" number="9">/</token>
<token t_id="11" sentence="0" number="10">content</token>
<token t_id="12" sentence="0" number="11">/</token>
<token t_id="13" sentence="0" number="12">news</token>
<token t_id="14" sentence="0" number="13">/</token>
<token t_id="15" sentence="0" number="14">188792</token>
<token t_id="16" sentence="0" number="15">/</token>
<token t_id="17" sentence="0" number="16">woman</token>
<token t_id="18" sentence="0" number="17">-</token>
<token t_id="19" sentence="0" number="18">killed</token>
<token t_id="20" sentence="0" number="19">-</token>
<token t_id="21" sentence="0" number="20">in</token>
<token t_id="22" sentence="0" number="21">-</token>
<token t_id="23" sentence="0" number="22">queens</token>
<token t_id="24" sentence="0" number="23">-</token>
<token t_id="25" sentence="0" number="24">hit</token>
<token t_id="26" sentence="0" number="25">-</token>
<token t_id="27" sentence="0" number="26">and</token>
<token t_id="28" sentence="0" number="27">-</token>
<token t_id="29" sentence="0" number="28">run</token>
<token t_id="30" sentence="0" number="29">-</token>
<token t_id="31" sentence="0" number="30">-</token>
<token t_id="32" sentence="0" number="31">driver</token>
<token t_id="33" sentence="0" number="32">-</token>
<token t_id="34" sentence="0" number="33">charged</token>
<token t_id="35" sentence="1" number="0">Woman</token>
<token t_id="36" sentence="1" number="1">Killed</token>
<token t_id="37" sentence="1" number="2">In</token>
<token t_id="38" sentence="1" number="3">Queens</token>
<token t_id="39" sentence="1" number="4">Hit</token>
<token t_id="40" sentence="1" number="5">-</token>
<token t_id="41" sentence="1" number="6">And</token>
<token t_id="42" sentence="1" number="7">-</token>
<token t_id="43" sentence="1" number="8">Run</token>
<token t_id="44" sentence="1" number="9">,</token>
<token t_id="45" sentence="1" number="10">Driver</token>
<token t_id="46" sentence="1" number="11">Charged</token>
<token t_id="47" sentence="2" number="0">Updated</token>
<token t_id="48" sentence="2" number="1">09</token>
<token t_id="49" sentence="2" number="2">/</token>
<token t_id="50" sentence="2" number="3">14</token>
<token t_id="51" sentence="2" number="4">/</token>
<token t_id="52" sentence="2" number="5">2013</token>
<token t_id="53" sentence="2" number="6">01</token>
<token t_id="54" sentence="2" number="7">:</token>
<token t_id="55" sentence="2" number="8">03</token>
<token t_id="56" sentence="2" number="9">PM</token>
<token t_id="57" sentence="3" number="0">A</token>
<token t_id="58" sentence="3" number="1">woman</token>
<token t_id="59" sentence="3" number="2">has</token>
<token t_id="60" sentence="3" number="3">died</token>
<token t_id="61" sentence="3" number="4">after</token>
<token t_id="62" sentence="3" number="5">being</token>
<token t_id="63" sentence="3" number="6">hit</token>
<token t_id="64" sentence="3" number="7">by</token>
<token t_id="65" sentence="3" number="8">a</token>
<token t_id="66" sentence="3" number="9">car</token>
<token t_id="67" sentence="3" number="10">that</token>
<token t_id="68" sentence="3" number="11">fled</token>
<token t_id="69" sentence="3" number="12">the</token>
<token t_id="70" sentence="3" number="13">scene</token>
<token t_id="71" sentence="3" number="14">in</token>
<token t_id="72" sentence="3" number="15">Queens</token>
<token t_id="73" sentence="3" number="16">,</token>
<token t_id="74" sentence="3" number="17">and</token>
<token t_id="75" sentence="3" number="18">now</token>
<token t_id="76" sentence="3" number="19">,</token>
<token t_id="77" sentence="3" number="20">the</token>
<token t_id="78" sentence="3" number="21">driver</token>
<token t_id="79" sentence="3" number="22">is</token>
<token t_id="80" sentence="3" number="23">facing</token>
<token t_id="81" sentence="3" number="24">manslaughter</token>
<token t_id="82" sentence="3" number="25">charges</token>
<token t_id="83" sentence="3" number="26">.</token>
<token t_id="84" sentence="4" number="0">Witnesses</token>
<token t_id="85" sentence="4" number="1">say</token>
<token t_id="86" sentence="4" number="2">59</token>
<token t_id="87" sentence="4" number="3">-</token>
<token t_id="88" sentence="4" number="4">year</token>
<token t_id="89" sentence="4" number="5">-</token>
<token t_id="90" sentence="4" number="6">old</token>
<token t_id="91" sentence="4" number="7">Raj</token>
<token t_id="92" sentence="4" number="8">Chohan</token>
<token t_id="93" sentence="4" number="9">was</token>
<token t_id="94" sentence="4" number="10">leaving</token>
<token t_id="95" sentence="4" number="11">her</token>
<token t_id="96" sentence="4" number="12">car</token>
<token t_id="97" sentence="4" number="13">on</token>
<token t_id="98" sentence="4" number="14">117th</token>
<token t_id="99" sentence="4" number="15">Street</token>
<token t_id="100" sentence="4" number="16">in</token>
<token t_id="101" sentence="4" number="17">South</token>
<token t_id="102" sentence="4" number="18">Richmond</token>
<token t_id="103" sentence="4" number="19">Hill</token>
<token t_id="104" sentence="4" number="20">Friday</token>
<token t_id="105" sentence="4" number="21">when</token>
<token t_id="106" sentence="4" number="22">she</token>
<token t_id="107" sentence="4" number="23">was</token>
<token t_id="108" sentence="4" number="24">hit</token>
<token t_id="109" sentence="4" number="25">by</token>
<token t_id="110" sentence="4" number="26">a</token>
<token t_id="111" sentence="4" number="27">silver</token>
<token t_id="112" sentence="4" number="28">Toyota</token>
<token t_id="113" sentence="4" number="29">Camry</token>
<token t_id="114" sentence="4" number="30">and</token>
<token t_id="115" sentence="4" number="31">sent</token>
<token t_id="116" sentence="4" number="32">flying</token>
<token t_id="117" sentence="4" number="33">into</token>
<token t_id="118" sentence="4" number="34">the</token>
<token t_id="119" sentence="4" number="35">air</token>
<token t_id="120" sentence="4" number="36">.</token>
<token t_id="121" sentence="5" number="0">She</token>
<token t_id="122" sentence="5" number="1">died</token>
<token t_id="123" sentence="5" number="2">at</token>
<token t_id="124" sentence="5" number="3">the</token>
<token t_id="125" sentence="5" number="4">hospital</token>
<token t_id="126" sentence="5" number="5">.</token>
<token t_id="127" sentence="6" number="0">Police</token>
<token t_id="128" sentence="6" number="1">caught</token>
<token t_id="129" sentence="6" number="2">up</token>
<token t_id="130" sentence="6" number="3">with</token>
<token t_id="131" sentence="6" number="4">the</token>
<token t_id="132" sentence="6" number="5">driver</token>
<token t_id="133" sentence="6" number="6">,</token>
<token t_id="134" sentence="6" number="7">who</token>
<token t_id="135" sentence="6" number="8">is</token>
<token t_id="136" sentence="6" number="9">from</token>
<token t_id="137" sentence="6" number="10">Schnectady</token>
<token t_id="138" sentence="6" number="11">,</token>
<token t_id="139" sentence="6" number="12">a</token>
<token t_id="140" sentence="6" number="13">few</token>
<token t_id="141" sentence="6" number="14">blocks</token>
<token t_id="142" sentence="6" number="15">away</token>
<token t_id="143" sentence="6" number="16">.</token>
<token t_id="144" sentence="7" number="0">He</token>
<token t_id="145" sentence="7" number="1">has</token>
<token t_id="146" sentence="7" number="2">been</token>
<token t_id="147" sentence="7" number="3">charged</token>
<token t_id="148" sentence="7" number="4">with</token>
<token t_id="149" sentence="7" number="5">vehicular</token>
<token t_id="150" sentence="7" number="6">manslaughter</token>
<token t_id="151" sentence="7" number="7">,</token>
<token t_id="152" sentence="7" number="8">negligent</token>
<token t_id="153" sentence="7" number="9">homicide</token>
<token t_id="154" sentence="7" number="10">and</token>
<token t_id="155" sentence="7" number="11">fleeing</token>
<token t_id="156" sentence="7" number="12">the</token>
<token t_id="157" sentence="7" number="13">scene</token>
<token t_id="158" sentence="7" number="14">of</token>
<token t_id="159" sentence="7" number="15">an</token>
<token t_id="160" sentence="7" number="16">accident</token>
<token t_id="161" sentence="7" number="17">.</token>
<Markables>
<ACTION_GENERIC m_id="47"  >
  <token_anchor t_id="160"/>
</ACTION_GENERIC>
<ACTION_GENERIC m_id="43"  >
  <token_anchor t_id="81"/>
</ACTION_GENERIC>
<ACTION_GENERIC m_id="44"  >
  <token_anchor t_id="150"/>
</ACTION_GENERIC>
<ACTION_GENERIC m_id="45"  >
  <token_anchor t_id="153"/>
</ACTION_GENERIC>
<ACTION_GENERIC m_id="46"  >
  <token_anchor t_id="155"/>
</ACTION_GENERIC>
<ACTION_OCCURRENCE m_id="9"  >
  <token_anchor t_id="60"/>
</ACTION_OCCURRENCE>
<ACTION_OCCURRENCE m_id="10"  >
  <token_anchor t_id="63"/>
</ACTION_OCCURRENCE>
<ACTION_OCCURRENCE m_id="11"  >
  <token_anchor t_id="68"/>
</ACTION_OCCURRENCE>
<ACTION_OCCURRENCE m_id="12"  >
  <token_anchor t_id="80"/>
</ACTION_OCCURRENCE>
<ACTION_OCCURRENCE m_id="13"  >
  <token_anchor t_id="94"/>
</ACTION_OCCURRENCE>
<ACTION_OCCURRENCE m_id="14"  >
  <token_anchor t_id="108"/>
</ACTION_OCCURRENCE>
<ACTION_OCCURRENCE m_id="15"  >
  <token_anchor t_id="115"/>
</ACTION_OCCURRENCE>
<ACTION_OCCURRENCE m_id="16"  >
  <token_anchor t_id="116"/>
</ACTION_OCCURRENCE>
<ACTION_OCCURRENCE m_id="17"  >
  <token_anchor t_id="147"/>
</ACTION_OCCURRENCE>
<ACTION_OCCURRENCE m_id="39"  >
  <token_anchor t_id="122"/>
</ACTION_OCCURRENCE>
<ACTION_OCCURRENCE m_id="5"  >
  <token_anchor t_id="36"/>
</ACTION_OCCURRENCE>
<ACTION_OCCURRENCE m_id="6"  >
  <token_anchor t_id="46"/>
</ACTION_OCCURRENCE>
<ACTION_OCCURRENCE m_id="7"  >
  <token_anchor t_id="39"/>
</ACTION_OCCURRENCE>
<ACTION_OCCURRENCE m_id="8"  >
  <token_anchor t_id="43"/>
</ACTION_OCCURRENCE>
<HUMAN_PART_PER m_id="22"  >
  <token_anchor t_id="45"/>
</HUMAN_PART_PER>
<HUMAN_PART_PER m_id="23"  >
  <token_anchor t_id="78"/>
</HUMAN_PART_PER>
<HUMAN_PART_PER m_id="24"  >
  <token_anchor t_id="91"/>
  <token_anchor t_id="92"/>
</HUMAN_PART_PER>
<HUMAN_PART_PER m_id="25"  >
  <token_anchor t_id="106"/>
</HUMAN_PART_PER>
<HUMAN_PART_PER m_id="1"  >
  <token_anchor t_id="35"/>
</HUMAN_PART_PER>
<HUMAN_PART_PER m_id="34"  >
  <token_anchor t_id="95"/>
</HUMAN_PART_PER>
<HUMAN_PART_PER m_id="2"  >
  <token_anchor t_id="58"/>
</HUMAN_PART_PER>
<HUMAN_PART_PER m_id="38"  >
  <token_anchor t_id="121"/>
</HUMAN_PART_PER>
<HUMAN_PART_PER m_id="3"  >
  <token_anchor t_id="84"/>
</HUMAN_PART_PER>
<HUMAN_PART_PER m_id="4"  >
  <token_anchor t_id="144"/>
</HUMAN_PART_PER>
<LOC_FAC m_id="40"  >
  <token_anchor t_id="124"/>
  <token_anchor t_id="125"/>
</LOC_FAC>
<LOC_GEO m_id="18"  >
  <token_anchor t_id="37"/>
  <token_anchor t_id="38"/>
</LOC_GEO>
<LOC_GEO m_id="19"  >
  <token_anchor t_id="69"/>
  <token_anchor t_id="70"/>
  <token_anchor t_id="71"/>
  <token_anchor t_id="72"/>
</LOC_GEO>
<LOC_GEO m_id="20"  >
  <token_anchor t_id="98"/>
  <token_anchor t_id="99"/>
  <token_anchor t_id="100"/>
  <token_anchor t_id="101"/>
  <token_anchor t_id="102"/>
  <token_anchor t_id="103"/>
</LOC_GEO>
<LOC_GEO m_id="21"  >
  <token_anchor t_id="156"/>
  <token_anchor t_id="157"/>
</LOC_GEO>
<LOC_OTHER m_id="31"  >
  <token_anchor t_id="117"/>
  <token_anchor t_id="118"/>
  <token_anchor t_id="119"/>
</LOC_OTHER>
<NON_HUMAN_PART m_id="26"  >
  <token_anchor t_id="66"/>
</NON_HUMAN_PART>
<NON_HUMAN_PART m_id="28"  >
  <token_anchor t_id="96"/>
</NON_HUMAN_PART>
<NON_HUMAN_PART m_id="29"  >
  <token_anchor t_id="112"/>
  <token_anchor t_id="113"/>
</NON_HUMAN_PART>
<TIME_DATE m_id="32"  >
  <token_anchor t_id="104"/>
</TIME_DATE>
<TIME_OF_THE_DAY m_id="30"  >
  <token_anchor t_id="48"/>
  <token_anchor t_id="49"/>
  <token_anchor t_id="50"/>
  <token_anchor t_id="51"/>
  <token_anchor t_id="52"/>
  <token_anchor t_id="53"/>
  <token_anchor t_id="54"/>
  <token_anchor t_id="55"/>
  <token_anchor t_id="56"/>
</TIME_OF_THE_DAY>


<ACTION_OCCURRENCE m_id="48" note="byCROMER" >
  <token_anchor t_id="82"/>
</ACTION_OCCURRENCE>


<HUMAN_PART_PER m_id="50" RELATED_TO="" TAG_DESCRIPTOR="t21_subryan" instance_id="HUM18048451299991743" />
<LOC_GEO m_id="69" RELATED_TO="" TAG_DESCRIPTOR="t21_crash_scene" instance_id="LOC18048603777329683" />
<NON_HUMAN_PART m_id="68" RELATED_TO="" TAG_DESCRIPTOR="t21_her_car" instance_id="NON18049749966366568" />
<HUMAN_PART_PER m_id="67" RELATED_TO="" TAG_DESCRIPTOR="t21_chohan" instance_id="HUM18048481960258753" />
<ACTION_OCCURRENCE m_id="66" RELATED_TO="" TAG_DESCRIPTOR="t21_sent_in_the_air" instance_id="ACT28435583562255101" />
<ACTION_OCCURRENCE m_id="65" RELATED_TO="" TAG_DESCRIPTOR="t21_flying" instance_id="ACT18006963268868277" />
<ACTION_GENERIC m_id="64" RELATED_TO="" TAG_DESCRIPTOR="t21_manslaughter" instance_id="ACT18007093335618632" />
<ACTION_OCCURRENCE m_id="63" RELATED_TO="" TAG_DESCRIPTOR="t21_charged" instance_id="ACT18006370986223288" />
<ACTION_OCCURRENCE m_id="62" RELATED_TO="" TAG_DESCRIPTOR="t21_victim_leaving_car" instance_id="ACT28435728833012984" />
<ACTION_OCCURRENCE m_id="61" RELATED_TO="" TAG_DESCRIPTOR="t21_hit" instance_id="ACT18007234386480781" />
<ACTION_GENERIC m_id="60" RELATED_TO="" TAG_DESCRIPTOR="t21_leaving" instance_id="ACT18006833576304985" />
<HUMAN_PART_PER m_id="49" RELATED_TO="" TAG_DESCRIPTOR="t21_witnesses" instance_id="HUM18048589567758390" />
<LOC_FAC m_id="70" RELATED_TO="" TAG_DESCRIPTOR="t21_hospital" instance_id="LOC18048615082519840" />
<ACTION_OCCURRENCE m_id="59" RELATED_TO="" TAG_DESCRIPTOR="t21_fled" instance_id="ACT18006419091410479" />
<NON_HUMAN_PART m_id="58" RELATED_TO="" TAG_DESCRIPTOR="t21_car" instance_id="NON18048571524531961" />
<ACTION_OCCURRENCE m_id="57" RELATED_TO="" TAG_DESCRIPTOR="t21_facing" instance_id="ACT18006911160396961" />
<ACTION_GENERIC m_id="56" RELATED_TO="" TAG_DESCRIPTOR="t21_accident" instance_id="ACT18006496790984999" />
<TIME_DATE m_id="55" RELATED_TO="" TAG_DESCRIPTOR="t21_friday" instance_id="TIM18048634739556877" />
<ACTION_GENERIC m_id="54" RELATED_TO="" TAG_DESCRIPTOR="t21_homicide" instance_id="ACT18006519726581894" />
<LOC_OTHER m_id="53" RELATED_TO="" TAG_DESCRIPTOR="t21_into_the_air" instance_id="LOC28435487284693762" />
<ACTION_OCCURRENCE m_id="52" RELATED_TO="" TAG_DESCRIPTOR="t21_killed" instance_id="ACT18006431002286049" />
<LOC_GEO m_id="51" RELATED_TO="" TAG_DESCRIPTOR="t21_queens" instance_id="LOC18048554549072991" />
</Markables>

<Relations>
<CROSS_DOC_COREF r_id="41290" note="HUM18048589567758390" >
  <source m_id="3" />
  <target m_id="49" />
</CROSS_DOC_COREF>
<CROSS_DOC_COREF r_id="41291" note="HUM18048451299991743" >
  <source m_id="23" />
  <source m_id="4" />
  <source m_id="22" />
  <target m_id="50" />
</CROSS_DOC_COREF>
<CROSS_DOC_COREF r_id="41292" note="LOC18048554549072991" >
  <source m_id="18" />
  <target m_id="51" />
</CROSS_DOC_COREF>
<CROSS_DOC_COREF r_id="41293" note="ACT18006431002286049" >
  <source m_id="5" />
  <source m_id="9" />
  <source m_id="39" />
  <target m_id="52" />
</CROSS_DOC_COREF>
<CROSS_DOC_COREF r_id="41294" note="LOC28435487284693762" >
  <source m_id="31" />
  <target m_id="53" />
</CROSS_DOC_COREF>
<CROSS_DOC_COREF r_id="41295" note="ACT18006519726581894" >
  <source m_id="45" />
  <target m_id="54" />
</CROSS_DOC_COREF>
<CROSS_DOC_COREF r_id="41296" note="TIM18048634739556877" >
  <source m_id="32" />
  <target m_id="55" />
</CROSS_DOC_COREF>
<CROSS_DOC_COREF r_id="41297" note="ACT18006496790984999" >
  <source m_id="47" />
  <target m_id="56" />
</CROSS_DOC_COREF>
<CROSS_DOC_COREF r_id="41298" note="ACT18006911160396961" >
  <source m_id="12" />
  <target m_id="57" />
</CROSS_DOC_COREF>
<CROSS_DOC_COREF r_id="41299" note="NON18048571524531961" >
  <source m_id="26" />
  <source m_id="29" />
  <target m_id="58" />
</CROSS_DOC_COREF>
<CROSS_DOC_COREF r_id="41300" note="ACT18006419091410479" >
  <source m_id="8" />
  <source m_id="11" />
  <target m_id="59" />
</CROSS_DOC_COREF>
<CROSS_DOC_COREF r_id="41301" note="ACT18006833576304985" >
  <source m_id="46" />
  <target m_id="60" />
</CROSS_DOC_COREF>
<CROSS_DOC_COREF r_id="41302" note="ACT18007234386480781" >
  <source m_id="7" />
  <source m_id="14" />
  <source m_id="10" />
  <target m_id="61" />
</CROSS_DOC_COREF>
<CROSS_DOC_COREF r_id="41303" note="ACT28435728833012984" >
  <source m_id="13" />
  <target m_id="62" />
</CROSS_DOC_COREF>
<CROSS_DOC_COREF r_id="41304" note="ACT18006370986223288" >
  <source m_id="48" />
  <source m_id="17" />
  <source m_id="6" />
  <target m_id="63" />
</CROSS_DOC_COREF>
<CROSS_DOC_COREF r_id="41305" note="ACT18007093335618632" >
  <source m_id="44" />
  <source m_id="43" />
  <target m_id="64" />
</CROSS_DOC_COREF>
<CROSS_DOC_COREF r_id="41306" note="ACT18006963268868277" >
  <source m_id="16" />
  <target m_id="65" />
</CROSS_DOC_COREF>
<CROSS_DOC_COREF r_id="41307" note="ACT28435583562255101" >
  <source m_id="15" />
  <target m_id="66" />
</CROSS_DOC_COREF>
<CROSS_DOC_COREF r_id="41308" note="HUM18048481960258753" >
  <source m_id="2" />
  <source m_id="1" />
  <source m_id="25" />
  <source m_id="34" />
  <source m_id="38" />
  <source m_id="24" />
  <target m_id="67" />
</CROSS_DOC_COREF>
<CROSS_DOC_COREF r_id="41309" note="NON18049749966366568" >
  <source m_id="28" />
  <target m_id="68" />
</CROSS_DOC_COREF>
<CROSS_DOC_COREF r_id="41310" note="LOC18048603777329683" >
  <source m_id="21" />
  <source m_id="20" />
  <source m_id="19" />
  <target m_id="69" />
</CROSS_DOC_COREF>
<CROSS_DOC_COREF r_id="41311" note="LOC18048615082519840" >
  <source m_id="40" />
  <target m_id="70" />
</CROSS_DOC_COREF>

</Relations>
</Document>
