<Document doc_name="21_1ecb.xml" doc_id="DOC15654564718077651">
<token t_id="1" sentence="0" number="0">Police</token>
<token t_id="2" sentence="0" number="1">arrest</token>
<token t_id="3" sentence="0" number="2">suspect</token>
<token t_id="4" sentence="0" number="3">in</token>
<token t_id="5" sentence="0" number="4">fatal</token>
<token t_id="6" sentence="0" number="5">Bloomington</token>
<token t_id="7" sentence="0" number="6">hit</token>
<token t_id="8" sentence="0" number="7">and</token>
<token t_id="9" sentence="0" number="8">run</token>
<token t_id="10" sentence="1" number="0">The</token>
<token t_id="11" sentence="1" number="1">driver</token>
<token t_id="12" sentence="1" number="2">allegedly</token>
<token t_id="13" sentence="1" number="3">hit</token>
<token t_id="14" sentence="1" number="4">a</token>
<token t_id="15" sentence="1" number="5">66-year-old</token>
<token t_id="16" sentence="1" number="6">woman</token>
<token t_id="17" sentence="1" number="7">near</token>
<token t_id="18" sentence="1" number="8">a</token>
<token t_id="19" sentence="1" number="9">Bloomington</token>
<token t_id="20" sentence="1" number="10">parking</token>
<token t_id="21" sentence="1" number="11">lot</token>
<token t_id="22" sentence="1" number="12">and</token>
<token t_id="23" sentence="1" number="13">fled</token>
<token t_id="24" sentence="1" number="14">the</token>
<token t_id="25" sentence="1" number="15">scene</token>
<token t_id="26" sentence="1" number="16">.</token>
<token t_id="27" sentence="2" number="0">Police</token>
<token t_id="28" sentence="2" number="1">said</token>
<token t_id="29" sentence="2" number="2">alcohol</token>
<token t_id="30" sentence="2" number="3">was</token>
<token t_id="31" sentence="2" number="4">a</token>
<token t_id="32" sentence="2" number="5">factor</token>
<token t_id="33" sentence="2" number="6">.</token>
<token t_id="34" sentence="3" number="0">A</token>
<token t_id="35" sentence="3" number="1">woman</token>
<token t_id="36" sentence="3" number="2">hit</token>
<token t_id="37" sentence="3" number="3">and</token>
<token t_id="38" sentence="3" number="4">killed</token>
<token t_id="39" sentence="3" number="5">by</token>
<token t_id="40" sentence="3" number="6">a</token>
<token t_id="41" sentence="3" number="7">motorist</token>
<token t_id="42" sentence="3" number="8">Wednesday</token>
<token t_id="43" sentence="3" number="9">night</token>
<token t_id="44" sentence="3" number="10">outside</token>
<token t_id="45" sentence="3" number="11">a</token>
<token t_id="46" sentence="3" number="12">Sam</token>
<token t_id="47" sentence="3" number="13">'s</token>
<token t_id="48" sentence="3" number="14">Club</token>
<token t_id="49" sentence="3" number="15">store</token>
<token t_id="50" sentence="3" number="16">in</token>
<token t_id="51" sentence="3" number="17">Bloomington</token>
<token t_id="52" sentence="3" number="18">might</token>
<token t_id="53" sentence="3" number="19">be</token>
<token t_id="54" sentence="3" number="20">alive</token>
<token t_id="55" sentence="3" number="21">if</token>
<token t_id="56" sentence="3" number="22">the</token>
<token t_id="57" sentence="3" number="23">driver</token>
<token t_id="58" sentence="3" number="24">had</token>
<token t_id="59" sentence="3" number="25">listened</token>
<token t_id="60" sentence="3" number="26">to</token>
<token t_id="61" sentence="3" number="27">bystanders</token>
<token t_id="62" sentence="3" number="28">who</token>
<token t_id="63" sentence="3" number="29">frantically</token>
<token t_id="64" sentence="3" number="30">pleaded</token>
<token t_id="65" sentence="3" number="31">with</token>
<token t_id="66" sentence="3" number="32">him</token>
<token t_id="67" sentence="3" number="33">to</token>
<token t_id="68" sentence="3" number="34">stop</token>
<token t_id="69" sentence="3" number="35">.</token>
<token t_id="70" sentence="4" number="0">LuAnn</token>
<token t_id="71" sentence="4" number="1">Marie</token>
<token t_id="72" sentence="4" number="2">Johnson</token>
<token t_id="73" sentence="4" number="3">,</token>
<token t_id="74" sentence="4" number="4">66</token>
<token t_id="75" sentence="4" number="5">,</token>
<token t_id="76" sentence="4" number="6">of</token>
<token t_id="77" sentence="4" number="7">Burnsville</token>
<token t_id="78" sentence="4" number="8">,</token>
<token t_id="79" sentence="4" number="9">was</token>
<token t_id="80" sentence="4" number="10">walking</token>
<token t_id="81" sentence="4" number="11">into</token>
<token t_id="82" sentence="4" number="12">the</token>
<token t_id="83" sentence="4" number="13">store</token>
<token t_id="84" sentence="4" number="14">at</token>
<token t_id="85" sentence="4" number="15">200</token>
<token t_id="86" sentence="4" number="16">W.</token>
<token t_id="87" sentence="4" number="17">American</token>
<token t_id="88" sentence="4" number="18">Blvd.</token>
<token t_id="89" sentence="4" number="19">with</token>
<token t_id="90" sentence="4" number="20">her</token>
<token t_id="91" sentence="4" number="21">husband</token>
<token t_id="92" sentence="4" number="22">when</token>
<token t_id="93" sentence="4" number="23">she</token>
<token t_id="94" sentence="4" number="24">was</token>
<token t_id="95" sentence="4" number="25">struck</token>
<token t_id="96" sentence="4" number="26">just</token>
<token t_id="97" sentence="4" number="27">after</token>
<token t_id="98" sentence="4" number="28">7</token>
<token t_id="99" sentence="4" number="29">p.m.</token>
<token t_id="100" sentence="4" number="30">,</token>
<token t_id="101" sentence="4" number="31">said</token>
<token t_id="102" sentence="4" number="32">Sgt.</token>
<token t_id="103" sentence="4" number="33">Marty</token>
<token t_id="104" sentence="4" number="34">Earley</token>
<token t_id="105" sentence="4" number="35">.</token>
<token t_id="106" sentence="5" number="0">She</token>
<token t_id="107" sentence="5" number="1">was</token>
<token t_id="108" sentence="5" number="2">in</token>
<token t_id="109" sentence="5" number="3">a</token>
<token t_id="110" sentence="5" number="4">marked</token>
<token t_id="111" sentence="5" number="5">crosswalk</token>
<token t_id="112" sentence="5" number="6">when</token>
<token t_id="113" sentence="5" number="7">the</token>
<token t_id="114" sentence="5" number="8">car</token>
<token t_id="115" sentence="5" number="9">hit</token>
<token t_id="116" sentence="5" number="10">her</token>
<token t_id="117" sentence="5" number="11">.</token>
<token t_id="118" sentence="6" number="0">The</token>
<token t_id="119" sentence="6" number="1">impact</token>
<token t_id="120" sentence="6" number="2">knocked</token>
<token t_id="121" sentence="6" number="3">Johnson</token>
<token t_id="122" sentence="6" number="4">to</token>
<token t_id="123" sentence="6" number="5">the</token>
<token t_id="124" sentence="6" number="6">ground</token>
<token t_id="125" sentence="6" number="7">.</token>
<token t_id="126" sentence="7" number="0">As</token>
<token t_id="127" sentence="7" number="1">she</token>
<token t_id="128" sentence="7" number="2">lay</token>
<token t_id="129" sentence="7" number="3">in</token>
<token t_id="130" sentence="7" number="4">front</token>
<token t_id="131" sentence="7" number="5">of</token>
<token t_id="132" sentence="7" number="6">the</token>
<token t_id="133" sentence="7" number="7">motorist</token>
<token t_id="134" sentence="7" number="8">'s</token>
<token t_id="135" sentence="7" number="9">vehicle</token>
<token t_id="136" sentence="7" number="10">,</token>
<token t_id="137" sentence="7" number="11">a</token>
<token t_id="138" sentence="7" number="12">man</token>
<token t_id="139" sentence="7" number="13">standing</token>
<token t_id="140" sentence="7" number="14">next</token>
<token t_id="141" sentence="7" number="15">to</token>
<token t_id="142" sentence="7" number="16">her</token>
<token t_id="143" sentence="7" number="17">screamed</token>
<token t_id="144" sentence="7" number="18">,</token>
<token t_id="145" sentence="7" number="19">``</token>
<token t_id="146" sentence="7" number="20">No</token>
<token t_id="147" sentence="7" number="21">,</token>
<token t_id="148" sentence="7" number="22">no</token>
<token t_id="149" sentence="7" number="23">,</token>
<token t_id="150" sentence="7" number="24">no</token>
<token t_id="151" sentence="7" number="25">!</token>
<token t_id="152" sentence="7" number="26">''</token>
<token t_id="153" sentence="7" number="27">and</token>
<token t_id="154" sentence="7" number="28">tried</token>
<token t_id="155" sentence="7" number="29">to</token>
<token t_id="156" sentence="7" number="30">get</token>
<token t_id="157" sentence="7" number="31">the</token>
<token t_id="158" sentence="7" number="32">driver</token>
<token t_id="159" sentence="7" number="33">to</token>
<token t_id="160" sentence="7" number="34">stay</token>
<token t_id="161" sentence="7" number="35">put</token>
<token t_id="162" sentence="7" number="36">.</token>
<token t_id="163" sentence="8" number="0">Instead</token>
<token t_id="164" sentence="8" number="1">,</token>
<token t_id="165" sentence="8" number="2">the</token>
<token t_id="166" sentence="8" number="3">driver</token>
<token t_id="167" sentence="8" number="4">gunned</token>
<token t_id="168" sentence="8" number="5">the</token>
<token t_id="169" sentence="8" number="6">engine</token>
<token t_id="170" sentence="8" number="7">and</token>
<token t_id="171" sentence="8" number="8">drove</token>
<token t_id="172" sentence="8" number="9">over</token>
<token t_id="173" sentence="8" number="10">Johnson</token>
<token t_id="174" sentence="8" number="11">,</token>
<token t_id="175" sentence="8" number="12">hitting</token>
<token t_id="176" sentence="8" number="13">her</token>
<token t_id="177" sentence="8" number="14">and</token>
<token t_id="178" sentence="8" number="15">dragging</token>
<token t_id="179" sentence="8" number="16">her</token>
<token t_id="180" sentence="8" number="17">10</token>
<token t_id="181" sentence="8" number="18">feet</token>
<token t_id="182" sentence="8" number="19">as</token>
<token t_id="183" sentence="8" number="20">he</token>
<token t_id="184" sentence="8" number="21">sped</token>
<token t_id="185" sentence="8" number="22">away</token>
<token t_id="186" sentence="8" number="23">,</token>
<token t_id="187" sentence="8" number="24">said</token>
<token t_id="188" sentence="8" number="25">witness</token>
<token t_id="189" sentence="8" number="26">Angela</token>
<token t_id="190" sentence="8" number="27">Benson</token>
<token t_id="191" sentence="8" number="28">,</token>
<token t_id="192" sentence="8" number="29">who</token>
<token t_id="193" sentence="8" number="30">had</token>
<token t_id="194" sentence="8" number="31">just</token>
<token t_id="195" sentence="8" number="32">exited</token>
<token t_id="196" sentence="8" number="33">the</token>
<token t_id="197" sentence="8" number="34">store</token>
<token t_id="198" sentence="8" number="35">with</token>
<token t_id="199" sentence="8" number="36">her</token>
<token t_id="200" sentence="8" number="37">two</token>
<token t_id="201" sentence="8" number="38">young</token>
<token t_id="202" sentence="8" number="39">sons</token>
<token t_id="203" sentence="8" number="40">and</token>
<token t_id="204" sentence="8" number="41">was</token>
<token t_id="205" sentence="8" number="42">20</token>
<token t_id="206" sentence="8" number="43">feet</token>
<token t_id="207" sentence="8" number="44">away</token>
<token t_id="208" sentence="8" number="45">.</token>
<token t_id="209" sentence="9" number="0">``</token>
<token t_id="210" sentence="9" number="1">It</token>
<token t_id="211" sentence="9" number="2">was</token>
<token t_id="212" sentence="9" number="3">horrible</token>
<token t_id="213" sentence="9" number="4">to</token>
<token t_id="214" sentence="9" number="5">see</token>
<token t_id="215" sentence="9" number="6">,</token>
<token t_id="216" sentence="9" number="7">''</token>
<token t_id="217" sentence="9" number="8">said</token>
<token t_id="218" sentence="9" number="9">Benson</token>
<token t_id="219" sentence="9" number="10">,</token>
<token t_id="220" sentence="9" number="11">a</token>
<token t_id="221" sentence="9" number="12">managing</token>
<token t_id="222" sentence="9" number="13">editor</token>
<token t_id="223" sentence="9" number="14">at</token>
<token t_id="224" sentence="9" number="15">WCCO-TV</token>
<token t_id="225" sentence="9" number="16">,</token>
<token t_id="226" sentence="9" number="17">Ch.</token>
<token t_id="227" sentence="9" number="18">4</token>
<token t_id="228" sentence="9" number="19">.</token>
<token t_id="229" sentence="10" number="0">``</token>
<token t_id="230" sentence="10" number="1">He</token>
<token t_id="231" sentence="10" number="2">took</token>
<token t_id="232" sentence="10" number="3">off</token>
<token t_id="233" sentence="10" number="4">like</token>
<token t_id="234" sentence="10" number="5">a</token>
<token t_id="235" sentence="10" number="6">bullet</token>
<token t_id="236" sentence="10" number="7">.</token>
<token t_id="237" sentence="11" number="0">People</token>
<token t_id="238" sentence="11" number="1">were</token>
<token t_id="239" sentence="11" number="2">just</token>
<token t_id="240" sentence="11" number="3">screaming</token>
<token t_id="241" sentence="11" number="4">.</token>
<token t_id="242" sentence="11" number="5">''</token>
<token t_id="243" sentence="12" number="0">Johnson</token>
<token t_id="244" sentence="12" number="1">was</token>
<token t_id="245" sentence="12" number="2">taken</token>
<token t_id="246" sentence="12" number="3">to</token>
<token t_id="247" sentence="12" number="4">Hennepin</token>
<token t_id="248" sentence="12" number="5">County</token>
<token t_id="249" sentence="12" number="6">Medical</token>
<token t_id="250" sentence="12" number="7">Center</token>
<token t_id="251" sentence="12" number="8">in</token>
<token t_id="252" sentence="12" number="9">Minneapolis</token>
<token t_id="253" sentence="12" number="10">,</token>
<token t_id="254" sentence="12" number="11">where</token>
<token t_id="255" sentence="12" number="12">she</token>
<token t_id="256" sentence="12" number="13">died</token>
<token t_id="257" sentence="12" number="14">.</token>
<token t_id="258" sentence="13" number="0">After</token>
<token t_id="259" sentence="13" number="1">hitting</token>
<token t_id="260" sentence="13" number="2">her</token>
<token t_id="261" sentence="13" number="3">,</token>
<token t_id="262" sentence="13" number="4">the</token>
<token t_id="263" sentence="13" number="5">suspect</token>
<token t_id="264" sentence="13" number="6">sideswiped</token>
<token t_id="265" sentence="13" number="7">a</token>
<token t_id="266" sentence="13" number="8">parked</token>
<token t_id="267" sentence="13" number="9">vehicle</token>
<token t_id="268" sentence="13" number="10">before</token>
<token t_id="269" sentence="13" number="11">leaving</token>
<token t_id="270" sentence="13" number="12">the</token>
<token t_id="271" sentence="13" number="13">parking</token>
<token t_id="272" sentence="13" number="14">lot</token>
<token t_id="273" sentence="13" number="15">and</token>
<token t_id="274" sentence="13" number="16">heading</token>
<token t_id="275" sentence="13" number="17">west</token>
<token t_id="276" sentence="13" number="18">on</token>
<token t_id="277" sentence="13" number="19">American</token>
<token t_id="278" sentence="13" number="20">Boulevard</token>
<token t_id="279" sentence="13" number="21">.</token>
<token t_id="280" sentence="14" number="0">Police</token>
<token t_id="281" sentence="14" number="1">stopped</token>
<token t_id="282" sentence="14" number="2">Anthony</token>
<token t_id="283" sentence="14" number="3">Phillip</token>
<token t_id="284" sentence="14" number="4">LaSalle</token>
<token t_id="285" sentence="14" number="5">,</token>
<token t_id="286" sentence="14" number="6">36</token>
<token t_id="287" sentence="14" number="7">,</token>
<token t_id="288" sentence="14" number="8">of</token>
<token t_id="289" sentence="14" number="9">Bloomington</token>
<token t_id="290" sentence="14" number="10">,</token>
<token t_id="291" sentence="14" number="11">when</token>
<token t_id="292" sentence="14" number="12">he</token>
<token t_id="293" sentence="14" number="13">hit</token>
<token t_id="294" sentence="14" number="14">another</token>
<token t_id="295" sentence="14" number="15">vehicle</token>
<token t_id="296" sentence="14" number="16">at</token>
<token t_id="297" sentence="14" number="17">the</token>
<token t_id="298" sentence="14" number="18">intersection</token>
<token t_id="299" sentence="14" number="19">of</token>
<token t_id="300" sentence="14" number="20">American</token>
<token t_id="301" sentence="14" number="21">Boulevard</token>
<token t_id="302" sentence="14" number="22">and</token>
<token t_id="303" sentence="14" number="23">Lyndale</token>
<token t_id="304" sentence="14" number="24">Avenue</token>
<token t_id="305" sentence="14" number="25">.</token>
<token t_id="306" sentence="15" number="0">They</token>
<token t_id="307" sentence="15" number="1">used</token>
<token t_id="308" sentence="15" number="2">a</token>
<token t_id="309" sentence="15" number="3">Taser</token>
<token t_id="310" sentence="15" number="4">to</token>
<token t_id="311" sentence="15" number="5">subdue</token>
<token t_id="312" sentence="15" number="6">him</token>
<token t_id="313" sentence="15" number="7">.</token>
<token t_id="314" sentence="16" number="0">LaSalle</token>
<token t_id="315" sentence="16" number="1">was</token>
<token t_id="316" sentence="16" number="2">arrested</token>
<token t_id="317" sentence="16" number="3">and</token>
<token t_id="318" sentence="16" number="4">booked</token>
<token t_id="319" sentence="16" number="5">into</token>
<token t_id="320" sentence="16" number="6">the</token>
<token t_id="321" sentence="16" number="7">Bloomington</token>
<token t_id="322" sentence="16" number="8">city</token>
<token t_id="323" sentence="16" number="9">jail</token>
<token t_id="324" sentence="16" number="10">,</token>
<token t_id="325" sentence="16" number="11">Earley</token>
<token t_id="326" sentence="16" number="12">said</token>
<token t_id="327" sentence="16" number="13">.</token>
<token t_id="328" sentence="17" number="0">He</token>
<token t_id="329" sentence="17" number="1">is</token>
<token t_id="330" sentence="17" number="2">now</token>
<token t_id="331" sentence="17" number="3">being</token>
<token t_id="332" sentence="17" number="4">held</token>
<token t_id="333" sentence="17" number="5">in</token>
<token t_id="334" sentence="17" number="6">the</token>
<token t_id="335" sentence="17" number="7">Hennepin</token>
<token t_id="336" sentence="17" number="8">County</token>
<token t_id="337" sentence="17" number="9">jail</token>
<token t_id="338" sentence="17" number="10">on</token>
<token t_id="339" sentence="17" number="11">probable</token>
<token t_id="340" sentence="17" number="12">cause</token>
<token t_id="341" sentence="17" number="13">for</token>
<token t_id="342" sentence="17" number="14">criminal</token>
<token t_id="343" sentence="17" number="15">vehicular</token>
<token t_id="344" sentence="17" number="16">operation</token>
<token t_id="345" sentence="17" number="17">.</token>
<token t_id="346" sentence="18" number="0">Police</token>
<token t_id="347" sentence="18" number="1">were</token>
<token t_id="348" sentence="18" number="2">still</token>
<token t_id="349" sentence="18" number="3">gathering</token>
<token t_id="350" sentence="18" number="4">statements</token>
<token t_id="351" sentence="18" number="5">from</token>
<token t_id="352" sentence="18" number="6">several</token>
<token t_id="353" sentence="18" number="7">witnesses</token>
<token t_id="354" sentence="18" number="8">Thursday</token>
<token t_id="355" sentence="18" number="9">morning</token>
<token t_id="356" sentence="18" number="10">,</token>
<token t_id="357" sentence="18" number="11">but</token>
<token t_id="358" sentence="18" number="12">``</token>
<token t_id="359" sentence="18" number="13">we</token>
<token t_id="360" sentence="18" number="14">do</token>
<token t_id="361" sentence="18" number="15">know</token>
<token t_id="362" sentence="18" number="16">alcohol</token>
<token t_id="363" sentence="18" number="17">was</token>
<token t_id="364" sentence="18" number="18">a</token>
<token t_id="365" sentence="18" number="19">factor</token>
<token t_id="366" sentence="18" number="20">,</token>
<token t_id="367" sentence="18" number="21">''</token>
<token t_id="368" sentence="18" number="22">Earley</token>
<token t_id="369" sentence="18" number="23">said</token>
<token t_id="370" sentence="18" number="24">.</token>
<token t_id="371" sentence="19" number="0">LaSalle</token>
<token t_id="372" sentence="19" number="1">is</token>
<token t_id="373" sentence="19" number="2">expected</token>
<token t_id="374" sentence="19" number="3">to</token>
<token t_id="375" sentence="19" number="4">be</token>
<token t_id="376" sentence="19" number="5">charged</token>
<token t_id="377" sentence="19" number="6">today</token>
<token t_id="378" sentence="19" number="7">,</token>
<token t_id="379" sentence="19" number="8">Earley</token>
<token t_id="380" sentence="19" number="9">said</token>
<token t_id="381" sentence="19" number="10">.</token>
<Markables>
<ACTION_OCCURRENCE m_id="23"  >
  <token_anchor t_id="59"/>
</ACTION_OCCURRENCE>
<ACTION_OCCURRENCE m_id="20"  >
  <token_anchor t_id="36"/>
</ACTION_OCCURRENCE>
<ACTION_OCCURRENCE m_id="21"  >
  <token_anchor t_id="38"/>
</ACTION_OCCURRENCE>
<ACTION_OCCURRENCE m_id="22"  >
  <token_anchor t_id="64"/>
</ACTION_OCCURRENCE>
<HUMAN_PART_PER m_id="15"  >
  <token_anchor t_id="35"/>
</HUMAN_PART_PER>
<HUMAN_PART_PER m_id="16"  >
  <token_anchor t_id="41"/>
</HUMAN_PART_PER>
<HUMAN_PART_PER m_id="17"  >
  <token_anchor t_id="57"/>
</HUMAN_PART_PER>
<HUMAN_PART_PER m_id="18"  >
  <token_anchor t_id="61"/>
</HUMAN_PART_PER>
<HUMAN_PART_PER m_id="19"  >
  <token_anchor t_id="66"/>
</HUMAN_PART_PER>
<LOC_FAC m_id="25"  >
  <token_anchor t_id="44"/>
  <token_anchor t_id="45"/>
  <token_anchor t_id="46"/>
  <token_anchor t_id="47"/>
  <token_anchor t_id="48"/>
  <token_anchor t_id="49"/>
  <token_anchor t_id="50"/>
  <token_anchor t_id="51"/>
</LOC_FAC>
<TIME_OF_THE_DAY m_id="24"  >
  <token_anchor t_id="42"/>
  <token_anchor t_id="43"/>
</TIME_OF_THE_DAY>




<HUMAN_PART_PER m_id="31" RELATED_TO="" TAG_DESCRIPTOR="t21b_woman" instance_id="HUM18234667064501121" />
<ACTION_OCCURRENCE m_id="30" RELATED_TO="" TAG_DESCRIPTOR="t21b_killed" instance_id="ACT18234615357625221" />
<TIME_OF_THE_DAY m_id="29" RELATED_TO="" TAG_DESCRIPTOR="t21b_wednesday_night" instance_id="TIM18234701766858346" />
<LOC_FAC m_id="28" RELATED_TO="" TAG_DESCRIPTOR="t21b_outside_store" instance_id="LOC18234736198347328" />
<HUMAN_PART_PER m_id="27" RELATED_TO="" TAG_DESCRIPTOR="t21b_motorist" instance_id="HUM18234651370409589" />
<ACTION_OCCURRENCE m_id="26" RELATED_TO="" TAG_DESCRIPTOR="t21b_struck" instance_id="ACT18234626597278210" />
</Markables>

<Relations>
<CROSS_DOC_COREF r_id="33086" note="ACT18234626597278210" >
  <source m_id="20" />
  <target m_id="26" />
</CROSS_DOC_COREF>
<CROSS_DOC_COREF r_id="33087" note="HUM18234651370409589" >
  <source m_id="19" />
  <source m_id="17" />
  <source m_id="16" />
  <target m_id="27" />
</CROSS_DOC_COREF>
<CROSS_DOC_COREF r_id="33088" note="LOC18234736198347328" >
  <source m_id="25" />
  <target m_id="28" />
</CROSS_DOC_COREF>
<CROSS_DOC_COREF r_id="33089" note="TIM18234701766858346" >
  <source m_id="24" />
  <target m_id="29" />
</CROSS_DOC_COREF>
<CROSS_DOC_COREF r_id="33090" note="ACT18234615357625221" >
  <source m_id="21" />
  <target m_id="30" />
</CROSS_DOC_COREF>
<CROSS_DOC_COREF r_id="33091" note="HUM18234667064501121" >
  <source m_id="15" />
  <target m_id="31" />
</CROSS_DOC_COREF>

</Relations>
</Document>
