<Document doc_name="21_2ecb.xml" doc_id="DOC15654564650266496">
<token t_id="1" sentence="0" number="0">Hit</token>
<token t_id="2" sentence="0" number="1">and</token>
<token t_id="3" sentence="0" number="2">run</token>
<token t_id="4" sentence="0" number="3">outside</token>
<token t_id="5" sentence="0" number="4">Bloomington</token>
<token t_id="6" sentence="0" number="5">Sam</token>
<token t_id="7" sentence="0" number="6">'s</token>
<token t_id="8" sentence="0" number="7">Club</token>
<token t_id="9" sentence="0" number="8">leaves</token>
<token t_id="10" sentence="0" number="9">woman</token>
<token t_id="11" sentence="0" number="10">dead</token>
<token t_id="12" sentence="1" number="0">A</token>
<token t_id="13" sentence="1" number="1">woman</token>
<token t_id="14" sentence="1" number="2">died</token>
<token t_id="15" sentence="1" number="3">Wednesday</token>
<token t_id="16" sentence="1" number="4">night</token>
<token t_id="17" sentence="1" number="5">after</token>
<token t_id="18" sentence="1" number="6">being</token>
<token t_id="19" sentence="1" number="7">struck</token>
<token t_id="20" sentence="1" number="8">by</token>
<token t_id="21" sentence="1" number="9">a</token>
<token t_id="22" sentence="1" number="10">hit-and-run</token>
<token t_id="23" sentence="1" number="11">driver</token>
<token t_id="24" sentence="1" number="12">outside</token>
<token t_id="25" sentence="1" number="13">a</token>
<token t_id="26" sentence="1" number="14">store</token>
<token t_id="27" sentence="1" number="15">in</token>
<token t_id="28" sentence="1" number="16">Bloomington</token>
<token t_id="29" sentence="1" number="17">,</token>
<token t_id="30" sentence="1" number="18">according</token>
<token t_id="31" sentence="1" number="19">to</token>
<token t_id="32" sentence="1" number="20">a</token>
<token t_id="33" sentence="1" number="21">report</token>
<token t_id="34" sentence="1" number="22">from</token>
<token t_id="35" sentence="1" number="23">WCCO-TV</token>
<token t_id="36" sentence="1" number="24">Channel</token>
<token t_id="37" sentence="1" number="25">4</token>
<token t_id="38" sentence="1" number="26">.</token>
<token t_id="39" sentence="2" number="0">The</token>
<token t_id="40" sentence="2" number="1">woman</token>
<token t_id="41" sentence="2" number="2">was</token>
<token t_id="42" sentence="2" number="3">walking</token>
<token t_id="43" sentence="2" number="4">in</token>
<token t_id="44" sentence="2" number="5">a</token>
<token t_id="45" sentence="2" number="6">crosswalk</token>
<token t_id="46" sentence="2" number="7">outside</token>
<token t_id="47" sentence="2" number="8">the</token>
<token t_id="48" sentence="2" number="9">Sam</token>
<token t_id="49" sentence="2" number="10">'s</token>
<token t_id="50" sentence="2" number="11">Club</token>
<token t_id="51" sentence="2" number="12">at</token>
<token t_id="52" sentence="2" number="13">200</token>
<token t_id="53" sentence="2" number="14">W.</token>
<token t_id="54" sentence="2" number="15">American</token>
<token t_id="55" sentence="2" number="16">Blvd.</token>
<token t_id="56" sentence="2" number="17">around</token>
<token t_id="57" sentence="2" number="18">7</token>
<token t_id="58" sentence="2" number="19">p.m.</token>
<token t_id="59" sentence="2" number="20">when</token>
<token t_id="60" sentence="2" number="21">she</token>
<token t_id="61" sentence="2" number="22">was</token>
<token t_id="62" sentence="2" number="23">hit</token>
<token t_id="63" sentence="2" number="24">,</token>
<token t_id="64" sentence="2" number="25">the</token>
<token t_id="65" sentence="2" number="26">station</token>
<token t_id="66" sentence="2" number="27">reported</token>
<token t_id="67" sentence="2" number="28">.</token>
<token t_id="68" sentence="3" number="0">A</token>
<token t_id="69" sentence="3" number="1">bystander</token>
<token t_id="70" sentence="3" number="2">tried</token>
<token t_id="71" sentence="3" number="3">to</token>
<token t_id="72" sentence="3" number="4">stop</token>
<token t_id="73" sentence="3" number="5">the</token>
<token t_id="74" sentence="3" number="6">driver</token>
<token t_id="75" sentence="3" number="7">,</token>
<token t_id="76" sentence="3" number="8">but</token>
<token t_id="77" sentence="3" number="9">he</token>
<token t_id="78" sentence="3" number="10">drove</token>
<token t_id="79" sentence="3" number="11">off</token>
<token t_id="80" sentence="3" number="12">.</token>
<token t_id="81" sentence="4" number="0">Police</token>
<token t_id="82" sentence="4" number="1">pulled</token>
<token t_id="83" sentence="4" number="2">the</token>
<token t_id="84" sentence="4" number="3">36-year-old</token>
<token t_id="85" sentence="4" number="4">driver</token>
<token t_id="86" sentence="4" number="5">over</token>
<token t_id="87" sentence="4" number="6">a</token>
<token t_id="88" sentence="4" number="7">few</token>
<token t_id="89" sentence="4" number="8">blocks</token>
<token t_id="90" sentence="4" number="9">away</token>
<token t_id="91" sentence="4" number="10">,</token>
<token t_id="92" sentence="4" number="11">the</token>
<token t_id="93" sentence="4" number="12">station</token>
<token t_id="94" sentence="4" number="13">reported</token>
<token t_id="95" sentence="4" number="14">.</token>
<token t_id="96" sentence="5" number="0">The</token>
<token t_id="97" sentence="5" number="1">victim</token>
<token t_id="98" sentence="5" number="2">,</token>
<token t_id="99" sentence="5" number="3">who</token>
<token t_id="100" sentence="5" number="4">was</token>
<token t_id="101" sentence="5" number="5">in</token>
<token t_id="102" sentence="5" number="6">her</token>
<token t_id="103" sentence="5" number="7">60s</token>
<token t_id="104" sentence="5" number="8">,</token>
<token t_id="105" sentence="5" number="9">was</token>
<token t_id="106" sentence="5" number="10">taken</token>
<token t_id="107" sentence="5" number="11">to</token>
<token t_id="108" sentence="5" number="12">Hennepin</token>
<token t_id="109" sentence="5" number="13">County</token>
<token t_id="110" sentence="5" number="14">Medical</token>
<token t_id="111" sentence="5" number="15">Center</token>
<token t_id="112" sentence="5" number="16">in</token>
<token t_id="113" sentence="5" number="17">Minneapolis</token>
<token t_id="114" sentence="5" number="18">,</token>
<token t_id="115" sentence="5" number="19">where</token>
<token t_id="116" sentence="5" number="20">she</token>
<token t_id="117" sentence="5" number="21">was</token>
<token t_id="118" sentence="5" number="22">pronounced</token>
<token t_id="119" sentence="5" number="23">dead</token>
<token t_id="120" sentence="5" number="24">,</token>
<token t_id="121" sentence="5" number="25">according</token>
<token t_id="122" sentence="5" number="26">to</token>
<token t_id="123" sentence="5" number="27">the</token>
<token t_id="124" sentence="5" number="28">report</token>
<token t_id="125" sentence="5" number="29">.</token>
<token t_id="126" sentence="6" number="0">The</token>
<token t_id="127" sentence="6" number="1">station</token>
<token t_id="128" sentence="6" number="2">also</token>
<token t_id="129" sentence="6" number="3">reported</token>
<token t_id="130" sentence="6" number="4">that</token>
<token t_id="131" sentence="6" number="5">when</token>
<token t_id="132" sentence="6" number="6">the</token>
<token t_id="133" sentence="6" number="7">driver</token>
<token t_id="134" sentence="6" number="8">was</token>
<token t_id="135" sentence="6" number="9">arrested</token>
<token t_id="136" sentence="6" number="10">,</token>
<token t_id="137" sentence="6" number="11">he</token>
<token t_id="138" sentence="6" number="12">was</token>
<token t_id="139" sentence="6" number="13">uncooperative</token>
<token t_id="140" sentence="6" number="14">and</token>
<token t_id="141" sentence="6" number="15">officers</token>
<token t_id="142" sentence="6" number="16">had</token>
<token t_id="143" sentence="6" number="17">to</token>
<token t_id="144" sentence="6" number="18">use</token>
<token t_id="145" sentence="6" number="19">a</token>
<token t_id="146" sentence="6" number="20">Taser</token>
<token t_id="147" sentence="6" number="21">to</token>
<token t_id="148" sentence="6" number="22">subdue</token>
<token t_id="149" sentence="6" number="23">him</token>
<token t_id="150" sentence="6" number="24">.</token>
<token t_id="151" sentence="7" number="0">Police</token>
<token t_id="152" sentence="7" number="1">believe</token>
<token t_id="153" sentence="7" number="2">the</token>
<token t_id="154" sentence="7" number="3">driver</token>
<token t_id="155" sentence="7" number="4">was</token>
<token t_id="156" sentence="7" number="5">drinking</token>
<token t_id="157" sentence="7" number="6">at</token>
<token t_id="158" sentence="7" number="7">the</token>
<token t_id="159" sentence="7" number="8">time</token>
<token t_id="160" sentence="7" number="9">of</token>
<token t_id="161" sentence="7" number="10">the</token>
<token t_id="162" sentence="7" number="11">crash</token>
<token t_id="163" sentence="7" number="12">,</token>
<token t_id="164" sentence="7" number="13">WCCO-TV</token>
<token t_id="165" sentence="7" number="14">reported</token>
<token t_id="166" sentence="7" number="15">.</token>
<Markables>
<ACTION_OCCURRENCE m_id="13"  >
  <token_anchor t_id="14"/>
</ACTION_OCCURRENCE>
<ACTION_OCCURRENCE m_id="14"  >
  <token_anchor t_id="19"/>
</ACTION_OCCURRENCE>
<HUMAN_PART_ORG m_id="16"  >
  <token_anchor t_id="35"/>
  <token_anchor t_id="36"/>
  <token_anchor t_id="37"/>
</HUMAN_PART_ORG>
<HUMAN_PART_PER m_id="11"  >
  <token_anchor t_id="13"/>
</HUMAN_PART_PER>
<HUMAN_PART_PER m_id="12"  >
  <token_anchor t_id="23"/>
</HUMAN_PART_PER>
<LOC_FAC m_id="18"  >
  <token_anchor t_id="24"/>
  <token_anchor t_id="25"/>
  <token_anchor t_id="26"/>
  <token_anchor t_id="27"/>
  <token_anchor t_id="28"/>
</LOC_FAC>
<NON_HUMAN_PART m_id="15"  >
  <token_anchor t_id="33"/>
</NON_HUMAN_PART>
<TIME_OF_THE_DAY m_id="17"  >
  <token_anchor t_id="15"/>
  <token_anchor t_id="16"/>
</TIME_OF_THE_DAY>




<HUMAN_PART_PER m_id="24" RELATED_TO="" TAG_DESCRIPTOR="t21b_woman" instance_id="HUM18234667064501121" />
<ACTION_OCCURRENCE m_id="23" RELATED_TO="" TAG_DESCRIPTOR="t21b_killed" instance_id="ACT18234615357625221" />
<TIME_OF_THE_DAY m_id="22" RELATED_TO="" TAG_DESCRIPTOR="t21b_wednesday_night" instance_id="TIM18234701766858346" />
<LOC_FAC m_id="21" RELATED_TO="" TAG_DESCRIPTOR="t21b_outside_store" instance_id="LOC18234736198347328" />
<ACTION_OCCURRENCE m_id="19" RELATED_TO="" TAG_DESCRIPTOR="t21b_struck" instance_id="ACT18234626597278210" />
<HUMAN_PART_PER m_id="20" RELATED_TO="" TAG_DESCRIPTOR="t21b_motorist" instance_id="HUM18234651370409589" />
</Markables>

<Relations>
<CROSS_DOC_COREF r_id="33095" note="ACT18234626597278210" >
  <source m_id="14" />
  <target m_id="19" />
</CROSS_DOC_COREF>
<CROSS_DOC_COREF r_id="33096" note="HUM18234651370409589" >
  <source m_id="12" />
  <target m_id="20" />
</CROSS_DOC_COREF>
<CROSS_DOC_COREF r_id="33097" note="LOC18234736198347328" >
  <source m_id="18" />
  <target m_id="21" />
</CROSS_DOC_COREF>
<CROSS_DOC_COREF r_id="33098" note="TIM18234701766858346" >
  <source m_id="17" />
  <target m_id="22" />
</CROSS_DOC_COREF>
<CROSS_DOC_COREF r_id="33099" note="ACT18234615357625221" >
  <source m_id="13" />
  <target m_id="23" />
</CROSS_DOC_COREF>
<CROSS_DOC_COREF r_id="33100" note="HUM18234667064501121" >
  <source m_id="11" />
  <target m_id="24" />
</CROSS_DOC_COREF>

</Relations>
</Document>
