<Document doc_name="21_4ecbplus.xml" doc_id="DOC15646295343230644">
<token t_id="1" sentence="0" number="0">http</token>
<token t_id="2" sentence="0" number="1">:</token>
<token t_id="3" sentence="0" number="2">/</token>
<token t_id="4" sentence="0" number="3">/</token>
<token t_id="5" sentence="0" number="4">newyork</token>
<token t_id="6" sentence="0" number="5">.</token>
<token t_id="7" sentence="0" number="6">cbslocal</token>
<token t_id="8" sentence="0" number="7">.</token>
<token t_id="9" sentence="0" number="8">com</token>
<token t_id="10" sentence="0" number="9">/</token>
<token t_id="11" sentence="0" number="10">2013</token>
<token t_id="12" sentence="0" number="11">/</token>
<token t_id="13" sentence="0" number="12">09</token>
<token t_id="14" sentence="0" number="13">/</token>
<token t_id="15" sentence="0" number="14">14</token>
<token t_id="16" sentence="0" number="15">/</token>
<token t_id="17" sentence="0" number="16">cops</token>
<token t_id="18" sentence="0" number="17">-</token>
<token t_id="19" sentence="0" number="18">queens</token>
<token t_id="20" sentence="0" number="19">-</token>
<token t_id="21" sentence="0" number="20">woman</token>
<token t_id="22" sentence="0" number="21">-</token>
<token t_id="23" sentence="0" number="22">killed</token>
<token t_id="24" sentence="0" number="23">-</token>
<token t_id="25" sentence="0" number="24">in</token>
<token t_id="26" sentence="0" number="25">-</token>
<token t_id="27" sentence="0" number="26">hit</token>
<token t_id="28" sentence="0" number="27">-</token>
<token t_id="29" sentence="0" number="28">and</token>
<token t_id="30" sentence="0" number="29">-</token>
<token t_id="31" sentence="0" number="30">run</token>
<token t_id="32" sentence="0" number="31">/</token>
<token t_id="33" sentence="1" number="0">Cops</token>
<token t_id="34" sentence="1" number="1">:</token>
<token t_id="35" sentence="1" number="2">Queens</token>
<token t_id="36" sentence="1" number="3">Woman</token>
<token t_id="37" sentence="1" number="4">Killed</token>
<token t_id="38" sentence="1" number="5">In</token>
<token t_id="39" sentence="1" number="6">Hit</token>
<token t_id="40" sentence="1" number="7">-</token>
<token t_id="41" sentence="1" number="8">And</token>
<token t_id="42" sentence="1" number="9">-</token>
<token t_id="43" sentence="1" number="10">Run</token>
<token t_id="44" sentence="2" number="0">Driver</token>
<token t_id="45" sentence="2" number="1">Charged</token>
<token t_id="46" sentence="2" number="2">With</token>
<token t_id="47" sentence="2" number="3">DWI</token>
<token t_id="48" sentence="2" number="4">,</token>
<token t_id="49" sentence="2" number="5">Vehicular</token>
<token t_id="50" sentence="2" number="6">Manslaughter</token>
<token t_id="51" sentence="3" number="0">September</token>
<token t_id="52" sentence="3" number="1">14</token>
<token t_id="53" sentence="3" number="2">,</token>
<token t_id="54" sentence="3" number="3">2013</token>
<token t_id="55" sentence="3" number="4">10</token>
<token t_id="56" sentence="3" number="5">:</token>
<token t_id="57" sentence="3" number="6">46</token>
<token t_id="58" sentence="3" number="7">AM</token>
<token t_id="59" sentence="4" number="0">A</token>
<token t_id="60" sentence="4" number="1">59</token>
<token t_id="61" sentence="4" number="2">-</token>
<token t_id="62" sentence="4" number="3">year</token>
<token t_id="63" sentence="4" number="4">-</token>
<token t_id="64" sentence="4" number="5">old</token>
<token t_id="65" sentence="4" number="6">mother</token>
<token t_id="66" sentence="4" number="7">of</token>
<token t_id="67" sentence="4" number="8">two</token>
<token t_id="68" sentence="4" number="9">died</token>
<token t_id="69" sentence="4" number="10">when</token>
<token t_id="70" sentence="4" number="11">a</token>
<token t_id="71" sentence="4" number="12">drunken</token>
<token t_id="72" sentence="4" number="13">driver</token>
<token t_id="73" sentence="4" number="14">struck</token>
<token t_id="74" sentence="4" number="15">her</token>
<token t_id="75" sentence="4" number="16">with</token>
<token t_id="76" sentence="4" number="17">his</token>
<token t_id="77" sentence="4" number="18">car</token>
<token t_id="78" sentence="4" number="19">and</token>
<token t_id="79" sentence="4" number="20">then</token>
<token t_id="80" sentence="4" number="21">drove</token>
<token t_id="81" sentence="4" number="22">off</token>
<token t_id="82" sentence="4" number="23">,</token>
<token t_id="83" sentence="4" number="24">police</token>
<token t_id="84" sentence="4" number="25">said</token>
<token t_id="85" sentence="4" number="26">.</token>
<token t_id="86" sentence="5" number="0">Raj</token>
<token t_id="87" sentence="5" number="1">Chohan</token>
<token t_id="88" sentence="5" number="2">,</token>
<token t_id="89" sentence="5" number="3">59</token>
<token t_id="90" sentence="5" number="4">,</token>
<token t_id="91" sentence="5" number="5">of</token>
<token t_id="92" sentence="5" number="6">Queens</token>
<token t_id="93" sentence="5" number="7">,</token>
<token t_id="94" sentence="5" number="8">had</token>
<token t_id="95" sentence="5" number="9">just</token>
<token t_id="96" sentence="5" number="10">parked</token>
<token t_id="97" sentence="5" number="11">her</token>
<token t_id="98" sentence="5" number="12">car</token>
<token t_id="99" sentence="5" number="13">around</token>
<token t_id="100" sentence="5" number="14">7</token>
<token t_id="101" sentence="5" number="15">p</token>
<token t_id="102" sentence="5" number="16">.</token>
<token t_id="103" sentence="5" number="17">m</token>
<token t_id="104" sentence="5" number="18">.</token>
<token t_id="105" sentence="5" number="19">Friday</token>
<token t_id="106" sentence="5" number="20">at</token>
<token t_id="107" sentence="5" number="21">97th</token>
<token t_id="108" sentence="5" number="22">Avenue</token>
<token t_id="109" sentence="5" number="23">and</token>
<token t_id="110" sentence="5" number="24">117th</token>
<token t_id="111" sentence="5" number="25">Street</token>
<token t_id="112" sentence="5" number="26">in</token>
<token t_id="113" sentence="5" number="27">Richmond</token>
<token t_id="114" sentence="5" number="28">Hill</token>
<token t_id="115" sentence="5" number="29">when</token>
<token t_id="116" sentence="5" number="30">she</token>
<token t_id="117" sentence="5" number="31">was</token>
<token t_id="118" sentence="5" number="32">hit</token>
<token t_id="119" sentence="5" number="33">by</token>
<token t_id="120" sentence="5" number="34">a</token>
<token t_id="121" sentence="5" number="35">2013</token>
<token t_id="122" sentence="5" number="36">Toyota</token>
<token t_id="123" sentence="5" number="37">Camry</token>
<token t_id="124" sentence="5" number="38">,</token>
<token t_id="125" sentence="5" number="39">which</token>
<token t_id="126" sentence="5" number="40">then</token>
<token t_id="127" sentence="5" number="41">fled</token>
<token t_id="128" sentence="5" number="42">,</token>
<token t_id="129" sentence="5" number="43">police</token>
<token t_id="130" sentence="5" number="44">told</token>
<token t_id="131" sentence="5" number="45">1010</token>
<token t_id="132" sentence="5" number="46">WINS</token>
<token t_id="133" sentence="5" number="47">’</token>
<token t_id="134" sentence="5" number="48">Glenn</token>
<token t_id="135" sentence="5" number="49">Schuck</token>
<token t_id="136" sentence="5" number="50">.</token>
<token t_id="137" sentence="6" number="0">A</token>
<token t_id="138" sentence="6" number="1">police</token>
<token t_id="139" sentence="6" number="2">officer</token>
<token t_id="140" sentence="6" number="3">that</token>
<token t_id="141" sentence="6" number="4">was</token>
<token t_id="142" sentence="6" number="5">parked</token>
<token t_id="143" sentence="6" number="6">nearby</token>
<token t_id="144" sentence="6" number="7">and</token>
<token t_id="145" sentence="6" number="8">witnessed</token>
<token t_id="146" sentence="6" number="9">the</token>
<token t_id="147" sentence="6" number="10">incident</token>
<token t_id="148" sentence="6" number="11">chased</token>
<token t_id="149" sentence="6" number="12">after</token>
<token t_id="150" sentence="6" number="13">the</token>
<token t_id="151" sentence="6" number="14">car</token>
<token t_id="152" sentence="6" number="15">and</token>
<token t_id="153" sentence="6" number="16">arrested</token>
<token t_id="154" sentence="6" number="17">Vishwanand</token>
<token t_id="155" sentence="6" number="18">Subryan</token>
<token t_id="156" sentence="6" number="19">,</token>
<token t_id="157" sentence="6" number="20">23</token>
<token t_id="158" sentence="6" number="21">,</token>
<token t_id="159" sentence="6" number="22">of</token>
<token t_id="160" sentence="6" number="23">Schenectady</token>
<token t_id="161" sentence="6" number="24">,</token>
<token t_id="162" sentence="6" number="25">several</token>
<token t_id="163" sentence="6" number="26">blocks</token>
<token t_id="164" sentence="6" number="27">away</token>
<token t_id="165" sentence="6" number="28">.</token>
<token t_id="166" sentence="7" number="0">Subryan</token>
<token t_id="167" sentence="7" number="1">is</token>
<token t_id="168" sentence="7" number="2">charged</token>
<token t_id="169" sentence="7" number="3">with</token>
<token t_id="170" sentence="7" number="4">DWI</token>
<token t_id="171" sentence="7" number="5">,</token>
<token t_id="172" sentence="7" number="6">vehicular</token>
<token t_id="173" sentence="7" number="7">manslaughter</token>
<token t_id="174" sentence="7" number="8">and</token>
<token t_id="175" sentence="7" number="9">leaving</token>
<token t_id="176" sentence="7" number="10">the</token>
<token t_id="177" sentence="7" number="11">scene</token>
<token t_id="178" sentence="7" number="12">of</token>
<token t_id="179" sentence="7" number="13">an</token>
<token t_id="180" sentence="7" number="14">accident</token>
<token t_id="181" sentence="7" number="15">resulting</token>
<token t_id="182" sentence="7" number="16">in</token>
<token t_id="183" sentence="7" number="17">death</token>
<token t_id="184" sentence="7" number="18">.</token>
<token t_id="185" sentence="8" number="0">Chohan</token>
<token t_id="186" sentence="8" number="1">was</token>
<token t_id="187" sentence="8" number="2">pronounced</token>
<token t_id="188" sentence="8" number="3">dead</token>
<token t_id="189" sentence="8" number="4">at</token>
<token t_id="190" sentence="8" number="5">Jamaica</token>
<token t_id="191" sentence="8" number="6">Hospital</token>
<token t_id="192" sentence="8" number="7">.</token>
<token t_id="193" sentence="9" number="0">Several</token>
<token t_id="194" sentence="9" number="1">neighbors</token>
<token t_id="195" sentence="9" number="2">ran</token>
<token t_id="196" sentence="9" number="3">outside</token>
<token t_id="197" sentence="9" number="4">to</token>
<token t_id="198" sentence="9" number="5">try</token>
<token t_id="199" sentence="9" number="6">to</token>
<token t_id="200" sentence="9" number="7">help</token>
<token t_id="201" sentence="9" number="8">the</token>
<token t_id="202" sentence="9" number="9">woman</token>
<token t_id="203" sentence="9" number="10">.</token>
<token t_id="204" sentence="10" number="0">“</token>
<token t_id="205" sentence="10" number="1">Oh</token>
<token t_id="206" sentence="10" number="2">man</token>
<token t_id="207" sentence="10" number="3">,</token>
<token t_id="208" sentence="10" number="4">she</token>
<token t_id="209" sentence="10" number="5">was</token>
<token t_id="210" sentence="10" number="6">bad</token>
<token t_id="211" sentence="10" number="7">,</token>
<token t_id="212" sentence="10" number="8">”</token>
<token t_id="213" sentence="10" number="9">one</token>
<token t_id="214" sentence="10" number="10">man</token>
<token t_id="215" sentence="10" number="11">told</token>
<token t_id="216" sentence="10" number="12">Schuck</token>
<token t_id="217" sentence="10" number="13">.</token>
<token t_id="218" sentence="11" number="0">“</token>
<token t_id="219" sentence="11" number="1">There</token>
<token t_id="220" sentence="11" number="2">was</token>
<token t_id="221" sentence="11" number="3">nothing</token>
<token t_id="222" sentence="11" number="4">we</token>
<token t_id="223" sentence="11" number="5">could</token>
<token t_id="224" sentence="11" number="6">do</token>
<token t_id="225" sentence="11" number="7">.</token>
<token t_id="226" sentence="12" number="0">Everybody</token>
<token t_id="227" sentence="12" number="1">was</token>
<token t_id="228" sentence="12" number="2">just</token>
<token t_id="229" sentence="12" number="3">standing</token>
<token t_id="230" sentence="12" number="4">there</token>
<token t_id="231" sentence="12" number="5">all</token>
<token t_id="232" sentence="12" number="6">confused</token>
<token t_id="233" sentence="12" number="7">,</token>
<token t_id="234" sentence="12" number="8">like</token>
<token t_id="235" sentence="12" number="9">they</token>
<token t_id="236" sentence="12" number="10">can</token>
<token t_id="237" sentence="12" number="11">’</token>
<token t_id="238" sentence="12" number="12">t</token>
<token t_id="239" sentence="12" number="13">believe</token>
<token t_id="240" sentence="12" number="14">that</token>
<token t_id="241" sentence="12" number="15">this</token>
<token t_id="242" sentence="12" number="16">happened</token>
<token t_id="243" sentence="12" number="17">over</token>
<token t_id="244" sentence="12" number="18">here</token>
<token t_id="245" sentence="12" number="19">.</token>
<token t_id="246" sentence="13" number="0">She</token>
<token t_id="247" sentence="13" number="1">was</token>
<token t_id="248" sentence="13" number="2">out</token>
<token t_id="249" sentence="13" number="3">cold</token>
<token t_id="250" sentence="13" number="4">.</token>
<token t_id="251" sentence="13" number="5">”</token>
<token t_id="252" sentence="14" number="0">“</token>
<token t_id="253" sentence="14" number="1">My</token>
<token t_id="254" sentence="14" number="2">wife</token>
<token t_id="255" sentence="14" number="3">was</token>
<token t_id="256" sentence="14" number="4">getting</token>
<token t_id="257" sentence="14" number="5">ready</token>
<token t_id="258" sentence="14" number="6">to</token>
<token t_id="259" sentence="14" number="7">go</token>
<token t_id="260" sentence="14" number="8">out</token>
<token t_id="261" sentence="14" number="9">with</token>
<token t_id="262" sentence="14" number="10">the</token>
<token t_id="263" sentence="14" number="11">kid</token>
<token t_id="264" sentence="14" number="12">,</token>
<token t_id="265" sentence="14" number="13">and</token>
<token t_id="266" sentence="14" number="14">she</token>
<token t_id="267" sentence="14" number="15">screamed</token>
<token t_id="268" sentence="14" number="16">that</token>
<token t_id="269" sentence="14" number="17">somebody</token>
<token t_id="270" sentence="14" number="18">hit</token>
<token t_id="271" sentence="14" number="19">another</token>
<token t_id="272" sentence="14" number="20">car</token>
<token t_id="273" sentence="14" number="21">and</token>
<token t_id="274" sentence="14" number="22">ran</token>
<token t_id="275" sentence="14" number="23">away</token>
<token t_id="276" sentence="14" number="24">,</token>
<token t_id="277" sentence="14" number="25">”</token>
<token t_id="278" sentence="14" number="26">another</token>
<token t_id="279" sentence="14" number="27">neighbor</token>
<token t_id="280" sentence="14" number="28">said</token>
<token t_id="281" sentence="14" number="29">.</token>
<token t_id="282" sentence="15" number="0">“</token>
<token t_id="283" sentence="15" number="1">When</token>
<token t_id="284" sentence="15" number="2">I</token>
<token t_id="285" sentence="15" number="3">went</token>
<token t_id="286" sentence="15" number="4">to</token>
<token t_id="287" sentence="15" number="5">check</token>
<token t_id="288" sentence="15" number="6">,</token>
<token t_id="289" sentence="15" number="7">I</token>
<token t_id="290" sentence="15" number="8">saw</token>
<token t_id="291" sentence="15" number="9">the</token>
<token t_id="292" sentence="15" number="10">lady</token>
<token t_id="293" sentence="15" number="11">lying</token>
<token t_id="294" sentence="15" number="12">on</token>
<token t_id="295" sentence="15" number="13">the</token>
<token t_id="296" sentence="15" number="14">floor</token>
<token t_id="297" sentence="15" number="15">,</token>
<token t_id="298" sentence="15" number="16">but</token>
<token t_id="299" sentence="15" number="17">she</token>
<token t_id="300" sentence="15" number="18">wasn</token>
<token t_id="301" sentence="15" number="19">’</token>
<token t_id="302" sentence="15" number="20">t</token>
<token t_id="303" sentence="15" number="21">breathing</token>
<token t_id="304" sentence="15" number="22">or</token>
<token t_id="305" sentence="15" number="23">anything</token>
<token t_id="306" sentence="15" number="24">.</token>
<token t_id="307" sentence="15" number="25">”</token>
<Markables>
<ACTION_GENERIC m_id="39"  >
  <token_anchor t_id="47"/>
</ACTION_GENERIC>
<ACTION_GENERIC m_id="40"  >
  <token_anchor t_id="50"/>
</ACTION_GENERIC>
<ACTION_GENERIC m_id="41"  >
  <token_anchor t_id="170"/>
</ACTION_GENERIC>
<ACTION_GENERIC m_id="42"  >
  <token_anchor t_id="173"/>
</ACTION_GENERIC>
<ACTION_GENERIC m_id="43"  >
  <token_anchor t_id="175"/>
</ACTION_GENERIC>
<ACTION_GENERIC m_id="44"  >
  <token_anchor t_id="180"/>
</ACTION_GENERIC>
<ACTION_GENERIC m_id="45"  >
  <token_anchor t_id="181"/>
</ACTION_GENERIC>
<ACTION_GENERIC m_id="46"  >
  <token_anchor t_id="183"/>
</ACTION_GENERIC>
<ACTION_OCCURRENCE m_id="9"  >
  <token_anchor t_id="43"/>
</ACTION_OCCURRENCE>
<ACTION_OCCURRENCE m_id="10"  >
  <token_anchor t_id="68"/>
</ACTION_OCCURRENCE>
<ACTION_OCCURRENCE m_id="11"  >
  <token_anchor t_id="73"/>
</ACTION_OCCURRENCE>
<ACTION_OCCURRENCE m_id="13"  >
  <token_anchor t_id="96"/>
</ACTION_OCCURRENCE>
<ACTION_OCCURRENCE m_id="14"  >
  <token_anchor t_id="118"/>
</ACTION_OCCURRENCE>
<ACTION_OCCURRENCE m_id="15"  >
  <token_anchor t_id="127"/>
</ACTION_OCCURRENCE>
<ACTION_OCCURRENCE m_id="16"  >
  <token_anchor t_id="168"/>
</ACTION_OCCURRENCE>
<ACTION_OCCURRENCE m_id="6"  >
  <token_anchor t_id="37"/>
</ACTION_OCCURRENCE>
<ACTION_OCCURRENCE m_id="7"  >
  <token_anchor t_id="45"/>
</ACTION_OCCURRENCE>
<ACTION_OCCURRENCE m_id="8"  >
  <token_anchor t_id="39"/>
</ACTION_OCCURRENCE>
<ACTION_REPORTING m_id="30"  >
  <token_anchor t_id="84"/>
</ACTION_REPORTING>
<HUMAN_PART_PER m_id="18"  >
  <token_anchor t_id="72"/>
</HUMAN_PART_PER>
<HUMAN_PART_PER m_id="19"  >
  <token_anchor t_id="74"/>
</HUMAN_PART_PER>
<HUMAN_PART_PER m_id="21"  >
  <token_anchor t_id="116"/>
</HUMAN_PART_PER>
<HUMAN_PART_PER m_id="23"  >
  <token_anchor t_id="134"/>
  <token_anchor t_id="135"/>
</HUMAN_PART_PER>
<HUMAN_PART_PER m_id="1"  >
  <token_anchor t_id="36"/>
</HUMAN_PART_PER>
<HUMAN_PART_PER m_id="2"  >
  <token_anchor t_id="44"/>
</HUMAN_PART_PER>
<HUMAN_PART_PER m_id="3"  >
  <token_anchor t_id="65"/>
</HUMAN_PART_PER>
<HUMAN_PART_PER m_id="4"  >
  <token_anchor t_id="86"/>
  <token_anchor t_id="87"/>
</HUMAN_PART_PER>
<HUMAN_PART_PER m_id="5"  >
  <token_anchor t_id="166"/>
</HUMAN_PART_PER>
<LOC_GEO m_id="29"  >
  <token_anchor t_id="106"/>
  <token_anchor t_id="107"/>
  <token_anchor t_id="108"/>
  <token_anchor t_id="109"/>
  <token_anchor t_id="110"/>
  <token_anchor t_id="111"/>
  <token_anchor t_id="112"/>
  <token_anchor t_id="113"/>
  <token_anchor t_id="114"/>
</LOC_GEO>
<LOC_GEO m_id="31"  >
  <token_anchor t_id="91"/>
  <token_anchor t_id="92"/>
</LOC_GEO>
<NON_HUMAN_PART m_id="25"  >
  <token_anchor t_id="77"/>
</NON_HUMAN_PART>
<NON_HUMAN_PART m_id="26"  >
  <token_anchor t_id="98"/>
</NON_HUMAN_PART>
<NON_HUMAN_PART m_id="27"  >
  <token_anchor t_id="122"/>
  <token_anchor t_id="123"/>
</NON_HUMAN_PART>
<TIME_OF_THE_DAY m_id="24"  >
  <token_anchor t_id="51"/>
  <token_anchor t_id="52"/>
  <token_anchor t_id="53"/>
  <token_anchor t_id="54"/>
  <token_anchor t_id="55"/>
  <token_anchor t_id="56"/>
  <token_anchor t_id="57"/>
  <token_anchor t_id="58"/>
</TIME_OF_THE_DAY>
<HUMAN_PART_ORG m_id="47" note="byCROMER" >
  <token_anchor t_id="33"/>
</HUMAN_PART_ORG>
<ACTION_OCCURRENCE m_id="48" note="byCROMER" >
  <token_anchor t_id="80"/>
  <token_anchor t_id="81"/>
</ACTION_OCCURRENCE>
<TIME_DATE m_id="49" note="byCROMER" >
  <token_anchor t_id="99"/>
  <token_anchor t_id="100"/>
  <token_anchor t_id="101"/>
  <token_anchor t_id="102"/>
  <token_anchor t_id="103"/>
  <token_anchor t_id="104"/>
  <token_anchor t_id="105"/>
</TIME_DATE>
<HUMAN_PART_ORG m_id="50" note="byCROMER" >
  <token_anchor t_id="83"/>
</HUMAN_PART_ORG>
<ACTION_REPORTING m_id="51" note="byCROMER" >
  <token_anchor t_id="130"/>
</ACTION_REPORTING>
<NON_HUMAN_PART m_id="52" note="byCROMER" >
  <token_anchor t_id="125"/>
</NON_HUMAN_PART>
<HUMAN_PART_ORG m_id="53" note="byCROMER" >
  <token_anchor t_id="129"/>
</HUMAN_PART_ORG>
<LOC_OTHER m_id="54" note="byCROMER" >
  <token_anchor t_id="176"/>
  <token_anchor t_id="177"/>
</LOC_OTHER>


<LOC_OTHER m_id="69" RELATED_TO="" TAG_DESCRIPTOR="t21_generic_scene" instance_id="LOC18616597438078112" />
<ACTION_REPORTING m_id="68" RELATED_TO="" TAG_DESCRIPTOR="t21_police_said" instance_id="ACT18006456740754703" />
<ACTION_OCCURRENCE m_id="67" RELATED_TO="" TAG_DESCRIPTOR="t21_charged" instance_id="ACT18006370986223288" />
<ACTION_OCCURRENCE m_id="66" RELATED_TO="" TAG_DESCRIPTOR="t21_hit" instance_id="ACT18007234386480781" />
<ACTION_GENERIC m_id="65" RELATED_TO="" TAG_DESCRIPTOR="t21_leaving" instance_id="ACT18006833576304985" />
<ACTION_OCCURRENCE m_id="64" RELATED_TO="" TAG_DESCRIPTOR="t21_fled" instance_id="ACT18006419091410479" />
<NON_HUMAN_PART m_id="63" RELATED_TO="" TAG_DESCRIPTOR="t21_car" instance_id="NON18048571524531961" />
<HUMAN_PART_ORG m_id="62" RELATED_TO="" TAG_DESCRIPTOR="t21_police" instance_id="HUM18048433979655900" />
<ACTION_GENERIC m_id="61" RELATED_TO="" TAG_DESCRIPTOR="t21_accident" instance_id="ACT18006496790984999" />
<TIME_DATE m_id="60" RELATED_TO="" TAG_DESCRIPTOR="t21_friday" instance_id="TIM18048634739556877" />
<NON_HUMAN_PART m_id="74" RELATED_TO="" TAG_DESCRIPTOR="t21_her_car" instance_id="NON18049749966366568" />
<LOC_GEO m_id="73" RELATED_TO="" TAG_DESCRIPTOR="t21_crash_scene" instance_id="LOC18048603777329683" />
<ACTION_GENERIC m_id="72" RELATED_TO="" TAG_DESCRIPTOR="t21_resulting" instance_id="ACT18008407407675237" />
<HUMAN_PART_PER m_id="71" RELATED_TO="" TAG_DESCRIPTOR="t21_chohan" instance_id="HUM18048481960258753" />
<ACTION_GENERIC m_id="70" RELATED_TO="" TAG_DESCRIPTOR="t21_manslaughter" instance_id="ACT18007093335618632" />
<ACTION_GENERIC m_id="59" RELATED_TO="" TAG_DESCRIPTOR="t21_death" instance_id="ACT18006711790458027" />
<ACTION_OCCURRENCE m_id="58" RELATED_TO="" TAG_DESCRIPTOR="t21_killed" instance_id="ACT18006431002286049" />
<LOC_GEO m_id="57" RELATED_TO="" TAG_DESCRIPTOR="t21_queens" instance_id="LOC18048554549072991" />
<ACTION_GENERIC m_id="56" RELATED_TO="" TAG_DESCRIPTOR="t21_dwi" instance_id="ACT18006667347625610" />
<HUMAN_PART_PER m_id="55" RELATED_TO="" TAG_DESCRIPTOR="t21_subryan" instance_id="HUM18048451299991743" />
</Markables>

<Relations>
<CROSS_DOC_COREF r_id="41297" note="HUM18048451299991743" >
  <source m_id="2" />
  <source m_id="5" />
  <source m_id="18" />
  <target m_id="55" />
</CROSS_DOC_COREF>
<CROSS_DOC_COREF r_id="41298" note="ACT18006667347625610" >
  <source m_id="41" />
  <source m_id="39" />
  <target m_id="56" />
</CROSS_DOC_COREF>
<CROSS_DOC_COREF r_id="41299" note="LOC18048554549072991" >
  <source m_id="31" />
  <target m_id="57" />
</CROSS_DOC_COREF>
<CROSS_DOC_COREF r_id="41300" note="ACT18006431002286049" >
  <source m_id="6" />
  <source m_id="10" />
  <target m_id="58" />
</CROSS_DOC_COREF>
<CROSS_DOC_COREF r_id="41301" note="ACT18006711790458027" >
  <source m_id="46" />
  <target m_id="59" />
</CROSS_DOC_COREF>
<CROSS_DOC_COREF r_id="41302" note="TIM18048634739556877" >
  <source m_id="49" />
  <target m_id="60" />
</CROSS_DOC_COREF>
<CROSS_DOC_COREF r_id="41303" note="ACT18006496790984999" >
  <source m_id="44" />
  <target m_id="61" />
</CROSS_DOC_COREF>
<CROSS_DOC_COREF r_id="41304" note="HUM18048433979655900" >
  <source m_id="47" />
  <source m_id="50" />
  <source m_id="53" />
  <target m_id="62" />
</CROSS_DOC_COREF>
<CROSS_DOC_COREF r_id="41305" note="NON18048571524531961" >
  <source m_id="25" />
  <source m_id="27" />
  <source m_id="52" />
  <target m_id="63" />
</CROSS_DOC_COREF>
<CROSS_DOC_COREF r_id="41306" note="ACT18006419091410479" >
  <source m_id="48" />
  <source m_id="9" />
  <source m_id="15" />
  <target m_id="64" />
</CROSS_DOC_COREF>
<CROSS_DOC_COREF r_id="41307" note="ACT18006833576304985" >
  <source m_id="43" />
  <target m_id="65" />
</CROSS_DOC_COREF>
<CROSS_DOC_COREF r_id="41308" note="ACT18007234386480781" >
  <source m_id="8" />
  <source m_id="14" />
  <source m_id="11" />
  <target m_id="66" />
</CROSS_DOC_COREF>
<CROSS_DOC_COREF r_id="41309" note="ACT18006370986223288" >
  <source m_id="7" />
  <source m_id="16" />
  <target m_id="67" />
</CROSS_DOC_COREF>
<CROSS_DOC_COREF r_id="41310" note="ACT18006456740754703" >
  <source m_id="51" />
  <source m_id="30" />
  <target m_id="68" />
</CROSS_DOC_COREF>
<CROSS_DOC_COREF r_id="41311" note="LOC18616597438078112" >
  <source m_id="54" />
  <target m_id="69" />
</CROSS_DOC_COREF>
<CROSS_DOC_COREF r_id="41312" note="ACT18007093335618632" >
  <source m_id="42" />
  <source m_id="40" />
  <target m_id="70" />
</CROSS_DOC_COREF>
<CROSS_DOC_COREF r_id="41313" note="HUM18048481960258753" >
  <source m_id="21" />
  <source m_id="1" />
  <source m_id="4" />
  <source m_id="3" />
  <source m_id="19" />
  <target m_id="71" />
</CROSS_DOC_COREF>
<CROSS_DOC_COREF r_id="41314" note="ACT18008407407675237" >
  <source m_id="45" />
  <target m_id="72" />
</CROSS_DOC_COREF>
<CROSS_DOC_COREF r_id="41315" note="LOC18048603777329683" >
  <source m_id="29" />
  <target m_id="73" />
</CROSS_DOC_COREF>
<CROSS_DOC_COREF r_id="41316" note="NON18049749966366568" >
  <source m_id="26" />
  <target m_id="74" />
</CROSS_DOC_COREF>

</Relations>
</Document>
