<Document doc_name="21_5ecb.xml" doc_id="DOC15654565274074483">
<token t_id="1" sentence="0" number="0">Man</token>
<token t_id="2" sentence="0" number="1">charged</token>
<token t_id="3" sentence="0" number="2">in</token>
<token t_id="4" sentence="0" number="3">fatal</token>
<token t_id="5" sentence="0" number="4">Bloomington</token>
<token t_id="6" sentence="0" number="5">hit</token>
<token t_id="7" sentence="0" number="6">and</token>
<token t_id="8" sentence="0" number="7">run</token>
<token t_id="9" sentence="1" number="0">The</token>
<token t_id="10" sentence="1" number="1">man</token>
<token t_id="11" sentence="1" number="2">police</token>
<token t_id="12" sentence="1" number="3">say</token>
<token t_id="13" sentence="1" number="4">is</token>
<token t_id="14" sentence="1" number="5">behind</token>
<token t_id="15" sentence="1" number="6">a</token>
<token t_id="16" sentence="1" number="7">fatal</token>
<token t_id="17" sentence="1" number="8">hit</token>
<token t_id="18" sentence="1" number="9">and</token>
<token t_id="19" sentence="1" number="10">run</token>
<token t_id="20" sentence="1" number="11">outside</token>
<token t_id="21" sentence="1" number="12">a</token>
<token t_id="22" sentence="1" number="13">Sam</token>
<token t_id="23" sentence="1" number="14">'s</token>
<token t_id="24" sentence="1" number="15">Club</token>
<token t_id="25" sentence="1" number="16">store</token>
<token t_id="26" sentence="1" number="17">in</token>
<token t_id="27" sentence="1" number="18">Bloomington</token>
<token t_id="28" sentence="1" number="19">,</token>
<token t_id="29" sentence="1" number="20">now</token>
<token t_id="30" sentence="1" number="21">faces</token>
<token t_id="31" sentence="1" number="22">a</token>
<token t_id="32" sentence="1" number="23">murder</token>
<token t_id="33" sentence="1" number="24">charge</token>
<token t_id="34" sentence="1" number="25">.</token>
<token t_id="35" sentence="2" number="0">The</token>
<token t_id="36" sentence="2" number="1">Hennepin</token>
<token t_id="37" sentence="2" number="2">County</token>
<token t_id="38" sentence="2" number="3">attorney</token>
<token t_id="39" sentence="2" number="4">'s</token>
<token t_id="40" sentence="2" number="5">office</token>
<token t_id="41" sentence="2" number="6">handed</token>
<token t_id="42" sentence="2" number="7">down</token>
<token t_id="43" sentence="2" number="8">charges</token>
<token t_id="44" sentence="2" number="9">to</token>
<token t_id="45" sentence="2" number="10">Anthony</token>
<token t_id="46" sentence="2" number="11">Phillip</token>
<token t_id="47" sentence="2" number="12">Lasalle</token>
<token t_id="48" sentence="2" number="13">Friday</token>
<token t_id="49" sentence="2" number="14">,</token>
<token t_id="50" sentence="2" number="15">which</token>
<token t_id="51" sentence="2" number="16">include</token>
<token t_id="52" sentence="2" number="17">one</token>
<token t_id="53" sentence="2" number="18">count</token>
<token t_id="54" sentence="2" number="19">of</token>
<token t_id="55" sentence="2" number="20">third-degree</token>
<token t_id="56" sentence="2" number="21">murder</token>
<token t_id="57" sentence="2" number="22">and</token>
<token t_id="58" sentence="2" number="23">three</token>
<token t_id="59" sentence="2" number="24">counts</token>
<token t_id="60" sentence="2" number="25">of</token>
<token t_id="61" sentence="2" number="26">criminal</token>
<token t_id="62" sentence="2" number="27">vehicular</token>
<token t_id="63" sentence="2" number="28">homicide</token>
<token t_id="64" sentence="2" number="29">.</token>
<token t_id="65" sentence="3" number="0">Police</token>
<token t_id="66" sentence="3" number="1">said</token>
<token t_id="67" sentence="3" number="2">66-year-old</token>
<token t_id="68" sentence="3" number="3">LuAnn</token>
<token t_id="69" sentence="3" number="4">Marie</token>
<token t_id="70" sentence="3" number="5">Johnson</token>
<token t_id="71" sentence="3" number="6">,</token>
<token t_id="72" sentence="3" number="7">of</token>
<token t_id="73" sentence="3" number="8">Burnsville</token>
<token t_id="74" sentence="3" number="9">,</token>
<token t_id="75" sentence="3" number="10">was</token>
<token t_id="76" sentence="3" number="11">with</token>
<token t_id="77" sentence="3" number="12">her</token>
<token t_id="78" sentence="3" number="13">husband</token>
<token t_id="79" sentence="3" number="14">when</token>
<token t_id="80" sentence="3" number="15">she</token>
<token t_id="81" sentence="3" number="16">was</token>
<token t_id="82" sentence="3" number="17">struck</token>
<token t_id="83" sentence="3" number="18">in</token>
<token t_id="84" sentence="3" number="19">the</token>
<token t_id="85" sentence="3" number="20">crosswalk</token>
<token t_id="86" sentence="3" number="21">outside</token>
<token t_id="87" sentence="3" number="22">the</token>
<token t_id="88" sentence="3" number="23">store</token>
<token t_id="89" sentence="3" number="24">,</token>
<token t_id="90" sentence="3" number="25">located</token>
<token t_id="91" sentence="3" number="26">at</token>
<token t_id="92" sentence="3" number="27">200</token>
<token t_id="93" sentence="3" number="28">West</token>
<token t_id="94" sentence="3" number="29">American</token>
<token t_id="95" sentence="3" number="30">Boulevard</token>
<token t_id="96" sentence="3" number="31">,</token>
<token t_id="97" sentence="3" number="32">around</token>
<token t_id="98" sentence="3" number="33">7</token>
<token t_id="99" sentence="3" number="34">p.m.</token>
<token t_id="100" sentence="3" number="35">Wednesday</token>
<token t_id="101" sentence="3" number="36">.</token>
<token t_id="102" sentence="4" number="0">Paramedics</token>
<token t_id="103" sentence="4" number="1">rushed</token>
<token t_id="104" sentence="4" number="2">Johnson</token>
<token t_id="105" sentence="4" number="3">to</token>
<token t_id="106" sentence="4" number="4">Hennepin</token>
<token t_id="107" sentence="4" number="5">County</token>
<token t_id="108" sentence="4" number="6">Medical</token>
<token t_id="109" sentence="4" number="7">Center</token>
<token t_id="110" sentence="4" number="8">where</token>
<token t_id="111" sentence="4" number="9">she</token>
<token t_id="112" sentence="4" number="10">died</token>
<token t_id="113" sentence="4" number="11">.</token>
<token t_id="114" sentence="5" number="0">``</token>
<token t_id="115" sentence="5" number="1">Kind</token>
<token t_id="116" sentence="5" number="2">,</token>
<token t_id="117" sentence="5" number="3">gentle</token>
<token t_id="118" sentence="5" number="4">,</token>
<token t_id="119" sentence="5" number="5">Christian</token>
<token t_id="120" sentence="5" number="6">,</token>
<token t_id="121" sentence="5" number="7">loved</token>
<token t_id="122" sentence="5" number="8">the</token>
<token t_id="123" sentence="5" number="9">Lord</token>
<token t_id="124" sentence="5" number="10">,</token>
<token t_id="125" sentence="5" number="11">and</token>
<token t_id="126" sentence="5" number="12">she</token>
<token t_id="127" sentence="5" number="13">'s</token>
<token t_id="128" sentence="5" number="14">better</token>
<token t_id="129" sentence="5" number="15">off</token>
<token t_id="130" sentence="5" number="16">where</token>
<token t_id="131" sentence="5" number="17">she</token>
<token t_id="132" sentence="5" number="18">is</token>
<token t_id="133" sentence="5" number="19">now</token>
<token t_id="134" sentence="5" number="20">,</token>
<token t_id="135" sentence="5" number="21">''</token>
<token t_id="136" sentence="5" number="22">said</token>
<token t_id="137" sentence="5" number="23">Lois</token>
<token t_id="138" sentence="5" number="24">Scholz</token>
<token t_id="139" sentence="5" number="25">,</token>
<token t_id="140" sentence="5" number="26">a</token>
<token t_id="141" sentence="5" number="27">friend</token>
<token t_id="142" sentence="5" number="28">of</token>
<token t_id="143" sentence="5" number="29">LuAnn</token>
<token t_id="144" sentence="5" number="30">'s</token>
<token t_id="145" sentence="5" number="31">.</token>
<token t_id="146" sentence="6" number="0">Scholz</token>
<token t_id="147" sentence="6" number="1">lives</token>
<token t_id="148" sentence="6" number="2">across</token>
<token t_id="149" sentence="6" number="3">the</token>
<token t_id="150" sentence="6" number="4">hall</token>
<token t_id="151" sentence="6" number="5">from</token>
<token t_id="152" sentence="6" number="6">LuAnn</token>
<token t_id="153" sentence="6" number="7">and</token>
<token t_id="154" sentence="6" number="8">her</token>
<token t_id="155" sentence="6" number="9">husband</token>
<token t_id="156" sentence="6" number="10">Leroy</token>
<token t_id="157" sentence="6" number="11">.</token>
<token t_id="158" sentence="7" number="0">``</token>
<token t_id="159" sentence="7" number="1">Leroy</token>
<token t_id="160" sentence="7" number="2">was</token>
<token t_id="161" sentence="7" number="3">blessed</token>
<token t_id="162" sentence="7" number="4">and</token>
<token t_id="163" sentence="7" number="5">he</token>
<token t_id="164" sentence="7" number="6">'s</token>
<token t_id="165" sentence="7" number="7">comfortable</token>
<token t_id="166" sentence="7" number="8">with</token>
<token t_id="167" sentence="7" number="9">this</token>
<token t_id="168" sentence="7" number="10">,</token>
<token t_id="169" sentence="7" number="11">''</token>
<token t_id="170" sentence="7" number="12">Scholz</token>
<token t_id="171" sentence="7" number="13">said</token>
<token t_id="172" sentence="7" number="14">.</token>
<token t_id="173" sentence="8" number="0">``</token>
<token t_id="174" sentence="8" number="1">I</token>
<token t_id="175" sentence="8" number="2">talked</token>
<token t_id="176" sentence="8" number="3">with</token>
<token t_id="177" sentence="8" number="4">him</token>
<token t_id="178" sentence="8" number="5">and</token>
<token t_id="179" sentence="8" number="6">he</token>
<token t_id="180" sentence="8" number="7">'s</token>
<token t_id="181" sentence="8" number="8">very</token>
<token t_id="182" sentence="8" number="9">at</token>
<token t_id="183" sentence="8" number="10">peace</token>
<token t_id="184" sentence="8" number="11">with</token>
<token t_id="185" sentence="8" number="12">the</token>
<token t_id="186" sentence="8" number="13">idea</token>
<token t_id="187" sentence="8" number="14">that</token>
<token t_id="188" sentence="8" number="15">she</token>
<token t_id="189" sentence="8" number="16">'s</token>
<token t_id="190" sentence="8" number="17">with</token>
<token t_id="191" sentence="8" number="18">the</token>
<token t_id="192" sentence="8" number="19">Lord</token>
<token t_id="193" sentence="8" number="20">.</token>
<token t_id="194" sentence="8" number="21">''</token>
<token t_id="195" sentence="9" number="0">After</token>
<token t_id="196" sentence="9" number="1">a</token>
<token t_id="197" sentence="9" number="2">struggle</token>
<token t_id="198" sentence="9" number="3">,</token>
<token t_id="199" sentence="9" number="4">officers</token>
<token t_id="200" sentence="9" number="5">were</token>
<token t_id="201" sentence="9" number="6">able</token>
<token t_id="202" sentence="9" number="7">to</token>
<token t_id="203" sentence="9" number="8">apprehend</token>
<token t_id="204" sentence="9" number="9">the</token>
<token t_id="205" sentence="9" number="10">Bloomington</token>
<token t_id="206" sentence="9" number="11">man</token>
<token t_id="207" sentence="9" number="12">a</token>
<token t_id="208" sentence="9" number="13">few</token>
<token t_id="209" sentence="9" number="14">blocks</token>
<token t_id="210" sentence="9" number="15">away</token>
<token t_id="211" sentence="9" number="16">from</token>
<token t_id="212" sentence="9" number="17">the</token>
<token t_id="213" sentence="9" number="18">scene</token>
<token t_id="214" sentence="9" number="19">,</token>
<token t_id="215" sentence="9" number="20">by</token>
<token t_id="216" sentence="9" number="21">using</token>
<token t_id="217" sentence="9" number="22">a</token>
<token t_id="218" sentence="9" number="23">taser</token>
<token t_id="219" sentence="9" number="24">.</token>
<token t_id="220" sentence="10" number="0">During</token>
<token t_id="221" sentence="10" number="1">his</token>
<token t_id="222" sentence="10" number="2">flee</token>
<token t_id="223" sentence="10" number="3">,</token>
<token t_id="224" sentence="10" number="4">Lasalle</token>
<token t_id="225" sentence="10" number="5">struck</token>
<token t_id="226" sentence="10" number="6">two</token>
<token t_id="227" sentence="10" number="7">other</token>
<token t_id="228" sentence="10" number="8">vehicles</token>
<token t_id="229" sentence="10" number="9">,</token>
<token t_id="230" sentence="10" number="10">but</token>
<token t_id="231" sentence="10" number="11">no</token>
<token t_id="232" sentence="10" number="12">one</token>
<token t_id="233" sentence="10" number="13">was</token>
<token t_id="234" sentence="10" number="14">injured</token>
<token t_id="235" sentence="10" number="15">,</token>
<token t_id="236" sentence="10" number="16">according</token>
<token t_id="237" sentence="10" number="17">to</token>
<token t_id="238" sentence="10" number="18">authorities</token>
<token t_id="239" sentence="10" number="19">.</token>
<token t_id="240" sentence="11" number="0">According</token>
<token t_id="241" sentence="11" number="1">to</token>
<token t_id="242" sentence="11" number="2">the</token>
<token t_id="243" sentence="11" number="3">criminal</token>
<token t_id="244" sentence="11" number="4">complaint</token>
<token t_id="245" sentence="11" number="5">,</token>
<token t_id="246" sentence="11" number="6">Lasalle</token>
<token t_id="247" sentence="11" number="7">was</token>
<token t_id="248" sentence="11" number="8">transported</token>
<token t_id="249" sentence="11" number="9">to</token>
<token t_id="250" sentence="11" number="10">Fairview</token>
<token t_id="251" sentence="11" number="11">Southdale</token>
<token t_id="252" sentence="11" number="12">Hospital</token>
<token t_id="253" sentence="11" number="13">to</token>
<token t_id="254" sentence="11" number="14">be</token>
<token t_id="255" sentence="11" number="15">treated</token>
<token t_id="256" sentence="11" number="16">for</token>
<token t_id="257" sentence="11" number="17">his</token>
<token t_id="258" sentence="11" number="18">injures</token>
<token t_id="259" sentence="11" number="19">he</token>
<token t_id="260" sentence="11" number="20">sustained</token>
<token t_id="261" sentence="11" number="21">during</token>
<token t_id="262" sentence="11" number="22">his</token>
<token t_id="263" sentence="11" number="23">apprehension</token>
<token t_id="264" sentence="11" number="24">.</token>
<token t_id="265" sentence="12" number="0">He</token>
<token t_id="266" sentence="12" number="1">also</token>
<token t_id="267" sentence="12" number="2">had</token>
<token t_id="268" sentence="12" number="3">blood</token>
<token t_id="269" sentence="12" number="4">drawn</token>
<token t_id="270" sentence="12" number="5">,</token>
<token t_id="271" sentence="12" number="6">which</token>
<token t_id="272" sentence="12" number="7">was</token>
<token t_id="273" sentence="12" number="8">tested</token>
<token t_id="274" sentence="12" number="9">,</token>
<token t_id="275" sentence="12" number="10">and</token>
<token t_id="276" sentence="12" number="11">resulted</token>
<token t_id="277" sentence="12" number="12">in</token>
<token t_id="278" sentence="12" number="13">showing</token>
<token t_id="279" sentence="12" number="14">his</token>
<token t_id="280" sentence="12" number="15">blood-alcohol</token>
<token t_id="281" sentence="12" number="16">level</token>
<token t_id="282" sentence="12" number="17">was</token>
<token t_id="283" sentence="12" number="18">.41</token>
<token t_id="284" sentence="12" number="19">.</token>
<token t_id="285" sentence="13" number="0">Lasalle</token>
<token t_id="286" sentence="13" number="1">told</token>
<token t_id="287" sentence="13" number="2">police</token>
<token t_id="288" sentence="13" number="3">he</token>
<token t_id="289" sentence="13" number="4">had</token>
<token t_id="290" sentence="13" number="5">drank</token>
<token t_id="291" sentence="13" number="6">a</token>
<token t_id="292" sentence="13" number="7">half-liter</token>
<token t_id="293" sentence="13" number="8">of</token>
<token t_id="294" sentence="13" number="9">vodka</token>
<token t_id="295" sentence="13" number="10">before</token>
<token t_id="296" sentence="13" number="11">driving</token>
<token t_id="297" sentence="13" number="12">to</token>
<token t_id="298" sentence="13" number="13">Sam</token>
<token t_id="299" sentence="13" number="14">'s</token>
<token t_id="300" sentence="13" number="15">Club</token>
<token t_id="301" sentence="13" number="16">.</token>
<token t_id="302" sentence="14" number="0">He</token>
<token t_id="303" sentence="14" number="1">also</token>
<token t_id="304" sentence="14" number="2">admitted</token>
<token t_id="305" sentence="14" number="3">that</token>
<token t_id="306" sentence="14" number="4">he</token>
<token t_id="307" sentence="14" number="5">knew</token>
<token t_id="308" sentence="14" number="6">he</token>
<token t_id="309" sentence="14" number="7">had</token>
<token t_id="310" sentence="14" number="8">hit</token>
<token t_id="311" sentence="14" number="9">someone</token>
<token t_id="312" sentence="14" number="10">and</token>
<token t_id="313" sentence="14" number="11">was</token>
<token t_id="314" sentence="14" number="12">required</token>
<token t_id="315" sentence="14" number="13">to</token>
<token t_id="316" sentence="14" number="14">stop</token>
<token t_id="317" sentence="14" number="15">.</token>
<token t_id="318" sentence="15" number="0">However</token>
<token t_id="319" sentence="15" number="1">,</token>
<token t_id="320" sentence="15" number="2">he</token>
<token t_id="321" sentence="15" number="3">told</token>
<token t_id="322" sentence="15" number="4">officials</token>
<token t_id="323" sentence="15" number="5">that</token>
<token t_id="324" sentence="15" number="6">because</token>
<token t_id="325" sentence="15" number="7">he</token>
<token t_id="326" sentence="15" number="8">was</token>
<token t_id="327" sentence="15" number="9">drunk</token>
<token t_id="328" sentence="15" number="10">,</token>
<token t_id="329" sentence="15" number="11">it</token>
<token t_id="330" sentence="15" number="12">affected</token>
<token t_id="331" sentence="15" number="13">his</token>
<token t_id="332" sentence="15" number="14">decision</token>
<token t_id="333" sentence="15" number="15">to</token>
<token t_id="334" sentence="15" number="16">leave</token>
<token t_id="335" sentence="15" number="17">the</token>
<token t_id="336" sentence="15" number="18">scene</token>
<token t_id="337" sentence="15" number="19">.</token>
<token t_id="338" sentence="16" number="0">State</token>
<token t_id="339" sentence="16" number="1">records</token>
<token t_id="340" sentence="16" number="2">show</token>
<token t_id="341" sentence="16" number="3">Lasalle</token>
<token t_id="342" sentence="16" number="4">has</token>
<token t_id="343" sentence="16" number="5">three</token>
<token t_id="344" sentence="16" number="6">prior</token>
<token t_id="345" sentence="16" number="7">DUI</token>
<token t_id="346" sentence="16" number="8">convictions</token>
<token t_id="347" sentence="16" number="9">,</token>
<token t_id="348" sentence="16" number="10">spanning</token>
<token t_id="349" sentence="16" number="11">from</token>
<token t_id="350" sentence="16" number="12">1990</token>
<token t_id="351" sentence="16" number="13">to</token>
<token t_id="352" sentence="16" number="14">1991</token>
<token t_id="353" sentence="16" number="15">.</token>
<token t_id="354" sentence="17" number="0">He</token>
<token t_id="355" sentence="17" number="1">also</token>
<token t_id="356" sentence="17" number="2">has</token>
<token t_id="357" sentence="17" number="3">two</token>
<token t_id="358" sentence="17" number="4">motor</token>
<token t_id="359" sentence="17" number="5">vehicle</token>
<token t_id="360" sentence="17" number="6">theft</token>
<token t_id="361" sentence="17" number="7">convictions</token>
<token t_id="362" sentence="17" number="8">.</token>
<token t_id="363" sentence="18" number="0">Lasalle</token>
<token t_id="364" sentence="18" number="1">is</token>
<token t_id="365" sentence="18" number="2">in</token>
<token t_id="366" sentence="18" number="3">custody</token>
<token t_id="367" sentence="18" number="4">.</token>
<token t_id="368" sentence="19" number="0">If</token>
<token t_id="369" sentence="19" number="1">convicted</token>
<token t_id="370" sentence="19" number="2">,</token>
<token t_id="371" sentence="19" number="3">he</token>
<token t_id="372" sentence="19" number="4">faces</token>
<token t_id="373" sentence="19" number="5">up</token>
<token t_id="374" sentence="19" number="6">to</token>
<token t_id="375" sentence="19" number="7">55</token>
<token t_id="376" sentence="19" number="8">years</token>
<token t_id="377" sentence="19" number="9">in</token>
<token t_id="378" sentence="19" number="10">prison</token>
<token t_id="379" sentence="19" number="11">,</token>
<token t_id="380" sentence="19" number="12">a</token>
<token t_id="381" sentence="19" number="13">$</token>
<token t_id="382" sentence="19" number="14">60,000</token>
<token t_id="383" sentence="19" number="15">fine</token>
<token t_id="384" sentence="19" number="16">,</token>
<token t_id="385" sentence="19" number="17">or</token>
<token t_id="386" sentence="19" number="18">both</token>
<token t_id="387" sentence="19" number="19">.</token>
<Markables>
<ACTION_REPORTING m_id="11"  >
  <token_anchor t_id="12"/>
</ACTION_REPORTING>
<ACTION_REPORTING m_id="13"  >
  <token_anchor t_id="30"/>
</ACTION_REPORTING>
<HUMAN_PART_PER m_id="9"  >
  <token_anchor t_id="10"/>
</HUMAN_PART_PER>
<HUMAN_PART_PER m_id="10"  >
  <token_anchor t_id="11"/>
</HUMAN_PART_PER>
<LOC_FAC m_id="15"  >
  <token_anchor t_id="20"/>
  <token_anchor t_id="21"/>
  <token_anchor t_id="22"/>
  <token_anchor t_id="23"/>
  <token_anchor t_id="24"/>
  <token_anchor t_id="25"/>
  <token_anchor t_id="26"/>
  <token_anchor t_id="27"/>
</LOC_FAC>
<NON_HUMAN_PART m_id="14"  >
  <token_anchor t_id="33"/>
</NON_HUMAN_PART>


<ACTION_OCCURRENCE m_id="16" note="byCROMER" >
  <token_anchor t_id="32"/>
</ACTION_OCCURRENCE>
<ACTION_OCCURRENCE m_id="18" note="byCROMER" >
  <token_anchor t_id="17"/>
  <token_anchor t_id="18"/>
  <token_anchor t_id="19"/>
</ACTION_OCCURRENCE>


<LOC_FAC m_id="24" RELATED_TO="" TAG_DESCRIPTOR="t21b_outside_store" instance_id="LOC18234736198347328" />
<HUMAN_PART_PER m_id="23" RELATED_TO="" TAG_DESCRIPTOR="t21b_motorist" instance_id="HUM18234651370409589" />
<HUMAN_PART_PER m_id="22" RELATED_TO="" TAG_DESCRIPTOR="t21b_police" instance_id="HUM18234782348743377" />
<ACTION_OCCURRENCE m_id="21" RELATED_TO="" TAG_DESCRIPTOR="t21b_struck" instance_id="ACT18234626597278210" />
<ACTION_OCCURRENCE m_id="19" RELATED_TO="" TAG_DESCRIPTOR="t21b_hit_run_accident" instance_id="ACT27330581162573787" />
<ACTION_OCCURRENCE m_id="20" RELATED_TO="" TAG_DESCRIPTOR="t21b_first_degree_murder_charge" instance_id="ACT27329909134033054" />
</Markables>

<Relations>
<CROSS_DOC_COREF r_id="33120" note="ACT27330581162573787" >
  <source m_id="18" />
  <target m_id="19" />
</CROSS_DOC_COREF>
<CROSS_DOC_COREF r_id="33121" note="ACT27329909134033054" >
  <source m_id="16" />
  <target m_id="20" />
</CROSS_DOC_COREF>
<CROSS_DOC_COREF r_id="33122" note="ACT18234626597278210" >
  <target m_id="21" />
</CROSS_DOC_COREF>
<CROSS_DOC_COREF r_id="33123" note="HUM18234782348743377" >
  <source m_id="10" />
  <target m_id="22" />
</CROSS_DOC_COREF>
<CROSS_DOC_COREF r_id="33124" note="HUM18234651370409589" >
  <source m_id="9" />
  <target m_id="23" />
</CROSS_DOC_COREF>
<CROSS_DOC_COREF r_id="33125" note="LOC18234736198347328" >
  <source m_id="15" />
  <target m_id="24" />
</CROSS_DOC_COREF>

</Relations>
</Document>
