<Document doc_name="21_5ecbplus.xml" doc_id="DOC15646295410594259">
<token t_id="1" sentence="0" number="0">http</token>
<token t_id="2" sentence="0" number="1">:</token>
<token t_id="3" sentence="0" number="2">/</token>
<token t_id="4" sentence="0" number="3">/</token>
<token t_id="5" sentence="0" number="4">www</token>
<token t_id="6" sentence="0" number="5">.</token>
<token t_id="7" sentence="0" number="6">dnainfo</token>
<token t_id="8" sentence="0" number="7">.</token>
<token t_id="9" sentence="0" number="8">com</token>
<token t_id="10" sentence="0" number="9">/</token>
<token t_id="11" sentence="0" number="10">new</token>
<token t_id="12" sentence="0" number="11">-</token>
<token t_id="13" sentence="0" number="12">york</token>
<token t_id="14" sentence="0" number="13">/</token>
<token t_id="15" sentence="0" number="14">20130914</token>
<token t_id="16" sentence="0" number="15">/</token>
<token t_id="17" sentence="0" number="16">richmond</token>
<token t_id="18" sentence="0" number="17">-</token>
<token t_id="19" sentence="0" number="18">hill</token>
<token t_id="20" sentence="0" number="19">/</token>
<token t_id="21" sentence="0" number="20">woman</token>
<token t_id="22" sentence="0" number="21">-</token>
<token t_id="23" sentence="0" number="22">killed</token>
<token t_id="24" sentence="0" number="23">-</token>
<token t_id="25" sentence="0" number="24">queens</token>
<token t_id="26" sentence="0" number="25">-</token>
<token t_id="27" sentence="0" number="26">hit</token>
<token t_id="28" sentence="0" number="27">-</token>
<token t_id="29" sentence="0" number="28">and</token>
<token t_id="30" sentence="0" number="29">-</token>
<token t_id="31" sentence="0" number="30">run</token>
<token t_id="32" sentence="0" number="31">-</token>
<token t_id="33" sentence="0" number="32">police</token>
<token t_id="34" sentence="0" number="33">-</token>
<token t_id="35" sentence="0" number="34">arrest</token>
<token t_id="36" sentence="0" number="35">-</token>
<token t_id="37" sentence="0" number="36">allegedly</token>
<token t_id="38" sentence="0" number="37">-</token>
<token t_id="39" sentence="0" number="38">drunk</token>
<token t_id="40" sentence="0" number="39">-</token>
<token t_id="41" sentence="0" number="40">driver</token>
<token t_id="42" sentence="1" number="0">Woman</token>
<token t_id="43" sentence="1" number="1">Killed</token>
<token t_id="44" sentence="1" number="2">in</token>
<token t_id="45" sentence="1" number="3">Queens</token>
<token t_id="46" sentence="1" number="4">Hit</token>
<token t_id="47" sentence="1" number="5">-</token>
<token t_id="48" sentence="1" number="6">And</token>
<token t_id="49" sentence="1" number="7">-</token>
<token t_id="50" sentence="1" number="8">Run</token>
<token t_id="51" sentence="1" number="9">,</token>
<token t_id="52" sentence="1" number="10">Police</token>
<token t_id="53" sentence="1" number="11">Arrest</token>
<token t_id="54" sentence="1" number="12">Allegedly</token>
<token t_id="55" sentence="1" number="13">Drunk</token>
<token t_id="56" sentence="1" number="14">Driver</token>
<token t_id="57" sentence="2" number="0">on</token>
<token t_id="58" sentence="2" number="1">September</token>
<token t_id="59" sentence="2" number="2">14</token>
<token t_id="60" sentence="2" number="3">,</token>
<token t_id="61" sentence="2" number="4">2013</token>
<token t_id="62" sentence="2" number="5">11</token>
<token t_id="63" sentence="2" number="6">:</token>
<token t_id="64" sentence="2" number="7">41am</token>
<token t_id="65" sentence="2" number="8">|</token>
<token t_id="66" sentence="2" number="9">Updated</token>
<token t_id="67" sentence="2" number="10">on</token>
<token t_id="68" sentence="2" number="11">September</token>
<token t_id="69" sentence="2" number="12">14</token>
<token t_id="70" sentence="2" number="13">,</token>
<token t_id="71" sentence="2" number="14">2013</token>
<token t_id="72" sentence="2" number="15">11</token>
<token t_id="73" sentence="2" number="16">:</token>
<token t_id="74" sentence="2" number="17">41am</token>
<token t_id="75" sentence="3" number="0">An</token>
<token t_id="76" sentence="3" number="1">allegedly</token>
<token t_id="77" sentence="3" number="2">intoxicated</token>
<token t_id="78" sentence="3" number="3">driver</token>
<token t_id="79" sentence="3" number="4">who</token>
<token t_id="80" sentence="3" number="5">tried</token>
<token t_id="81" sentence="3" number="6">to</token>
<token t_id="82" sentence="3" number="7">flee</token>
<token t_id="83" sentence="3" number="8">after</token>
<token t_id="84" sentence="3" number="9">striking</token>
<token t_id="85" sentence="3" number="10">and</token>
<token t_id="86" sentence="3" number="11">fatally</token>
<token t_id="87" sentence="3" number="12">injuring</token>
<token t_id="88" sentence="3" number="13">a</token>
<token t_id="89" sentence="3" number="14">woman</token>
<token t_id="90" sentence="3" number="15">in</token>
<token t_id="91" sentence="3" number="16">Queens</token>
<token t_id="92" sentence="3" number="17">has</token>
<token t_id="93" sentence="3" number="18">been</token>
<token t_id="94" sentence="3" number="19">charged</token>
<token t_id="95" sentence="3" number="20">in</token>
<token t_id="96" sentence="3" number="21">her</token>
<token t_id="97" sentence="3" number="22">murder</token>
<token t_id="98" sentence="3" number="23">,</token>
<token t_id="99" sentence="3" number="24">according</token>
<token t_id="100" sentence="3" number="25">to</token>
<token t_id="101" sentence="3" number="26">police</token>
<token t_id="102" sentence="3" number="27">.</token>
<token t_id="103" sentence="4" number="0">Police</token>
<token t_id="104" sentence="4" number="1">responded</token>
<token t_id="105" sentence="4" number="2">to</token>
<token t_id="106" sentence="4" number="3">the</token>
<token t_id="107" sentence="4" number="4">Richmond</token>
<token t_id="108" sentence="4" number="5">Hill</token>
<token t_id="109" sentence="4" number="6">crash</token>
<token t_id="110" sentence="4" number="7">on</token>
<token t_id="111" sentence="4" number="8">the</token>
<token t_id="112" sentence="4" number="9">corner</token>
<token t_id="113" sentence="4" number="10">of</token>
<token t_id="114" sentence="4" number="11">117th</token>
<token t_id="115" sentence="4" number="12">Street</token>
<token t_id="116" sentence="4" number="13">and</token>
<token t_id="117" sentence="4" number="14">97th</token>
<token t_id="118" sentence="4" number="15">Avenue</token>
<token t_id="119" sentence="4" number="16">at</token>
<token t_id="120" sentence="4" number="17">7</token>
<token t_id="121" sentence="4" number="18">:</token>
<token t_id="122" sentence="4" number="19">01</token>
<token t_id="123" sentence="4" number="20">p</token>
<token t_id="124" sentence="4" number="21">.</token>
<token t_id="125" sentence="4" number="22">m</token>
<token t_id="126" sentence="4" number="23">.</token>
<token t_id="127" sentence="4" number="24">on</token>
<token t_id="128" sentence="4" number="25">Friday</token>
<token t_id="129" sentence="4" number="26">to</token>
<token t_id="130" sentence="4" number="27">find</token>
<token t_id="131" sentence="4" number="28">the</token>
<token t_id="132" sentence="4" number="29">unconscious</token>
<token t_id="133" sentence="4" number="30">Raj</token>
<token t_id="134" sentence="4" number="31">K</token>
<token t_id="135" sentence="4" number="32">.</token>
<token t_id="136" sentence="4" number="33">Chohan</token>
<token t_id="137" sentence="4" number="34">,</token>
<token t_id="138" sentence="4" number="35">59</token>
<token t_id="139" sentence="4" number="36">,</token>
<token t_id="140" sentence="4" number="37">of</token>
<token t_id="141" sentence="4" number="38">College</token>
<token t_id="142" sentence="4" number="39">Point</token>
<token t_id="143" sentence="4" number="40">,</token>
<token t_id="144" sentence="4" number="41">lying</token>
<token t_id="145" sentence="4" number="42">in</token>
<token t_id="146" sentence="4" number="43">the</token>
<token t_id="147" sentence="4" number="44">roadway</token>
<token t_id="148" sentence="4" number="45">,</token>
<token t_id="149" sentence="4" number="46">the</token>
<token t_id="150" sentence="4" number="47">NYPD</token>
<token t_id="151" sentence="4" number="48">said</token>
<token t_id="152" sentence="4" number="49">.</token>
<token t_id="153" sentence="5" number="0">EMS</token>
<token t_id="154" sentence="5" number="1">crews</token>
<token t_id="155" sentence="5" number="2">rushed</token>
<token t_id="156" sentence="5" number="3">Chohan</token>
<token t_id="157" sentence="5" number="4">to</token>
<token t_id="158" sentence="5" number="5">Jamaica</token>
<token t_id="159" sentence="5" number="6">Hospital</token>
<token t_id="160" sentence="5" number="7">for</token>
<token t_id="161" sentence="5" number="8">treatment</token>
<token t_id="162" sentence="5" number="9">,</token>
<token t_id="163" sentence="5" number="10">where</token>
<token t_id="164" sentence="5" number="11">she</token>
<token t_id="165" sentence="5" number="12">was</token>
<token t_id="166" sentence="5" number="13">later</token>
<token t_id="167" sentence="5" number="14">pronounced</token>
<token t_id="168" sentence="5" number="15">dead</token>
<token t_id="169" sentence="5" number="16">.</token>
<token t_id="170" sentence="6" number="0">An</token>
<token t_id="171" sentence="6" number="1">initial</token>
<token t_id="172" sentence="6" number="2">investigation</token>
<token t_id="173" sentence="6" number="3">of</token>
<token t_id="174" sentence="6" number="4">the</token>
<token t_id="175" sentence="6" number="5">scene</token>
<token t_id="176" sentence="6" number="6">revealed</token>
<token t_id="177" sentence="6" number="7">that</token>
<token t_id="178" sentence="6" number="8">Chohan</token>
<token t_id="179" sentence="6" number="9">had</token>
<token t_id="180" sentence="6" number="10">been</token>
<token t_id="181" sentence="6" number="11">walking</token>
<token t_id="182" sentence="6" number="12">alongside</token>
<token t_id="183" sentence="6" number="13">the</token>
<token t_id="184" sentence="6" number="14">parked</token>
<token t_id="185" sentence="6" number="15">cars</token>
<token t_id="186" sentence="6" number="16">on</token>
<token t_id="187" sentence="6" number="17">117th</token>
<token t_id="188" sentence="6" number="18">Street</token>
<token t_id="189" sentence="6" number="19">when</token>
<token t_id="190" sentence="6" number="20">she</token>
<token t_id="191" sentence="6" number="21">was</token>
<token t_id="192" sentence="6" number="22">struck</token>
<token t_id="193" sentence="6" number="23">by</token>
<token t_id="194" sentence="6" number="24">a</token>
<token t_id="195" sentence="6" number="25">vehicle</token>
<token t_id="196" sentence="6" number="26">heading</token>
<token t_id="197" sentence="6" number="27">northbound</token>
<token t_id="198" sentence="6" number="28">,</token>
<token t_id="199" sentence="6" number="29">police</token>
<token t_id="200" sentence="6" number="30">said</token>
<token t_id="201" sentence="6" number="31">.</token>
<token t_id="202" sentence="7" number="0">The</token>
<token t_id="203" sentence="7" number="1">driver</token>
<token t_id="204" sentence="7" number="2">took</token>
<token t_id="205" sentence="7" number="3">off</token>
<token t_id="206" sentence="7" number="4">after</token>
<token t_id="207" sentence="7" number="5">the</token>
<token t_id="208" sentence="7" number="6">accident</token>
<token t_id="209" sentence="7" number="7">,</token>
<token t_id="210" sentence="7" number="8">but</token>
<token t_id="211" sentence="7" number="9">witnesses</token>
<token t_id="212" sentence="7" number="10">identified</token>
<token t_id="213" sentence="7" number="11">the</token>
<token t_id="214" sentence="7" number="12">vehicle</token>
<token t_id="215" sentence="7" number="13">as</token>
<token t_id="216" sentence="7" number="14">a</token>
<token t_id="217" sentence="7" number="15">grey</token>
<token t_id="218" sentence="7" number="16">2013</token>
<token t_id="219" sentence="7" number="17">Toyota</token>
<token t_id="220" sentence="7" number="18">Camry</token>
<token t_id="221" sentence="7" number="19">and</token>
<token t_id="222" sentence="7" number="20">Vishwanand</token>
<token t_id="223" sentence="7" number="21">Subryan</token>
<token t_id="224" sentence="7" number="22">,</token>
<token t_id="225" sentence="7" number="23">23</token>
<token t_id="226" sentence="7" number="24">,</token>
<token t_id="227" sentence="7" number="25">of</token>
<token t_id="228" sentence="7" number="26">Schenectady</token>
<token t_id="229" sentence="7" number="27">,</token>
<token t_id="230" sentence="7" number="28">was</token>
<token t_id="231" sentence="7" number="29">identified</token>
<token t_id="232" sentence="7" number="30">and</token>
<token t_id="233" sentence="7" number="31">arrested</token>
<token t_id="234" sentence="7" number="32">not</token>
<token t_id="235" sentence="7" number="33">far</token>
<token t_id="236" sentence="7" number="34">from</token>
<token t_id="237" sentence="7" number="35">the</token>
<token t_id="238" sentence="7" number="36">scene</token>
<token t_id="239" sentence="7" number="37">,</token>
<token t_id="240" sentence="7" number="38">police</token>
<token t_id="241" sentence="7" number="39">said</token>
<token t_id="242" sentence="7" number="40">.</token>
<token t_id="243" sentence="8" number="0">Subryan</token>
<token t_id="244" sentence="8" number="1">was</token>
<token t_id="245" sentence="8" number="2">charged</token>
<token t_id="246" sentence="8" number="3">with</token>
<token t_id="247" sentence="8" number="4">criminally</token>
<token t_id="248" sentence="8" number="5">negligent</token>
<token t_id="249" sentence="8" number="6">homicide</token>
<token t_id="250" sentence="8" number="7">,</token>
<token t_id="251" sentence="8" number="8">vehicular</token>
<token t_id="252" sentence="8" number="9">manslaughter</token>
<token t_id="253" sentence="8" number="10">,</token>
<token t_id="254" sentence="8" number="11">leaving</token>
<token t_id="255" sentence="8" number="12">the</token>
<token t_id="256" sentence="8" number="13">scene</token>
<token t_id="257" sentence="8" number="14">of</token>
<token t_id="258" sentence="8" number="15">an</token>
<token t_id="259" sentence="8" number="16">accident</token>
<token t_id="260" sentence="8" number="17">resulting</token>
<token t_id="261" sentence="8" number="18">in</token>
<token t_id="262" sentence="8" number="19">death</token>
<token t_id="263" sentence="8" number="20">,</token>
<token t_id="264" sentence="8" number="21">and</token>
<token t_id="265" sentence="8" number="22">driving</token>
<token t_id="266" sentence="8" number="23">while</token>
<token t_id="267" sentence="8" number="24">intoxicated</token>
<token t_id="268" sentence="8" number="25">.</token>
<token t_id="269" sentence="9" number="0">An</token>
<token t_id="270" sentence="9" number="1">investigation</token>
<token t_id="271" sentence="9" number="2">into</token>
<token t_id="272" sentence="9" number="3">the</token>
<token t_id="273" sentence="9" number="4">crime</token>
<token t_id="274" sentence="9" number="5">is</token>
<token t_id="275" sentence="9" number="6">still</token>
<token t_id="276" sentence="9" number="7">ongoing</token>
<token t_id="277" sentence="9" number="8">,</token>
<token t_id="278" sentence="9" number="9">police</token>
<token t_id="279" sentence="9" number="10">said</token>
<token t_id="280" sentence="9" number="11">.</token>
<Markables>
<ACTION_GENERIC m_id="46"  >
  <token_anchor t_id="267"/>
</ACTION_GENERIC>
<ACTION_GENERIC m_id="39"  >
  <token_anchor t_id="249"/>
</ACTION_GENERIC>
<ACTION_GENERIC m_id="40"  >
  <token_anchor t_id="252"/>
</ACTION_GENERIC>
<ACTION_GENERIC m_id="41"  >
  <token_anchor t_id="254"/>
</ACTION_GENERIC>
<ACTION_GENERIC m_id="42"  >
  <token_anchor t_id="259"/>
</ACTION_GENERIC>
<ACTION_GENERIC m_id="43"  >
  <token_anchor t_id="260"/>
</ACTION_GENERIC>
<ACTION_GENERIC m_id="44"  >
  <token_anchor t_id="262"/>
</ACTION_GENERIC>
<ACTION_GENERIC m_id="45"  >
  <token_anchor t_id="265"/>
</ACTION_GENERIC>
<ACTION_OCCURRENCE m_id="9"  >
  <token_anchor t_id="80"/>
</ACTION_OCCURRENCE>
<ACTION_OCCURRENCE m_id="10"  >
  <token_anchor t_id="82"/>
</ACTION_OCCURRENCE>
<ACTION_OCCURRENCE m_id="11"  >
  <token_anchor t_id="84"/>
</ACTION_OCCURRENCE>
<ACTION_OCCURRENCE m_id="12"  >
  <token_anchor t_id="87"/>
</ACTION_OCCURRENCE>
<ACTION_OCCURRENCE m_id="13"  >
  <token_anchor t_id="94"/>
</ACTION_OCCURRENCE>
<ACTION_OCCURRENCE m_id="14"  >
  <token_anchor t_id="97"/>
</ACTION_OCCURRENCE>
<ACTION_OCCURRENCE m_id="15"  >
  <token_anchor t_id="172"/>
</ACTION_OCCURRENCE>
<ACTION_OCCURRENCE m_id="16"  >
  <token_anchor t_id="176"/>
</ACTION_OCCURRENCE>
<ACTION_OCCURRENCE m_id="17"  >
  <token_anchor t_id="181"/>
</ACTION_OCCURRENCE>
<ACTION_OCCURRENCE m_id="18"  >
  <token_anchor t_id="192"/>
</ACTION_OCCURRENCE>
<ACTION_OCCURRENCE m_id="19"  >
  <token_anchor t_id="245"/>
</ACTION_OCCURRENCE>
<ACTION_OCCURRENCE m_id="27"  >
  <token_anchor t_id="196"/>
</ACTION_OCCURRENCE>
<ACTION_OCCURRENCE m_id="5"  >
  <token_anchor t_id="43"/>
</ACTION_OCCURRENCE>
<ACTION_OCCURRENCE m_id="6"  >
  <token_anchor t_id="46"/>
</ACTION_OCCURRENCE>
<ACTION_OCCURRENCE m_id="7"  >
  <token_anchor t_id="50"/>
</ACTION_OCCURRENCE>
<ACTION_OCCURRENCE m_id="8"  >
  <token_anchor t_id="53"/>
</ACTION_OCCURRENCE>
<ACTION_STATE m_id="29"  >
  <token_anchor t_id="55"/>
</ACTION_STATE>
<ACTION_STATE m_id="30"  >
  <token_anchor t_id="77"/>
</ACTION_STATE>
<HUMAN_PART_PER m_id="20"  >
  <token_anchor t_id="56"/>
</HUMAN_PART_PER>
<HUMAN_PART_PER m_id="21"  >
  <token_anchor t_id="89"/>
</HUMAN_PART_PER>
<HUMAN_PART_PER m_id="23"  >
  <token_anchor t_id="190"/>
</HUMAN_PART_PER>
<HUMAN_PART_PER m_id="1"  >
  <token_anchor t_id="42"/>
</HUMAN_PART_PER>
<HUMAN_PART_PER m_id="2"  >
  <token_anchor t_id="78"/>
</HUMAN_PART_PER>
<HUMAN_PART_PER m_id="3"  >
  <token_anchor t_id="178"/>
</HUMAN_PART_PER>
<HUMAN_PART_PER m_id="4"  >
  <token_anchor t_id="243"/>
</HUMAN_PART_PER>
<LOC_GEO m_id="25"  >
  <token_anchor t_id="44"/>
  <token_anchor t_id="45"/>
</LOC_GEO>
<LOC_GEO m_id="26"  >
  <token_anchor t_id="186"/>
  <token_anchor t_id="187"/>
  <token_anchor t_id="188"/>
</LOC_GEO>
<LOC_GEO m_id="31"  >
  <token_anchor t_id="90"/>
  <token_anchor t_id="91"/>
</LOC_GEO>
<TIME_OF_THE_DAY m_id="37"  >
  <token_anchor t_id="58"/>
  <token_anchor t_id="59"/>
  <token_anchor t_id="60"/>
  <token_anchor t_id="61"/>
  <token_anchor t_id="62"/>
  <token_anchor t_id="63"/>
  <token_anchor t_id="64"/>
</TIME_OF_THE_DAY>
<TIME_OF_THE_DAY m_id="38"  >
  <token_anchor t_id="68"/>
  <token_anchor t_id="69"/>
  <token_anchor t_id="70"/>
  <token_anchor t_id="71"/>
  <token_anchor t_id="72"/>
  <token_anchor t_id="73"/>
  <token_anchor t_id="74"/>
</TIME_OF_THE_DAY>


<NON_HUMAN_PART m_id="47" note="byCROMER" >
  <token_anchor t_id="195"/>
</NON_HUMAN_PART>
<HUMAN_PART_ORG m_id="48" note="byCROMER" >
  <token_anchor t_id="199"/>
</HUMAN_PART_ORG>
<LOC_OTHER m_id="49" note="byCROMER" >
  <token_anchor t_id="255"/>
  <token_anchor t_id="256"/>
</LOC_OTHER>
<HUMAN_PART_ORG m_id="50" note="byCROMER" >
  <token_anchor t_id="101"/>
</HUMAN_PART_ORG>
<HUMAN_PART_PER m_id="51" note="byCROMER" >
  <token_anchor t_id="96"/>
</HUMAN_PART_PER>
<ACTION_REPORTING m_id="52" note="byCROMER" >
  <token_anchor t_id="200"/>
</ACTION_REPORTING>


<LOC_OTHER m_id="69" RELATED_TO="" TAG_DESCRIPTOR="t21_generic_scene" instance_id="LOC18616597438078112" />
<ACTION_REPORTING m_id="68" RELATED_TO="" TAG_DESCRIPTOR="t21_police_said" instance_id="ACT18006456740754703" />
<ACTION_OCCURRENCE m_id="67" RELATED_TO="" TAG_DESCRIPTOR="t21_charged" instance_id="ACT18006370986223288" />
<ACTION_GENERIC m_id="66" RELATED_TO="" TAG_DESCRIPTOR="t21_driving" instance_id="ACT18007060435769386" />
<ACTION_GENERIC m_id="65" RELATED_TO="" TAG_DESCRIPTOR="t21_drunk" instance_id="ACT18006853519872681" />
<ACTION_STATE m_id="34" RELATED_TO="" TAG_DESCRIPTOR="intoxicated" />
<ACTION_OCCURRENCE m_id="64" RELATED_TO="" TAG_DESCRIPTOR="t21_hit" instance_id="ACT18007234386480781" />
<ACTION_GENERIC m_id="63" RELATED_TO="" TAG_DESCRIPTOR="t21_leaving" instance_id="ACT18006833576304985" />
<ACTION_OCCURRENCE m_id="62" RELATED_TO="" TAG_DESCRIPTOR="t21_fled" instance_id="ACT18006419091410479" />
<NON_HUMAN_PART m_id="61" RELATED_TO="" TAG_DESCRIPTOR="t21_car" instance_id="NON18048571524531961" />
<HUMAN_PART_ORG m_id="60" RELATED_TO="" TAG_DESCRIPTOR="t21_police" instance_id="HUM18048433979655900" />
<LOC_GEO m_id="74" RELATED_TO="" TAG_DESCRIPTOR="t21_crash_scene" instance_id="LOC18048603777329683" />
<ACTION_GENERIC m_id="73" RELATED_TO="" TAG_DESCRIPTOR="t21_resulting" instance_id="ACT18008407407675237" />
<HUMAN_PART_PER m_id="72" RELATED_TO="" TAG_DESCRIPTOR="t21_chohan" instance_id="HUM18048481960258753" />
<ACTION_OCCURRENCE m_id="71" RELATED_TO="" TAG_DESCRIPTOR="t21_walked" instance_id="ACT18006440933768460" />
<ACTION_GENERIC m_id="70" RELATED_TO="" TAG_DESCRIPTOR="t21_manslaughter" instance_id="ACT18007093335618632" />
<ACTION_GENERIC m_id="59" RELATED_TO="" TAG_DESCRIPTOR="t21_accident" instance_id="ACT18006496790984999" />
<ACTION_GENERIC m_id="58" RELATED_TO="" TAG_DESCRIPTOR="t21_death" instance_id="ACT18006711790458027" />
<ACTION_GENERIC m_id="57" RELATED_TO="" TAG_DESCRIPTOR="t21_homicide" instance_id="ACT18006519726581894" />
<ACTION_OCCURRENCE m_id="56" RELATED_TO="" TAG_DESCRIPTOR="t21_killed" instance_id="ACT18006431002286049" />
<LOC_GEO m_id="55" RELATED_TO="" TAG_DESCRIPTOR="t21_queens" instance_id="LOC18048554549072991" />
<HUMAN_PART_PER m_id="54" RELATED_TO="" TAG_DESCRIPTOR="t21_subryan" instance_id="HUM18048451299991743" />
<ACTION_OCCURRENCE m_id="53" RELATED_TO="" TAG_DESCRIPTOR="t21_arrested" instance_id="ACT18006406730977660" />
</Markables>

<Relations>
<INTRA_DOC_COREF r_id="40581" >
<source m_id="29" />
<source m_id="30" />
<target m_id="34" />
</INTRA_DOC_COREF>
<CROSS_DOC_COREF r_id="41299" note="ACT18006406730977660" >
  <source m_id="8" />
  <target m_id="53" />
</CROSS_DOC_COREF>
<CROSS_DOC_COREF r_id="41300" note="HUM18048451299991743" >
  <source m_id="2" />
  <source m_id="20" />
  <source m_id="4" />
  <target m_id="54" />
</CROSS_DOC_COREF>
<CROSS_DOC_COREF r_id="41301" note="LOC18048554549072991" >
  <source m_id="31" />
  <source m_id="25" />
  <target m_id="55" />
</CROSS_DOC_COREF>
<CROSS_DOC_COREF r_id="41302" note="ACT18006431002286049" >
  <source m_id="5" />
  <source m_id="12" />
  <source m_id="14" />
  <target m_id="56" />
</CROSS_DOC_COREF>
<CROSS_DOC_COREF r_id="41303" note="ACT18006519726581894" >
  <source m_id="39" />
  <target m_id="57" />
</CROSS_DOC_COREF>
<CROSS_DOC_COREF r_id="41304" note="ACT18006711790458027" >
  <source m_id="44" />
  <target m_id="58" />
</CROSS_DOC_COREF>
<CROSS_DOC_COREF r_id="41305" note="ACT18006496790984999" >
  <source m_id="42" />
  <target m_id="59" />
</CROSS_DOC_COREF>
<CROSS_DOC_COREF r_id="41306" note="HUM18048433979655900" >
  <source m_id="48" />
  <source m_id="50" />
  <target m_id="60" />
</CROSS_DOC_COREF>
<CROSS_DOC_COREF r_id="41307" note="NON18048571524531961" >
  <source m_id="47" />
  <target m_id="61" />
</CROSS_DOC_COREF>
<CROSS_DOC_COREF r_id="41308" note="ACT18006419091410479" >
  <source m_id="10" />
  <source m_id="7" />
  <target m_id="62" />
</CROSS_DOC_COREF>
<CROSS_DOC_COREF r_id="41309" note="ACT18006833576304985" >
  <source m_id="41" />
  <target m_id="63" />
</CROSS_DOC_COREF>
<CROSS_DOC_COREF r_id="41310" note="ACT18007234386480781" >
  <source m_id="18" />
  <source m_id="11" />
  <source m_id="6" />
  <target m_id="64" />
</CROSS_DOC_COREF>
<CROSS_DOC_COREF r_id="41311" note="ACT18006853519872681" >
  <source m_id="46" />
  <target m_id="65" />
</CROSS_DOC_COREF>
<CROSS_DOC_COREF r_id="41312" note="ACT18007060435769386" >
  <source m_id="45" />
  <target m_id="66" />
</CROSS_DOC_COREF>
<CROSS_DOC_COREF r_id="41313" note="ACT18006370986223288" >
  <source m_id="19" />
  <source m_id="13" />
  <target m_id="67" />
</CROSS_DOC_COREF>
<CROSS_DOC_COREF r_id="41314" note="ACT18006456740754703" >
  <source m_id="52" />
  <target m_id="68" />
</CROSS_DOC_COREF>
<CROSS_DOC_COREF r_id="41315" note="LOC18616597438078112" >
  <source m_id="49" />
  <target m_id="69" />
</CROSS_DOC_COREF>
<CROSS_DOC_COREF r_id="41316" note="ACT18007093335618632" >
  <source m_id="40" />
  <target m_id="70" />
</CROSS_DOC_COREF>
<CROSS_DOC_COREF r_id="41317" note="ACT18006440933768460" >
  <source m_id="17" />
  <target m_id="71" />
</CROSS_DOC_COREF>
<CROSS_DOC_COREF r_id="41318" note="HUM18048481960258753" >
  <source m_id="3" />
  <source m_id="23" />
  <source m_id="1" />
  <source m_id="51" />
  <source m_id="21" />
  <target m_id="72" />
</CROSS_DOC_COREF>
<CROSS_DOC_COREF r_id="41319" note="ACT18008407407675237" >
  <source m_id="43" />
  <target m_id="73" />
</CROSS_DOC_COREF>
<CROSS_DOC_COREF r_id="41320" note="LOC18048603777329683" >
  <source m_id="26" />
  <target m_id="74" />
</CROSS_DOC_COREF>

</Relations>
</Document>
