<Document doc_name="21_8ecbplus.xml" doc_id="DOC15646295634339908">
<token t_id="1" sentence="0" number="0">http</token>
<token t_id="2" sentence="0" number="1">:</token>
<token t_id="3" sentence="0" number="2">/</token>
<token t_id="4" sentence="0" number="3">/</token>
<token t_id="5" sentence="0" number="4">www</token>
<token t_id="6" sentence="0" number="5">.</token>
<token t_id="7" sentence="0" number="6">onenewspage</token>
<token t_id="8" sentence="0" number="7">.</token>
<token t_id="9" sentence="0" number="8">com</token>
<token t_id="10" sentence="0" number="9">/</token>
<token t_id="11" sentence="0" number="10">n</token>
<token t_id="12" sentence="0" number="11">/</token>
<token t_id="13" sentence="0" number="12">US</token>
<token t_id="14" sentence="0" number="13">/</token>
<token t_id="15" sentence="0" number="14">74w12pc39</token>
<token t_id="16" sentence="0" number="15">/</token>
<token t_id="17" sentence="0" number="16">Woman</token>
<token t_id="18" sentence="0" number="17">-</token>
<token t_id="19" sentence="0" number="18">Killed</token>
<token t_id="20" sentence="0" number="19">-</token>
<token t_id="21" sentence="0" number="20">In</token>
<token t_id="22" sentence="0" number="21">-</token>
<token t_id="23" sentence="0" number="22">Queens</token>
<token t_id="24" sentence="0" number="23">-</token>
<token t_id="25" sentence="0" number="24">Hit</token>
<token t_id="26" sentence="0" number="25">-</token>
<token t_id="27" sentence="0" number="26">And</token>
<token t_id="28" sentence="0" number="27">-</token>
<token t_id="29" sentence="0" number="28">Run</token>
<token t_id="30" sentence="0" number="29">-</token>
<token t_id="31" sentence="0" number="30">Accident</token>
<token t_id="32" sentence="0" number="31">.</token>
<token t_id="33" sentence="0" number="32">htm</token>
<token t_id="34" sentence="1" number="0">Woman</token>
<token t_id="35" sentence="1" number="1">Killed</token>
<token t_id="36" sentence="1" number="2">In</token>
<token t_id="37" sentence="1" number="3">Queens</token>
<token t_id="38" sentence="1" number="4">Hit</token>
<token t_id="39" sentence="1" number="5">-</token>
<token t_id="40" sentence="1" number="6">And</token>
<token t_id="41" sentence="1" number="7">-</token>
<token t_id="42" sentence="1" number="8">Run</token>
<token t_id="43" sentence="1" number="9">Accident</token>
<token t_id="44" sentence="1" number="10">,</token>
<token t_id="45" sentence="1" number="11">Driver</token>
<token t_id="46" sentence="1" number="12">Charged</token>
<token t_id="47" sentence="2" number="0">A</token>
<token t_id="48" sentence="2" number="1">woman</token>
<token t_id="49" sentence="2" number="2">has</token>
<token t_id="50" sentence="2" number="3">died</token>
<token t_id="51" sentence="2" number="4">after</token>
<token t_id="52" sentence="2" number="5">being</token>
<token t_id="53" sentence="2" number="6">hit</token>
<token t_id="54" sentence="2" number="7">by</token>
<token t_id="55" sentence="2" number="8">a</token>
<token t_id="56" sentence="2" number="9">car</token>
<token t_id="57" sentence="2" number="10">that</token>
<token t_id="58" sentence="2" number="11">fled</token>
<token t_id="59" sentence="2" number="12">the</token>
<token t_id="60" sentence="2" number="13">scene</token>
<token t_id="61" sentence="2" number="14">in</token>
<token t_id="62" sentence="2" number="15">Queens</token>
<token t_id="63" sentence="2" number="16">Friday</token>
<token t_id="64" sentence="2" number="17">,</token>
<token t_id="65" sentence="2" number="18">and</token>
<token t_id="66" sentence="2" number="19">now</token>
<token t_id="67" sentence="2" number="20">,</token>
<token t_id="68" sentence="2" number="21">the</token>
<token t_id="69" sentence="2" number="22">driver</token>
<token t_id="70" sentence="2" number="23">is</token>
<token t_id="71" sentence="2" number="24">facing</token>
<token t_id="72" sentence="2" number="25">manslaughter</token>
<token t_id="73" sentence="2" number="26">charges</token>
<token t_id="74" sentence="2" number="27">.</token>
<Markables>
<ACTION_GENERIC m_id="20"  >
  <token_anchor t_id="72"/>
</ACTION_GENERIC>
<ACTION_OCCURRENCE m_id="9"  >
  <token_anchor t_id="71"/>
</ACTION_OCCURRENCE>
<ACTION_OCCURRENCE m_id="21"  >
  <token_anchor t_id="38"/>
</ACTION_OCCURRENCE>
<ACTION_OCCURRENCE m_id="22"  >
  <token_anchor t_id="42"/>
</ACTION_OCCURRENCE>
<ACTION_OCCURRENCE m_id="3"  >
  <token_anchor t_id="35"/>
</ACTION_OCCURRENCE>
<ACTION_OCCURRENCE m_id="4"  >
  <token_anchor t_id="43"/>
</ACTION_OCCURRENCE>
<ACTION_OCCURRENCE m_id="5"  >
  <token_anchor t_id="46"/>
</ACTION_OCCURRENCE>
<ACTION_OCCURRENCE m_id="6"  >
  <token_anchor t_id="50"/>
</ACTION_OCCURRENCE>
<ACTION_OCCURRENCE m_id="7"  >
  <token_anchor t_id="53"/>
</ACTION_OCCURRENCE>
<ACTION_OCCURRENCE m_id="8"  >
  <token_anchor t_id="58"/>
</ACTION_OCCURRENCE>
<HUMAN_PART_PER m_id="12"  >
  <token_anchor t_id="69"/>
</HUMAN_PART_PER>
<HUMAN_PART_PER m_id="13"  >
  <token_anchor t_id="45"/>
</HUMAN_PART_PER>
<HUMAN_PART_PER m_id="1"  >
  <token_anchor t_id="34"/>
</HUMAN_PART_PER>
<HUMAN_PART_PER m_id="2"  >
  <token_anchor t_id="48"/>
</HUMAN_PART_PER>
<LOC_GEO m_id="10"  >
  <token_anchor t_id="36"/>
  <token_anchor t_id="37"/>
</LOC_GEO>
<LOC_GEO m_id="16"  >
  <token_anchor t_id="59"/>
  <token_anchor t_id="60"/>
  <token_anchor t_id="61"/>
  <token_anchor t_id="62"/>
</LOC_GEO>
<NON_HUMAN_PART m_id="14"  >
  <token_anchor t_id="56"/>
</NON_HUMAN_PART>
<TIME_DATE m_id="11"  >
  <token_anchor t_id="63"/>
</TIME_DATE>


<NON_HUMAN_PART m_id="25" note="byCROMER" >
  <token_anchor t_id="57"/>
</NON_HUMAN_PART>
<ACTION_OCCURRENCE m_id="26" note="byCROMER" >
  <token_anchor t_id="73"/>
</ACTION_OCCURRENCE>


<LOC_GEO m_id="39" RELATED_TO="" TAG_DESCRIPTOR="t21_crash_scene" instance_id="LOC18048603777329683" />
<HUMAN_PART_PER m_id="38" RELATED_TO="" TAG_DESCRIPTOR="t21_chohan" instance_id="HUM18048481960258753" />
<ACTION_GENERIC m_id="37" RELATED_TO="" TAG_DESCRIPTOR="t21_manslaughter" instance_id="ACT18007093335618632" />
<ACTION_OCCURRENCE m_id="36" RELATED_TO="" TAG_DESCRIPTOR="t21_crash" instance_id="ACT18006382662795369" />
<ACTION_OCCURRENCE m_id="35" RELATED_TO="" TAG_DESCRIPTOR="t21_charged" instance_id="ACT18006370986223288" />
<ACTION_OCCURRENCE m_id="34" RELATED_TO="" TAG_DESCRIPTOR="t21_hit" instance_id="ACT18007234386480781" />
<NON_HUMAN_PART m_id="33" RELATED_TO="" TAG_DESCRIPTOR="t21_car" instance_id="NON18048571524531961" />
<ACTION_OCCURRENCE m_id="32" RELATED_TO="" TAG_DESCRIPTOR="t21_fled" instance_id="ACT18006419091410479" />
<ACTION_OCCURRENCE m_id="31" RELATED_TO="" TAG_DESCRIPTOR="t21_facing" instance_id="ACT18006911160396961" />
<TIME_DATE m_id="30" RELATED_TO="" TAG_DESCRIPTOR="t21_friday" instance_id="TIM18048634739556877" />
<ACTION_OCCURRENCE m_id="29" RELATED_TO="" TAG_DESCRIPTOR="t21_killed" instance_id="ACT18006431002286049" />
<LOC_GEO m_id="28" RELATED_TO="" TAG_DESCRIPTOR="t21_queens" instance_id="LOC18048554549072991" />
<HUMAN_PART_PER m_id="27" RELATED_TO="" TAG_DESCRIPTOR="t21_subryan" instance_id="HUM18048451299991743" />
</Markables>

<Relations>
<CROSS_DOC_COREF r_id="41304" note="HUM18048451299991743" >
  <source m_id="12" />
  <source m_id="13" />
  <target m_id="27" />
</CROSS_DOC_COREF>
<CROSS_DOC_COREF r_id="41305" note="LOC18048554549072991" >
  <source m_id="10" />
  <target m_id="28" />
</CROSS_DOC_COREF>
<CROSS_DOC_COREF r_id="41306" note="ACT18006431002286049" >
  <source m_id="3" />
  <source m_id="6" />
  <target m_id="29" />
</CROSS_DOC_COREF>
<CROSS_DOC_COREF r_id="41307" note="TIM18048634739556877" >
  <source m_id="11" />
  <target m_id="30" />
</CROSS_DOC_COREF>
<CROSS_DOC_COREF r_id="41308" note="ACT18006911160396961" >
  <source m_id="9" />
  <target m_id="31" />
</CROSS_DOC_COREF>
<CROSS_DOC_COREF r_id="41309" note="ACT18006419091410479" >
  <source m_id="8" />
  <source m_id="22" />
  <target m_id="32" />
</CROSS_DOC_COREF>
<CROSS_DOC_COREF r_id="41310" note="NON18048571524531961" >
  <source m_id="25" />
  <source m_id="14" />
  <target m_id="33" />
</CROSS_DOC_COREF>
<CROSS_DOC_COREF r_id="41311" note="ACT18007234386480781" >
  <source m_id="21" />
  <source m_id="7" />
  <target m_id="34" />
</CROSS_DOC_COREF>
<CROSS_DOC_COREF r_id="41312" note="ACT18006370986223288" >
  <source m_id="5" />
  <source m_id="26" />
  <target m_id="35" />
</CROSS_DOC_COREF>
<CROSS_DOC_COREF r_id="41313" note="ACT18006382662795369" >
  <source m_id="4" />
  <target m_id="36" />
</CROSS_DOC_COREF>
<CROSS_DOC_COREF r_id="41314" note="ACT18007093335618632" >
  <source m_id="20" />
  <target m_id="37" />
</CROSS_DOC_COREF>
<CROSS_DOC_COREF r_id="41315" note="HUM18048481960258753" >
  <source m_id="2" />
  <source m_id="1" />
  <target m_id="38" />
</CROSS_DOC_COREF>
<CROSS_DOC_COREF r_id="41316" note="LOC18048603777329683" >
  <source m_id="16" />
  <target m_id="39" />
</CROSS_DOC_COREF>

</Relations>
</Document>
