<Document doc_name="11_2ecb.xml" doc_id="DOC15654053778761763">
<token t_id="1" sentence="0" number="0">Turkmenistan</token>
<token t_id="2" sentence="0" number="1">voted</token>
<token t_id="3" sentence="0" number="2">Sunday</token>
<token t_id="4" sentence="0" number="3">in</token>
<token t_id="5" sentence="0" number="4">a</token>
<token t_id="6" sentence="0" number="5">parliamentary</token>
<token t_id="7" sentence="0" number="6">election</token>
<token t_id="8" sentence="0" number="7">meant</token>
<token t_id="9" sentence="0" number="8">to</token>
<token t_id="10" sentence="0" number="9">show</token>
<token t_id="11" sentence="0" number="10">that</token>
<token t_id="12" sentence="0" number="11">the</token>
<token t_id="13" sentence="0" number="12">energy-rich</token>
<token t_id="14" sentence="0" number="13">central</token>
<token t_id="15" sentence="0" number="14">Asian</token>
<token t_id="16" sentence="0" number="15">nation</token>
<token t_id="17" sentence="0" number="16">was</token>
<token t_id="18" sentence="0" number="17">shedding</token>
<token t_id="19" sentence="0" number="18">its</token>
<token t_id="20" sentence="0" number="19">autocratic</token>
<token t_id="21" sentence="0" number="20">past</token>
<token t_id="22" sentence="0" number="21">,</token>
<token t_id="23" sentence="0" number="22">but</token>
<token t_id="24" sentence="0" number="23">Western</token>
<token t_id="25" sentence="0" number="24">observers</token>
<token t_id="26" sentence="0" number="25">said</token>
<token t_id="27" sentence="0" number="26">nothing</token>
<token t_id="28" sentence="0" number="27">had</token>
<token t_id="29" sentence="0" number="28">changed</token>
<token t_id="30" sentence="0" number="29">.</token>
<token t_id="31" sentence="1" number="0">Authorities</token>
<token t_id="32" sentence="1" number="1">said</token>
<token t_id="33" sentence="1" number="2">turnout</token>
<token t_id="34" sentence="1" number="3">reached</token>
<token t_id="35" sentence="1" number="4">93.87</token>
<token t_id="36" sentence="1" number="5">percent</token>
<token t_id="37" sentence="1" number="6">in</token>
<token t_id="38" sentence="1" number="7">the</token>
<token t_id="39" sentence="1" number="8">election</token>
<token t_id="40" sentence="1" number="9">for</token>
<token t_id="41" sentence="1" number="10">288</token>
<token t_id="42" sentence="1" number="11">candidates</token>
<token t_id="43" sentence="1" number="12">,</token>
<token t_id="44" sentence="1" number="13">all</token>
<token t_id="45" sentence="1" number="14">of</token>
<token t_id="46" sentence="1" number="15">whom</token>
<token t_id="47" sentence="1" number="16">support</token>
<token t_id="48" sentence="1" number="17">the</token>
<token t_id="49" sentence="1" number="18">policies</token>
<token t_id="50" sentence="1" number="19">of</token>
<token t_id="51" sentence="1" number="20">President</token>
<token t_id="52" sentence="1" number="21">Gurbanguly</token>
<token t_id="53" sentence="1" number="22">Berdymukhamedov</token>
<token t_id="54" sentence="1" number="23">in</token>
<token t_id="55" sentence="1" number="24">the</token>
<token t_id="56" sentence="1" number="25">ex-Soviet</token>
<token t_id="57" sentence="1" number="26">republic</token>
<token t_id="58" sentence="1" number="27">.</token>
<token t_id="59" sentence="2" number="0">Voting</token>
<token t_id="60" sentence="2" number="1">stations</token>
<token t_id="61" sentence="2" number="2">were</token>
<token t_id="62" sentence="2" number="3">festooned</token>
<token t_id="63" sentence="2" number="4">with</token>
<token t_id="64" sentence="2" number="5">Turkmen</token>
<token t_id="65" sentence="2" number="6">flags</token>
<token t_id="66" sentence="2" number="7">and</token>
<token t_id="67" sentence="2" number="8">pictures</token>
<token t_id="68" sentence="2" number="9">of</token>
<token t_id="69" sentence="2" number="10">Berdymukhamedov</token>
<token t_id="70" sentence="2" number="11">,</token>
<token t_id="71" sentence="2" number="12">the</token>
<token t_id="72" sentence="2" number="13">successor</token>
<token t_id="73" sentence="2" number="14">of</token>
<token t_id="74" sentence="2" number="15">eccentric</token>
<token t_id="75" sentence="2" number="16">dictator</token>
<token t_id="76" sentence="2" number="17">Saparmurat</token>
<token t_id="77" sentence="2" number="18">Niyazov</token>
<token t_id="78" sentence="2" number="19">,</token>
<token t_id="79" sentence="2" number="20">who</token>
<token t_id="80" sentence="2" number="21">ruled</token>
<token t_id="81" sentence="2" number="22">Turkmenistan</token>
<token t_id="82" sentence="2" number="23">for</token>
<token t_id="83" sentence="2" number="24">two</token>
<token t_id="84" sentence="2" number="25">decades</token>
<token t_id="85" sentence="2" number="26">until</token>
<token t_id="86" sentence="2" number="27">his</token>
<token t_id="87" sentence="2" number="28">death</token>
<token t_id="88" sentence="2" number="29">in</token>
<token t_id="89" sentence="2" number="30">2006</token>
<token t_id="90" sentence="2" number="31">.</token>
<token t_id="91" sentence="3" number="0">Over</token>
<token t_id="92" sentence="3" number="1">2.5</token>
<token t_id="93" sentence="3" number="2">million</token>
<token t_id="94" sentence="3" number="3">people</token>
<token t_id="95" sentence="3" number="4">were</token>
<token t_id="96" sentence="3" number="5">eligible</token>
<token t_id="97" sentence="3" number="6">to</token>
<token t_id="98" sentence="3" number="7">vote</token>
<token t_id="99" sentence="3" number="8">in</token>
<token t_id="100" sentence="3" number="9">the</token>
<token t_id="101" sentence="3" number="10">election</token>
<token t_id="102" sentence="3" number="11">,</token>
<token t_id="103" sentence="3" number="12">held</token>
<token t_id="104" sentence="3" number="13">under</token>
<token t_id="105" sentence="3" number="14">the</token>
<token t_id="106" sentence="3" number="15">framework</token>
<token t_id="107" sentence="3" number="16">of</token>
<token t_id="108" sentence="3" number="17">a</token>
<token t_id="109" sentence="3" number="18">new</token>
<token t_id="110" sentence="3" number="19">constitution</token>
<token t_id="111" sentence="3" number="20">approved</token>
<token t_id="112" sentence="3" number="21">in</token>
<token t_id="113" sentence="3" number="22">September</token>
<token t_id="114" sentence="3" number="23">and</token>
<token t_id="115" sentence="3" number="24">intended</token>
<token t_id="116" sentence="3" number="25">to</token>
<token t_id="117" sentence="3" number="26">increase</token>
<token t_id="118" sentence="3" number="27">parliament</token>
<token t_id="119" sentence="3" number="28">'s</token>
<token t_id="120" sentence="3" number="29">powers</token>
<token t_id="121" sentence="3" number="30">and</token>
<token t_id="122" sentence="3" number="31">raise</token>
<token t_id="123" sentence="3" number="32">the</token>
<token t_id="124" sentence="3" number="33">number</token>
<token t_id="125" sentence="3" number="34">of</token>
<token t_id="126" sentence="3" number="35">seats</token>
<token t_id="127" sentence="3" number="36">from</token>
<token t_id="128" sentence="3" number="37">65</token>
<token t_id="129" sentence="3" number="38">to</token>
<token t_id="130" sentence="3" number="39">125</token>
<token t_id="131" sentence="3" number="40">.</token>
<token t_id="132" sentence="4" number="0">``</token>
<token t_id="133" sentence="4" number="1">I</token>
<token t_id="134" sentence="4" number="2">attach</token>
<token t_id="135" sentence="4" number="3">hopes</token>
<token t_id="136" sentence="4" number="4">for</token>
<token t_id="137" sentence="4" number="5">the</token>
<token t_id="138" sentence="4" number="6">better</token>
<token t_id="139" sentence="4" number="7">to</token>
<token t_id="140" sentence="4" number="8">these</token>
<token t_id="141" sentence="4" number="9">elections</token>
<token t_id="142" sentence="4" number="10">,</token>
<token t_id="143" sentence="4" number="11">especially</token>
<token t_id="144" sentence="4" number="12">for</token>
<token t_id="145" sentence="4" number="13">our</token>
<token t_id="146" sentence="4" number="14">children</token>
<token t_id="147" sentence="4" number="15">,</token>
<token t_id="148" sentence="4" number="16">''</token>
<token t_id="149" sentence="4" number="17">Valentina</token>
<token t_id="150" sentence="4" number="18">Redzhepova</token>
<token t_id="151" sentence="4" number="19">,</token>
<token t_id="152" sentence="4" number="20">an</token>
<token t_id="153" sentence="4" number="21">official</token>
<token t_id="154" sentence="4" number="22">at</token>
<token t_id="155" sentence="4" number="23">one</token>
<token t_id="156" sentence="4" number="24">of</token>
<token t_id="157" sentence="4" number="25">Ashgabat</token>
<token t_id="158" sentence="4" number="26">'s</token>
<token t_id="159" sentence="4" number="27">voting</token>
<token t_id="160" sentence="4" number="28">precincts</token>
<token t_id="161" sentence="4" number="29">,</token>
<token t_id="162" sentence="4" number="30">told</token>
<token t_id="163" sentence="4" number="31">AFP</token>
<token t_id="164" sentence="4" number="32">.</token>
<token t_id="165" sentence="5" number="0">``</token>
<token t_id="166" sentence="5" number="1">We</token>
<token t_id="167" sentence="5" number="2">are</token>
<token t_id="168" sentence="5" number="3">waiting</token>
<token t_id="169" sentence="5" number="4">for</token>
<token t_id="170" sentence="5" number="5">borders</token>
<token t_id="171" sentence="5" number="6">to</token>
<token t_id="172" sentence="5" number="7">open</token>
<token t_id="173" sentence="5" number="8">even</token>
<token t_id="174" sentence="5" number="9">further</token>
<token t_id="175" sentence="5" number="10">so</token>
<token t_id="176" sentence="5" number="11">more</token>
<token t_id="177" sentence="5" number="12">guests</token>
<token t_id="178" sentence="5" number="13">can</token>
<token t_id="179" sentence="5" number="14">come</token>
<token t_id="180" sentence="5" number="15">to</token>
<token t_id="181" sentence="5" number="16">us</token>
<token t_id="182" sentence="5" number="17">and</token>
<token t_id="183" sentence="5" number="18">so</token>
<token t_id="184" sentence="5" number="19">we</token>
<token t_id="185" sentence="5" number="20">can</token>
<token t_id="186" sentence="5" number="21">visit</token>
<token t_id="187" sentence="5" number="22">them</token>
<token t_id="188" sentence="5" number="23">.</token>
<token t_id="189" sentence="5" number="24">''</token>
<token t_id="190" sentence="6" number="0">Voters</token>
<token t_id="191" sentence="6" number="1">,</token>
<token t_id="192" sentence="6" number="2">however</token>
<token t_id="193" sentence="6" number="3">,</token>
<token t_id="194" sentence="6" number="4">appeared</token>
<token t_id="195" sentence="6" number="5">reluctant</token>
<token t_id="196" sentence="6" number="6">to</token>
<token t_id="197" sentence="6" number="7">criticise</token>
<token t_id="198" sentence="6" number="8">the</token>
<token t_id="199" sentence="6" number="9">government</token>
<token t_id="200" sentence="6" number="10">.</token>
<token t_id="201" sentence="7" number="0">In</token>
<token t_id="202" sentence="7" number="1">Gyami</token>
<token t_id="203" sentence="7" number="2">,</token>
<token t_id="204" sentence="7" number="3">a</token>
<token t_id="205" sentence="7" number="4">village</token>
<token t_id="206" sentence="7" number="5">outside</token>
<token t_id="207" sentence="7" number="6">the</token>
<token t_id="208" sentence="7" number="7">Turkmen</token>
<token t_id="209" sentence="7" number="8">capital</token>
<token t_id="210" sentence="7" number="9">,</token>
<token t_id="211" sentence="7" number="10">25-year-old</token>
<token t_id="212" sentence="7" number="11">Guzel</token>
<token t_id="213" sentence="7" number="12">said</token>
<token t_id="214" sentence="7" number="13">she</token>
<token t_id="215" sentence="7" number="14">had</token>
<token t_id="216" sentence="7" number="15">come</token>
<token t_id="217" sentence="7" number="16">to</token>
<token t_id="218" sentence="7" number="17">the</token>
<token t_id="219" sentence="7" number="18">local</token>
<token t_id="220" sentence="7" number="19">polling</token>
<token t_id="221" sentence="7" number="20">station</token>
<token t_id="222" sentence="7" number="21">to</token>
<token t_id="223" sentence="7" number="22">vote</token>
<token t_id="224" sentence="7" number="23">and</token>
<token t_id="225" sentence="7" number="24">watch</token>
<token t_id="226" sentence="7" number="25">her</token>
<token t_id="227" sentence="7" number="26">daughter</token>
<token t_id="228" sentence="7" number="27">perform</token>
<token t_id="229" sentence="7" number="28">in</token>
<token t_id="230" sentence="7" number="29">a</token>
<token t_id="231" sentence="7" number="30">children</token>
<token t_id="232" sentence="7" number="31">'s</token>
<token t_id="233" sentence="7" number="32">folk-dance</token>
<token t_id="234" sentence="7" number="33">troupe</token>
<token t_id="235" sentence="7" number="34">.</token>
<token t_id="236" sentence="8" number="0">``</token>
<token t_id="237" sentence="8" number="1">I</token>
<token t_id="238" sentence="8" number="2">voted</token>
<token t_id="239" sentence="8" number="3">for</token>
<token t_id="240" sentence="8" number="4">our</token>
<token t_id="241" sentence="8" number="5">fellow</token>
<token t_id="242" sentence="8" number="6">village</token>
<token t_id="243" sentence="8" number="7">resident</token>
<token t_id="244" sentence="8" number="8">.</token>
<token t_id="245" sentence="9" number="0">He</token>
<token t_id="246" sentence="9" number="1">is</token>
<token t_id="247" sentence="9" number="2">an</token>
<token t_id="248" sentence="9" number="3">experienced</token>
<token t_id="249" sentence="9" number="4">person</token>
<token t_id="250" sentence="9" number="5">and</token>
<token t_id="251" sentence="9" number="6">knows</token>
<token t_id="252" sentence="9" number="7">village</token>
<token t_id="253" sentence="9" number="8">life</token>
<token t_id="254" sentence="9" number="9">well</token>
<token t_id="255" sentence="9" number="10">,</token>
<token t_id="256" sentence="9" number="11">''</token>
<token t_id="257" sentence="9" number="12">she</token>
<token t_id="258" sentence="9" number="13">said</token>
<token t_id="259" sentence="9" number="14">.</token>
<token t_id="260" sentence="10" number="0">Pensioner</token>
<token t_id="261" sentence="10" number="1">Bayram-aga</token>
<token t_id="262" sentence="10" number="2">,</token>
<token t_id="263" sentence="10" number="3">a</token>
<token t_id="264" sentence="10" number="4">voter</token>
<token t_id="265" sentence="10" number="5">in</token>
<token t_id="266" sentence="10" number="6">Ashgabat</token>
<token t_id="267" sentence="10" number="7">,</token>
<token t_id="268" sentence="10" number="8">said:</token>
<token t_id="269" sentence="11" number="0">``</token>
<token t_id="270" sentence="11" number="1">I</token>
<token t_id="271" sentence="11" number="2">remember</token>
<token t_id="272" sentence="11" number="3">the</token>
<token t_id="273" sentence="11" number="4">elections</token>
<token t_id="274" sentence="11" number="5">from</token>
<token t_id="275" sentence="11" number="6">the</token>
<token t_id="276" sentence="11" number="7">Soviet</token>
<token t_id="277" sentence="11" number="8">days.</token>
<token t_id="278" sentence="11" number="9">...</token>
<token t_id="279" sentence="12" number="0">People</token>
<token t_id="280" sentence="12" number="1">were</token>
<token t_id="281" sentence="12" number="2">very</token>
<token t_id="282" sentence="12" number="3">active</token>
<token t_id="283" sentence="12" number="4">then</token>
<token t_id="284" sentence="12" number="5">,</token>
<token t_id="285" sentence="12" number="6">it</token>
<token t_id="286" sentence="12" number="7">was</token>
<token t_id="287" sentence="12" number="8">like</token>
<token t_id="288" sentence="12" number="9">a</token>
<token t_id="289" sentence="12" number="10">festival</token>
<token t_id="290" sentence="12" number="11">.</token>
<token t_id="291" sentence="13" number="0">Now</token>
<token t_id="292" sentence="13" number="1">it</token>
<token t_id="293" sentence="13" number="2">'s</token>
<token t_id="294" sentence="13" number="3">much</token>
<token t_id="295" sentence="13" number="4">quieter</token>
<token t_id="296" sentence="13" number="5">.</token>
<token t_id="297" sentence="13" number="6">''</token>
<token t_id="298" sentence="14" number="0">Western</token>
<token t_id="299" sentence="14" number="1">observers</token>
<token t_id="300" sentence="14" number="2">say</token>
<token t_id="301" sentence="14" number="3">Niyazov</token>
<token t_id="302" sentence="14" number="4">still</token>
<token t_id="303" sentence="14" number="5">casts</token>
<token t_id="304" sentence="14" number="6">a</token>
<token t_id="305" sentence="14" number="7">shadow</token>
<token t_id="306" sentence="14" number="8">,</token>
<token t_id="307" sentence="14" number="9">despite</token>
<token t_id="308" sentence="14" number="10">promises</token>
<token t_id="309" sentence="14" number="11">of</token>
<token t_id="310" sentence="14" number="12">openness</token>
<token t_id="311" sentence="14" number="13">by</token>
<token t_id="312" sentence="14" number="14">Berdymukhamedov</token>
<token t_id="313" sentence="14" number="15">and</token>
<token t_id="314" sentence="14" number="16">some</token>
<token t_id="315" sentence="14" number="17">moves</token>
<token t_id="316" sentence="14" number="18">to</token>
<token t_id="317" sentence="14" number="19">dismantle</token>
<token t_id="318" sentence="14" number="20">the</token>
<token t_id="319" sentence="14" number="21">late</token>
<token t_id="320" sentence="14" number="22">dictator</token>
<token t_id="321" sentence="14" number="23">'s</token>
<token t_id="322" sentence="14" number="24">bizarre</token>
<token t_id="323" sentence="14" number="25">personality</token>
<token t_id="324" sentence="14" number="26">cult</token>
<token t_id="325" sentence="14" number="27">.</token>
<token t_id="326" sentence="15" number="0">Niyazov</token>
<token t_id="327" sentence="15" number="1">'s</token>
<token t_id="328" sentence="15" number="2">gold</token>
<token t_id="329" sentence="15" number="3">statue</token>
<token t_id="330" sentence="15" number="4">still</token>
<token t_id="331" sentence="15" number="5">towers</token>
<token t_id="332" sentence="15" number="6">over</token>
<token t_id="333" sentence="15" number="7">the</token>
<token t_id="334" sentence="15" number="8">desert</token>
<token t_id="335" sentence="15" number="9">nation</token>
<token t_id="336" sentence="15" number="10">'s</token>
<token t_id="337" sentence="15" number="11">capital</token>
<token t_id="338" sentence="15" number="12">,</token>
<token t_id="339" sentence="15" number="13">rotating</token>
<token t_id="340" sentence="15" number="14">to</token>
<token t_id="341" sentence="15" number="15">face</token>
<token t_id="342" sentence="15" number="16">the</token>
<token t_id="343" sentence="15" number="17">sun</token>
<token t_id="344" sentence="15" number="18">.</token>
<token t_id="345" sentence="16" number="0">``</token>
<token t_id="346" sentence="16" number="1">The</token>
<token t_id="347" sentence="16" number="2">facade</token>
<token t_id="348" sentence="16" number="3">has</token>
<token t_id="349" sentence="16" number="4">changed</token>
<token t_id="350" sentence="16" number="5">but</token>
<token t_id="351" sentence="16" number="6">the</token>
<token t_id="352" sentence="16" number="7">foundations</token>
<token t_id="353" sentence="16" number="8">remain</token>
<token t_id="354" sentence="16" number="9">the</token>
<token t_id="355" sentence="16" number="10">same</token>
<token t_id="356" sentence="16" number="11">,</token>
<token t_id="357" sentence="16" number="12">''</token>
<token t_id="358" sentence="16" number="13">said</token>
<token t_id="359" sentence="16" number="14">a</token>
<token t_id="360" sentence="16" number="15">Western</token>
<token t_id="361" sentence="16" number="16">diplomat</token>
<token t_id="362" sentence="16" number="17">,</token>
<token t_id="363" sentence="16" number="18">who</token>
<token t_id="364" sentence="16" number="19">requested</token>
<token t_id="365" sentence="16" number="20">anonymity</token>
<token t_id="366" sentence="16" number="21">.</token>
<token t_id="367" sentence="17" number="0">``</token>
<token t_id="368" sentence="17" number="1">Power</token>
<token t_id="369" sentence="17" number="2">rests</token>
<token t_id="370" sentence="17" number="3">entirely</token>
<token t_id="371" sentence="17" number="4">with</token>
<token t_id="372" sentence="17" number="5">the</token>
<token t_id="373" sentence="17" number="6">president</token>
<token t_id="374" sentence="17" number="7">.</token>
<token t_id="375" sentence="18" number="0">His</token>
<token t_id="376" sentence="18" number="1">photo</token>
<token t_id="377" sentence="18" number="2">appears</token>
<token t_id="378" sentence="18" number="3">every</token>
<token t_id="379" sentence="18" number="4">day</token>
<token t_id="380" sentence="18" number="5">on</token>
<token t_id="381" sentence="18" number="6">the</token>
<token t_id="382" sentence="18" number="7">front</token>
<token t_id="383" sentence="18" number="8">of</token>
<token t_id="384" sentence="18" number="9">the</token>
<token t_id="385" sentence="18" number="10">papers</token>
<token t_id="386" sentence="18" number="11">.</token>
<token t_id="387" sentence="19" number="0">He</token>
<token t_id="388" sentence="19" number="1">strictly</token>
<token t_id="389" sentence="19" number="2">controls</token>
<token t_id="390" sentence="19" number="3">the</token>
<token t_id="391" sentence="19" number="4">economy</token>
<token t_id="392" sentence="19" number="5">and</token>
<token t_id="393" sentence="19" number="6">the</token>
<token t_id="394" sentence="19" number="7">whole</token>
<token t_id="395" sentence="19" number="8">of</token>
<token t_id="396" sentence="19" number="9">the</token>
<token t_id="397" sentence="19" number="10">media</token>
<token t_id="398" sentence="19" number="11">,</token>
<token t_id="399" sentence="19" number="12">''</token>
<token t_id="400" sentence="19" number="13">the</token>
<token t_id="401" sentence="19" number="14">diplomat</token>
<token t_id="402" sentence="19" number="15">added</token>
<token t_id="403" sentence="19" number="16">.</token>
<token t_id="404" sentence="20" number="0">New</token>
<token t_id="405" sentence="20" number="1">York-based</token>
<token t_id="406" sentence="20" number="2">Human</token>
<token t_id="407" sentence="20" number="3">Rights</token>
<token t_id="408" sentence="20" number="4">Watch</token>
<token t_id="409" sentence="20" number="5">said</token>
<token t_id="410" sentence="20" number="6">in</token>
<token t_id="411" sentence="20" number="7">an</token>
<token t_id="412" sentence="20" number="8">assessment</token>
<token t_id="413" sentence="20" number="9">last</token>
<token t_id="414" sentence="20" number="10">month</token>
<token t_id="415" sentence="20" number="11">that</token>
<token t_id="416" sentence="20" number="12">Turkmenistan</token>
<token t_id="417" sentence="20" number="13">had</token>
<token t_id="418" sentence="20" number="14">made</token>
<token t_id="419" sentence="20" number="15">``</token>
<token t_id="420" sentence="20" number="16">some</token>
<token t_id="421" sentence="20" number="17">progress</token>
<token t_id="422" sentence="20" number="18">''</token>
<token t_id="423" sentence="20" number="19">but</token>
<token t_id="424" sentence="20" number="20">``</token>
<token t_id="425" sentence="20" number="21">remains</token>
<token t_id="426" sentence="20" number="22">...</token>
<token t_id="427" sentence="20" number="23">one</token>
<token t_id="428" sentence="20" number="24">of</token>
<token t_id="429" sentence="20" number="25">the</token>
<token t_id="430" sentence="20" number="26">most</token>
<token t_id="431" sentence="20" number="27">repressive</token>
<token t_id="432" sentence="20" number="28">and</token>
<token t_id="433" sentence="20" number="29">authoritarian</token>
<token t_id="434" sentence="20" number="30">states</token>
<token t_id="435" sentence="20" number="31">in</token>
<token t_id="436" sentence="20" number="32">the</token>
<token t_id="437" sentence="20" number="33">world</token>
<token t_id="438" sentence="20" number="34">.</token>
<token t_id="439" sentence="20" number="35">''</token>
<token t_id="440" sentence="21" number="0">The</token>
<token t_id="441" sentence="21" number="1">elections</token>
<token t_id="442" sentence="21" number="2">are</token>
<token t_id="443" sentence="21" number="3">unlikely</token>
<token t_id="444" sentence="21" number="4">to</token>
<token t_id="445" sentence="21" number="5">get</token>
<token t_id="446" sentence="21" number="6">a</token>
<token t_id="447" sentence="21" number="7">clean</token>
<token t_id="448" sentence="21" number="8">bill</token>
<token t_id="449" sentence="21" number="9">of</token>
<token t_id="450" sentence="21" number="10">health</token>
<token t_id="451" sentence="21" number="11">from</token>
<token t_id="452" sentence="21" number="12">the</token>
<token t_id="453" sentence="21" number="13">West</token>
<token t_id="454" sentence="21" number="14">,</token>
<token t_id="455" sentence="21" number="15">not</token>
<token t_id="456" sentence="21" number="16">least</token>
<token t_id="457" sentence="21" number="17">as</token>
<token t_id="458" sentence="21" number="18">all</token>
<token t_id="459" sentence="21" number="19">candidates</token>
<token t_id="460" sentence="21" number="20">have</token>
<token t_id="461" sentence="21" number="21">stressed</token>
<token t_id="462" sentence="21" number="22">support</token>
<token t_id="463" sentence="21" number="23">for</token>
<token t_id="464" sentence="21" number="24">the</token>
<token t_id="465" sentence="21" number="25">president</token>
<token t_id="466" sentence="21" number="26">while</token>
<token t_id="467" sentence="21" number="27">campaigning</token>
<token t_id="468" sentence="21" number="28">.</token>
<token t_id="469" sentence="22" number="0">The</token>
<token t_id="470" sentence="22" number="1">Organization</token>
<token t_id="471" sentence="22" number="2">for</token>
<token t_id="472" sentence="22" number="3">Security</token>
<token t_id="473" sentence="22" number="4">and</token>
<token t_id="474" sentence="22" number="5">Cooperation</token>
<token t_id="475" sentence="22" number="6">in</token>
<token t_id="476" sentence="22" number="7">Europe</token>
<token t_id="477" sentence="22" number="8">sent</token>
<token t_id="478" sentence="22" number="9">eight</token>
<token t_id="479" sentence="22" number="10">experts</token>
<token t_id="480" sentence="22" number="11">to</token>
<token t_id="481" sentence="22" number="12">monitor</token>
<token t_id="482" sentence="22" number="13">the</token>
<token t_id="483" sentence="22" number="14">poll</token>
<token t_id="484" sentence="22" number="15">and</token>
<token t_id="485" sentence="22" number="16">draw</token>
<token t_id="486" sentence="22" number="17">up</token>
<token t_id="487" sentence="22" number="18">an</token>
<token t_id="488" sentence="22" number="19">``</token>
<token t_id="489" sentence="22" number="20">internal</token>
<token t_id="490" sentence="22" number="21">report</token>
<token t_id="491" sentence="22" number="22">.</token>
<token t_id="492" sentence="22" number="23">''</token>
<token t_id="493" sentence="23" number="0">The</token>
<token t_id="494" sentence="23" number="1">group</token>
<token t_id="495" sentence="23" number="2">'s</token>
<token t_id="496" sentence="23" number="3">spokesman</token>
<token t_id="497" sentence="23" number="4">,</token>
<token t_id="498" sentence="23" number="5">Jens</token>
<token t_id="499" sentence="23" number="6">Hagen</token>
<token t_id="500" sentence="23" number="7">Eschenbecher</token>
<token t_id="501" sentence="23" number="8">,</token>
<token t_id="502" sentence="23" number="9">told</token>
<token t_id="503" sentence="23" number="10">AFP</token>
<token t_id="504" sentence="23" number="11">that</token>
<token t_id="505" sentence="23" number="12">the</token>
<token t_id="506" sentence="23" number="13">experts</token>
<token t_id="507" sentence="23" number="14">would</token>
<token t_id="508" sentence="23" number="15">not</token>
<token t_id="509" sentence="23" number="16">be</token>
<token t_id="510" sentence="23" number="17">making</token>
<token t_id="511" sentence="23" number="18">any</token>
<token t_id="512" sentence="23" number="19">public</token>
<token t_id="513" sentence="23" number="20">statements</token>
<token t_id="514" sentence="23" number="21">on</token>
<token t_id="515" sentence="23" number="22">their</token>
<token t_id="516" sentence="23" number="23">conclusions</token>
<token t_id="517" sentence="23" number="24">.</token>
<token t_id="518" sentence="24" number="0">Ninety</token>
<token t_id="519" sentence="24" number="1">percent</token>
<token t_id="520" sentence="24" number="2">of</token>
<token t_id="521" sentence="24" number="3">the</token>
<token t_id="522" sentence="24" number="4">288</token>
<token t_id="523" sentence="24" number="5">candidates</token>
<token t_id="524" sentence="24" number="6">come</token>
<token t_id="525" sentence="24" number="7">from</token>
<token t_id="526" sentence="24" number="8">the</token>
<token t_id="527" sentence="24" number="9">Democratic</token>
<token t_id="528" sentence="24" number="10">Party</token>
<token t_id="529" sentence="24" number="11">set</token>
<token t_id="530" sentence="24" number="12">up</token>
<token t_id="531" sentence="24" number="13">by</token>
<token t_id="532" sentence="24" number="14">Niyazov</token>
<token t_id="533" sentence="24" number="15">in</token>
<token t_id="534" sentence="24" number="16">place</token>
<token t_id="535" sentence="24" number="17">of</token>
<token t_id="536" sentence="24" number="18">the</token>
<token t_id="537" sentence="24" number="19">Communist</token>
<token t_id="538" sentence="24" number="20">Party</token>
<token t_id="539" sentence="24" number="21">,</token>
<token t_id="540" sentence="24" number="22">with</token>
<token t_id="541" sentence="24" number="23">the</token>
<token t_id="542" sentence="24" number="24">other</token>
<token t_id="543" sentence="24" number="25">10</token>
<token t_id="544" sentence="24" number="26">percent</token>
<token t_id="545" sentence="24" number="27">coming</token>
<token t_id="546" sentence="24" number="28">from</token>
<token t_id="547" sentence="24" number="29">so-called</token>
<token t_id="548" sentence="24" number="30">``</token>
<token t_id="549" sentence="24" number="31">initiative</token>
<token t_id="550" sentence="24" number="32">groups</token>
<token t_id="551" sentence="24" number="33">''</token>
<token t_id="552" sentence="24" number="34">that</token>
<token t_id="553" sentence="24" number="35">have</token>
<token t_id="554" sentence="24" number="36">little</token>
<token t_id="555" sentence="24" number="37">clout</token>
<token t_id="556" sentence="24" number="38">.</token>
<token t_id="557" sentence="25" number="0">All</token>
<token t_id="558" sentence="25" number="1">candidates</token>
<token t_id="559" sentence="25" number="2">are</token>
<token t_id="560" sentence="25" number="3">funded</token>
<token t_id="561" sentence="25" number="4">by</token>
<token t_id="562" sentence="25" number="5">the</token>
<token t_id="563" sentence="25" number="6">state</token>
<token t_id="564" sentence="25" number="7">,</token>
<token t_id="565" sentence="25" number="8">with</token>
<token t_id="566" sentence="25" number="9">a</token>
<token t_id="567" sentence="25" number="10">ban</token>
<token t_id="568" sentence="25" number="11">on</token>
<token t_id="569" sentence="25" number="12">other</token>
<token t_id="570" sentence="25" number="13">funding</token>
<token t_id="571" sentence="25" number="14">.</token>
<token t_id="572" sentence="26" number="0">Western</token>
<token t_id="573" sentence="26" number="1">journalists</token>
<token t_id="574" sentence="26" number="2">have</token>
<token t_id="575" sentence="26" number="3">been</token>
<token t_id="576" sentence="26" number="4">refused</token>
<token t_id="577" sentence="26" number="5">permission</token>
<token t_id="578" sentence="26" number="6">to</token>
<token t_id="579" sentence="26" number="7">cover</token>
<token t_id="580" sentence="26" number="8">the</token>
<token t_id="581" sentence="26" number="9">vote</token>
<token t_id="582" sentence="26" number="10">.</token>
<token t_id="583" sentence="27" number="0">Foreign</token>
<token t_id="584" sentence="27" number="1">election</token>
<token t_id="585" sentence="27" number="2">observers</token>
<token t_id="586" sentence="27" number="3">will</token>
<token t_id="587" sentence="27" number="4">mainly</token>
<token t_id="588" sentence="27" number="5">come</token>
<token t_id="589" sentence="27" number="6">from</token>
<token t_id="590" sentence="27" number="7">the</token>
<token t_id="591" sentence="27" number="8">Commonwealth</token>
<token t_id="592" sentence="27" number="9">of</token>
<token t_id="593" sentence="27" number="10">Independent</token>
<token t_id="594" sentence="27" number="11">States</token>
<token t_id="595" sentence="27" number="12">,</token>
<token t_id="596" sentence="27" number="13">a</token>
<token t_id="597" sentence="27" number="14">post-Soviet</token>
<token t_id="598" sentence="27" number="15">group</token>
<token t_id="599" sentence="27" number="16">with</token>
<token t_id="600" sentence="27" number="17">little</token>
<token t_id="601" sentence="27" number="18">credibility</token>
<token t_id="602" sentence="27" number="19">.</token>
<token t_id="603" sentence="28" number="0">With</token>
<token t_id="604" sentence="28" number="1">its</token>
<token t_id="605" sentence="28" number="2">enormous</token>
<token t_id="606" sentence="28" number="3">natural</token>
<token t_id="607" sentence="28" number="4">gas</token>
<token t_id="608" sentence="28" number="5">reserves</token>
<token t_id="609" sentence="28" number="6">,</token>
<token t_id="610" sentence="28" number="7">Turkmenistan</token>
<token t_id="611" sentence="28" number="8">is</token>
<token t_id="612" sentence="28" number="9">central</token>
<token t_id="613" sentence="28" number="10">to</token>
<token t_id="614" sentence="28" number="11">European</token>
<token t_id="615" sentence="28" number="12">efforts</token>
<token t_id="616" sentence="28" number="13">to</token>
<token t_id="617" sentence="28" number="14">diversify</token>
<token t_id="618" sentence="28" number="15">gas</token>
<token t_id="619" sentence="28" number="16">supplies</token>
<token t_id="620" sentence="28" number="17">away</token>
<token t_id="621" sentence="28" number="18">from</token>
<token t_id="622" sentence="28" number="19">Russia</token>
<token t_id="623" sentence="28" number="20">.</token>
<token t_id="624" sentence="29" number="0">Berdymukhamedov</token>
<token t_id="625" sentence="29" number="1">has</token>
<token t_id="626" sentence="29" number="2">voiced</token>
<token t_id="627" sentence="29" number="3">support</token>
<token t_id="628" sentence="29" number="4">for</token>
<token t_id="629" sentence="29" number="5">giving</token>
<token t_id="630" sentence="29" number="6">the</token>
<token t_id="631" sentence="29" number="7">West</token>
<token t_id="632" sentence="29" number="8">more</token>
<token t_id="633" sentence="29" number="9">access</token>
<token t_id="634" sentence="29" number="10">to</token>
<token t_id="635" sentence="29" number="11">Turkmen</token>
<token t_id="636" sentence="29" number="12">gas</token>
<token t_id="637" sentence="29" number="13">.</token>
<Markables>
<ACTION_OCCURRENCE m_id="22"  >
  <token_anchor t_id="10"/>
</ACTION_OCCURRENCE>
<ACTION_OCCURRENCE m_id="23"  >
  <token_anchor t_id="18"/>
</ACTION_OCCURRENCE>
<ACTION_OCCURRENCE m_id="24"  >
  <token_anchor t_id="21"/>
</ACTION_OCCURRENCE>
<ACTION_OCCURRENCE m_id="14"  >
  <token_anchor t_id="2"/>
</ACTION_OCCURRENCE>
<ACTION_OCCURRENCE m_id="20"  >
  <token_anchor t_id="29"/>
</ACTION_OCCURRENCE>
<ACTION_OCCURRENCE m_id="21"  >
  <token_anchor t_id="7"/>
</ACTION_OCCURRENCE>
<ACTION_REPORTING m_id="19"  >
  <token_anchor t_id="26"/>
</ACTION_REPORTING>
<HUMAN_PART_GPE m_id="16"  >
  <token_anchor t_id="1"/>
</HUMAN_PART_GPE>
<HUMAN_PART_GPE m_id="17"  >
  <token_anchor t_id="16"/>
</HUMAN_PART_GPE>
<HUMAN_PART_PER m_id="18"  >
  <token_anchor t_id="25"/>
</HUMAN_PART_PER>
<NON_HUMAN_PART m_id="25"  >
  <token_anchor t_id="27"/>
</NON_HUMAN_PART>
<TIME_DATE m_id="15"  >
  <token_anchor t_id="3"/>
</TIME_DATE>




<TIME_DATE m_id="29" RELATED_TO="" TAG_DESCRIPTOR="t11b_day_of_elections" instance_id="TIM27314213111481103" />
<HUMAN_PART_GPE m_id="28" RELATED_TO="" TAG_DESCRIPTOR="t11_turkmenistan_people" instance_id="HUM28314574028416742" />
<ACTION_OCCURRENCE m_id="27" RELATED_TO="" TAG_DESCRIPTOR="t11b_election" instance_id="ACT17397425257310884" />
<ACTION_OCCURRENCE m_id="26" RELATED_TO="" TAG_DESCRIPTOR="t11b_voted" instance_id="ACT17397941774474471" />
</Markables>

<Relations>
<CROSS_DOC_COREF r_id="34089" note="ACT17397941774474471" >
  <source m_id="14" />
  <target m_id="26" />
</CROSS_DOC_COREF>
<CROSS_DOC_COREF r_id="34090" note="ACT17397425257310884" >
  <source m_id="21" />
  <target m_id="27" />
</CROSS_DOC_COREF>
<CROSS_DOC_COREF r_id="34091" note="HUM28314574028416742" >
  <source m_id="16" />
  <source m_id="17" />
  <target m_id="28" />
</CROSS_DOC_COREF>
<CROSS_DOC_COREF r_id="34092" note="TIM27314213111481103" >
  <source m_id="15" />
  <target m_id="29" />
</CROSS_DOC_COREF>

</Relations>
</Document>
