<Document doc_name="11_4ecb.xml" doc_id="DOC15654053543595420">
<token t_id="1" sentence="0" number="0">The</token>
<token t_id="2" sentence="0" number="1">people</token>
<token t_id="3" sentence="0" number="2">of</token>
<token t_id="4" sentence="0" number="3">Turkmenistan</token>
<token t_id="5" sentence="0" number="4">have</token>
<token t_id="6" sentence="0" number="5">voted</token>
<token t_id="7" sentence="0" number="6">in</token>
<token t_id="8" sentence="0" number="7">the</token>
<token t_id="9" sentence="0" number="8">first</token>
<token t_id="10" sentence="0" number="9">parliamentary</token>
<token t_id="11" sentence="0" number="10">election</token>
<token t_id="12" sentence="0" number="11">held</token>
<token t_id="13" sentence="0" number="12">after</token>
<token t_id="14" sentence="0" number="13">the</token>
<token t_id="15" sentence="0" number="14">adoption</token>
<token t_id="16" sentence="0" number="15">of</token>
<token t_id="17" sentence="0" number="16">a</token>
<token t_id="18" sentence="0" number="17">new</token>
<token t_id="19" sentence="0" number="18">constitution</token>
<token t_id="20" sentence="0" number="19">earlier</token>
<token t_id="21" sentence="0" number="20">this</token>
<token t_id="22" sentence="0" number="21">year</token>
<token t_id="23" sentence="0" number="22">.</token>
<token t_id="24" sentence="1" number="0">The</token>
<token t_id="25" sentence="1" number="1">Central</token>
<token t_id="26" sentence="1" number="2">Election</token>
<token t_id="27" sentence="1" number="3">Commission</token>
<token t_id="28" sentence="1" number="4">said</token>
<token t_id="29" sentence="1" number="5">that</token>
<token t_id="30" sentence="1" number="6">turnout</token>
<token t_id="31" sentence="1" number="7">was</token>
<token t_id="32" sentence="1" number="8">almost</token>
<token t_id="33" sentence="1" number="9">90</token>
<token t_id="34" sentence="1" number="10">%</token>
<token t_id="35" sentence="1" number="11">.</token>
<token t_id="36" sentence="2" number="0">It</token>
<token t_id="37" sentence="2" number="1">was</token>
<token t_id="38" sentence="2" number="2">the</token>
<token t_id="39" sentence="2" number="3">first</token>
<token t_id="40" sentence="2" number="4">poll</token>
<token t_id="41" sentence="2" number="5">to</token>
<token t_id="42" sentence="2" number="6">be</token>
<token t_id="43" sentence="2" number="7">held</token>
<token t_id="44" sentence="2" number="8">under</token>
<token t_id="45" sentence="2" number="9">President</token>
<token t_id="46" sentence="2" number="10">Kurbanguly</token>
<token t_id="47" sentence="2" number="11">Berdymukhamedov</token>
<token t_id="48" sentence="2" number="12">,</token>
<token t_id="49" sentence="2" number="13">who</token>
<token t_id="50" sentence="2" number="14">has</token>
<token t_id="51" sentence="2" number="15">promised</token>
<token t_id="52" sentence="2" number="16">to</token>
<token t_id="53" sentence="2" number="17">end</token>
<token t_id="54" sentence="2" number="18">the</token>
<token t_id="55" sentence="2" number="19">Central</token>
<token t_id="56" sentence="2" number="20">Asian</token>
<token t_id="57" sentence="2" number="21">nation</token>
<token t_id="58" sentence="2" number="22">'s</token>
<token t_id="59" sentence="2" number="23">international</token>
<token t_id="60" sentence="2" number="24">isolation</token>
<token t_id="61" sentence="2" number="25">.</token>
<token t_id="62" sentence="3" number="0">The</token>
<token t_id="63" sentence="3" number="1">authorities</token>
<token t_id="64" sentence="3" number="2">say</token>
<token t_id="65" sentence="3" number="3">the</token>
<token t_id="66" sentence="3" number="4">vote</token>
<token t_id="67" sentence="3" number="5">is</token>
<token t_id="68" sentence="3" number="6">an</token>
<token t_id="69" sentence="3" number="7">important</token>
<token t_id="70" sentence="3" number="8">democratic</token>
<token t_id="71" sentence="3" number="9">step</token>
<token t_id="72" sentence="3" number="10">,</token>
<token t_id="73" sentence="3" number="11">but</token>
<token t_id="74" sentence="3" number="12">critics</token>
<token t_id="75" sentence="3" number="13">question</token>
<token t_id="76" sentence="3" number="14">the</token>
<token t_id="77" sentence="3" number="15">validity</token>
<token t_id="78" sentence="3" number="16">of</token>
<token t_id="79" sentence="3" number="17">the</token>
<token t_id="80" sentence="3" number="18">process</token>
<token t_id="81" sentence="3" number="19">.</token>
<token t_id="82" sentence="4" number="0">Almost</token>
<token t_id="83" sentence="4" number="1">all</token>
<token t_id="84" sentence="4" number="2">of</token>
<token t_id="85" sentence="4" number="3">the</token>
<token t_id="86" sentence="4" number="4">288</token>
<token t_id="87" sentence="4" number="5">candidates</token>
<token t_id="88" sentence="4" number="6">running</token>
<token t_id="89" sentence="4" number="7">for</token>
<token t_id="90" sentence="4" number="8">125</token>
<token t_id="91" sentence="4" number="9">seats</token>
<token t_id="92" sentence="4" number="10">in</token>
<token t_id="93" sentence="4" number="11">the</token>
<token t_id="94" sentence="4" number="12">parliament</token>
<token t_id="95" sentence="4" number="13">came</token>
<token t_id="96" sentence="4" number="14">either</token>
<token t_id="97" sentence="4" number="15">from</token>
<token t_id="98" sentence="4" number="16">Turkmenistan</token>
<token t_id="99" sentence="4" number="17">'s</token>
<token t_id="100" sentence="4" number="18">sole</token>
<token t_id="101" sentence="4" number="19">political</token>
<token t_id="102" sentence="4" number="20">party</token>
<token t_id="103" sentence="4" number="21">,</token>
<token t_id="104" sentence="4" number="22">the</token>
<token t_id="105" sentence="4" number="23">Democratic</token>
<token t_id="106" sentence="4" number="24">Party</token>
<token t_id="107" sentence="4" number="25">,</token>
<token t_id="108" sentence="4" number="26">or</token>
<token t_id="109" sentence="4" number="27">state-affiliated</token>
<token t_id="110" sentence="4" number="28">organisations</token>
<token t_id="111" sentence="4" number="29">.</token>
<token t_id="112" sentence="5" number="0">All</token>
<token t_id="113" sentence="5" number="1">candidates</token>
<token t_id="114" sentence="5" number="2">were</token>
<token t_id="115" sentence="5" number="3">funded</token>
<token t_id="116" sentence="5" number="4">by</token>
<token t_id="117" sentence="5" number="5">the</token>
<token t_id="118" sentence="5" number="6">state</token>
<token t_id="119" sentence="5" number="7">as</token>
<token t_id="120" sentence="5" number="8">alternative</token>
<token t_id="121" sentence="5" number="9">funding</token>
<token t_id="122" sentence="5" number="10">was</token>
<token t_id="123" sentence="5" number="11">banned</token>
<token t_id="124" sentence="5" number="12">.</token>
<token t_id="125" sentence="6" number="0">Ethnic</token>
<token t_id="126" sentence="6" number="1">minorities</token>
<token t_id="127" sentence="6" number="2">,</token>
<token t_id="128" sentence="6" number="3">such</token>
<token t_id="129" sentence="6" number="4">as</token>
<token t_id="130" sentence="6" number="5">the</token>
<token t_id="131" sentence="6" number="6">sizeable</token>
<token t_id="132" sentence="6" number="7">Uzbek</token>
<token t_id="133" sentence="6" number="8">community</token>
<token t_id="134" sentence="6" number="9">,</token>
<token t_id="135" sentence="6" number="10">were</token>
<token t_id="136" sentence="6" number="11">not</token>
<token t_id="137" sentence="6" number="12">permitted</token>
<token t_id="138" sentence="6" number="13">to</token>
<token t_id="139" sentence="6" number="14">nominate</token>
<token t_id="140" sentence="6" number="15">their</token>
<token t_id="141" sentence="6" number="16">own</token>
<token t_id="142" sentence="6" number="17">candidates</token>
<token t_id="143" sentence="6" number="18">.</token>
<token t_id="144" sentence="7" number="0">International</token>
<token t_id="145" sentence="7" number="1">observers</token>
<token t_id="146" sentence="8" number="0">There</token>
<token t_id="147" sentence="8" number="1">was</token>
<token t_id="148" sentence="8" number="2">no</token>
<token t_id="149" sentence="8" number="3">shortage</token>
<token t_id="150" sentence="8" number="4">of</token>
<token t_id="151" sentence="8" number="5">voters</token>
<token t_id="152" sentence="8" number="6">in</token>
<token t_id="153" sentence="8" number="7">the</token>
<token t_id="154" sentence="8" number="8">parliamentary</token>
<token t_id="155" sentence="8" number="9">elections</token>
<token t_id="156" sentence="8" number="10">in</token>
<token t_id="157" sentence="8" number="11">Turkmenistan</token>
<token t_id="158" sentence="8" number="12">,</token>
<token t_id="159" sentence="8" number="13">the</token>
<token t_id="160" sentence="8" number="14">former</token>
<token t_id="161" sentence="8" number="15">Soviet</token>
<token t_id="162" sentence="8" number="16">republic</token>
<token t_id="163" sentence="8" number="17">which</token>
<token t_id="164" sentence="8" number="18">borders</token>
<token t_id="165" sentence="8" number="19">the</token>
<token t_id="166" sentence="8" number="20">Caspian</token>
<token t_id="167" sentence="8" number="21">Sea</token>
<token t_id="168" sentence="8" number="22">.</token>
<token t_id="169" sentence="9" number="0">According</token>
<token t_id="170" sentence="9" number="1">to</token>
<token t_id="171" sentence="9" number="2">the</token>
<token t_id="172" sentence="9" number="3">country</token>
<token t_id="173" sentence="9" number="4">'s</token>
<token t_id="174" sentence="9" number="5">Central</token>
<token t_id="175" sentence="9" number="6">Election</token>
<token t_id="176" sentence="9" number="7">Commission</token>
<token t_id="177" sentence="9" number="8">the</token>
<token t_id="178" sentence="9" number="9">turnout</token>
<token t_id="179" sentence="9" number="10">was</token>
<token t_id="180" sentence="9" number="11">extremely</token>
<token t_id="181" sentence="9" number="12">high</token>
<token t_id="182" sentence="9" number="13">.</token>
<token t_id="183" sentence="10" number="0">Almost</token>
<token t_id="184" sentence="10" number="1">all</token>
<token t_id="185" sentence="10" number="2">of</token>
<token t_id="186" sentence="10" number="3">the</token>
<token t_id="187" sentence="10" number="4">2.5</token>
<token t_id="188" sentence="10" number="5">million</token>
<token t_id="189" sentence="10" number="6">people</token>
<token t_id="190" sentence="10" number="7">eligible</token>
<token t_id="191" sentence="10" number="8">cast</token>
<token t_id="192" sentence="10" number="9">their</token>
<token t_id="193" sentence="10" number="10">votes</token>
<token t_id="194" sentence="10" number="11">,</token>
<token t_id="195" sentence="10" number="12">reports</token>
<token t_id="196" sentence="10" number="13">said</token>
<token t_id="197" sentence="10" number="14">.</token>
<token t_id="198" sentence="11" number="0">State</token>
<token t_id="199" sentence="11" number="1">media</token>
<token t_id="200" sentence="11" number="2">proudly</token>
<token t_id="201" sentence="11" number="3">reported</token>
<token t_id="202" sentence="11" number="4">that</token>
<token t_id="203" sentence="11" number="5">Turkmen</token>
<token t_id="204" sentence="11" number="6">citizens</token>
<token t_id="205" sentence="11" number="7">living</token>
<token t_id="206" sentence="11" number="8">abroad</token>
<token t_id="207" sentence="11" number="9">were</token>
<token t_id="208" sentence="11" number="10">able</token>
<token t_id="209" sentence="11" number="11">to</token>
<token t_id="210" sentence="11" number="12">vote</token>
<token t_id="211" sentence="11" number="13">for</token>
<token t_id="212" sentence="11" number="14">the</token>
<token t_id="213" sentence="11" number="15">first</token>
<token t_id="214" sentence="11" number="16">time</token>
<token t_id="215" sentence="11" number="17">at</token>
<token t_id="216" sentence="11" number="18">Turkmen</token>
<token t_id="217" sentence="11" number="19">embassies</token>
<token t_id="218" sentence="11" number="20">and</token>
<token t_id="219" sentence="11" number="21">consulates</token>
<token t_id="220" sentence="11" number="22">.</token>
<token t_id="221" sentence="12" number="0">Officials</token>
<token t_id="222" sentence="12" number="1">are</token>
<token t_id="223" sentence="12" number="2">keen</token>
<token t_id="224" sentence="12" number="3">to</token>
<token t_id="225" sentence="12" number="4">demonstrate</token>
<token t_id="226" sentence="12" number="5">that</token>
<token t_id="227" sentence="12" number="6">these</token>
<token t_id="228" sentence="12" number="7">elections</token>
<token t_id="229" sentence="12" number="8">are</token>
<token t_id="230" sentence="12" number="9">part</token>
<token t_id="231" sentence="12" number="10">of</token>
<token t_id="232" sentence="12" number="11">Turkmenistan</token>
<token t_id="233" sentence="12" number="12">'s</token>
<token t_id="234" sentence="12" number="13">process</token>
<token t_id="235" sentence="12" number="14">of</token>
<token t_id="236" sentence="12" number="15">democratisation</token>
<token t_id="237" sentence="12" number="16">.</token>
<token t_id="238" sentence="13" number="0">International</token>
<token t_id="239" sentence="13" number="1">observers</token>
<token t_id="240" sentence="13" number="2">from</token>
<token t_id="241" sentence="13" number="3">the</token>
<token t_id="242" sentence="13" number="4">Organisation</token>
<token t_id="243" sentence="13" number="5">for</token>
<token t_id="244" sentence="13" number="6">Security</token>
<token t_id="245" sentence="13" number="7">and</token>
<token t_id="246" sentence="13" number="8">Co-operation</token>
<token t_id="247" sentence="13" number="9">in</token>
<token t_id="248" sentence="13" number="10">Europe</token>
<token t_id="249" sentence="13" number="11">were</token>
<token t_id="250" sentence="13" number="12">invited</token>
<token t_id="251" sentence="13" number="13">to</token>
<token t_id="252" sentence="13" number="14">monitor</token>
<token t_id="253" sentence="13" number="15">the</token>
<token t_id="254" sentence="13" number="16">poll</token>
<token t_id="255" sentence="13" number="17">.</token>
<token t_id="256" sentence="14" number="0">They</token>
<token t_id="257" sentence="14" number="1">are</token>
<token t_id="258" sentence="14" number="2">not</token>
<token t_id="259" sentence="14" number="3">expected</token>
<token t_id="260" sentence="14" number="4">to</token>
<token t_id="261" sentence="14" number="5">give</token>
<token t_id="262" sentence="14" number="6">any</token>
<token t_id="263" sentence="14" number="7">formal</token>
<token t_id="264" sentence="14" number="8">assessment</token>
<token t_id="265" sentence="14" number="9">of</token>
<token t_id="266" sentence="14" number="10">the</token>
<token t_id="267" sentence="14" number="11">election</token>
<token t_id="268" sentence="14" number="12">proceedings</token>
<token t_id="269" sentence="14" number="13">.</token>
<token t_id="270" sentence="15" number="0">Previously</token>
<token t_id="271" sentence="15" number="1">,</token>
<token t_id="272" sentence="15" number="2">Turkmenistan</token>
<token t_id="273" sentence="15" number="3">had</token>
<token t_id="274" sentence="15" number="4">a</token>
<token t_id="275" sentence="15" number="5">People</token>
<token t_id="276" sentence="15" number="6">'s</token>
<token t_id="277" sentence="15" number="7">Council</token>
<token t_id="278" sentence="15" number="8">whose</token>
<token t_id="279" sentence="15" number="9">2,507</token>
<token t_id="280" sentence="15" number="10">members</token>
<token t_id="281" sentence="15" number="11">had</token>
<token t_id="282" sentence="15" number="12">to</token>
<token t_id="283" sentence="15" number="13">be</token>
<token t_id="284" sentence="15" number="14">approved</token>
<token t_id="285" sentence="15" number="15">by</token>
<token t_id="286" sentence="15" number="16">the</token>
<token t_id="287" sentence="15" number="17">country</token>
<token t_id="288" sentence="15" number="18">'s</token>
<token t_id="289" sentence="15" number="19">late</token>
<token t_id="290" sentence="15" number="20">ruler</token>
<token t_id="291" sentence="15" number="21">,</token>
<token t_id="292" sentence="15" number="22">Saparmurat</token>
<token t_id="293" sentence="15" number="23">Niyazov</token>
<token t_id="294" sentence="15" number="24">,</token>
<token t_id="295" sentence="15" number="25">who</token>
<token t_id="296" sentence="15" number="26">died</token>
<token t_id="297" sentence="15" number="27">in</token>
<token t_id="298" sentence="15" number="28">2006</token>
<token t_id="299" sentence="15" number="29">after</token>
<token t_id="300" sentence="15" number="30">21</token>
<token t_id="301" sentence="15" number="31">years</token>
<token t_id="302" sentence="15" number="32">in</token>
<token t_id="303" sentence="15" number="33">power</token>
<token t_id="304" sentence="15" number="34">.</token>
<token t_id="305" sentence="16" number="0">The</token>
<token t_id="306" sentence="16" number="1">new</token>
<token t_id="307" sentence="16" number="2">leader</token>
<token t_id="308" sentence="16" number="3">,</token>
<token t_id="309" sentence="16" number="4">Mr</token>
<token t_id="310" sentence="16" number="5">Berdymukhamedov</token>
<token t_id="311" sentence="16" number="6">,</token>
<token t_id="312" sentence="16" number="7">a</token>
<token t_id="313" sentence="16" number="8">former</token>
<token t_id="314" sentence="16" number="9">dentist</token>
<token t_id="315" sentence="16" number="10">,</token>
<token t_id="316" sentence="16" number="11">has</token>
<token t_id="317" sentence="16" number="12">introduced</token>
<token t_id="318" sentence="16" number="13">a</token>
<token t_id="319" sentence="16" number="14">number</token>
<token t_id="320" sentence="16" number="15">of</token>
<token t_id="321" sentence="16" number="16">measures</token>
<token t_id="322" sentence="16" number="17">to</token>
<token t_id="323" sentence="16" number="18">modernise</token>
<token t_id="324" sentence="16" number="19">the</token>
<token t_id="325" sentence="16" number="20">gas-rich</token>
<token t_id="326" sentence="16" number="21">nation</token>
<token t_id="327" sentence="16" number="22">,</token>
<token t_id="328" sentence="16" number="23">after</token>
<token t_id="329" sentence="16" number="24">years</token>
<token t_id="330" sentence="16" number="25">of</token>
<token t_id="331" sentence="16" number="26">isolation</token>
<token t_id="332" sentence="16" number="27">under</token>
<token t_id="333" sentence="16" number="28">his</token>
<token t_id="334" sentence="16" number="29">predecessor</token>
<token t_id="335" sentence="16" number="30">.</token>
<token t_id="336" sentence="17" number="0">Abolishing</token>
<token t_id="337" sentence="17" number="1">the</token>
<token t_id="338" sentence="17" number="2">People</token>
<token t_id="339" sentence="17" number="3">'s</token>
<token t_id="340" sentence="17" number="4">Council</token>
<token t_id="341" sentence="17" number="5">and</token>
<token t_id="342" sentence="17" number="6">reinstating</token>
<token t_id="343" sentence="17" number="7">the</token>
<token t_id="344" sentence="17" number="8">country</token>
<token t_id="345" sentence="17" number="9">'s</token>
<token t_id="346" sentence="17" number="10">parliament</token>
<token t_id="347" sentence="17" number="11">was</token>
<token t_id="348" sentence="17" number="12">one</token>
<token t_id="349" sentence="17" number="13">of</token>
<token t_id="350" sentence="17" number="14">them</token>
<token t_id="351" sentence="17" number="15">.</token>
<token t_id="352" sentence="18" number="0">However</token>
<token t_id="353" sentence="18" number="1">the</token>
<token t_id="354" sentence="18" number="2">country</token>
<token t_id="355" sentence="18" number="3">remains</token>
<token t_id="356" sentence="18" number="4">largely</token>
<token t_id="357" sentence="18" number="5">closed</token>
<token t_id="358" sentence="18" number="6">to</token>
<token t_id="359" sentence="18" number="7">the</token>
<token t_id="360" sentence="18" number="8">outside</token>
<token t_id="361" sentence="18" number="9">world</token>
<token t_id="362" sentence="18" number="10">.</token>
<Markables>
<ACTION_OCCURRENCE m_id="10"  >
  <token_anchor t_id="6"/>
</ACTION_OCCURRENCE>
<ACTION_OCCURRENCE m_id="11"  >
  <token_anchor t_id="11"/>
</ACTION_OCCURRENCE>
<ACTION_OCCURRENCE m_id="12"  >
  <token_anchor t_id="15"/>
</ACTION_OCCURRENCE>
<HUMAN_PART_PER m_id="8"  >
  <token_anchor t_id="2"/>
</HUMAN_PART_PER>
<LOC_GEO m_id="9"  >
  <token_anchor t_id="4"/>
</LOC_GEO>
<NON_HUMAN_PART m_id="13"  >
  <token_anchor t_id="19"/>
</NON_HUMAN_PART>
<TIME_OF_THE_DAY m_id="14"  >
  <token_anchor t_id="20"/>
  <token_anchor t_id="21"/>
  <token_anchor t_id="22"/>
</TIME_OF_THE_DAY>




<HUMAN_PART_PER m_id="19" RELATED_TO="" TAG_DESCRIPTOR="t11b_voters" instance_id="HUM17396999615005239" />
<NON_HUMAN_PART m_id="18" RELATED_TO="" TAG_DESCRIPTOR="t11b_constitution" instance_id="NON17398421457245879" />
<LOC_GEO m_id="17" RELATED_TO="" TAG_DESCRIPTOR="t11_turkmenistan" instance_id="LOC17395351611820997" />
<ACTION_OCCURRENCE m_id="16" RELATED_TO="" TAG_DESCRIPTOR="t11b_election" instance_id="ACT17397425257310884" />
<ACTION_OCCURRENCE m_id="15" RELATED_TO="" TAG_DESCRIPTOR="t11b_voted" instance_id="ACT17397941774474471" />
</Markables>

<Relations>
<CROSS_DOC_COREF r_id="34105" note="ACT17397941774474471" >
  <source m_id="10" />
  <target m_id="15" />
</CROSS_DOC_COREF>
<CROSS_DOC_COREF r_id="34106" note="ACT17397425257310884" >
  <source m_id="11" />
  <target m_id="16" />
</CROSS_DOC_COREF>
<CROSS_DOC_COREF r_id="34107" note="LOC17395351611820997" >
  <source m_id="9" />
  <target m_id="17" />
</CROSS_DOC_COREF>
<CROSS_DOC_COREF r_id="34108" note="NON17398421457245879" >
  <source m_id="13" />
  <target m_id="18" />
</CROSS_DOC_COREF>
<CROSS_DOC_COREF r_id="34109" note="HUM17396999615005239" >
  <source m_id="8" />
  <target m_id="19" />
</CROSS_DOC_COREF>

</Relations>
</Document>
