<Document doc_name="11_5ecb.xml" doc_id="DOC15654054106639084">
<token t_id="1" sentence="0" number="0">Voters</token>
<token t_id="2" sentence="0" number="1">in</token>
<token t_id="3" sentence="0" number="2">reclusive</token>
<token t_id="4" sentence="0" number="3">Turkmenistan</token>
<token t_id="5" sentence="0" number="4">elect</token>
<token t_id="6" sentence="0" number="5">a</token>
<token t_id="7" sentence="0" number="6">parliament</token>
<token t_id="8" sentence="0" number="7">Sunday</token>
<token t_id="9" sentence="0" number="8">in</token>
<token t_id="10" sentence="0" number="9">balloting</token>
<token t_id="11" sentence="0" number="10">heralded</token>
<token t_id="12" sentence="0" number="11">by</token>
<token t_id="13" sentence="0" number="12">authorities</token>
<token t_id="14" sentence="0" number="13">in</token>
<token t_id="15" sentence="0" number="14">the</token>
<token t_id="16" sentence="0" number="15">natural</token>
<token t_id="17" sentence="0" number="16">gas-rich</token>
<token t_id="18" sentence="0" number="17">nation</token>
<token t_id="19" sentence="0" number="18">as</token>
<token t_id="20" sentence="0" number="19">a</token>
<token t_id="21" sentence="0" number="20">key</token>
<token t_id="22" sentence="0" number="21">step</token>
<token t_id="23" sentence="0" number="22">toward</token>
<token t_id="24" sentence="0" number="23">democratic</token>
<token t_id="25" sentence="0" number="24">standards</token>
<token t_id="26" sentence="0" number="25">but</token>
<token t_id="27" sentence="0" number="26">dismissed</token>
<token t_id="28" sentence="0" number="27">by</token>
<token t_id="29" sentence="0" number="28">critics</token>
<token t_id="30" sentence="0" number="29">as</token>
<token t_id="31" sentence="0" number="30">a</token>
<token t_id="32" sentence="0" number="31">sham</token>
<token t_id="33" sentence="0" number="32">.</token>
<token t_id="34" sentence="1" number="0">The</token>
<token t_id="35" sentence="1" number="1">election</token>
<token t_id="36" sentence="1" number="2">comes</token>
<token t_id="37" sentence="1" number="3">two</token>
<token t_id="38" sentence="1" number="4">years</token>
<token t_id="39" sentence="1" number="5">after</token>
<token t_id="40" sentence="1" number="6">the</token>
<token t_id="41" sentence="1" number="7">death</token>
<token t_id="42" sentence="1" number="8">of</token>
<token t_id="43" sentence="1" number="9">idiosyncratic</token>
<token t_id="44" sentence="1" number="10">dictator</token>
<token t_id="45" sentence="1" number="11">Saparmurat</token>
<token t_id="46" sentence="1" number="12">Niyazov</token>
<token t_id="47" sentence="1" number="13">,</token>
<token t_id="48" sentence="1" number="14">which</token>
<token t_id="49" sentence="1" number="15">kindled</token>
<token t_id="50" sentence="1" number="16">hopes</token>
<token t_id="51" sentence="1" number="17">here</token>
<token t_id="52" sentence="1" number="18">and</token>
<token t_id="53" sentence="1" number="19">in</token>
<token t_id="54" sentence="1" number="20">the</token>
<token t_id="55" sentence="1" number="21">West</token>
<token t_id="56" sentence="1" number="22">that</token>
<token t_id="57" sentence="1" number="23">the</token>
<token t_id="58" sentence="1" number="24">Central</token>
<token t_id="59" sentence="1" number="25">Asian</token>
<token t_id="60" sentence="1" number="26">country</token>
<token t_id="61" sentence="1" number="27">would</token>
<token t_id="62" sentence="1" number="28">gradually</token>
<token t_id="63" sentence="1" number="29">roll</token>
<token t_id="64" sentence="1" number="30">back</token>
<token t_id="65" sentence="1" number="31">its</token>
<token t_id="66" sentence="1" number="32">oppressive</token>
<token t_id="67" sentence="1" number="33">political</token>
<token t_id="68" sentence="1" number="34">regime</token>
<token t_id="69" sentence="1" number="35">and</token>
<token t_id="70" sentence="1" number="36">introduce</token>
<token t_id="71" sentence="1" number="37">greater</token>
<token t_id="72" sentence="1" number="38">freedoms</token>
<token t_id="73" sentence="1" number="39">.</token>
<token t_id="74" sentence="2" number="0">Niyazov</token>
<token t_id="75" sentence="2" number="1">'s</token>
<token t_id="76" sentence="2" number="2">successor</token>
<token t_id="77" sentence="2" number="3">,</token>
<token t_id="78" sentence="2" number="4">President</token>
<token t_id="79" sentence="2" number="5">Gurbanguli</token>
<token t_id="80" sentence="2" number="6">Berdymukhamedov</token>
<token t_id="81" sentence="2" number="7">,</token>
<token t_id="82" sentence="2" number="8">has</token>
<token t_id="83" sentence="2" number="9">revoked</token>
<token t_id="84" sentence="2" number="10">some</token>
<token t_id="85" sentence="2" number="11">of</token>
<token t_id="86" sentence="2" number="12">his</token>
<token t_id="87" sentence="2" number="13">more</token>
<token t_id="88" sentence="2" number="14">draconian</token>
<token t_id="89" sentence="2" number="15">decrees</token>
<token t_id="90" sentence="2" number="16">and</token>
<token t_id="91" sentence="2" number="17">vowed</token>
<token t_id="92" sentence="2" number="18">to</token>
<token t_id="93" sentence="2" number="19">pursue</token>
<token t_id="94" sentence="2" number="20">political</token>
<token t_id="95" sentence="2" number="21">reform</token>
<token t_id="96" sentence="2" number="22">.</token>
<token t_id="97" sentence="3" number="0">But</token>
<token t_id="98" sentence="3" number="1">most</token>
<token t_id="99" sentence="3" number="2">of</token>
<token t_id="100" sentence="3" number="3">the</token>
<token t_id="101" sentence="3" number="4">parliamentary</token>
<token t_id="102" sentence="3" number="5">candidates</token>
<token t_id="103" sentence="3" number="6">are</token>
<token t_id="104" sentence="3" number="7">from</token>
<token t_id="105" sentence="3" number="8">the</token>
<token t_id="106" sentence="3" number="9">only</token>
<token t_id="107" sentence="3" number="10">permitted</token>
<token t_id="108" sentence="3" number="11">political</token>
<token t_id="109" sentence="3" number="12">party</token>
<token t_id="110" sentence="3" number="13">,</token>
<token t_id="111" sentence="3" number="14">and</token>
<token t_id="112" sentence="3" number="15">exiled</token>
<token t_id="113" sentence="3" number="16">opposition</token>
<token t_id="114" sentence="3" number="17">activists</token>
<token t_id="115" sentence="3" number="18">say</token>
<token t_id="116" sentence="3" number="19">the</token>
<token t_id="117" sentence="3" number="20">president</token>
<token t_id="118" sentence="3" number="21">has</token>
<token t_id="119" sentence="3" number="22">failed</token>
<token t_id="120" sentence="3" number="23">to</token>
<token t_id="121" sentence="3" number="24">live</token>
<token t_id="122" sentence="3" number="25">up</token>
<token t_id="123" sentence="3" number="26">to</token>
<token t_id="124" sentence="3" number="27">his</token>
<token t_id="125" sentence="3" number="28">promises</token>
<token t_id="126" sentence="3" number="29">.</token>
<token t_id="127" sentence="4" number="0">``</token>
<token t_id="128" sentence="4" number="1">Beyond</token>
<token t_id="129" sentence="4" number="2">all</token>
<token t_id="130" sentence="4" number="3">the</token>
<token t_id="131" sentence="4" number="4">pompous</token>
<token t_id="132" sentence="4" number="5">declarations</token>
<token t_id="133" sentence="4" number="6">,</token>
<token t_id="134" sentence="4" number="7">there</token>
<token t_id="135" sentence="4" number="8">will</token>
<token t_id="136" sentence="4" number="9">be</token>
<token t_id="137" sentence="4" number="10">no</token>
<token t_id="138" sentence="4" number="11">real</token>
<token t_id="139" sentence="4" number="12">change</token>
<token t_id="140" sentence="4" number="13">,</token>
<token t_id="141" sentence="4" number="14">''</token>
<token t_id="142" sentence="4" number="15">Tadzhigul</token>
<token t_id="143" sentence="4" number="16">Begmedova</token>
<token t_id="144" sentence="4" number="17">,</token>
<token t_id="145" sentence="4" number="18">director</token>
<token t_id="146" sentence="4" number="19">of</token>
<token t_id="147" sentence="4" number="20">the</token>
<token t_id="148" sentence="4" number="21">Turkmenistan</token>
<token t_id="149" sentence="4" number="22">Helsinki</token>
<token t_id="150" sentence="4" number="23">Foundation</token>
<token t_id="151" sentence="4" number="24">for</token>
<token t_id="152" sentence="4" number="25">Human</token>
<token t_id="153" sentence="4" number="26">Rights</token>
<token t_id="154" sentence="4" number="27">,</token>
<token t_id="155" sentence="4" number="28">said</token>
<token t_id="156" sentence="4" number="29">by</token>
<token t_id="157" sentence="4" number="30">telephone</token>
<token t_id="158" sentence="4" number="31">from</token>
<token t_id="159" sentence="4" number="32">Varna</token>
<token t_id="160" sentence="4" number="33">,</token>
<token t_id="161" sentence="4" number="34">Bulgaria</token>
<token t_id="162" sentence="4" number="35">.</token>
<token t_id="163" sentence="5" number="0">``</token>
<token t_id="164" sentence="5" number="1">The</token>
<token t_id="165" sentence="5" number="2">hopes</token>
<token t_id="166" sentence="5" number="3">many</token>
<token t_id="167" sentence="5" number="4">people</token>
<token t_id="168" sentence="5" number="5">had</token>
<token t_id="169" sentence="5" number="6">that</token>
<token t_id="170" sentence="5" number="7">a</token>
<token t_id="171" sentence="5" number="8">new</token>
<token t_id="172" sentence="5" number="9">president</token>
<token t_id="173" sentence="5" number="10">would</token>
<token t_id="174" sentence="5" number="11">open</token>
<token t_id="175" sentence="5" number="12">up</token>
<token t_id="176" sentence="5" number="13">Turkmen</token>
<token t_id="177" sentence="5" number="14">society</token>
<token t_id="178" sentence="5" number="15">have</token>
<token t_id="179" sentence="5" number="16">been</token>
<token t_id="180" sentence="5" number="17">shattered</token>
<token t_id="181" sentence="5" number="18">.</token>
<token t_id="182" sentence="5" number="19">''</token>
<token t_id="183" sentence="6" number="0">On</token>
<token t_id="184" sentence="6" number="1">the</token>
<token t_id="185" sentence="6" number="2">surface</token>
<token t_id="186" sentence="6" number="3">,</token>
<token t_id="187" sentence="6" number="4">Turkmenistan</token>
<token t_id="188" sentence="6" number="5">'s</token>
<token t_id="189" sentence="6" number="6">political</token>
<token t_id="190" sentence="6" number="7">landscape</token>
<token t_id="191" sentence="6" number="8">is</token>
<token t_id="192" sentence="6" number="9">changing</token>
<token t_id="193" sentence="6" number="10">.</token>
<token t_id="194" sentence="7" number="0">In</token>
<token t_id="195" sentence="7" number="1">September</token>
<token t_id="196" sentence="7" number="2">,</token>
<token t_id="197" sentence="7" number="3">the</token>
<token t_id="198" sentence="7" number="4">rubber-stamp</token>
<token t_id="199" sentence="7" number="5">People</token>
<token t_id="200" sentence="7" number="6">'s</token>
<token t_id="201" sentence="7" number="7">Council</token>
<token t_id="202" sentence="7" number="8">-</token>
<token t_id="203" sentence="7" number="9">a</token>
<token t_id="204" sentence="7" number="10">2,507-member</token>
<token t_id="205" sentence="7" number="11">assembly</token>
<token t_id="206" sentence="7" number="12">of</token>
<token t_id="207" sentence="7" number="13">presidential</token>
<token t_id="208" sentence="7" number="14">appointees</token>
<token t_id="209" sentence="7" number="15">,</token>
<token t_id="210" sentence="7" number="16">town</token>
<token t_id="211" sentence="7" number="17">elders</token>
<token t_id="212" sentence="7" number="18">and</token>
<token t_id="213" sentence="7" number="19">others</token>
<token t_id="214" sentence="7" number="20">-</token>
<token t_id="215" sentence="7" number="21">voted</token>
<token t_id="216" sentence="7" number="22">to</token>
<token t_id="217" sentence="7" number="23">abolish</token>
<token t_id="218" sentence="7" number="24">itself</token>
<token t_id="219" sentence="7" number="25">and</token>
<token t_id="220" sentence="7" number="26">cede</token>
<token t_id="221" sentence="7" number="27">most</token>
<token t_id="222" sentence="7" number="28">of</token>
<token t_id="223" sentence="7" number="29">its</token>
<token t_id="224" sentence="7" number="30">powers</token>
<token t_id="225" sentence="7" number="31">to</token>
<token t_id="226" sentence="7" number="32">an</token>
<token t_id="227" sentence="7" number="33">expanded</token>
<token t_id="228" sentence="7" number="34">parliament</token>
<token t_id="229" sentence="7" number="35">.</token>
<token t_id="230" sentence="8" number="0">But</token>
<token t_id="231" sentence="8" number="1">out</token>
<token t_id="232" sentence="8" number="2">of</token>
<token t_id="233" sentence="8" number="3">the</token>
<token t_id="234" sentence="8" number="4">288</token>
<token t_id="235" sentence="8" number="5">candidates</token>
<token t_id="236" sentence="8" number="6">running</token>
<token t_id="237" sentence="8" number="7">for</token>
<token t_id="238" sentence="8" number="8">the</token>
<token t_id="239" sentence="8" number="9">125</token>
<token t_id="240" sentence="8" number="10">seats</token>
<token t_id="241" sentence="8" number="11">Sunday</token>
<token t_id="242" sentence="8" number="12">,</token>
<token t_id="243" sentence="8" number="13">more</token>
<token t_id="244" sentence="8" number="14">than</token>
<token t_id="245" sentence="8" number="15">half</token>
<token t_id="246" sentence="8" number="16">are</token>
<token t_id="247" sentence="8" number="17">members</token>
<token t_id="248" sentence="8" number="18">of</token>
<token t_id="249" sentence="8" number="19">the</token>
<token t_id="250" sentence="8" number="20">pro-presidential</token>
<token t_id="251" sentence="8" number="21">Democratic</token>
<token t_id="252" sentence="8" number="22">Party</token>
<token t_id="253" sentence="8" number="23">of</token>
<token t_id="254" sentence="8" number="24">Turkmenistan</token>
<token t_id="255" sentence="8" number="25">-</token>
<token t_id="256" sentence="8" number="26">a</token>
<token t_id="257" sentence="8" number="27">political</token>
<token t_id="258" sentence="8" number="28">force</token>
<token t_id="259" sentence="8" number="29">created</token>
<token t_id="260" sentence="8" number="30">out</token>
<token t_id="261" sentence="8" number="31">of</token>
<token t_id="262" sentence="8" number="32">the</token>
<token t_id="263" sentence="8" number="33">ashes</token>
<token t_id="264" sentence="8" number="34">of</token>
<token t_id="265" sentence="8" number="35">the</token>
<token t_id="266" sentence="8" number="36">Soviet-era</token>
<token t_id="267" sentence="8" number="37">Turkmen</token>
<token t_id="268" sentence="8" number="38">Communist</token>
<token t_id="269" sentence="8" number="39">Party</token>
<token t_id="270" sentence="8" number="40">.</token>
<token t_id="271" sentence="9" number="0">Non-party</token>
<token t_id="272" sentence="9" number="1">candidates</token>
<token t_id="273" sentence="9" number="2">have</token>
<token t_id="274" sentence="9" number="3">been</token>
<token t_id="275" sentence="9" number="4">drawn</token>
<token t_id="276" sentence="9" number="5">from</token>
<token t_id="277" sentence="9" number="6">state-controlled</token>
<token t_id="278" sentence="9" number="7">women</token>
<token t_id="279" sentence="9" number="8">'s</token>
<token t_id="280" sentence="9" number="9">and</token>
<token t_id="281" sentence="9" number="10">veterans</token>
<token t_id="282" sentence="9" number="11">'</token>
<token t_id="283" sentence="9" number="12">organizations</token>
<token t_id="284" sentence="9" number="13">,</token>
<token t_id="285" sentence="9" number="14">trade</token>
<token t_id="286" sentence="9" number="15">unions</token>
<token t_id="287" sentence="9" number="16">and</token>
<token t_id="288" sentence="9" number="17">a</token>
<token t_id="289" sentence="9" number="18">youth</token>
<token t_id="290" sentence="9" number="19">group</token>
<token t_id="291" sentence="9" number="20">.</token>
<token t_id="292" sentence="10" number="0">The</token>
<token t_id="293" sentence="10" number="1">only</token>
<token t_id="294" sentence="10" number="2">non-party</token>
<token t_id="295" sentence="10" number="3">candidate</token>
<token t_id="296" sentence="10" number="4">in</token>
<token t_id="297" sentence="10" number="5">the</token>
<token t_id="298" sentence="10" number="6">capital</token>
<token t_id="299" sentence="10" number="7">,</token>
<token t_id="300" sentence="10" number="8">Ashgabat</token>
<token t_id="301" sentence="10" number="9">,</token>
<token t_id="302" sentence="10" number="10">avidly</token>
<token t_id="303" sentence="10" number="11">supports</token>
<token t_id="304" sentence="10" number="12">Berdymukhamedov</token>
<token t_id="305" sentence="10" number="13">-</token>
<token t_id="306" sentence="10" number="14">undermining</token>
<token t_id="307" sentence="10" number="15">official</token>
<token t_id="308" sentence="10" number="16">claims</token>
<token t_id="309" sentence="10" number="17">the</token>
<token t_id="310" sentence="10" number="18">polls</token>
<token t_id="311" sentence="10" number="19">will</token>
<token t_id="312" sentence="10" number="20">offer</token>
<token t_id="313" sentence="10" number="21">a</token>
<token t_id="314" sentence="10" number="22">wide</token>
<token t_id="315" sentence="10" number="23">choice</token>
<token t_id="316" sentence="10" number="24">.</token>
<token t_id="317" sentence="11" number="0">``</token>
<token t_id="318" sentence="11" number="1">I</token>
<token t_id="319" sentence="11" number="2">will</token>
<token t_id="320" sentence="11" number="3">devote</token>
<token t_id="321" sentence="11" number="4">all</token>
<token t_id="322" sentence="11" number="5">my</token>
<token t_id="323" sentence="11" number="6">strengths</token>
<token t_id="324" sentence="11" number="7">to</token>
<token t_id="325" sentence="11" number="8">the</token>
<token t_id="326" sentence="11" number="9">honest</token>
<token t_id="327" sentence="11" number="10">and</token>
<token t_id="328" sentence="11" number="11">righteous</token>
<token t_id="329" sentence="11" number="12">support</token>
<token t_id="330" sentence="11" number="13">of</token>
<token t_id="331" sentence="11" number="14">our</token>
<token t_id="332" sentence="11" number="15">esteemed</token>
<token t_id="333" sentence="11" number="16">president</token>
<token t_id="334" sentence="11" number="17">'s</token>
<token t_id="335" sentence="11" number="18">domestic</token>
<token t_id="336" sentence="11" number="19">and</token>
<token t_id="337" sentence="11" number="20">foreign</token>
<token t_id="338" sentence="11" number="21">policy</token>
<token t_id="339" sentence="11" number="22">,</token>
<token t_id="340" sentence="11" number="23">''</token>
<token t_id="341" sentence="11" number="24">the</token>
<token t_id="342" sentence="11" number="25">candidate</token>
<token t_id="343" sentence="11" number="26">,</token>
<token t_id="344" sentence="11" number="27">regional</token>
<token t_id="345" sentence="11" number="28">bureaucrat</token>
<token t_id="346" sentence="11" number="29">Resulberdy</token>
<token t_id="347" sentence="11" number="30">Mammedov</token>
<token t_id="348" sentence="11" number="31">,</token>
<token t_id="349" sentence="11" number="32">said</token>
<token t_id="350" sentence="11" number="33">in</token>
<token t_id="351" sentence="11" number="34">a</token>
<token t_id="352" sentence="11" number="35">campaign</token>
<token t_id="353" sentence="11" number="36">statement</token>
<token t_id="354" sentence="11" number="37">.</token>
<token t_id="355" sentence="12" number="0">Niyazov</token>
<token t_id="356" sentence="12" number="1">isolated</token>
<token t_id="357" sentence="12" number="2">Turkmenistan</token>
<token t_id="358" sentence="12" number="3">from</token>
<token t_id="359" sentence="12" number="4">the</token>
<token t_id="360" sentence="12" number="5">international</token>
<token t_id="361" sentence="12" number="6">community</token>
<token t_id="362" sentence="12" number="7">and</token>
<token t_id="363" sentence="12" number="8">forged</token>
<token t_id="364" sentence="12" number="9">a</token>
<token t_id="365" sentence="12" number="10">pervasive</token>
<token t_id="366" sentence="12" number="11">personality</token>
<token t_id="367" sentence="12" number="12">cult</token>
<token t_id="368" sentence="12" number="13">.</token>
<token t_id="369" sentence="13" number="0">He</token>
<token t_id="370" sentence="13" number="1">called</token>
<token t_id="371" sentence="13" number="2">himself</token>
<token t_id="372" sentence="13" number="3">Turkmenbashi</token>
<token t_id="373" sentence="13" number="4">,</token>
<token t_id="374" sentence="13" number="5">or</token>
<token t_id="375" sentence="13" number="6">father</token>
<token t_id="376" sentence="13" number="7">of</token>
<token t_id="377" sentence="13" number="8">all</token>
<token t_id="378" sentence="13" number="9">Turkmens</token>
<token t_id="379" sentence="13" number="10">,</token>
<token t_id="380" sentence="13" number="11">renamed</token>
<token t_id="381" sentence="13" number="12">months</token>
<token t_id="382" sentence="13" number="13">after</token>
<token t_id="383" sentence="13" number="14">himself</token>
<token t_id="384" sentence="13" number="15">and</token>
<token t_id="385" sentence="13" number="16">his</token>
<token t_id="386" sentence="13" number="17">mother</token>
<token t_id="387" sentence="13" number="18">,</token>
<token t_id="388" sentence="13" number="19">and</token>
<token t_id="389" sentence="13" number="20">made</token>
<token t_id="390" sentence="13" number="21">his</token>
<token t_id="391" sentence="13" number="22">self-penned</token>
<token t_id="392" sentence="13" number="23">spiritual</token>
<token t_id="393" sentence="13" number="24">tome</token>
<token t_id="394" sentence="13" number="25">mandatory</token>
<token t_id="395" sentence="13" number="26">reading</token>
<token t_id="396" sentence="13" number="27">for</token>
<token t_id="397" sentence="13" number="28">students</token>
<token t_id="398" sentence="13" number="29">and</token>
<token t_id="399" sentence="13" number="30">state</token>
<token t_id="400" sentence="13" number="31">employees</token>
<token t_id="401" sentence="13" number="32">.</token>
<token t_id="402" sentence="14" number="0">With</token>
<token t_id="403" sentence="14" number="1">Berdymukhamedov</token>
<token t_id="404" sentence="14" number="2">decreasing</token>
<token t_id="405" sentence="14" number="3">the</token>
<token t_id="406" sentence="14" number="4">country</token>
<token t_id="407" sentence="14" number="5">'s</token>
<token t_id="408" sentence="14" number="6">isolation</token>
<token t_id="409" sentence="14" number="7">,</token>
<token t_id="410" sentence="14" number="8">government</token>
<token t_id="411" sentence="14" number="9">opponents</token>
<token t_id="412" sentence="14" number="10">claim</token>
<token t_id="413" sentence="14" number="11">the</token>
<token t_id="414" sentence="14" number="12">election</token>
<token t_id="415" sentence="14" number="13">is</token>
<token t_id="416" sentence="14" number="14">aimed</token>
<token t_id="417" sentence="14" number="15">to</token>
<token t_id="418" sentence="14" number="16">appease</token>
<token t_id="419" sentence="14" number="17">Western</token>
<token t_id="420" sentence="14" number="18">countries</token>
<token t_id="421" sentence="14" number="19">that</token>
<token t_id="422" sentence="14" number="20">are</token>
<token t_id="423" sentence="14" number="21">eager</token>
<token t_id="424" sentence="14" number="22">to</token>
<token t_id="425" sentence="14" number="23">win</token>
<token t_id="426" sentence="14" number="24">access</token>
<token t_id="427" sentence="14" number="25">to</token>
<token t_id="428" sentence="14" number="26">its</token>
<token t_id="429" sentence="14" number="27">vast</token>
<token t_id="430" sentence="14" number="28">natural-gas</token>
<token t_id="431" sentence="14" number="29">reserves</token>
<token t_id="432" sentence="14" number="30">but</token>
<token t_id="433" sentence="14" number="31">wary</token>
<token t_id="434" sentence="14" number="32">of</token>
<token t_id="435" sentence="14" number="33">its</token>
<token t_id="436" sentence="14" number="34">record</token>
<token t_id="437" sentence="14" number="35">on</token>
<token t_id="438" sentence="14" number="36">democracy</token>
<token t_id="439" sentence="14" number="37">and</token>
<token t_id="440" sentence="14" number="38">human</token>
<token t_id="441" sentence="14" number="39">rights</token>
<token t_id="442" sentence="14" number="40">.</token>
<token t_id="443" sentence="15" number="0">The</token>
<token t_id="444" sentence="15" number="1">U.S.</token>
<token t_id="445" sentence="15" number="2">and</token>
<token t_id="446" sentence="15" number="3">European</token>
<token t_id="447" sentence="15" number="4">Union</token>
<token t_id="448" sentence="15" number="5">are</token>
<token t_id="449" sentence="15" number="6">seeking</token>
<token t_id="450" sentence="15" number="7">to</token>
<token t_id="451" sentence="15" number="8">lessen</token>
<token t_id="452" sentence="15" number="9">Russia</token>
<token t_id="453" sentence="15" number="10">'s</token>
<token t_id="454" sentence="15" number="11">control</token>
<token t_id="455" sentence="15" number="12">over</token>
<token t_id="456" sentence="15" number="13">exports</token>
<token t_id="457" sentence="15" number="14">of</token>
<token t_id="458" sentence="15" number="15">Turkmen</token>
<token t_id="459" sentence="15" number="16">gas</token>
<token t_id="460" sentence="15" number="17">.</token>
<token t_id="461" sentence="16" number="0">``</token>
<token t_id="462" sentence="16" number="1">This</token>
<token t_id="463" sentence="16" number="2">whole</token>
<token t_id="464" sentence="16" number="3">spectacle</token>
<token t_id="465" sentence="16" number="4">has</token>
<token t_id="466" sentence="16" number="5">been</token>
<token t_id="467" sentence="16" number="6">arranged</token>
<token t_id="468" sentence="16" number="7">for</token>
<token t_id="469" sentence="16" number="8">the</token>
<token t_id="470" sentence="16" number="9">international</token>
<token t_id="471" sentence="16" number="10">community</token>
<token t_id="472" sentence="16" number="11">,</token>
<token t_id="473" sentence="16" number="12">to</token>
<token t_id="474" sentence="16" number="13">show</token>
<token t_id="475" sentence="16" number="14">that</token>
<token t_id="476" sentence="16" number="15">Turkmenistan</token>
<token t_id="477" sentence="16" number="16">is</token>
<token t_id="478" sentence="16" number="17">following</token>
<token t_id="479" sentence="16" number="18">the</token>
<token t_id="480" sentence="16" number="19">path</token>
<token t_id="481" sentence="16" number="20">of</token>
<token t_id="482" sentence="16" number="21">democratization</token>
<token t_id="483" sentence="16" number="22">,</token>
<token t_id="484" sentence="16" number="23">''</token>
<token t_id="485" sentence="16" number="24">said</token>
<token t_id="486" sentence="16" number="25">Begmedova</token>
<token t_id="487" sentence="16" number="26">.</token>
<token t_id="488" sentence="17" number="0">While</token>
<token t_id="489" sentence="17" number="1">officials</token>
<token t_id="490" sentence="17" number="2">have</token>
<token t_id="491" sentence="17" number="3">extolled</token>
<token t_id="492" sentence="17" number="4">the</token>
<token t_id="493" sentence="17" number="5">vote</token>
<token t_id="494" sentence="17" number="6">as</token>
<token t_id="495" sentence="17" number="7">an</token>
<token t_id="496" sentence="17" number="8">exercise</token>
<token t_id="497" sentence="17" number="9">in</token>
<token t_id="498" sentence="17" number="10">democracy</token>
<token t_id="499" sentence="17" number="11">,</token>
<token t_id="500" sentence="17" number="12">there</token>
<token t_id="501" sentence="17" number="13">has</token>
<token t_id="502" sentence="17" number="14">been</token>
<token t_id="503" sentence="17" number="15">little</token>
<token t_id="504" sentence="17" number="16">campaigning</token>
<token t_id="505" sentence="17" number="17">and</token>
<token t_id="506" sentence="17" number="18">little</token>
<token t_id="507" sentence="17" number="19">coverage</token>
<token t_id="508" sentence="17" number="20">on</token>
<token t_id="509" sentence="17" number="21">state-run</token>
<token t_id="510" sentence="17" number="22">television</token>
<token t_id="511" sentence="17" number="23">,</token>
<token t_id="512" sentence="17" number="24">in</token>
<token t_id="513" sentence="17" number="25">contrast</token>
<token t_id="514" sentence="17" number="26">with</token>
<token t_id="515" sentence="17" number="27">the</token>
<token t_id="516" sentence="17" number="28">February</token>
<token t_id="517" sentence="17" number="29">2007</token>
<token t_id="518" sentence="17" number="30">presidential</token>
<token t_id="519" sentence="17" number="31">election</token>
<token t_id="520" sentence="17" number="32">that</token>
<token t_id="521" sentence="17" number="33">confirmed</token>
<token t_id="522" sentence="17" number="34">Berdymukhamedov</token>
<token t_id="523" sentence="17" number="35">'s</token>
<token t_id="524" sentence="17" number="36">role</token>
<token t_id="525" sentence="17" number="37">as</token>
<token t_id="526" sentence="17" number="38">head</token>
<token t_id="527" sentence="17" number="39">of</token>
<token t_id="528" sentence="17" number="40">state</token>
<token t_id="529" sentence="17" number="41">.</token>
<token t_id="530" sentence="18" number="0">``</token>
<token t_id="531" sentence="18" number="1">There</token>
<token t_id="532" sentence="18" number="2">are</token>
<token t_id="533" sentence="18" number="3">very</token>
<token t_id="534" sentence="18" number="4">few</token>
<token t_id="535" sentence="18" number="5">billboards</token>
<token t_id="536" sentence="18" number="6">around</token>
<token t_id="537" sentence="18" number="7">the</token>
<token t_id="538" sentence="18" number="8">city</token>
<token t_id="539" sentence="18" number="9">.</token>
<token t_id="540" sentence="19" number="0">With</token>
<token t_id="541" sentence="19" number="1">just</token>
<token t_id="542" sentence="19" number="2">four</token>
<token t_id="543" sentence="19" number="3">days</token>
<token t_id="544" sentence="19" number="4">to</token>
<token t_id="545" sentence="19" number="5">go</token>
<token t_id="546" sentence="19" number="6">before</token>
<token t_id="547" sentence="19" number="7">the</token>
<token t_id="548" sentence="19" number="8">election</token>
<token t_id="549" sentence="19" number="9">,</token>
<token t_id="550" sentence="19" number="10">I</token>
<token t_id="551" sentence="19" number="11">still</token>
<token t_id="552" sentence="19" number="12">do</token>
<token t_id="553" sentence="19" number="13">n't</token>
<token t_id="554" sentence="19" number="14">know</token>
<token t_id="555" sentence="19" number="15">who</token>
<token t_id="556" sentence="19" number="16">I</token>
<token t_id="557" sentence="19" number="17">'m</token>
<token t_id="558" sentence="19" number="18">supposed</token>
<token t_id="559" sentence="19" number="19">to</token>
<token t_id="560" sentence="19" number="20">vote</token>
<token t_id="561" sentence="19" number="21">for</token>
<token t_id="562" sentence="19" number="22">,</token>
<token t_id="563" sentence="19" number="23">''</token>
<token t_id="564" sentence="19" number="24">said</token>
<token t_id="565" sentence="19" number="25">Maral</token>
<token t_id="566" sentence="19" number="26">,</token>
<token t_id="567" sentence="19" number="27">45</token>
<token t_id="568" sentence="19" number="28">,</token>
<token t_id="569" sentence="19" number="29">an</token>
<token t_id="570" sentence="19" number="30">Ashgabat</token>
<token t_id="571" sentence="19" number="31">resident</token>
<token t_id="572" sentence="19" number="32">who</token>
<token t_id="573" sentence="19" number="33">declined</token>
<token t_id="574" sentence="19" number="34">to</token>
<token t_id="575" sentence="19" number="35">give</token>
<token t_id="576" sentence="19" number="36">her</token>
<token t_id="577" sentence="19" number="37">surname</token>
<token t_id="578" sentence="19" number="38">for</token>
<token t_id="579" sentence="19" number="39">fear</token>
<token t_id="580" sentence="19" number="40">of</token>
<token t_id="581" sentence="19" number="41">official</token>
<token t_id="582" sentence="19" number="42">intimidation</token>
<token t_id="583" sentence="19" number="43">.</token>
<Markables>
<ACTION_OCCURRENCE m_id="25"  >
  <token_anchor t_id="22"/>
</ACTION_OCCURRENCE>
<ACTION_OCCURRENCE m_id="17"  >
  <token_anchor t_id="5"/>
</ACTION_OCCURRENCE>
<ACTION_OCCURRENCE m_id="18"  >
  <token_anchor t_id="10"/>
</ACTION_OCCURRENCE>
<ACTION_OCCURRENCE m_id="19"  >
  <token_anchor t_id="11"/>
</ACTION_OCCURRENCE>
<ACTION_OCCURRENCE m_id="20"  >
  <token_anchor t_id="27"/>
</ACTION_OCCURRENCE>
<HUMAN_PART_ORG m_id="21"  >
  <token_anchor t_id="7"/>
</HUMAN_PART_ORG>
<HUMAN_PART_PER m_id="23"  >
  <token_anchor t_id="13"/>
</HUMAN_PART_PER>
<HUMAN_PART_PER m_id="24"  >
  <token_anchor t_id="29"/>
</HUMAN_PART_PER>
<HUMAN_PART_PER m_id="14"  >
  <token_anchor t_id="1"/>
</HUMAN_PART_PER>
<LOC_GEO m_id="15"  >
  <token_anchor t_id="4"/>
</LOC_GEO>
<LOC_GEO m_id="16"  >
  <token_anchor t_id="18"/>
</LOC_GEO>
<NON_HUMAN_PART m_id="26"  >
  <token_anchor t_id="25"/>
</NON_HUMAN_PART>
<TIME_DATE m_id="22"  >
  <token_anchor t_id="8"/>
</TIME_DATE>




<HUMAN_PART_PER m_id="32" RELATED_TO="" TAG_DESCRIPTOR="t11b_voters" instance_id="HUM17396999615005239" />
<HUMAN_PART_ORG m_id="31" RELATED_TO="" TAG_DESCRIPTOR="t11b_parliament" instance_id="HUM17398068448153302" />
<ACTION_OCCURRENCE m_id="30" RELATED_TO="" TAG_DESCRIPTOR="t11b_election" instance_id="ACT17397425257310884" />
<LOC_GEO m_id="29" RELATED_TO="" TAG_DESCRIPTOR="t11_turkmenistan" instance_id="LOC17395351611820997" />
<HUMAN_PART_PER m_id="28" RELATED_TO="" TAG_DESCRIPTOR="t11b_critics" instance_id="HUM17397865706116637" />
<ACTION_OCCURRENCE m_id="27" RELATED_TO="" TAG_DESCRIPTOR="t11b_voted" instance_id="ACT17397941774474471" />
</Markables>

<Relations>
<CROSS_DOC_COREF r_id="34116" note="ACT17397941774474471" >
  <source m_id="17" />
  <target m_id="27" />
</CROSS_DOC_COREF>
<CROSS_DOC_COREF r_id="34117" note="HUM17397865706116637" >
  <source m_id="24" />
  <target m_id="28" />
</CROSS_DOC_COREF>
<CROSS_DOC_COREF r_id="34118" note="LOC17395351611820997" >
  <source m_id="15" />
  <source m_id="16" />
  <target m_id="29" />
</CROSS_DOC_COREF>
<CROSS_DOC_COREF r_id="34119" note="ACT17397425257310884" >
  <source m_id="18" />
  <target m_id="30" />
</CROSS_DOC_COREF>
<CROSS_DOC_COREF r_id="34120" note="HUM17398068448153302" >
  <source m_id="21" />
  <target m_id="31" />
</CROSS_DOC_COREF>
<CROSS_DOC_COREF r_id="34121" note="HUM17396999615005239" >
  <source m_id="14" />
  <target m_id="32" />
</CROSS_DOC_COREF>

</Relations>
</Document>
