<Document doc_name="11_6ecb.xml" doc_id="DOC15654053484344641">
<token t_id="1" sentence="0" number="0">Turkmens</token>
<token t_id="2" sentence="0" number="1">go</token>
<token t_id="3" sentence="0" number="2">to</token>
<token t_id="4" sentence="0" number="3">the</token>
<token t_id="5" sentence="0" number="4">polls</token>
<token t_id="6" sentence="0" number="5">Sunday</token>
<token t_id="7" sentence="0" number="6">in</token>
<token t_id="8" sentence="0" number="7">a</token>
<token t_id="9" sentence="0" number="8">parliamentary</token>
<token t_id="10" sentence="0" number="9">election</token>
<token t_id="11" sentence="0" number="10">the</token>
<token t_id="12" sentence="0" number="11">West</token>
<token t_id="13" sentence="0" number="12">sees</token>
<token t_id="14" sentence="0" number="13">as</token>
<token t_id="15" sentence="0" number="14">a</token>
<token t_id="16" sentence="0" number="15">test</token>
<token t_id="17" sentence="0" number="16">of</token>
<token t_id="18" sentence="0" number="17">the</token>
<token t_id="19" sentence="0" number="18">Central</token>
<token t_id="20" sentence="0" number="19">Asian</token>
<token t_id="21" sentence="0" number="20">nation</token>
<token t_id="22" sentence="0" number="21">'s</token>
<token t_id="23" sentence="0" number="22">commitment</token>
<token t_id="24" sentence="0" number="23">to</token>
<token t_id="25" sentence="0" number="24">bring</token>
<token t_id="26" sentence="0" number="25">about</token>
<token t_id="27" sentence="0" number="26">change</token>
<token t_id="28" sentence="0" number="27">after</token>
<token t_id="29" sentence="0" number="28">decades</token>
<token t_id="30" sentence="0" number="29">of</token>
<token t_id="31" sentence="0" number="30">isolation</token>
<token t_id="32" sentence="0" number="31">.</token>
<token t_id="33" sentence="1" number="0">Critics</token>
<token t_id="34" sentence="1" number="1">say</token>
<token t_id="35" sentence="1" number="2">the</token>
<token t_id="36" sentence="1" number="3">poll</token>
<token t_id="37" sentence="1" number="4">is</token>
<token t_id="38" sentence="1" number="5">a</token>
<token t_id="39" sentence="1" number="6">sham</token>
<token t_id="40" sentence="1" number="7">and</token>
<token t_id="41" sentence="1" number="8">designed</token>
<token t_id="42" sentence="1" number="9">to</token>
<token t_id="43" sentence="1" number="10">put</token>
<token t_id="44" sentence="1" number="11">a</token>
<token t_id="45" sentence="1" number="12">gloss</token>
<token t_id="46" sentence="1" number="13">of</token>
<token t_id="47" sentence="1" number="14">democracy</token>
<token t_id="48" sentence="1" number="15">on</token>
<token t_id="49" sentence="1" number="16">a</token>
<token t_id="50" sentence="1" number="17">government</token>
<token t_id="51" sentence="1" number="18">that</token>
<token t_id="52" sentence="1" number="19">tolerates</token>
<token t_id="53" sentence="1" number="20">no</token>
<token t_id="54" sentence="1" number="21">dissent</token>
<token t_id="55" sentence="1" number="22">.</token>
<token t_id="56" sentence="2" number="0">All</token>
<token t_id="57" sentence="2" number="1">the</token>
<token t_id="58" sentence="2" number="2">candidates</token>
<token t_id="59" sentence="2" number="3">in</token>
<token t_id="60" sentence="2" number="4">Sunday</token>
<token t_id="61" sentence="2" number="5">'s</token>
<token t_id="62" sentence="2" number="6">election</token>
<token t_id="63" sentence="2" number="7">represent</token>
<token t_id="64" sentence="2" number="8">either</token>
<token t_id="65" sentence="2" number="9">the</token>
<token t_id="66" sentence="2" number="10">ruling</token>
<token t_id="67" sentence="2" number="11">Democratic</token>
<token t_id="68" sentence="2" number="12">Party</token>
<token t_id="69" sentence="2" number="13">of</token>
<token t_id="70" sentence="2" number="14">Turkmenistan</token>
<token t_id="71" sentence="2" number="15">,</token>
<token t_id="72" sentence="2" number="16">the</token>
<token t_id="73" sentence="2" number="17">only</token>
<token t_id="74" sentence="2" number="18">party</token>
<token t_id="75" sentence="2" number="19">registered</token>
<token t_id="76" sentence="2" number="20">in</token>
<token t_id="77" sentence="2" number="21">Turkmenistan</token>
<token t_id="78" sentence="2" number="22">,</token>
<token t_id="79" sentence="2" number="23">or</token>
<token t_id="80" sentence="2" number="24">a</token>
<token t_id="81" sentence="2" number="25">handful</token>
<token t_id="82" sentence="2" number="26">of</token>
<token t_id="83" sentence="2" number="27">state-approved</token>
<token t_id="84" sentence="2" number="28">independents</token>
<token t_id="85" sentence="2" number="29">.</token>
<token t_id="86" sentence="3" number="0">Europe</token>
<token t_id="87" sentence="3" number="1">will</token>
<token t_id="88" sentence="3" number="2">be</token>
<token t_id="89" sentence="3" number="3">watching</token>
<token t_id="90" sentence="3" number="4">the</token>
<token t_id="91" sentence="3" number="5">vote</token>
<token t_id="92" sentence="3" number="6">closely</token>
<token t_id="93" sentence="3" number="7">as</token>
<token t_id="94" sentence="3" number="8">it</token>
<token t_id="95" sentence="3" number="9">tries</token>
<token t_id="96" sentence="3" number="10">to</token>
<token t_id="97" sentence="3" number="11">gauge</token>
<token t_id="98" sentence="3" number="12">how</token>
<token t_id="99" sentence="3" number="13">much</token>
<token t_id="100" sentence="3" number="14">business</token>
<token t_id="101" sentence="3" number="15">it</token>
<token t_id="102" sentence="3" number="16">can</token>
<token t_id="103" sentence="3" number="17">do</token>
<token t_id="104" sentence="3" number="18">with</token>
<token t_id="105" sentence="3" number="19">the</token>
<token t_id="106" sentence="3" number="20">gas-rich</token>
<token t_id="107" sentence="3" number="21">nation</token>
<token t_id="108" sentence="3" number="22">it</token>
<token t_id="109" sentence="3" number="23">sees</token>
<token t_id="110" sentence="3" number="24">as</token>
<token t_id="111" sentence="3" number="25">key</token>
<token t_id="112" sentence="3" number="26">to</token>
<token t_id="113" sentence="3" number="27">its</token>
<token t_id="114" sentence="3" number="28">energy</token>
<token t_id="115" sentence="3" number="29">diversification</token>
<token t_id="116" sentence="3" number="30">.</token>
<Markables>
<ACTION_OCCURRENCE m_id="20"  >
  <token_anchor t_id="25"/>
  <token_anchor t_id="26"/>
</ACTION_OCCURRENCE>
<ACTION_OCCURRENCE m_id="21"  >
  <token_anchor t_id="27"/>
</ACTION_OCCURRENCE>
<ACTION_PERCEPTION m_id="18"  >
  <token_anchor t_id="13"/>
</ACTION_PERCEPTION>
<ACTION_STATE m_id="22"  >
  <token_anchor t_id="23"/>
</ACTION_STATE>
<ACTION_STATE m_id="19"  >
  <token_anchor t_id="31"/>
</ACTION_STATE>
<HUMAN_PART_GPE m_id="16"  >
  <token_anchor t_id="21"/>
</HUMAN_PART_GPE>
<HUMAN_PART_GPE m_id="17"  >
  <token_anchor t_id="11"/>
  <token_anchor t_id="12"/>
</HUMAN_PART_GPE>
<HUMAN_PART_PER m_id="12"  >
  <token_anchor t_id="1"/>
</HUMAN_PART_PER>
<TIME_DATE m_id="14"  >
  <token_anchor t_id="6"/>
</TIME_DATE>


<ACTION_OCCURRENCE m_id="23" note="byCROMER" >
  <token_anchor t_id="10"/>
</ACTION_OCCURRENCE>
<ACTION_OCCURRENCE m_id="24" note="byCROMER" >
  <token_anchor t_id="2"/>
  <token_anchor t_id="3"/>
  <token_anchor t_id="4"/>
  <token_anchor t_id="5"/>
</ACTION_OCCURRENCE>


<TIME_DATE m_id="28" RELATED_TO="" TAG_DESCRIPTOR="t11b_day_of_elections" instance_id="TIM27314213111481103" />
<HUMAN_PART_PER m_id="27" RELATED_TO="" TAG_DESCRIPTOR="t11b_voters" instance_id="HUM17396999615005239" />
<ACTION_OCCURRENCE m_id="26" RELATED_TO="" TAG_DESCRIPTOR="t11b_election" instance_id="ACT17397425257310884" />
<ACTION_OCCURRENCE m_id="25" RELATED_TO="" TAG_DESCRIPTOR="t11b_voted" instance_id="ACT17397941774474471" />
</Markables>

<Relations>
<CROSS_DOC_COREF r_id="41537" note="ACT17397941774474471" >
  <source m_id="24" />
  <target m_id="25" />
</CROSS_DOC_COREF>
<CROSS_DOC_COREF r_id="41538" note="ACT17397425257310884" >
  <source m_id="23" />
  <target m_id="26" />
</CROSS_DOC_COREF>
<CROSS_DOC_COREF r_id="41539" note="HUM17396999615005239" >
  <source m_id="12" />
  <target m_id="27" />
</CROSS_DOC_COREF>
<CROSS_DOC_COREF r_id="41540" note="TIM27314213111481103" >
  <source m_id="14" />
  <target m_id="28" />
</CROSS_DOC_COREF>

</Relations>
</Document>
