<Document doc_name="11_9ecb.xml" doc_id="DOC15654053885763525">
<token t_id="1" sentence="0" number="0">The</token>
<token t_id="2" sentence="0" number="1">government</token>
<token t_id="3" sentence="0" number="2">of</token>
<token t_id="4" sentence="0" number="3">Turkmenistan</token>
<token t_id="5" sentence="0" number="4">said</token>
<token t_id="6" sentence="0" number="5">90</token>
<token t_id="7" sentence="0" number="6">per</token>
<token t_id="8" sentence="0" number="7">cent</token>
<token t_id="9" sentence="0" number="8">of</token>
<token t_id="10" sentence="0" number="9">eligible</token>
<token t_id="11" sentence="0" number="10">voters</token>
<token t_id="12" sentence="0" number="11">had</token>
<token t_id="13" sentence="0" number="12">participated</token>
<token t_id="14" sentence="0" number="13">in</token>
<token t_id="15" sentence="0" number="14">parliamentary</token>
<token t_id="16" sentence="0" number="15">elections</token>
<token t_id="17" sentence="0" number="16">Sunday</token>
<token t_id="18" sentence="0" number="17">,</token>
<token t_id="19" sentence="0" number="18">despite</token>
<token t_id="20" sentence="0" number="19">boycotts</token>
<token t_id="21" sentence="0" number="20">from</token>
<token t_id="22" sentence="0" number="21">opposition</token>
<token t_id="23" sentence="0" number="22">groups</token>
<token t_id="24" sentence="0" number="23">.</token>
<token t_id="25" sentence="1" number="0">The</token>
<token t_id="26" sentence="1" number="1">elections</token>
<token t_id="27" sentence="1" number="2">,</token>
<token t_id="28" sentence="1" number="3">the</token>
<token t_id="29" sentence="1" number="4">first</token>
<token t_id="30" sentence="1" number="5">since</token>
<token t_id="31" sentence="1" number="6">the</token>
<token t_id="32" sentence="1" number="7">country</token>
<token t_id="33" sentence="1" number="8">adopted</token>
<token t_id="34" sentence="1" number="9">a</token>
<token t_id="35" sentence="1" number="10">new</token>
<token t_id="36" sentence="1" number="11">constitution</token>
<token t_id="37" sentence="1" number="12">earlier</token>
<token t_id="38" sentence="1" number="13">this</token>
<token t_id="39" sentence="1" number="14">year</token>
<token t_id="40" sentence="1" number="15">,</token>
<token t_id="41" sentence="1" number="16">had</token>
<token t_id="42" sentence="1" number="17">2.5</token>
<token t_id="43" sentence="1" number="18">million</token>
<token t_id="44" sentence="1" number="19">eligible</token>
<token t_id="45" sentence="1" number="20">voters</token>
<token t_id="46" sentence="1" number="21">picking</token>
<token t_id="47" sentence="1" number="22">between</token>
<token t_id="48" sentence="1" number="23">288</token>
<token t_id="49" sentence="1" number="24">candidates</token>
<token t_id="50" sentence="1" number="25">for</token>
<token t_id="51" sentence="1" number="26">125</token>
<token t_id="52" sentence="1" number="27">seats</token>
<token t_id="53" sentence="1" number="28">in</token>
<token t_id="54" sentence="1" number="29">the</token>
<token t_id="55" sentence="1" number="30">revived</token>
<token t_id="56" sentence="1" number="31">parliament</token>
<token t_id="57" sentence="1" number="32">.</token>
<token t_id="58" sentence="2" number="0">In</token>
<token t_id="59" sentence="2" number="1">another</token>
<token t_id="60" sentence="2" number="2">first</token>
<token t_id="61" sentence="2" number="3">,</token>
<token t_id="62" sentence="2" number="4">the</token>
<token t_id="63" sentence="2" number="5">government</token>
<token t_id="64" sentence="2" number="6">allowed</token>
<token t_id="65" sentence="2" number="7">international</token>
<token t_id="66" sentence="2" number="8">observers</token>
<token t_id="67" sentence="2" number="9">to</token>
<token t_id="68" sentence="2" number="10">oversee</token>
<token t_id="69" sentence="2" number="11">the</token>
<token t_id="70" sentence="2" number="12">elections</token>
<token t_id="71" sentence="2" number="13">.</token>
<token t_id="72" sentence="3" number="0">According</token>
<token t_id="73" sentence="3" number="1">to</token>
<token t_id="74" sentence="3" number="2">media</token>
<token t_id="75" sentence="3" number="3">reports</token>
<token t_id="76" sentence="3" number="4">,</token>
<token t_id="77" sentence="3" number="5">President</token>
<token t_id="78" sentence="3" number="6">Kurbanguly</token>
<token t_id="79" sentence="3" number="7">Berdymukhamedov</token>
<token t_id="80" sentence="3" number="8">saw</token>
<token t_id="81" sentence="3" number="9">the</token>
<token t_id="82" sentence="3" number="10">step</token>
<token t_id="83" sentence="3" number="11">as</token>
<token t_id="84" sentence="3" number="12">necessary</token>
<token t_id="85" sentence="3" number="13">to</token>
<token t_id="86" sentence="3" number="14">prove</token>
<token t_id="87" sentence="3" number="15">that</token>
<token t_id="88" sentence="3" number="16">the</token>
<token t_id="89" sentence="3" number="17">oil-</token>
<token t_id="90" sentence="3" number="18">and</token>
<token t_id="91" sentence="3" number="19">gas-rich</token>
<token t_id="92" sentence="3" number="20">nation</token>
<token t_id="93" sentence="3" number="21">can</token>
<token t_id="94" sentence="3" number="22">meet</token>
<token t_id="95" sentence="3" number="23">Western</token>
<token t_id="96" sentence="3" number="24">standards</token>
<token t_id="97" sentence="3" number="25">of</token>
<token t_id="98" sentence="3" number="26">democracy</token>
<token t_id="99" sentence="3" number="27">.</token>
<token t_id="100" sentence="4" number="0">But</token>
<token t_id="101" sentence="4" number="1">opposition</token>
<token t_id="102" sentence="4" number="2">groups</token>
<token t_id="103" sentence="4" number="3">boycotted</token>
<token t_id="104" sentence="4" number="4">the</token>
<token t_id="105" sentence="4" number="5">election</token>
<token t_id="106" sentence="4" number="6">.</token>
<token t_id="107" sentence="5" number="0">Groups</token>
<token t_id="108" sentence="5" number="1">representing</token>
<token t_id="109" sentence="5" number="2">Uzbeks</token>
<token t_id="110" sentence="5" number="3">,</token>
<token t_id="111" sentence="5" number="4">the</token>
<token t_id="112" sentence="5" number="5">nation</token>
<token t_id="113" sentence="5" number="6">'s</token>
<token t_id="114" sentence="5" number="7">largest</token>
<token t_id="115" sentence="5" number="8">minority</token>
<token t_id="116" sentence="5" number="9">,</token>
<token t_id="117" sentence="5" number="10">complained</token>
<token t_id="118" sentence="5" number="11">that</token>
<token t_id="119" sentence="5" number="12">there</token>
<token t_id="120" sentence="5" number="13">was</token>
<token t_id="121" sentence="5" number="14">not</token>
<token t_id="122" sentence="5" number="15">a</token>
<token t_id="123" sentence="5" number="16">single</token>
<token t_id="124" sentence="5" number="17">Uzbek</token>
<token t_id="125" sentence="5" number="18">name</token>
<token t_id="126" sentence="5" number="19">on</token>
<token t_id="127" sentence="5" number="20">the</token>
<token t_id="128" sentence="5" number="21">ballots</token>
<token t_id="129" sentence="5" number="22">.</token>
<token t_id="130" sentence="6" number="0">Additionally</token>
<token t_id="131" sentence="6" number="1">,</token>
<token t_id="132" sentence="6" number="2">human</token>
<token t_id="133" sentence="6" number="3">rights</token>
<token t_id="134" sentence="6" number="4">group</token>
<token t_id="135" sentence="6" number="5">argued</token>
<token t_id="136" sentence="6" number="6">that</token>
<token t_id="137" sentence="6" number="7">recent</token>
<token t_id="138" sentence="6" number="8">reforms</token>
<token t_id="139" sentence="6" number="9">implemented</token>
<token t_id="140" sentence="6" number="10">by</token>
<token t_id="141" sentence="6" number="11">Berdymukhamedov</token>
<token t_id="142" sentence="6" number="12">'s</token>
<token t_id="143" sentence="6" number="13">government</token>
<token t_id="144" sentence="6" number="14">were</token>
<token t_id="145" sentence="6" number="15">mere</token>
<token t_id="146" sentence="6" number="16">window</token>
<token t_id="147" sentence="6" number="17">dressing</token>
<token t_id="148" sentence="6" number="18">.</token>
<token t_id="149" sentence="7" number="0">A</token>
<token t_id="150" sentence="7" number="1">victory</token>
<token t_id="151" sentence="7" number="2">by</token>
<token t_id="152" sentence="7" number="3">groups</token>
<token t_id="153" sentence="7" number="4">with</token>
<token t_id="154" sentence="7" number="5">close</token>
<token t_id="155" sentence="7" number="6">ties</token>
<token t_id="156" sentence="7" number="7">to</token>
<token t_id="157" sentence="7" number="8">the</token>
<token t_id="158" sentence="7" number="9">administration</token>
<token t_id="159" sentence="7" number="10">was</token>
<token t_id="160" sentence="7" number="11">expected</token>
<token t_id="161" sentence="7" number="12">.</token>
<token t_id="162" sentence="8" number="0">The</token>
<token t_id="163" sentence="8" number="1">government</token>
<token t_id="164" sentence="8" number="2">claims</token>
<token t_id="165" sentence="8" number="3">that</token>
<token t_id="166" sentence="8" number="4">seating</token>
<token t_id="167" sentence="8" number="5">a</token>
<token t_id="168" sentence="8" number="6">new</token>
<token t_id="169" sentence="8" number="7">parliament</token>
<token t_id="170" sentence="8" number="8">is</token>
<token t_id="171" sentence="8" number="9">a</token>
<token t_id="172" sentence="8" number="10">major</token>
<token t_id="173" sentence="8" number="11">step</token>
<token t_id="174" sentence="8" number="12">forward</token>
<token t_id="175" sentence="8" number="13">.</token>
<token t_id="176" sentence="9" number="0">Under</token>
<token t_id="177" sentence="9" number="1">Berdymukhamedov</token>
<token t_id="178" sentence="9" number="2">'s</token>
<token t_id="179" sentence="9" number="3">predecessor</token>
<token t_id="180" sentence="9" number="4">,</token>
<token t_id="181" sentence="9" number="5">laws</token>
<token t_id="182" sentence="9" number="6">were</token>
<token t_id="183" sentence="9" number="7">rubber-stamped</token>
<token t_id="184" sentence="9" number="8">by</token>
<token t_id="185" sentence="9" number="9">a</token>
<token t_id="186" sentence="9" number="10">group</token>
<token t_id="187" sentence="9" number="11">known</token>
<token t_id="188" sentence="9" number="12">as</token>
<token t_id="189" sentence="9" number="13">the</token>
<token t_id="190" sentence="9" number="14">People</token>
<token t_id="191" sentence="9" number="15">'s</token>
<token t_id="192" sentence="9" number="16">Council</token>
<token t_id="193" sentence="9" number="17">,</token>
<token t_id="194" sentence="9" number="18">which</token>
<token t_id="195" sentence="9" number="19">was</token>
<token t_id="196" sentence="9" number="20">loyal</token>
<token t_id="197" sentence="9" number="21">to</token>
<token t_id="198" sentence="9" number="22">former</token>
<token t_id="199" sentence="9" number="23">president</token>
<token t_id="200" sentence="9" number="24">Saparmurat</token>
<token t_id="201" sentence="9" number="25">Niyazov</token>
<token t_id="202" sentence="9" number="26">,</token>
<token t_id="203" sentence="9" number="27">also</token>
<token t_id="204" sentence="9" number="28">known</token>
<token t_id="205" sentence="9" number="29">as</token>
<token t_id="206" sentence="9" number="30">Turkmenbaschi</token>
<token t_id="207" sentence="9" number="31">,</token>
<token t_id="208" sentence="9" number="32">or</token>
<token t_id="209" sentence="9" number="33">Leader</token>
<token t_id="210" sentence="9" number="34">of</token>
<token t_id="211" sentence="9" number="35">all</token>
<token t_id="212" sentence="9" number="36">Turkmens</token>
<token t_id="213" sentence="9" number="37">.</token>
<token t_id="214" sentence="10" number="0">Niyazov</token>
<token t_id="215" sentence="10" number="1">died</token>
<token t_id="216" sentence="10" number="2">in</token>
<token t_id="217" sentence="10" number="3">2006</token>
<token t_id="218" sentence="10" number="4">.</token>
<Markables>
<ACTION_OCCURRENCE m_id="19"  >
  <token_anchor t_id="16"/>
</ACTION_OCCURRENCE>
<ACTION_OCCURRENCE m_id="12"  >
  <token_anchor t_id="13"/>
</ACTION_OCCURRENCE>
<ACTION_OCCURRENCE m_id="17"  >
  <token_anchor t_id="20"/>
</ACTION_OCCURRENCE>
<ACTION_REPORTING m_id="11"  >
  <token_anchor t_id="5"/>
</ACTION_REPORTING>
<HUMAN_PART_ORG m_id="13"  >
  <token_anchor t_id="2"/>
</HUMAN_PART_ORG>
<HUMAN_PART_ORG m_id="18"  >
  <token_anchor t_id="23"/>
</HUMAN_PART_ORG>
<HUMAN_PART_PER m_id="15"  >
  <token_anchor t_id="11"/>
</HUMAN_PART_PER>
<LOC_GEO m_id="14"  >
  <token_anchor t_id="4"/>
</LOC_GEO>
<TIME_DATE m_id="16"  >
  <token_anchor t_id="17"/>
</TIME_DATE>




<TIME_DATE m_id="25" RELATED_TO="" TAG_DESCRIPTOR="t11b_day_of_elections" instance_id="TIM27314213111481103" />
<HUMAN_PART_PER m_id="24" RELATED_TO="" TAG_DESCRIPTOR="t11b_voters" instance_id="HUM17396999615005239" />
<LOC_GEO m_id="23" RELATED_TO="" TAG_DESCRIPTOR="t11_turkmenistan" instance_id="LOC17395351611820997" />
<ACTION_OCCURRENCE m_id="22" RELATED_TO="" TAG_DESCRIPTOR="t11b_election" instance_id="ACT17397425257310884" />
<ACTION_OCCURRENCE m_id="21" RELATED_TO="" TAG_DESCRIPTOR="t11b_voted" instance_id="ACT17397941774474471" />
<HUMAN_PART_ORG m_id="20" RELATED_TO="" TAG_DESCRIPTOR="t11b_government" instance_id="HUM17397850755887228" />
</Markables>

<Relations>
<CROSS_DOC_COREF r_id="34146" note="HUM17397850755887228" >
  <source m_id="13" />
  <target m_id="20" />
</CROSS_DOC_COREF>
<CROSS_DOC_COREF r_id="34147" note="ACT17397941774474471" >
  <source m_id="12" />
  <target m_id="21" />
</CROSS_DOC_COREF>
<CROSS_DOC_COREF r_id="34148" note="ACT17397425257310884" >
  <source m_id="19" />
  <target m_id="22" />
</CROSS_DOC_COREF>
<CROSS_DOC_COREF r_id="34149" note="LOC17395351611820997" >
  <source m_id="14" />
  <target m_id="23" />
</CROSS_DOC_COREF>
<CROSS_DOC_COREF r_id="34150" note="HUM17396999615005239" >
  <source m_id="15" />
  <target m_id="24" />
</CROSS_DOC_COREF>
<CROSS_DOC_COREF r_id="34151" note="TIM27314213111481103" >
  <source m_id="16" />
  <target m_id="25" />
</CROSS_DOC_COREF>

</Relations>
</Document>
