<Document doc_name="14_10ecbplus.xml" doc_id="DOC15646198344004332">
<token t_id="1" sentence="0" number="0">http</token>
<token t_id="2" sentence="0" number="1">:</token>
<token t_id="3" sentence="0" number="2">/</token>
<token t_id="4" sentence="0" number="3">/</token>
<token t_id="5" sentence="0" number="4">localuknews</token>
<token t_id="6" sentence="0" number="5">.</token>
<token t_id="7" sentence="0" number="6">co</token>
<token t_id="8" sentence="0" number="7">.</token>
<token t_id="9" sentence="0" number="8">uk</token>
<token t_id="10" sentence="0" number="9">/</token>
<token t_id="11" sentence="0" number="10">article</token>
<token t_id="12" sentence="0" number="11">/</token>
<token t_id="13" sentence="0" number="12">major</token>
<token t_id="14" sentence="0" number="13">-</token>
<token t_id="15" sentence="0" number="14">fire</token>
<token t_id="16" sentence="0" number="15">-</token>
<token t_id="17" sentence="0" number="16">at</token>
<token t_id="18" sentence="0" number="17">-</token>
<token t_id="19" sentence="0" number="18">waitrose</token>
<token t_id="20" sentence="0" number="19">-</token>
<token t_id="21" sentence="0" number="20">in</token>
<token t_id="22" sentence="0" number="21">-</token>
<token t_id="23" sentence="0" number="22">wellington</token>
<token t_id="24" sentence="1" number="0">Major</token>
<token t_id="25" sentence="1" number="1">fire</token>
<token t_id="26" sentence="1" number="2">at</token>
<token t_id="27" sentence="1" number="3">Waitrose</token>
<token t_id="28" sentence="1" number="4">in</token>
<token t_id="29" sentence="1" number="5">Wellington</token>
<token t_id="30" sentence="2" number="0">July</token>
<token t_id="31" sentence="2" number="1">21</token>
<token t_id="32" sentence="2" number="2">,</token>
<token t_id="33" sentence="2" number="3">2013</token>
<token t_id="34" sentence="2" number="4">,</token>
<token t_id="35" sentence="2" number="5">2</token>
<token t_id="36" sentence="2" number="6">:</token>
<token t_id="37" sentence="2" number="7">21</token>
<token t_id="38" sentence="2" number="8">pm</token>
<token t_id="39" sentence="2" number="9">BST</token>
<token t_id="40" sentence="3" number="0">A</token>
<token t_id="41" sentence="3" number="1">LARGE</token>
<token t_id="42" sentence="3" number="2">fire</token>
<token t_id="43" sentence="3" number="3">broke</token>
<token t_id="44" sentence="3" number="4">out</token>
<token t_id="45" sentence="3" number="5">at</token>
<token t_id="46" sentence="3" number="6">the</token>
<token t_id="47" sentence="3" number="7">Waitrose</token>
<token t_id="48" sentence="3" number="8">supermarket</token>
<token t_id="49" sentence="3" number="9">in</token>
<token t_id="50" sentence="3" number="10">Wellington</token>
<token t_id="51" sentence="3" number="11">town</token>
<token t_id="52" sentence="3" number="12">centre</token>
<token t_id="53" sentence="3" number="13">this</token>
<token t_id="54" sentence="3" number="14">morning</token>
<token t_id="55" sentence="3" number="15">(</token>
<token t_id="56" sentence="3" number="16">July</token>
<token t_id="57" sentence="3" number="17">21</token>
<token t_id="58" sentence="3" number="18">)</token>
<token t_id="59" sentence="3" number="19">.</token>
<Markables>
<ACTION_OCCURRENCE m_id="1"  >
  <token_anchor t_id="25"/>
</ACTION_OCCURRENCE>
<ACTION_OCCURRENCE m_id="4"  >
  <token_anchor t_id="42"/>
</ACTION_OCCURRENCE>
<ACTION_OCCURRENCE m_id="5"  >
  <token_anchor t_id="43"/>
  <token_anchor t_id="44"/>
</ACTION_OCCURRENCE>
<LOC_FAC m_id="2"  >
  <token_anchor t_id="26"/>
  <token_anchor t_id="27"/>
  <token_anchor t_id="28"/>
  <token_anchor t_id="29"/>
</LOC_FAC>
<LOC_FAC m_id="6"  >
  <token_anchor t_id="46"/>
  <token_anchor t_id="47"/>
  <token_anchor t_id="48"/>
  <token_anchor t_id="49"/>
  <token_anchor t_id="50"/>
  <token_anchor t_id="51"/>
  <token_anchor t_id="52"/>
</LOC_FAC>
<TIME_OF_THE_DAY m_id="3"  >
  <token_anchor t_id="30"/>
  <token_anchor t_id="31"/>
  <token_anchor t_id="32"/>
  <token_anchor t_id="33"/>
  <token_anchor t_id="34"/>
  <token_anchor t_id="35"/>
  <token_anchor t_id="36"/>
  <token_anchor t_id="37"/>
  <token_anchor t_id="38"/>
  <token_anchor t_id="39"/>
</TIME_OF_THE_DAY>
<TIME_OF_THE_DAY m_id="7"  >
  <token_anchor t_id="53"/>
  <token_anchor t_id="54"/>
  <token_anchor t_id="55"/>
  <token_anchor t_id="56"/>
  <token_anchor t_id="57"/>
  <token_anchor t_id="58"/>
</TIME_OF_THE_DAY>




<ACTION_OCCURRENCE m_id="13" RELATED_TO="" TAG_DESCRIPTOR="t14_fire" instance_id="ACT17477395877825371" />
<ACTION_OCCURRENCE m_id="12" RELATED_TO="" TAG_DESCRIPTOR="t14_broke_out" instance_id="ACT17477406209977421" />
<TIME_OF_THE_DAY m_id="11" RELATED_TO="" TAG_DESCRIPTOR="t14_early_sunday" instance_id="TIM17477472011873022" />
<LOC_FAC m_id="10" RELATED_TO="" TAG_DESCRIPTOR="t14_waitrose" instance_id="LOC17477456099314852" />
</Markables>

<Relations>
<CROSS_DOC_COREF r_id="25021" note="LOC17477456099314852" >
  <source m_id="6" />
  <source m_id="2" />
  <target m_id="10" />
</CROSS_DOC_COREF>
<CROSS_DOC_COREF r_id="25022" note="TIM17477472011873022" >
  <source m_id="7" />
  <target m_id="11" />
</CROSS_DOC_COREF>
<CROSS_DOC_COREF r_id="25023" note="ACT17477406209977421" >
  <source m_id="5" />
  <target m_id="12" />
</CROSS_DOC_COREF>
<CROSS_DOC_COREF r_id="25024" note="ACT17477395877825371" >
  <source m_id="4" />
  <source m_id="1" />
  <target m_id="13" />
</CROSS_DOC_COREF>

</Relations>
</Document>
