<Document doc_name="14_2ecb.xml" doc_id="DOC15654331150217277">
<token t_id="1" sentence="0" number="0">A</token>
<token t_id="2" sentence="0" number="1">Waitrose</token>
<token t_id="3" sentence="0" number="2">store</token>
<token t_id="4" sentence="0" number="3">was</token>
<token t_id="5" sentence="0" number="4">reduced</token>
<token t_id="6" sentence="0" number="5">to</token>
<token t_id="7" sentence="0" number="6">ruins</token>
<token t_id="8" sentence="0" number="7">after</token>
<token t_id="9" sentence="0" number="8">a</token>
<token t_id="10" sentence="0" number="9">blaze</token>
<token t_id="11" sentence="0" number="10">being</token>
<token t_id="12" sentence="0" number="11">treated</token>
<token t_id="13" sentence="0" number="12">by</token>
<token t_id="14" sentence="0" number="13">police</token>
<token t_id="15" sentence="0" number="14">as</token>
<token t_id="16" sentence="0" number="15">``</token>
<token t_id="17" sentence="0" number="16">potentially</token>
<token t_id="18" sentence="0" number="17">suspicious</token>
<token t_id="19" sentence="0" number="18">''</token>
<token t_id="20" sentence="0" number="19">.</token>
<token t_id="21" sentence="1" number="0">More</token>
<token t_id="22" sentence="1" number="1">than</token>
<token t_id="23" sentence="1" number="2">50</token>
<token t_id="24" sentence="1" number="3">firefighters</token>
<token t_id="25" sentence="1" number="4">with</token>
<token t_id="26" sentence="1" number="5">10</token>
<token t_id="27" sentence="1" number="6">fire</token>
<token t_id="28" sentence="1" number="7">engines</token>
<token t_id="29" sentence="1" number="8">fought</token>
<token t_id="30" sentence="1" number="9">the</token>
<token t_id="31" sentence="1" number="10">blaze</token>
<token t_id="32" sentence="1" number="11">which</token>
<token t_id="33" sentence="1" number="12">virtually</token>
<token t_id="34" sentence="1" number="13">destroyed</token>
<token t_id="35" sentence="1" number="14">the</token>
<token t_id="36" sentence="1" number="15">store</token>
<token t_id="37" sentence="1" number="16">in</token>
<token t_id="38" sentence="1" number="17">Banstead</token>
<token t_id="39" sentence="1" number="18">,</token>
<token t_id="40" sentence="1" number="19">Surrey</token>
<token t_id="41" sentence="1" number="20">.</token>
<token t_id="42" sentence="2" number="0">It</token>
<token t_id="43" sentence="2" number="1">broke</token>
<token t_id="44" sentence="2" number="2">out</token>
<token t_id="45" sentence="2" number="3">in</token>
<token t_id="46" sentence="2" number="4">the</token>
<token t_id="47" sentence="2" number="5">roof</token>
<token t_id="48" sentence="2" number="6">at</token>
<token t_id="49" sentence="2" number="7">around</token>
<token t_id="50" sentence="2" number="8">9pm</token>
<token t_id="51" sentence="2" number="9">on</token>
<token t_id="52" sentence="2" number="10">Friday</token>
<token t_id="53" sentence="2" number="11">,</token>
<token t_id="54" sentence="2" number="12">forcing</token>
<token t_id="55" sentence="2" number="13">a</token>
<token t_id="56" sentence="2" number="14">number</token>
<token t_id="57" sentence="2" number="15">of</token>
<token t_id="58" sentence="2" number="16">residents</token>
<token t_id="59" sentence="2" number="17">living</token>
<token t_id="60" sentence="2" number="18">nearby</token>
<token t_id="61" sentence="2" number="19">to</token>
<token t_id="62" sentence="2" number="20">be</token>
<token t_id="63" sentence="2" number="21">temporarily</token>
<token t_id="64" sentence="2" number="22">evacuated</token>
<token t_id="65" sentence="2" number="23">.</token>
<token t_id="66" sentence="3" number="0">A</token>
<token t_id="67" sentence="3" number="1">Surrey</token>
<token t_id="68" sentence="3" number="2">Police</token>
<token t_id="69" sentence="3" number="3">spokeswoman</token>
<token t_id="70" sentence="3" number="4">said</token>
<token t_id="71" sentence="3" number="5">:</token>
<token t_id="72" sentence="3" number="6">``</token>
<token t_id="73" sentence="3" number="7">The</token>
<token t_id="74" sentence="3" number="8">fire</token>
<token t_id="75" sentence="3" number="9">has</token>
<token t_id="76" sentence="3" number="10">progressed</token>
<token t_id="77" sentence="3" number="11">rapidly</token>
<token t_id="78" sentence="3" number="12">through</token>
<token t_id="79" sentence="3" number="13">the</token>
<token t_id="80" sentence="3" number="14">store</token>
<token t_id="81" sentence="3" number="15">which</token>
<token t_id="82" sentence="3" number="16">is</token>
<token t_id="83" sentence="3" number="17">almost</token>
<token t_id="84" sentence="3" number="18">totally</token>
<token t_id="85" sentence="3" number="19">destroyed</token>
<token t_id="86" sentence="3" number="20">.</token>
<token t_id="87" sentence="4" number="0">It</token>
<token t_id="88" sentence="4" number="1">is</token>
<token t_id="89" sentence="4" number="2">being</token>
<token t_id="90" sentence="4" number="3">treated</token>
<token t_id="91" sentence="4" number="4">as</token>
<token t_id="92" sentence="4" number="5">potentially</token>
<token t_id="93" sentence="4" number="6">suspicious</token>
<token t_id="94" sentence="4" number="7">.</token>
<token t_id="95" sentence="4" number="8">''</token>
<token t_id="96" sentence="5" number="0">Anyone</token>
<token t_id="97" sentence="5" number="1">with</token>
<token t_id="98" sentence="5" number="2">information</token>
<token t_id="99" sentence="5" number="3">is</token>
<token t_id="100" sentence="5" number="4">asked</token>
<token t_id="101" sentence="5" number="5">to</token>
<token t_id="102" sentence="5" number="6">call</token>
<token t_id="103" sentence="5" number="7">police</token>
<token t_id="104" sentence="5" number="8">on</token>
<token t_id="105" sentence="5" number="9">0845</token>
<token t_id="106" sentence="5" number="10">125</token>
<token t_id="107" sentence="5" number="11">2222</token>
<token t_id="108" sentence="5" number="12">or</token>
<token t_id="109" sentence="5" number="13">Crimestoppers</token>
<token t_id="110" sentence="5" number="14">anonymously</token>
<token t_id="111" sentence="5" number="15">on</token>
<token t_id="112" sentence="5" number="16">0800</token>
<token t_id="113" sentence="5" number="17">555</token>
<token t_id="114" sentence="5" number="18">111</token>
<token t_id="115" sentence="5" number="19">.</token>
<Markables>
<ACTION_OCCURRENCE m_id="8"  >
  <token_anchor t_id="5"/>
</ACTION_OCCURRENCE>
<ACTION_OCCURRENCE m_id="9"  >
  <token_anchor t_id="10"/>
</ACTION_OCCURRENCE>
<ACTION_OCCURRENCE m_id="10"  >
  <token_anchor t_id="12"/>
</ACTION_OCCURRENCE>
<HUMAN_PART_ORG m_id="11"  >
  <token_anchor t_id="14"/>
</HUMAN_PART_ORG>
<NON_HUMAN_PART m_id="12"  >
  <token_anchor t_id="7"/>
</NON_HUMAN_PART>


<NON_HUMAN_PART m_id="13" note="byCROMER" >
  <token_anchor t_id="1"/>
  <token_anchor t_id="2"/>
  <token_anchor t_id="3"/>
</NON_HUMAN_PART>


<HUMAN_PART_ORG m_id="18" RELATED_TO="" TAG_DESCRIPTOR="t14b_police" instance_id="HUM17478326731930159" />
<ACTION_OCCURRENCE m_id="17" RELATED_TO="" TAG_DESCRIPTOR="t14b_destroyed" instance_id="ACT17478384825832355" />
<NON_HUMAN_PART m_id="16" RELATED_TO="" TAG_DESCRIPTOR="t14b_building_surrey" instance_id="NON28360803579221163" />
<ACTION_OCCURRENCE m_id="15" RELATED_TO="" TAG_DESCRIPTOR="t14b_treated_as_suspicious" instance_id="ACT17478359686333015" />
<ACTION_OCCURRENCE m_id="14" RELATED_TO="" TAG_DESCRIPTOR="t14b_fire" instance_id="ACT17478306085573007" />
</Markables>

<Relations>
<CROSS_DOC_COREF r_id="33656" note="ACT17478306085573007" >
  <source m_id="9" />
  <target m_id="14" />
</CROSS_DOC_COREF>
<CROSS_DOC_COREF r_id="33657" note="ACT17478359686333015" >
  <source m_id="10" />
  <target m_id="15" />
</CROSS_DOC_COREF>
<CROSS_DOC_COREF r_id="33658" note="NON28360803579221163" >
  <source m_id="13" />
  <target m_id="16" />
</CROSS_DOC_COREF>
<CROSS_DOC_COREF r_id="33659" note="ACT17478384825832355" >
  <source m_id="8" />
  <target m_id="17" />
</CROSS_DOC_COREF>
<CROSS_DOC_COREF r_id="33660" note="HUM17478326731930159" >
  <source m_id="11" />
  <target m_id="18" />
</CROSS_DOC_COREF>

</Relations>
</Document>
