<Document doc_name="14_5ecbplus.xml" doc_id="DOC15646198065974048">
<token t_id="1" sentence="0" number="0">http</token>
<token t_id="2" sentence="0" number="1">:</token>
<token t_id="3" sentence="0" number="2">/</token>
<token t_id="4" sentence="0" number="3">/</token>
<token t_id="5" sentence="0" number="4">www</token>
<token t_id="6" sentence="0" number="5">.</token>
<token t_id="7" sentence="0" number="6">itv</token>
<token t_id="8" sentence="0" number="7">.</token>
<token t_id="9" sentence="0" number="8">com</token>
<token t_id="10" sentence="0" number="9">/</token>
<token t_id="11" sentence="0" number="10">news</token>
<token t_id="12" sentence="0" number="11">/</token>
<token t_id="13" sentence="0" number="12">westcountry</token>
<token t_id="14" sentence="0" number="13">/</token>
<token t_id="15" sentence="0" number="14">story</token>
<token t_id="16" sentence="0" number="15">/</token>
<token t_id="17" sentence="0" number="16">2013</token>
<token t_id="18" sentence="0" number="17">-</token>
<token t_id="19" sentence="0" number="18">07</token>
<token t_id="20" sentence="0" number="19">-</token>
<token t_id="21" sentence="0" number="20">21</token>
<token t_id="22" sentence="0" number="21">/</token>
<token t_id="23" sentence="0" number="22">wellington</token>
<token t_id="24" sentence="0" number="23">-</token>
<token t_id="25" sentence="0" number="24">supermarket</token>
<token t_id="26" sentence="0" number="25">-</token>
<token t_id="27" sentence="0" number="26">fire</token>
<token t_id="28" sentence="0" number="27">/</token>
<token t_id="29" sentence="1" number="0">9</token>
<token t_id="30" sentence="1" number="1">:</token>
<token t_id="31" sentence="1" number="2">53</token>
<token t_id="32" sentence="1" number="3">AM</token>
<token t_id="33" sentence="1" number="4">,</token>
<token t_id="34" sentence="1" number="5">MON</token>
<token t_id="35" sentence="1" number="6">22</token>
<token t_id="36" sentence="1" number="7">JUL</token>
<token t_id="37" sentence="1" number="8">2013</token>
<token t_id="38" sentence="2" number="0">Latest</token>
<token t_id="39" sentence="2" number="1">on</token>
<token t_id="40" sentence="2" number="2">Waitrose</token>
<token t_id="41" sentence="2" number="3">supermarket</token>
<token t_id="42" sentence="2" number="4">fire</token>
<token t_id="43" sentence="3" number="0">The</token>
<token t_id="44" sentence="3" number="1">site</token>
<token t_id="45" sentence="3" number="2">manager</token>
<token t_id="46" sentence="3" number="3">at</token>
<token t_id="47" sentence="3" number="4">the</token>
<token t_id="48" sentence="3" number="5">Waitrose</token>
<token t_id="49" sentence="3" number="6">supermarket</token>
<token t_id="50" sentence="3" number="7">in</token>
<token t_id="51" sentence="3" number="8">Wellington</token>
<token t_id="52" sentence="3" number="9">that</token>
<token t_id="53" sentence="3" number="10">has</token>
<token t_id="54" sentence="3" number="11">been</token>
<token t_id="55" sentence="3" number="12">damaged</token>
<token t_id="56" sentence="3" number="13">by</token>
<token t_id="57" sentence="3" number="14">fire</token>
<token t_id="58" sentence="3" number="15">,</token>
<token t_id="59" sentence="3" number="16">says</token>
<token t_id="60" sentence="3" number="17">it</token>
<token t_id="61" sentence="3" number="18">will</token>
<token t_id="62" sentence="3" number="19">take</token>
<token t_id="63" sentence="3" number="20">a</token>
<token t_id="64" sentence="3" number="21">couple</token>
<token t_id="65" sentence="3" number="22">of</token>
<token t_id="66" sentence="3" number="23">days</token>
<token t_id="67" sentence="3" number="24">to</token>
<token t_id="68" sentence="3" number="25">assess</token>
<token t_id="69" sentence="3" number="26">how</token>
<token t_id="70" sentence="3" number="27">much</token>
<token t_id="71" sentence="3" number="28">work</token>
<token t_id="72" sentence="3" number="29">needs</token>
<token t_id="73" sentence="3" number="30">to</token>
<token t_id="74" sentence="3" number="31">be</token>
<token t_id="75" sentence="3" number="32">done</token>
<token t_id="76" sentence="3" number="33">.</token>
<Markables>
<ACTION_OCCURRENCE m_id="9"  >
  <token_anchor t_id="68"/>
</ACTION_OCCURRENCE>
<ACTION_OCCURRENCE m_id="10"  >
  <token_anchor t_id="71"/>
</ACTION_OCCURRENCE>
<ACTION_OCCURRENCE m_id="11"  >
  <token_anchor t_id="72"/>
</ACTION_OCCURRENCE>
<ACTION_OCCURRENCE m_id="12"  >
  <token_anchor t_id="75"/>
</ACTION_OCCURRENCE>
<ACTION_OCCURRENCE m_id="3"  >
  <token_anchor t_id="42"/>
</ACTION_OCCURRENCE>
<ACTION_OCCURRENCE m_id="4"  >
  <token_anchor t_id="38"/>
</ACTION_OCCURRENCE>
<ACTION_OCCURRENCE m_id="7"  >
  <token_anchor t_id="55"/>
</ACTION_OCCURRENCE>
<ACTION_OCCURRENCE m_id="8"  >
  <token_anchor t_id="57"/>
</ACTION_OCCURRENCE>
<ACTION_REPORTING m_id="13"  >
  <token_anchor t_id="59"/>
</ACTION_REPORTING>
<HUMAN_PART_PER m_id="5"  >
  <token_anchor t_id="45"/>
</HUMAN_PART_PER>
<TIME_DURATION m_id="14"  >
  <token_anchor t_id="63"/>
  <token_anchor t_id="64"/>
  <token_anchor t_id="65"/>
  <token_anchor t_id="66"/>
</TIME_DURATION>
<TIME_OF_THE_DAY m_id="1"  >
  <token_anchor t_id="29"/>
  <token_anchor t_id="30"/>
  <token_anchor t_id="31"/>
  <token_anchor t_id="32"/>
  <token_anchor t_id="33"/>
  <token_anchor t_id="34"/>
  <token_anchor t_id="35"/>
  <token_anchor t_id="36"/>
  <token_anchor t_id="37"/>
</TIME_OF_THE_DAY>


<NON_HUMAN_PART m_id="17" note="byCROMER" >
  <token_anchor t_id="40"/>
  <token_anchor t_id="41"/>
</NON_HUMAN_PART>
<NON_HUMAN_PART m_id="18" note="byCROMER" >
  <token_anchor t_id="52"/>
</NON_HUMAN_PART>
<LOC_GEO m_id="19" note="byCROMER" >
  <token_anchor t_id="50"/>
  <token_anchor t_id="51"/>
</LOC_GEO>
<NON_HUMAN_PART m_id="20" note="byCROMER" >
  <token_anchor t_id="47"/>
  <token_anchor t_id="48"/>
  <token_anchor t_id="49"/>
</NON_HUMAN_PART>


<ACTION_OCCURRENCE m_id="24" RELATED_TO="" TAG_DESCRIPTOR="t14_damaged" instance_id="ACT17477415135689405" />
<LOC_GEO m_id="23" RELATED_TO="" TAG_DESCRIPTOR="t14_wellington" instance_id="LOC17477507552787281" />
<ACTION_OCCURRENCE m_id="22" RELATED_TO="" TAG_DESCRIPTOR="t14_fire" instance_id="ACT17477395877825371" />
<NON_HUMAN_PART m_id="21" RELATED_TO="" TAG_DESCRIPTOR="t14_building_wellington" instance_id="NON28360788624384692" />
</Markables>

<Relations>
<CROSS_DOC_COREF r_id="25037" note="NON28360788624384692" >
  <source m_id="17" />
  <source m_id="18" />
  <source m_id="20" />
  <target m_id="21" />
</CROSS_DOC_COREF>
<CROSS_DOC_COREF r_id="25038" note="ACT17477395877825371" >
  <source m_id="8" />
  <source m_id="3" />
  <target m_id="22" />
</CROSS_DOC_COREF>
<CROSS_DOC_COREF r_id="25039" note="LOC17477507552787281" >
  <source m_id="19" />
  <target m_id="23" />
</CROSS_DOC_COREF>
<CROSS_DOC_COREF r_id="25040" note="ACT17477415135689405" >
  <source m_id="7" />
  <target m_id="24" />
</CROSS_DOC_COREF>

</Relations>
</Document>
