<Document doc_name="14_6ecb.xml" doc_id="DOC15654331428140167">
<token t_id="1" sentence="0" number="0">Residents</token>
<token t_id="2" sentence="0" number="1">evacuated</token>
<token t_id="3" sentence="0" number="2">from</token>
<token t_id="4" sentence="0" number="3">their</token>
<token t_id="5" sentence="0" number="4">homes</token>
<token t_id="6" sentence="0" number="5">after</token>
<token t_id="7" sentence="0" number="6">a</token>
<token t_id="8" sentence="0" number="7">huge</token>
<token t_id="9" sentence="0" number="8">fire</token>
<token t_id="10" sentence="0" number="9">at</token>
<token t_id="11" sentence="0" number="10">a</token>
<token t_id="12" sentence="0" number="11">Waitrose</token>
<token t_id="13" sentence="0" number="12">store</token>
<token t_id="14" sentence="0" number="13">in</token>
<token t_id="15" sentence="0" number="14">Banstead</token>
<token t_id="16" sentence="0" number="15">on</token>
<token t_id="17" sentence="0" number="16">Friday</token>
<token t_id="18" sentence="0" number="17">night</token>
<token t_id="19" sentence="0" number="18">have</token>
<token t_id="20" sentence="0" number="19">been</token>
<token t_id="21" sentence="0" number="20">allowed</token>
<token t_id="22" sentence="0" number="21">to</token>
<token t_id="23" sentence="0" number="22">return</token>
<token t_id="24" sentence="0" number="23">to</token>
<token t_id="25" sentence="0" number="24">their</token>
<token t_id="26" sentence="0" number="25">homes</token>
<token t_id="27" sentence="0" number="26">.</token>
<token t_id="28" sentence="1" number="0">Around</token>
<token t_id="29" sentence="1" number="1">60</token>
<token t_id="30" sentence="1" number="2">people</token>
<token t_id="31" sentence="1" number="3">spent</token>
<token t_id="32" sentence="1" number="4">the</token>
<token t_id="33" sentence="1" number="5">evening</token>
<token t_id="34" sentence="1" number="6">at</token>
<token t_id="35" sentence="1" number="7">a</token>
<token t_id="36" sentence="1" number="8">local</token>
<token t_id="37" sentence="1" number="9">day</token>
<token t_id="38" sentence="1" number="10">care</token>
<token t_id="39" sentence="1" number="11">centre</token>
<token t_id="40" sentence="1" number="12">after</token>
<token t_id="41" sentence="1" number="13">being</token>
<token t_id="42" sentence="1" number="14">evacuated</token>
<token t_id="43" sentence="1" number="15">from</token>
<token t_id="44" sentence="1" number="16">their</token>
<token t_id="45" sentence="1" number="17">homes</token>
<token t_id="46" sentence="1" number="18">near</token>
<token t_id="47" sentence="1" number="19">the</token>
<token t_id="48" sentence="1" number="20">supermarket</token>
<token t_id="49" sentence="1" number="21">in</token>
<token t_id="50" sentence="1" number="22">the</token>
<token t_id="51" sentence="1" number="23">High</token>
<token t_id="52" sentence="1" number="24">Street</token>
<token t_id="53" sentence="1" number="25">.</token>
<token t_id="54" sentence="2" number="0">They</token>
<token t_id="55" sentence="2" number="1">were</token>
<token t_id="56" sentence="2" number="2">initially</token>
<token t_id="57" sentence="2" number="3">sent</token>
<token t_id="58" sentence="2" number="4">to</token>
<token t_id="59" sentence="2" number="5">Banstead</token>
<token t_id="60" sentence="2" number="6">Baptist</token>
<token t_id="61" sentence="2" number="7">Church</token>
<token t_id="62" sentence="2" number="8">after</token>
<token t_id="63" sentence="2" number="9">the</token>
<token t_id="64" sentence="2" number="10">blaze</token>
<token t_id="65" sentence="2" number="11">broke</token>
<token t_id="66" sentence="2" number="12">out</token>
<token t_id="67" sentence="2" number="13">about</token>
<token t_id="68" sentence="2" number="14">8.40pm</token>
<token t_id="69" sentence="2" number="15">.</token>
<token t_id="70" sentence="3" number="0">Police</token>
<token t_id="71" sentence="3" number="1">said</token>
<token t_id="72" sentence="3" number="2">they</token>
<token t_id="73" sentence="3" number="3">wanted</token>
<token t_id="74" sentence="3" number="4">to</token>
<token t_id="75" sentence="3" number="5">thank</token>
<token t_id="76" sentence="3" number="6">residents</token>
<token t_id="77" sentence="3" number="7">and</token>
<token t_id="78" sentence="3" number="8">local</token>
<token t_id="79" sentence="3" number="9">businesses</token>
<token t_id="80" sentence="3" number="10">for</token>
<token t_id="81" sentence="3" number="11">their</token>
<token t_id="82" sentence="3" number="12">patience</token>
<token t_id="83" sentence="3" number="13">and</token>
<token t_id="84" sentence="3" number="14">assistance</token>
<token t_id="85" sentence="3" number="15">during</token>
<token t_id="86" sentence="3" number="16">the</token>
<token t_id="87" sentence="3" number="17">evacuation</token>
<token t_id="88" sentence="3" number="18">.</token>
<token t_id="89" sentence="4" number="0">The</token>
<token t_id="90" sentence="4" number="1">alarm</token>
<token t_id="91" sentence="4" number="2">was</token>
<token t_id="92" sentence="4" number="3">raised</token>
<token t_id="93" sentence="4" number="4">after</token>
<token t_id="94" sentence="4" number="5">a</token>
<token t_id="95" sentence="4" number="6">CCTV</token>
<token t_id="96" sentence="4" number="7">operator</token>
<token t_id="97" sentence="4" number="8">noticed</token>
<token t_id="98" sentence="4" number="9">smoke</token>
<token t_id="99" sentence="4" number="10">coming</token>
<token t_id="100" sentence="4" number="11">from</token>
<token t_id="101" sentence="4" number="12">the</token>
<token t_id="102" sentence="4" number="13">roof</token>
<token t_id="103" sentence="4" number="14">of</token>
<token t_id="104" sentence="4" number="15">the</token>
<token t_id="105" sentence="4" number="16">store</token>
<token t_id="106" sentence="4" number="17">.</token>
<token t_id="107" sentence="5" number="0">High</token>
<token t_id="108" sentence="5" number="1">winds</token>
<token t_id="109" sentence="5" number="2">meant</token>
<token t_id="110" sentence="5" number="3">the</token>
<token t_id="111" sentence="5" number="4">fire</token>
<token t_id="112" sentence="5" number="5">spread</token>
<token t_id="113" sentence="5" number="6">rapidly</token>
<token t_id="114" sentence="5" number="7">through</token>
<token t_id="115" sentence="5" number="8">the</token>
<token t_id="116" sentence="5" number="9">Waitrose</token>
<token t_id="117" sentence="5" number="10">,</token>
<token t_id="118" sentence="5" number="11">which</token>
<token t_id="119" sentence="5" number="12">was</token>
<token t_id="120" sentence="5" number="13">almost</token>
<token t_id="121" sentence="5" number="14">totally</token>
<token t_id="122" sentence="5" number="15">destroyed</token>
<token t_id="123" sentence="5" number="16">.</token>
<token t_id="124" sentence="6" number="0">Other</token>
<token t_id="125" sentence="6" number="1">premises</token>
<token t_id="126" sentence="6" number="2">suffered</token>
<token t_id="127" sentence="6" number="3">some</token>
<token t_id="128" sentence="6" number="4">damage</token>
<token t_id="129" sentence="6" number="5">,</token>
<token t_id="130" sentence="6" number="6">such</token>
<token t_id="131" sentence="6" number="7">as</token>
<token t_id="132" sentence="6" number="8">smashed</token>
<token t_id="133" sentence="6" number="9">windows</token>
<token t_id="134" sentence="6" number="10">and</token>
<token t_id="135" sentence="6" number="11">smoke</token>
<token t_id="136" sentence="6" number="12">damage</token>
<token t_id="137" sentence="6" number="13">.</token>
<token t_id="138" sentence="7" number="0">The</token>
<token t_id="139" sentence="7" number="1">fire</token>
<token t_id="140" sentence="7" number="2">was</token>
<token t_id="141" sentence="7" number="3">still</token>
<token t_id="142" sentence="7" number="4">burning</token>
<token t_id="143" sentence="7" number="5">on</token>
<token t_id="144" sentence="7" number="6">Saturday</token>
<token t_id="145" sentence="7" number="7">morning</token>
<token t_id="146" sentence="7" number="8">.</token>
<token t_id="147" sentence="8" number="0">Investigators</token>
<token t_id="148" sentence="8" number="1">have</token>
<token t_id="149" sentence="8" number="2">since</token>
<token t_id="150" sentence="8" number="3">been</token>
<token t_id="151" sentence="8" number="4">sifting</token>
<token t_id="152" sentence="8" number="5">through</token>
<token t_id="153" sentence="8" number="6">the</token>
<token t_id="154" sentence="8" number="7">rubble</token>
<token t_id="155" sentence="8" number="8">to</token>
<token t_id="156" sentence="8" number="9">find</token>
<token t_id="157" sentence="8" number="10">the</token>
<token t_id="158" sentence="8" number="11">cause</token>
<token t_id="159" sentence="8" number="12">of</token>
<token t_id="160" sentence="8" number="13">the</token>
<token t_id="161" sentence="8" number="14">fire</token>
<token t_id="162" sentence="8" number="15">,</token>
<token t_id="163" sentence="8" number="16">which</token>
<token t_id="164" sentence="8" number="17">police</token>
<token t_id="165" sentence="8" number="18">have</token>
<token t_id="166" sentence="8" number="19">said</token>
<token t_id="167" sentence="8" number="20">they</token>
<token t_id="168" sentence="8" number="21">are</token>
<token t_id="169" sentence="8" number="22">treating</token>
<token t_id="170" sentence="8" number="23">as</token>
<token t_id="171" sentence="8" number="24">``</token>
<token t_id="172" sentence="8" number="25">potentially</token>
<token t_id="173" sentence="8" number="26">suspicious</token>
<token t_id="174" sentence="8" number="27">.</token>
<token t_id="175" sentence="8" number="28">''</token>
<token t_id="176" sentence="9" number="0">Many</token>
<token t_id="177" sentence="9" number="1">nearby</token>
<token t_id="178" sentence="9" number="2">roads</token>
<token t_id="179" sentence="9" number="3">were</token>
<token t_id="180" sentence="9" number="4">cordoned</token>
<token t_id="181" sentence="9" number="5">off</token>
<token t_id="182" sentence="9" number="6">and</token>
<token t_id="183" sentence="9" number="7">police</token>
<token t_id="184" sentence="9" number="8">said</token>
<token t_id="185" sentence="9" number="9">on</token>
<token t_id="186" sentence="9" number="10">Saturday</token>
<token t_id="187" sentence="9" number="11">they</token>
<token t_id="188" sentence="9" number="12">were</token>
<token t_id="189" sentence="9" number="13">likely</token>
<token t_id="190" sentence="9" number="14">to</token>
<token t_id="191" sentence="9" number="15">remain</token>
<token t_id="192" sentence="9" number="16">closed</token>
<token t_id="193" sentence="9" number="17">for</token>
<token t_id="194" sentence="9" number="18">some</token>
<token t_id="195" sentence="9" number="19">time</token>
<token t_id="196" sentence="9" number="20">.</token>
<token t_id="197" sentence="10" number="0">Anyone</token>
<token t_id="198" sentence="10" number="1">with</token>
<token t_id="199" sentence="10" number="2">any</token>
<token t_id="200" sentence="10" number="3">information</token>
<token t_id="201" sentence="10" number="4">about</token>
<token t_id="202" sentence="10" number="5">the</token>
<token t_id="203" sentence="10" number="6">fire</token>
<token t_id="204" sentence="10" number="7">is</token>
<token t_id="205" sentence="10" number="8">asked</token>
<token t_id="206" sentence="10" number="9">to</token>
<token t_id="207" sentence="10" number="10">contact</token>
<token t_id="208" sentence="10" number="11">Surrey</token>
<token t_id="209" sentence="10" number="12">Police</token>
<token t_id="210" sentence="10" number="13">on</token>
<token t_id="211" sentence="10" number="14">0845</token>
<token t_id="212" sentence="10" number="15">125</token>
<token t_id="213" sentence="10" number="16">2222</token>
<token t_id="214" sentence="10" number="17">or</token>
<token t_id="215" sentence="10" number="18">Crimestoppers</token>
<token t_id="216" sentence="10" number="19">anonymously</token>
<token t_id="217" sentence="10" number="20">on</token>
<token t_id="218" sentence="10" number="21">0800</token>
<token t_id="219" sentence="10" number="22">555111</token>
<token t_id="220" sentence="10" number="23">.</token>
<Markables>
<ACTION_ASPECTUAL m_id="18"  >
  <token_anchor t_id="23"/>
</ACTION_ASPECTUAL>
<ACTION_OCCURRENCE m_id="15"  >
  <token_anchor t_id="2"/>
</ACTION_OCCURRENCE>
<ACTION_OCCURRENCE m_id="16"  >
  <token_anchor t_id="9"/>
</ACTION_OCCURRENCE>
<ACTION_OCCURRENCE m_id="17"  >
  <token_anchor t_id="21"/>
</ACTION_OCCURRENCE>
<HUMAN_PART_PER m_id="14"  >
  <token_anchor t_id="1"/>
</HUMAN_PART_PER>
<LOC_FAC m_id="22"  >
  <token_anchor t_id="11"/>
  <token_anchor t_id="12"/>
  <token_anchor t_id="13"/>
  <token_anchor t_id="14"/>
  <token_anchor t_id="15"/>
</LOC_FAC>
<LOC_FAC m_id="19"  >
  <token_anchor t_id="4"/>
  <token_anchor t_id="5"/>
</LOC_FAC>
<LOC_FAC m_id="20"  >
  <token_anchor t_id="25"/>
  <token_anchor t_id="26"/>
</LOC_FAC>
<TIME_OF_THE_DAY m_id="21"  >
  <token_anchor t_id="17"/>
  <token_anchor t_id="18"/>
</TIME_OF_THE_DAY>




<LOC_FAC m_id="25" RELATED_TO="" TAG_DESCRIPTOR="t14b_waitrose_surrey" instance_id="LOC17478339342882751" />
<TIME_OF_THE_DAY m_id="24" RELATED_TO="" TAG_DESCRIPTOR="t14b_friday_night" instance_id="TIM17478521577467053" />
<ACTION_OCCURRENCE m_id="23" RELATED_TO="" TAG_DESCRIPTOR="t14b_fire" instance_id="ACT17478306085573007" />
<UNKNOWN_INSTANCE_TAG m_id="13" RELATED_TO="" TAG_DESCRIPTOR="" />
</Markables>

<Relations>
<INTRA_DOC_COREF r_id="33690" >
<source m_id="19" />
<source m_id="20" />
<target m_id="13" />
</INTRA_DOC_COREF>
<CROSS_DOC_COREF r_id="33691" note="ACT17478306085573007" >
  <source m_id="16" />
  <target m_id="23" />
</CROSS_DOC_COREF>
<CROSS_DOC_COREF r_id="33692" note="TIM17478521577467053" >
  <source m_id="21" />
  <target m_id="24" />
</CROSS_DOC_COREF>
<CROSS_DOC_COREF r_id="33693" note="LOC17478339342882751" >
  <source m_id="22" />
  <target m_id="25" />
</CROSS_DOC_COREF>

</Relations>
</Document>
