<Document doc_name="14_7ecb.xml" doc_id="DOC15654331344113021">
<token t_id="1" sentence="0" number="0">A</token>
<token t_id="2" sentence="0" number="1">HUGE</token>
<token t_id="3" sentence="0" number="2">fire</token>
<token t_id="4" sentence="0" number="3">has</token>
<token t_id="5" sentence="0" number="4">almost</token>
<token t_id="6" sentence="0" number="5">totally</token>
<token t_id="7" sentence="0" number="6">destroyed</token>
<token t_id="8" sentence="0" number="7">a</token>
<token t_id="9" sentence="0" number="8">Waitrose</token>
<token t_id="10" sentence="0" number="9">store</token>
<token t_id="11" sentence="0" number="10">in</token>
<token t_id="12" sentence="0" number="11">Banstead</token>
<token t_id="13" sentence="0" number="12">.</token>
<token t_id="14" sentence="1" number="0">Fire</token>
<token t_id="15" sentence="1" number="1">crews</token>
<token t_id="16" sentence="1" number="2">and</token>
<token t_id="17" sentence="1" number="3">police</token>
<token t_id="18" sentence="1" number="4">officers</token>
<token t_id="19" sentence="1" number="5">were</token>
<token t_id="20" sentence="1" number="6">called</token>
<token t_id="21" sentence="1" number="7">to</token>
<token t_id="22" sentence="1" number="8">the</token>
<token t_id="23" sentence="1" number="9">High</token>
<token t_id="24" sentence="1" number="10">Street</token>
<token t_id="25" sentence="1" number="11">premises</token>
<token t_id="26" sentence="1" number="12">shortly</token>
<token t_id="27" sentence="1" number="13">before</token>
<token t_id="28" sentence="1" number="14">9pm</token>
<token t_id="29" sentence="1" number="15">on</token>
<token t_id="30" sentence="1" number="16">Friday</token>
<token t_id="31" sentence="1" number="17">after</token>
<token t_id="32" sentence="1" number="18">a</token>
<token t_id="33" sentence="1" number="19">CCTV</token>
<token t_id="34" sentence="1" number="20">operator</token>
<token t_id="35" sentence="1" number="21">noticed</token>
<token t_id="36" sentence="1" number="22">smoke</token>
<token t_id="37" sentence="1" number="23">coming</token>
<token t_id="38" sentence="1" number="24">from</token>
<token t_id="39" sentence="1" number="25">the</token>
<token t_id="40" sentence="1" number="26">building</token>
<token t_id="41" sentence="1" number="27">'s</token>
<token t_id="42" sentence="1" number="28">roof</token>
<token t_id="43" sentence="1" number="29">.</token>
<token t_id="44" sentence="2" number="0">The</token>
<token t_id="45" sentence="2" number="1">blaze</token>
<token t_id="46" sentence="2" number="2">,</token>
<token t_id="47" sentence="2" number="3">which</token>
<token t_id="48" sentence="2" number="4">is</token>
<token t_id="49" sentence="2" number="5">being</token>
<token t_id="50" sentence="2" number="6">treated</token>
<token t_id="51" sentence="2" number="7">by</token>
<token t_id="52" sentence="2" number="8">police</token>
<token t_id="53" sentence="2" number="9">as</token>
<token t_id="54" sentence="2" number="10">``</token>
<token t_id="55" sentence="2" number="11">potentially</token>
<token t_id="56" sentence="2" number="12">suspicious</token>
<token t_id="57" sentence="2" number="13">''</token>
<token t_id="58" sentence="2" number="14">,</token>
<token t_id="59" sentence="2" number="15">spread</token>
<token t_id="60" sentence="2" number="16">quickly</token>
<token t_id="61" sentence="2" number="17">through</token>
<token t_id="62" sentence="2" number="18">the</token>
<token t_id="63" sentence="2" number="19">store</token>
<token t_id="64" sentence="2" number="20">as</token>
<token t_id="65" sentence="2" number="21">the</token>
<token t_id="66" sentence="2" number="22">flames</token>
<token t_id="67" sentence="2" number="23">were</token>
<token t_id="68" sentence="2" number="24">fanned</token>
<token t_id="69" sentence="2" number="25">by</token>
<token t_id="70" sentence="2" number="26">high</token>
<token t_id="71" sentence="2" number="27">winds</token>
<token t_id="72" sentence="2" number="28">.</token>
<token t_id="73" sentence="3" number="0">Sixty</token>
<token t_id="74" sentence="3" number="1">local</token>
<token t_id="75" sentence="3" number="2">residents</token>
<token t_id="76" sentence="3" number="3">had</token>
<token t_id="77" sentence="3" number="4">to</token>
<token t_id="78" sentence="3" number="5">be</token>
<token t_id="79" sentence="3" number="6">evacuated</token>
<token t_id="80" sentence="3" number="7">from</token>
<token t_id="81" sentence="3" number="8">their</token>
<token t_id="82" sentence="3" number="9">homes</token>
<token t_id="83" sentence="3" number="10">,</token>
<token t_id="84" sentence="3" number="11">initially</token>
<token t_id="85" sentence="3" number="12">to</token>
<token t_id="86" sentence="3" number="13">a</token>
<token t_id="87" sentence="3" number="14">nearby</token>
<token t_id="88" sentence="3" number="15">church</token>
<token t_id="89" sentence="3" number="16">and</token>
<token t_id="90" sentence="3" number="17">later</token>
<token t_id="91" sentence="3" number="18">to</token>
<token t_id="92" sentence="3" number="19">a</token>
<token t_id="93" sentence="3" number="20">local</token>
<token t_id="94" sentence="3" number="21">day</token>
<token t_id="95" sentence="3" number="22">care</token>
<token t_id="96" sentence="3" number="23">centre</token>
<token t_id="97" sentence="3" number="24">,</token>
<token t_id="98" sentence="3" number="25">but</token>
<token t_id="99" sentence="3" number="26">they</token>
<token t_id="100" sentence="3" number="27">had</token>
<token t_id="101" sentence="3" number="28">all</token>
<token t_id="102" sentence="3" number="29">been</token>
<token t_id="103" sentence="3" number="30">allowed</token>
<token t_id="104" sentence="3" number="31">to</token>
<token t_id="105" sentence="3" number="32">return</token>
<token t_id="106" sentence="3" number="33">by</token>
<token t_id="107" sentence="3" number="34">Saturday</token>
<token t_id="108" sentence="3" number="35">evening</token>
<token t_id="109" sentence="3" number="36">.</token>
<token t_id="110" sentence="4" number="0">A</token>
<token t_id="111" sentence="4" number="1">police</token>
<token t_id="112" sentence="4" number="2">spokeswoman</token>
<token t_id="113" sentence="4" number="3">said</token>
<token t_id="114" sentence="4" number="4">other</token>
<token t_id="115" sentence="4" number="5">premises</token>
<token t_id="116" sentence="4" number="6">suffered</token>
<token t_id="117" sentence="4" number="7">smashed</token>
<token t_id="118" sentence="4" number="8">windows</token>
<token t_id="119" sentence="4" number="9">and</token>
<token t_id="120" sentence="4" number="10">smoke</token>
<token t_id="121" sentence="4" number="11">damage</token>
<token t_id="122" sentence="4" number="12">.</token>
<token t_id="123" sentence="5" number="0">Roads</token>
<token t_id="124" sentence="5" number="1">around</token>
<token t_id="125" sentence="5" number="2">the</token>
<token t_id="126" sentence="5" number="3">area</token>
<token t_id="127" sentence="5" number="4">,</token>
<token t_id="128" sentence="5" number="5">including</token>
<token t_id="129" sentence="5" number="6">Banstead</token>
<token t_id="130" sentence="5" number="7">High</token>
<token t_id="131" sentence="5" number="8">Street</token>
<token t_id="132" sentence="5" number="9">itself</token>
<token t_id="133" sentence="5" number="10">,</token>
<token t_id="134" sentence="5" number="11">were</token>
<token t_id="135" sentence="5" number="12">closed</token>
<token t_id="136" sentence="5" number="13">for</token>
<token t_id="137" sentence="5" number="14">some</token>
<token t_id="138" sentence="5" number="15">time</token>
<token t_id="139" sentence="5" number="16">,</token>
<token t_id="140" sentence="5" number="17">but</token>
<token t_id="141" sentence="5" number="18">the</token>
<token t_id="142" sentence="5" number="19">spokeswoman</token>
<token t_id="143" sentence="5" number="20">said</token>
<token t_id="144" sentence="5" number="21">they</token>
<token t_id="145" sentence="5" number="22">were</token>
<token t_id="146" sentence="5" number="23">all</token>
<token t_id="147" sentence="5" number="24">reopened</token>
<token t_id="148" sentence="5" number="25">by</token>
<token t_id="149" sentence="5" number="26">4.30pm</token>
<token t_id="150" sentence="5" number="27">on</token>
<token t_id="151" sentence="5" number="28">Saturday</token>
<token t_id="152" sentence="5" number="29">.</token>
<token t_id="153" sentence="6" number="0">She</token>
<token t_id="154" sentence="6" number="1">added</token>
<token t_id="155" sentence="6" number="2">:</token>
<token t_id="156" sentence="6" number="3">``</token>
<token t_id="157" sentence="6" number="4">The</token>
<token t_id="158" sentence="6" number="5">focus</token>
<token t_id="159" sentence="6" number="6">for</token>
<token t_id="160" sentence="6" number="7">today</token>
<token t_id="161" sentence="6" number="8">[</token>
<token t_id="162" sentence="6" number="9">Saturday</token>
<token t_id="163" sentence="6" number="10">]</token>
<token t_id="164" sentence="6" number="11">has</token>
<token t_id="165" sentence="6" number="12">been</token>
<token t_id="166" sentence="6" number="13">to</token>
<token t_id="167" sentence="6" number="14">maximise</token>
<token t_id="168" sentence="6" number="15">the</token>
<token t_id="169" sentence="6" number="16">safety</token>
<token t_id="170" sentence="6" number="17">of</token>
<token t_id="171" sentence="6" number="18">the</token>
<token t_id="172" sentence="6" number="19">public</token>
<token t_id="173" sentence="6" number="20">,</token>
<token t_id="174" sentence="6" number="21">minimise</token>
<token t_id="175" sentence="6" number="22">disruption</token>
<token t_id="176" sentence="6" number="23">to</token>
<token t_id="177" sentence="6" number="24">the</token>
<token t_id="178" sentence="6" number="25">community</token>
<token t_id="179" sentence="6" number="26">and</token>
<token t_id="180" sentence="6" number="27">return</token>
<token t_id="181" sentence="6" number="28">normality</token>
<token t_id="182" sentence="6" number="29">to</token>
<token t_id="183" sentence="6" number="30">the</token>
<token t_id="184" sentence="6" number="31">area</token>
<token t_id="185" sentence="6" number="32">.</token>
<token t_id="186" sentence="7" number="0">``</token>
<token t_id="187" sentence="7" number="1">Surrey</token>
<token t_id="188" sentence="7" number="2">Police</token>
<token t_id="189" sentence="7" number="3">would</token>
<token t_id="190" sentence="7" number="4">particularly</token>
<token t_id="191" sentence="7" number="5">like</token>
<token t_id="192" sentence="7" number="6">to</token>
<token t_id="193" sentence="7" number="7">thank</token>
<token t_id="194" sentence="7" number="8">the</token>
<token t_id="195" sentence="7" number="9">local</token>
<token t_id="196" sentence="7" number="10">community</token>
<token t_id="197" sentence="7" number="11">and</token>
<token t_id="198" sentence="7" number="12">those</token>
<token t_id="199" sentence="7" number="13">local</token>
<token t_id="200" sentence="7" number="14">groups</token>
<token t_id="201" sentence="7" number="15">and</token>
<token t_id="202" sentence="7" number="16">individuals</token>
<token t_id="203" sentence="7" number="17">who</token>
<token t_id="204" sentence="7" number="18">'ve</token>
<token t_id="205" sentence="7" number="19">worked</token>
<token t_id="206" sentence="7" number="20">alongside</token>
<token t_id="207" sentence="7" number="21">the</token>
<token t_id="208" sentence="7" number="22">emergency</token>
<token t_id="209" sentence="7" number="23">services</token>
<token t_id="210" sentence="7" number="24">to</token>
<token t_id="211" sentence="7" number="25">look</token>
<token t_id="212" sentence="7" number="26">after</token>
<token t_id="213" sentence="7" number="27">the</token>
<token t_id="214" sentence="7" number="28">welfare</token>
<token t_id="215" sentence="7" number="29">of</token>
<token t_id="216" sentence="7" number="30">personnel</token>
<token t_id="217" sentence="7" number="31">and</token>
<token t_id="218" sentence="7" number="32">members</token>
<token t_id="219" sentence="7" number="33">of</token>
<token t_id="220" sentence="7" number="34">the</token>
<token t_id="221" sentence="7" number="35">community</token>
<token t_id="222" sentence="7" number="36">affected</token>
<token t_id="223" sentence="7" number="37">.</token>
<token t_id="224" sentence="7" number="38">''</token>
<token t_id="225" sentence="8" number="0">A</token>
<token t_id="226" sentence="8" number="1">statement</token>
<token t_id="227" sentence="8" number="2">from</token>
<token t_id="228" sentence="8" number="3">Waitrose</token>
<token t_id="229" sentence="8" number="4">said</token>
<token t_id="230" sentence="8" number="5">:</token>
<token t_id="231" sentence="8" number="6">``</token>
<token t_id="232" sentence="8" number="7">Damage</token>
<token t_id="233" sentence="8" number="8">to</token>
<token t_id="234" sentence="8" number="9">the</token>
<token t_id="235" sentence="8" number="10">building</token>
<token t_id="236" sentence="8" number="11">is</token>
<token t_id="237" sentence="8" number="12">extensive</token>
<token t_id="238" sentence="8" number="13">,</token>
<token t_id="239" sentence="8" number="14">however</token>
<token t_id="240" sentence="8" number="15">it</token>
<token t_id="241" sentence="8" number="16">is</token>
<token t_id="242" sentence="8" number="17">too</token>
<token t_id="243" sentence="8" number="18">early</token>
<token t_id="244" sentence="8" number="19">to</token>
<token t_id="245" sentence="8" number="20">confirm</token>
<token t_id="246" sentence="8" number="21">the</token>
<token t_id="247" sentence="8" number="22">cause</token>
<token t_id="248" sentence="8" number="23">.</token>
<token t_id="249" sentence="9" number="0">No-one</token>
<token t_id="250" sentence="9" number="1">has</token>
<token t_id="251" sentence="9" number="2">been</token>
<token t_id="252" sentence="9" number="3">injured</token>
<token t_id="253" sentence="9" number="4">.</token>
<token t_id="254" sentence="10" number="0">``</token>
<token t_id="255" sentence="10" number="1">The</token>
<token t_id="256" sentence="10" number="2">store</token>
<token t_id="257" sentence="10" number="3">will</token>
<token t_id="258" sentence="10" number="4">be</token>
<token t_id="259" sentence="10" number="5">rebuilt</token>
<token t_id="260" sentence="10" number="6">...</token>
<token t_id="261" sentence="10" number="7">we</token>
<token t_id="262" sentence="10" number="8">will</token>
<token t_id="263" sentence="10" number="9">be</token>
<token t_id="264" sentence="10" number="10">in</token>
<token t_id="265" sentence="10" number="11">a</token>
<token t_id="266" sentence="10" number="12">position</token>
<token t_id="267" sentence="10" number="13">to</token>
<token t_id="268" sentence="10" number="14">understand</token>
<token t_id="269" sentence="10" number="15">how</token>
<token t_id="270" sentence="10" number="16">long</token>
<token t_id="271" sentence="10" number="17">that</token>
<token t_id="272" sentence="10" number="18">might</token>
<token t_id="273" sentence="10" number="19">take</token>
<token t_id="274" sentence="10" number="20">once</token>
<token t_id="275" sentence="10" number="21">the</token>
<token t_id="276" sentence="10" number="22">full</token>
<token t_id="277" sentence="10" number="23">extent</token>
<token t_id="278" sentence="10" number="24">of</token>
<token t_id="279" sentence="10" number="25">damage</token>
<token t_id="280" sentence="10" number="26">has</token>
<token t_id="281" sentence="10" number="27">been</token>
<token t_id="282" sentence="10" number="28">assessed</token>
<token t_id="283" sentence="10" number="29">.</token>
<token t_id="284" sentence="11" number="0">``</token>
<token t_id="285" sentence="11" number="1">We</token>
<token t_id="286" sentence="11" number="2">have</token>
<token t_id="287" sentence="11" number="3">made</token>
<token t_id="288" sentence="11" number="4">available</token>
<token t_id="289" sentence="11" number="5">a</token>
<token t_id="290" sentence="11" number="6">distress</token>
<token t_id="291" sentence="11" number="7">fund</token>
<token t_id="292" sentence="11" number="8">for</token>
<token t_id="293" sentence="11" number="9">local</token>
<token t_id="294" sentence="11" number="10">residents</token>
<token t_id="295" sentence="11" number="11">and</token>
<token t_id="296" sentence="11" number="12">staff</token>
<token t_id="297" sentence="11" number="13">affected</token>
<token t_id="298" sentence="11" number="14">,</token>
<token t_id="299" sentence="11" number="15">and</token>
<token t_id="300" sentence="11" number="16">regret</token>
<token t_id="301" sentence="11" number="17">any</token>
<token t_id="302" sentence="11" number="18">inconvenience</token>
<token t_id="303" sentence="11" number="19">caused</token>
<token t_id="304" sentence="11" number="20">to</token>
<token t_id="305" sentence="11" number="21">them</token>
<token t_id="306" sentence="11" number="22">as</token>
<token t_id="307" sentence="11" number="23">well</token>
<token t_id="308" sentence="11" number="24">as</token>
<token t_id="309" sentence="11" number="25">the</token>
<token t_id="310" sentence="11" number="26">wider</token>
<token t_id="311" sentence="11" number="27">community</token>
<token t_id="312" sentence="11" number="28">and</token>
<token t_id="313" sentence="11" number="29">traders</token>
<token t_id="314" sentence="11" number="30">.</token>
<token t_id="315" sentence="11" number="31">''</token>
<token t_id="316" sentence="12" number="0">Fire</token>
<token t_id="317" sentence="12" number="1">and</token>
<token t_id="318" sentence="12" number="2">police</token>
<token t_id="319" sentence="12" number="3">units</token>
<token t_id="320" sentence="12" number="4">were</token>
<token t_id="321" sentence="12" number="5">due</token>
<token t_id="322" sentence="12" number="6">to</token>
<token t_id="323" sentence="12" number="7">remain</token>
<token t_id="324" sentence="12" number="8">at</token>
<token t_id="325" sentence="12" number="9">the</token>
<token t_id="326" sentence="12" number="10">scene</token>
<token t_id="327" sentence="12" number="11">until</token>
<token t_id="328" sentence="12" number="12">at</token>
<token t_id="329" sentence="12" number="13">least</token>
<token t_id="330" sentence="12" number="14">Monday</token>
<token t_id="331" sentence="12" number="15">.</token>
<token t_id="332" sentence="13" number="0">Anyone</token>
<token t_id="333" sentence="13" number="1">with</token>
<token t_id="334" sentence="13" number="2">any</token>
<token t_id="335" sentence="13" number="3">information</token>
<token t_id="336" sentence="13" number="4">about</token>
<token t_id="337" sentence="13" number="5">the</token>
<token t_id="338" sentence="13" number="6">fire</token>
<token t_id="339" sentence="13" number="7">is</token>
<token t_id="340" sentence="13" number="8">asked</token>
<token t_id="341" sentence="13" number="9">to</token>
<token t_id="342" sentence="13" number="10">contact</token>
<token t_id="343" sentence="13" number="11">Surrey</token>
<token t_id="344" sentence="13" number="12">Police</token>
<token t_id="345" sentence="13" number="13">on</token>
<token t_id="346" sentence="13" number="14">0845</token>
<token t_id="347" sentence="13" number="15">125</token>
<token t_id="348" sentence="13" number="16">2222</token>
<token t_id="349" sentence="13" number="17">,</token>
<token t_id="350" sentence="13" number="18">or</token>
<token t_id="351" sentence="13" number="19">call</token>
<token t_id="352" sentence="13" number="20">Crimestoppers</token>
<token t_id="353" sentence="13" number="21">anonymously</token>
<token t_id="354" sentence="13" number="22">on</token>
<token t_id="355" sentence="13" number="23">0800</token>
<token t_id="356" sentence="13" number="24">555111</token>
<token t_id="357" sentence="13" number="25">.</token>
<Markables>
<ACTION_OCCURRENCE m_id="6"  >
  <token_anchor t_id="3"/>
</ACTION_OCCURRENCE>
<ACTION_OCCURRENCE m_id="7"  >
  <token_anchor t_id="7"/>
</ACTION_OCCURRENCE>
<LOC_GEO m_id="9" note="byCROMER" >
  <token_anchor t_id="11"/>
  <token_anchor t_id="12"/>
</LOC_GEO>
<NON_HUMAN_PART m_id="10" note="byCROMER" >
  <token_anchor t_id="8"/>
  <token_anchor t_id="9"/>
  <token_anchor t_id="10"/>
</NON_HUMAN_PART>


<ACTION_OCCURRENCE m_id="14" RELATED_TO="" TAG_DESCRIPTOR="t14b_destroyed" instance_id="ACT17478384825832355" />
<NON_HUMAN_PART m_id="13" RELATED_TO="" TAG_DESCRIPTOR="t14b_building_surrey" instance_id="NON28360803579221163" />
<LOC_GEO m_id="12" RELATED_TO="" TAG_DESCRIPTOR="t14b_surrey" instance_id="LOC28362629361510832" />
<ACTION_OCCURRENCE m_id="11" RELATED_TO="" TAG_DESCRIPTOR="t14b_fire" instance_id="ACT17478306085573007" />
</Markables>

<Relations>
<CROSS_DOC_COREF r_id="33696" note="ACT17478306085573007" >
  <source m_id="6" />
  <target m_id="11" />
</CROSS_DOC_COREF>
<CROSS_DOC_COREF r_id="33697" note="LOC28362629361510832" >
  <source m_id="9" />
  <target m_id="12" />
</CROSS_DOC_COREF>
<CROSS_DOC_COREF r_id="33698" note="NON28360803579221163" >
  <source m_id="10" />
  <target m_id="13" />
</CROSS_DOC_COREF>
<CROSS_DOC_COREF r_id="33699" note="ACT17478384825832355" >
  <source m_id="7" />
  <target m_id="14" />
</CROSS_DOC_COREF>

</Relations>
</Document>
