<Document doc_name="18_13ecb.xml" doc_id="DOC15654428396722179">
<token t_id="1" sentence="0" number="0">A</token>
<token t_id="2" sentence="0" number="1">former</token>
<token t_id="3" sentence="0" number="2">employee</token>
<token t_id="4" sentence="0" number="3">who</token>
<token t_id="5" sentence="0" number="4">opened</token>
<token t_id="6" sentence="0" number="5">fire</token>
<token t_id="7" sentence="0" number="6">at</token>
<token t_id="8" sentence="0" number="7">an</token>
<token t_id="9" sentence="0" number="8">office</token>
<token t_id="10" sentence="0" number="9">Christmas</token>
<token t_id="11" sentence="0" number="10">party</token>
<token t_id="12" sentence="0" number="11">and</token>
<token t_id="13" sentence="0" number="12">killed</token>
<token t_id="14" sentence="0" number="13">one</token>
<token t_id="15" sentence="0" number="14">man</token>
<token t_id="16" sentence="0" number="15">has</token>
<token t_id="17" sentence="0" number="16">been</token>
<token t_id="18" sentence="0" number="17">charged</token>
<token t_id="19" sentence="0" number="18">with</token>
<token t_id="20" sentence="0" number="19">first-degree</token>
<token t_id="21" sentence="0" number="20">murder</token>
<token t_id="22" sentence="0" number="21">,</token>
<token t_id="23" sentence="0" number="22">police</token>
<token t_id="24" sentence="0" number="23">said</token>
<token t_id="25" sentence="0" number="24">Saturday</token>
<token t_id="26" sentence="0" number="25">.</token>
<token t_id="27" sentence="1" number="0">Constable</token>
<token t_id="28" sentence="1" number="1">Tim</token>
<token t_id="29" sentence="1" number="2">Fanning</token>
<token t_id="30" sentence="1" number="3">allege</token>
<token t_id="31" sentence="1" number="4">the</token>
<token t_id="32" sentence="1" number="5">recently-</token>
<token t_id="33" sentence="1" number="6">fired</token>
<token t_id="34" sentence="1" number="7">man</token>
<token t_id="35" sentence="1" number="8">,</token>
<token t_id="36" sentence="1" number="9">Eric</token>
<token t_id="37" sentence="1" number="10">Allen</token>
<token t_id="38" sentence="1" number="11">Kirkpatrick</token>
<token t_id="39" sentence="1" number="12">,</token>
<token t_id="40" sentence="1" number="13">61</token>
<token t_id="41" sentence="1" number="14">,</token>
<token t_id="42" sentence="1" number="15">opened</token>
<token t_id="43" sentence="1" number="16">fire</token>
<token t_id="44" sentence="1" number="17">at</token>
<token t_id="45" sentence="1" number="18">a</token>
<token t_id="46" sentence="1" number="19">Vancouver</token>
<token t_id="47" sentence="1" number="20">office</token>
<token t_id="48" sentence="1" number="21">Friday</token>
<token t_id="49" sentence="1" number="22">,</token>
<token t_id="50" sentence="1" number="23">killing</token>
<token t_id="51" sentence="1" number="24">Benjamin</token>
<token t_id="52" sentence="1" number="25">David</token>
<token t_id="53" sentence="1" number="26">Banky</token>
<token t_id="54" sentence="1" number="27">,</token>
<token t_id="55" sentence="1" number="28">40</token>
<token t_id="56" sentence="1" number="29">.</token>
<token t_id="57" sentence="2" number="0">Fanning</token>
<token t_id="58" sentence="2" number="1">said</token>
<token t_id="59" sentence="2" number="2">the</token>
<token t_id="60" sentence="2" number="3">gunman</token>
<token t_id="61" sentence="2" number="4">entered</token>
<token t_id="62" sentence="2" number="5">the</token>
<token t_id="63" sentence="2" number="6">party</token>
<token t_id="64" sentence="2" number="7">of</token>
<token t_id="65" sentence="2" number="8">at</token>
<token t_id="66" sentence="2" number="9">least</token>
<token t_id="67" sentence="2" number="10">a</token>
<token t_id="68" sentence="2" number="11">dozen</token>
<token t_id="69" sentence="2" number="12">people</token>
<token t_id="70" sentence="2" number="13">around</token>
<token t_id="71" sentence="2" number="14">4</token>
<token t_id="72" sentence="2" number="15">p.m</token>
<token t_id="73" sentence="2" number="16">.</token>
<token t_id="74" sentence="3" number="0">One</token>
<token t_id="75" sentence="3" number="1">man</token>
<token t_id="76" sentence="3" number="2">was</token>
<token t_id="77" sentence="3" number="3">shot</token>
<token t_id="78" sentence="3" number="4">and</token>
<token t_id="79" sentence="3" number="5">killed</token>
<token t_id="80" sentence="3" number="6">but</token>
<token t_id="81" sentence="3" number="7">the</token>
<token t_id="82" sentence="3" number="8">other</token>
<token t_id="83" sentence="3" number="9">partygoers</token>
<token t_id="84" sentence="3" number="10">managed</token>
<token t_id="85" sentence="3" number="11">to</token>
<token t_id="86" sentence="3" number="12">escape</token>
<token t_id="87" sentence="3" number="13">and</token>
<token t_id="88" sentence="3" number="14">no</token>
<token t_id="89" sentence="3" number="15">one</token>
<token t_id="90" sentence="3" number="16">else</token>
<token t_id="91" sentence="3" number="17">was</token>
<token t_id="92" sentence="3" number="18">injured</token>
<token t_id="93" sentence="3" number="19">.</token>
<token t_id="94" sentence="4" number="0">``</token>
<token t_id="95" sentence="4" number="1">Police</token>
<token t_id="96" sentence="4" number="2">'locked</token>
<token t_id="97" sentence="4" number="3">down</token>
<token t_id="98" sentence="4" number="4">'</token>
<token t_id="99" sentence="4" number="5">the</token>
<token t_id="100" sentence="4" number="6">neighborhood</token>
<token t_id="101" sentence="4" number="7">and</token>
<token t_id="102" sentence="4" number="8">negotiated</token>
<token t_id="103" sentence="4" number="9">with</token>
<token t_id="104" sentence="4" number="10">the</token>
<token t_id="105" sentence="4" number="11">suspect</token>
<token t_id="106" sentence="4" number="12">,</token>
<token t_id="107" sentence="4" number="13">who</token>
<token t_id="108" sentence="4" number="14">gave</token>
<token t_id="109" sentence="4" number="15">himself</token>
<token t_id="110" sentence="4" number="16">up</token>
<token t_id="111" sentence="4" number="17">to</token>
<token t_id="112" sentence="4" number="18">police</token>
<token t_id="113" sentence="4" number="19">just</token>
<token t_id="114" sentence="4" number="20">after</token>
<token t_id="115" sentence="4" number="21">6</token>
<token t_id="116" sentence="4" number="22">p.m.</token>
<token t_id="117" sentence="4" number="23">,</token>
<token t_id="118" sentence="4" number="24">''</token>
<token t_id="119" sentence="4" number="25">Fanning</token>
<token t_id="120" sentence="4" number="26">said</token>
<token t_id="121" sentence="4" number="27">in</token>
<token t_id="122" sentence="4" number="28">a</token>
<token t_id="123" sentence="4" number="29">statement</token>
<token t_id="124" sentence="4" number="30">.</token>
<token t_id="125" sentence="5" number="0">The</token>
<token t_id="126" sentence="5" number="1">business</token>
<token t_id="127" sentence="5" number="2">at</token>
<token t_id="128" sentence="5" number="3">the</token>
<token t_id="129" sentence="5" number="4">location</token>
<token t_id="130" sentence="5" number="5">of</token>
<token t_id="131" sentence="5" number="6">the</token>
<token t_id="132" sentence="5" number="7">shooting</token>
<token t_id="133" sentence="5" number="8">is</token>
<token t_id="134" sentence="5" number="9">listed</token>
<token t_id="135" sentence="5" number="10">as</token>
<token t_id="136" sentence="5" number="11">TallGrass</token>
<token t_id="137" sentence="5" number="12">Distribution</token>
<token t_id="138" sentence="5" number="13">Ltd.</token>
<token t_id="139" sentence="5" number="14">,</token>
<token t_id="140" sentence="5" number="15">a</token>
<token t_id="141" sentence="5" number="16">natural</token>
<token t_id="142" sentence="5" number="17">health</token>
<token t_id="143" sentence="5" number="18">product</token>
<token t_id="144" sentence="5" number="19">supplier</token>
<token t_id="145" sentence="5" number="20">.</token>
<token t_id="146" sentence="6" number="0">Luke</token>
<token t_id="147" sentence="6" number="1">Pigeon</token>
<token t_id="148" sentence="6" number="2">,</token>
<token t_id="149" sentence="6" number="3">who</token>
<token t_id="150" sentence="6" number="4">lives</token>
<token t_id="151" sentence="6" number="5">in</token>
<token t_id="152" sentence="6" number="6">an</token>
<token t_id="153" sentence="6" number="7">apartment</token>
<token t_id="154" sentence="6" number="8">building</token>
<token t_id="155" sentence="6" number="9">next</token>
<token t_id="156" sentence="6" number="10">door</token>
<token t_id="157" sentence="6" number="11">,</token>
<token t_id="158" sentence="6" number="12">said</token>
<token t_id="159" sentence="6" number="13">he</token>
<token t_id="160" sentence="6" number="14">did</token>
<token t_id="161" sentence="6" number="15">n't</token>
<token t_id="162" sentence="6" number="16">hear</token>
<token t_id="163" sentence="6" number="17">a</token>
<token t_id="164" sentence="6" number="18">gunshot</token>
<token t_id="165" sentence="6" number="19">but</token>
<token t_id="166" sentence="6" number="20">heard</token>
<token t_id="167" sentence="6" number="21">noise</token>
<token t_id="168" sentence="6" number="22">outside</token>
<token t_id="169" sentence="6" number="23">his</token>
<token t_id="170" sentence="6" number="24">window</token>
<token t_id="171" sentence="6" number="25">.</token>
<token t_id="172" sentence="7" number="0">``</token>
<token t_id="173" sentence="7" number="1">It</token>
<token t_id="174" sentence="7" number="2">was</token>
<token t_id="175" sentence="7" number="3">n't</token>
<token t_id="176" sentence="7" number="4">typical</token>
<token t_id="177" sentence="7" number="5">,</token>
<token t_id="178" sentence="7" number="6">crazy</token>
<token t_id="179" sentence="7" number="7">noise</token>
<token t_id="180" sentence="7" number="8">that</token>
<token t_id="181" sentence="7" number="9">sometimes</token>
<token t_id="182" sentence="7" number="10">happens</token>
<token t_id="183" sentence="7" number="11">.</token>
<token t_id="184" sentence="8" number="0">You</token>
<token t_id="185" sentence="8" number="1">got</token>
<token t_id="186" sentence="8" number="2">the</token>
<token t_id="187" sentence="8" number="3">feeling</token>
<token t_id="188" sentence="8" number="4">there</token>
<token t_id="189" sentence="8" number="5">was</token>
<token t_id="190" sentence="8" number="6">something</token>
<token t_id="191" sentence="8" number="7">definitely</token>
<token t_id="192" sentence="8" number="8">,</token>
<token t_id="193" sentence="8" number="9">definitely</token>
<token t_id="194" sentence="8" number="10">wrong</token>
<token t_id="195" sentence="8" number="11">,</token>
<token t_id="196" sentence="8" number="12">''</token>
<token t_id="197" sentence="8" number="13">Pigeon</token>
<token t_id="198" sentence="8" number="14">told</token>
<token t_id="199" sentence="8" number="15">The</token>
<token t_id="200" sentence="8" number="16">Canadian</token>
<token t_id="201" sentence="8" number="17">Press</token>
<token t_id="202" sentence="8" number="18">.</token>
<token t_id="203" sentence="9" number="0">He</token>
<token t_id="204" sentence="9" number="1">looked</token>
<token t_id="205" sentence="9" number="2">out</token>
<token t_id="206" sentence="9" number="3">his</token>
<token t_id="207" sentence="9" number="4">window</token>
<token t_id="208" sentence="9" number="5">and</token>
<token t_id="209" sentence="9" number="6">saw</token>
<token t_id="210" sentence="9" number="7">someone</token>
<token t_id="211" sentence="9" number="8">fleeing</token>
<token t_id="212" sentence="9" number="9">the</token>
<token t_id="213" sentence="9" number="10">building</token>
<token t_id="214" sentence="9" number="11">next</token>
<token t_id="215" sentence="9" number="12">door</token>
<token t_id="216" sentence="9" number="13">.</token>
<token t_id="217" sentence="10" number="0">``</token>
<token t_id="218" sentence="10" number="1">All</token>
<token t_id="219" sentence="10" number="2">of</token>
<token t_id="220" sentence="10" number="3">a</token>
<token t_id="221" sentence="10" number="4">sudden</token>
<token t_id="222" sentence="10" number="5">in</token>
<token t_id="223" sentence="10" number="6">my</token>
<token t_id="224" sentence="10" number="7">front</token>
<token t_id="225" sentence="10" number="8">yard</token>
<token t_id="226" sentence="10" number="9">there</token>
<token t_id="227" sentence="10" number="10">were</token>
<token t_id="228" sentence="10" number="11">five</token>
<token t_id="229" sentence="10" number="12">totally</token>
<token t_id="230" sentence="10" number="13">decked</token>
<token t_id="231" sentence="10" number="14">out</token>
<token t_id="232" sentence="10" number="15">,</token>
<token t_id="233" sentence="10" number="16">geared</token>
<token t_id="234" sentence="10" number="17">up</token>
<token t_id="235" sentence="10" number="18">riot</token>
<token t_id="236" sentence="10" number="19">squad</token>
<token t_id="237" sentence="10" number="20">officers</token>
<token t_id="238" sentence="10" number="21">with</token>
<token t_id="239" sentence="10" number="22">guns</token>
<token t_id="240" sentence="10" number="23">out</token>
<token t_id="241" sentence="10" number="24">of</token>
<token t_id="242" sentence="10" number="25">the</token>
<token t_id="243" sentence="10" number="26">holster</token>
<token t_id="244" sentence="10" number="27">,</token>
<token t_id="245" sentence="10" number="28">aiming</token>
<token t_id="246" sentence="10" number="29">at</token>
<token t_id="247" sentence="10" number="30">the</token>
<token t_id="248" sentence="10" number="31">second</token>
<token t_id="249" sentence="10" number="32">floor</token>
<token t_id="250" sentence="10" number="33">of</token>
<token t_id="251" sentence="10" number="34">the</token>
<token t_id="252" sentence="10" number="35">building</token>
<token t_id="253" sentence="10" number="36">right</token>
<token t_id="254" sentence="10" number="37">beside</token>
<token t_id="255" sentence="10" number="38">us</token>
<token t_id="256" sentence="10" number="39">,</token>
<token t_id="257" sentence="10" number="40">''</token>
<token t_id="258" sentence="10" number="41">Pigeon</token>
<token t_id="259" sentence="10" number="42">said</token>
<token t_id="260" sentence="10" number="43">.</token>
<token t_id="261" sentence="11" number="0">After</token>
<token t_id="262" sentence="11" number="1">two</token>
<token t_id="263" sentence="11" number="2">hours</token>
<token t_id="264" sentence="11" number="3">,</token>
<token t_id="265" sentence="11" number="4">he</token>
<token t_id="266" sentence="11" number="5">said</token>
<token t_id="267" sentence="11" number="6">,</token>
<token t_id="268" sentence="11" number="7">the</token>
<token t_id="269" sentence="11" number="8">gunman</token>
<token t_id="270" sentence="11" number="9">gave</token>
<token t_id="271" sentence="11" number="10">himself</token>
<token t_id="272" sentence="11" number="11">up</token>
<token t_id="273" sentence="11" number="12">and</token>
<token t_id="274" sentence="11" number="13">police</token>
<token t_id="275" sentence="11" number="14">cuffed</token>
<token t_id="276" sentence="11" number="15">him</token>
<token t_id="277" sentence="11" number="16">.</token>
<Markables>
<ACTION_OCCURRENCE m_id="11"  >
  <token_anchor t_id="30"/>
</ACTION_OCCURRENCE>
<ACTION_OCCURRENCE m_id="14"  >
  <token_anchor t_id="42"/>
  <token_anchor t_id="43"/>
</ACTION_OCCURRENCE>
<ACTION_OCCURRENCE m_id="16"  >
  <token_anchor t_id="50"/>
</ACTION_OCCURRENCE>
<HUMAN_PART_PER m_id="10"  >
  <token_anchor t_id="28"/>
  <token_anchor t_id="29"/>
</HUMAN_PART_PER>
<HUMAN_PART_PER m_id="12"  >
  <token_anchor t_id="36"/>
  <token_anchor t_id="37"/>
  <token_anchor t_id="38"/>
</HUMAN_PART_PER>
<HUMAN_PART_PER m_id="13"  >
  <token_anchor t_id="51"/>
  <token_anchor t_id="52"/>
  <token_anchor t_id="53"/>
</HUMAN_PART_PER>
<LOC_FAC m_id="15"  >
  <token_anchor t_id="45"/>
  <token_anchor t_id="46"/>
  <token_anchor t_id="47"/>
</LOC_FAC>
<TIME_DATE m_id="17"  >
  <token_anchor t_id="48"/>
</TIME_DATE>


<ACTION_OCCURRENCE m_id="18" note="byCROMER" >
  <token_anchor t_id="33"/>
</ACTION_OCCURRENCE>
<HUMAN_PART_PER m_id="19" note="byCROMER" >
  <token_anchor t_id="34"/>
</HUMAN_PART_PER>


<TIME_DATE m_id="26" RELATED_TO="" TAG_DESCRIPTOR="t18b_friday" instance_id="TIM17731705329767162" />
<LOC_FAC m_id="25" RELATED_TO="" TAG_DESCRIPTOR="t18b_office" instance_id="LOC17731582246028489" />
<ACTION_OCCURRENCE m_id="24" RELATED_TO="" TAG_DESCRIPTOR="t18b_shooting" instance_id="ACT17731621786224442" />
<ACTION_OCCURRENCE m_id="23" RELATED_TO="" TAG_DESCRIPTOR="t18b_fired" instance_id="ACT17731663088586680" />
<HUMAN_PART_PER m_id="22" RELATED_TO="" TAG_DESCRIPTOR="t18b_victim" instance_id="HUM17731813980483037" />
<HUMAN_PART_PER m_id="21" RELATED_TO="" TAG_DESCRIPTOR="t18b_shooter" instance_id="HUM17731555438182725" />
<ACTION_OCCURRENCE m_id="20" RELATED_TO="" TAG_DESCRIPTOR="t18b_killing" instance_id="ACT17731468512044233" />
</Markables>

<Relations>
<CROSS_DOC_COREF r_id="33796" note="ACT17731468512044233" >
  <source m_id="16" />
  <target m_id="20" />
</CROSS_DOC_COREF>
<CROSS_DOC_COREF r_id="33797" note="HUM17731555438182725" >
  <source m_id="12" />
  <source m_id="19" />
  <target m_id="21" />
</CROSS_DOC_COREF>
<CROSS_DOC_COREF r_id="33798" note="HUM17731813980483037" >
  <source m_id="13" />
  <target m_id="22" />
</CROSS_DOC_COREF>
<CROSS_DOC_COREF r_id="33799" note="ACT17731663088586680" >
  <source m_id="18" />
  <target m_id="23" />
</CROSS_DOC_COREF>
<CROSS_DOC_COREF r_id="33800" note="ACT17731621786224442" >
  <source m_id="14" />
  <target m_id="24" />
</CROSS_DOC_COREF>
<CROSS_DOC_COREF r_id="33801" note="LOC17731582246028489" >
  <source m_id="15" />
  <target m_id="25" />
</CROSS_DOC_COREF>
<CROSS_DOC_COREF r_id="33802" note="TIM17731705329767162" >
  <source m_id="17" />
  <target m_id="26" />
</CROSS_DOC_COREF>

</Relations>
</Document>
