<Document doc_name="18_2ecb.xml" doc_id="DOC15654427527462947">
<token t_id="1" sentence="0" number="0">A</token>
<token t_id="2" sentence="0" number="1">61-year-old</token>
<token t_id="3" sentence="0" number="2">Vancouver</token>
<token t_id="4" sentence="0" number="3">man</token>
<token t_id="5" sentence="0" number="4">was</token>
<token t_id="6" sentence="0" number="5">charged</token>
<token t_id="7" sentence="0" number="6">yesterday</token>
<token t_id="8" sentence="0" number="7">in</token>
<token t_id="9" sentence="0" number="8">connection</token>
<token t_id="10" sentence="0" number="9">with</token>
<token t_id="11" sentence="0" number="10">the</token>
<token t_id="12" sentence="0" number="11">fatal</token>
<token t_id="13" sentence="0" number="12">shooting</token>
<token t_id="14" sentence="0" number="13">of</token>
<token t_id="15" sentence="0" number="14">his</token>
<token t_id="16" sentence="0" number="15">former</token>
<token t_id="17" sentence="0" number="16">boss</token>
<token t_id="18" sentence="0" number="17">at</token>
<token t_id="19" sentence="0" number="18">an</token>
<token t_id="20" sentence="0" number="19">office</token>
<token t_id="21" sentence="0" number="20">Christmas</token>
<token t_id="22" sentence="0" number="21">party</token>
<token t_id="23" sentence="0" number="22">.</token>
<token t_id="24" sentence="1" number="0">Eric</token>
<token t_id="25" sentence="1" number="1">Allen</token>
<token t_id="26" sentence="1" number="2">Kirkpatrick</token>
<token t_id="27" sentence="1" number="3">faces</token>
<token t_id="28" sentence="1" number="4">one</token>
<token t_id="29" sentence="1" number="5">count</token>
<token t_id="30" sentence="1" number="6">of</token>
<token t_id="31" sentence="1" number="7">first-degree</token>
<token t_id="32" sentence="1" number="8">murder</token>
<token t_id="33" sentence="1" number="9">,</token>
<token t_id="34" sentence="1" number="10">Vancouver</token>
<token t_id="35" sentence="1" number="11">police</token>
<token t_id="36" sentence="1" number="12">said</token>
<token t_id="37" sentence="1" number="13">.</token>
<token t_id="38" sentence="2" number="0">It</token>
<token t_id="39" sentence="2" number="1">was</token>
<token t_id="40" sentence="2" number="2">unclear</token>
<token t_id="41" sentence="2" number="3">when</token>
<token t_id="42" sentence="2" number="4">he</token>
<token t_id="43" sentence="2" number="5">would</token>
<token t_id="44" sentence="2" number="6">appear</token>
<token t_id="45" sentence="2" number="7">in</token>
<token t_id="46" sentence="2" number="8">court</token>
<token t_id="47" sentence="2" number="9">to</token>
<token t_id="48" sentence="2" number="10">answer</token>
<token t_id="49" sentence="2" number="11">to</token>
<token t_id="50" sentence="2" number="12">the</token>
<token t_id="51" sentence="2" number="13">charge</token>
<token t_id="52" sentence="2" number="14">.</token>
<token t_id="53" sentence="3" number="0">The</token>
<token t_id="54" sentence="3" number="1">victim</token>
<token t_id="55" sentence="3" number="2">,</token>
<token t_id="56" sentence="3" number="3">Benjamin</token>
<token t_id="57" sentence="3" number="4">David</token>
<token t_id="58" sentence="3" number="5">Banky</token>
<token t_id="59" sentence="3" number="6">,</token>
<token t_id="60" sentence="3" number="7">40</token>
<token t_id="61" sentence="3" number="8">,</token>
<token t_id="62" sentence="3" number="9">of</token>
<token t_id="63" sentence="3" number="10">Vancouver</token>
<token t_id="64" sentence="3" number="11">was</token>
<token t_id="65" sentence="3" number="12">gunned</token>
<token t_id="66" sentence="3" number="13">down</token>
<token t_id="67" sentence="3" number="14">Friday</token>
<token t_id="68" sentence="3" number="15">when</token>
<token t_id="69" sentence="3" number="16">a</token>
<token t_id="70" sentence="3" number="17">man</token>
<token t_id="71" sentence="3" number="18">showed</token>
<token t_id="72" sentence="3" number="19">up</token>
<token t_id="73" sentence="3" number="20">at</token>
<token t_id="74" sentence="3" number="21">the</token>
<token t_id="75" sentence="3" number="22">Christmas</token>
<token t_id="76" sentence="3" number="23">party</token>
<token t_id="77" sentence="3" number="24">with</token>
<token t_id="78" sentence="3" number="25">a</token>
<token t_id="79" sentence="3" number="26">gun</token>
<token t_id="80" sentence="3" number="27">.</token>
<token t_id="81" sentence="4" number="0">The</token>
<token t_id="82" sentence="4" number="1">man</token>
<token t_id="83" sentence="4" number="2">``</token>
<token t_id="84" sentence="4" number="3">had</token>
<token t_id="85" sentence="4" number="4">a</token>
<token t_id="86" sentence="4" number="5">firearm</token>
<token t_id="87" sentence="4" number="6">with</token>
<token t_id="88" sentence="4" number="7">him</token>
<token t_id="89" sentence="4" number="8">.</token>
<token t_id="90" sentence="5" number="0">He</token>
<token t_id="91" sentence="5" number="1">shot</token>
<token t_id="92" sentence="5" number="2">one</token>
<token t_id="93" sentence="5" number="3">man</token>
<token t_id="94" sentence="5" number="4">fatally</token>
<token t_id="95" sentence="5" number="5">right</token>
<token t_id="96" sentence="5" number="6">away</token>
<token t_id="97" sentence="5" number="7">,</token>
<token t_id="98" sentence="5" number="8">''</token>
<token t_id="99" sentence="5" number="9">said</token>
<token t_id="100" sentence="5" number="10">Vancouver</token>
<token t_id="101" sentence="5" number="11">police</token>
<token t_id="102" sentence="5" number="12">spokesperson</token>
<token t_id="103" sentence="5" number="13">Tim</token>
<token t_id="104" sentence="5" number="14">Fanning</token>
<token t_id="105" sentence="5" number="15">.</token>
<token t_id="106" sentence="6" number="0">The</token>
<token t_id="107" sentence="6" number="1">business</token>
<token t_id="108" sentence="6" number="2">where</token>
<token t_id="109" sentence="6" number="3">the</token>
<token t_id="110" sentence="6" number="4">shooting</token>
<token t_id="111" sentence="6" number="5">occurred</token>
<token t_id="112" sentence="6" number="6">is</token>
<token t_id="113" sentence="6" number="7">listed</token>
<token t_id="114" sentence="6" number="8">as</token>
<token t_id="115" sentence="6" number="9">TallGrass</token>
<token t_id="116" sentence="6" number="10">Distribution</token>
<token t_id="117" sentence="6" number="11">Ltd.</token>
<token t_id="118" sentence="6" number="12">,</token>
<token t_id="119" sentence="6" number="13">a</token>
<token t_id="120" sentence="6" number="14">natural</token>
<token t_id="121" sentence="6" number="15">health</token>
<token t_id="122" sentence="6" number="16">product</token>
<token t_id="123" sentence="6" number="17">supplier</token>
<token t_id="124" sentence="6" number="18">.</token>
<token t_id="125" sentence="7" number="0">Kirkpatrick</token>
<token t_id="126" sentence="7" number="1">was</token>
<token t_id="127" sentence="7" number="2">let</token>
<token t_id="128" sentence="7" number="3">go</token>
<token t_id="129" sentence="7" number="4">by</token>
<token t_id="130" sentence="7" number="5">his</token>
<token t_id="131" sentence="7" number="6">employer</token>
<token t_id="132" sentence="7" number="7">last</token>
<token t_id="133" sentence="7" number="8">Thursday</token>
<token t_id="134" sentence="7" number="9">,</token>
<token t_id="135" sentence="7" number="10">Fanning</token>
<token t_id="136" sentence="7" number="11">said</token>
<token t_id="137" sentence="7" number="12">,</token>
<token t_id="138" sentence="7" number="13">but</token>
<token t_id="139" sentence="7" number="14">he</token>
<token t_id="140" sentence="7" number="15">did</token>
<token t_id="141" sentence="7" number="16">not</token>
<token t_id="142" sentence="7" number="17">know</token>
<token t_id="143" sentence="7" number="18">how</token>
<token t_id="144" sentence="7" number="19">long</token>
<token t_id="145" sentence="7" number="20">the</token>
<token t_id="146" sentence="7" number="21">suspect</token>
<token t_id="147" sentence="7" number="22">had</token>
<token t_id="148" sentence="7" number="23">worked</token>
<token t_id="149" sentence="7" number="24">at</token>
<token t_id="150" sentence="7" number="25">the</token>
<token t_id="151" sentence="7" number="26">business</token>
<token t_id="152" sentence="7" number="27">.</token>
<token t_id="153" sentence="8" number="0">The</token>
<token t_id="154" sentence="8" number="1">other</token>
<token t_id="155" sentence="8" number="2">people</token>
<token t_id="156" sentence="8" number="3">at</token>
<token t_id="157" sentence="8" number="4">the</token>
<token t_id="158" sentence="8" number="5">office</token>
<token t_id="159" sentence="8" number="6">party</token>
<token t_id="160" sentence="8" number="7">were</token>
<token t_id="161" sentence="8" number="8">able</token>
<token t_id="162" sentence="8" number="9">to</token>
<token t_id="163" sentence="8" number="10">escape</token>
<token t_id="164" sentence="8" number="11">without</token>
<token t_id="165" sentence="8" number="12">injury</token>
<token t_id="166" sentence="8" number="13">,</token>
<token t_id="167" sentence="8" number="14">Fanning</token>
<token t_id="168" sentence="8" number="15">said</token>
<token t_id="169" sentence="8" number="16">.</token>
<token t_id="170" sentence="9" number="0">``</token>
<token t_id="171" sentence="9" number="1">The</token>
<token t_id="172" sentence="9" number="2">shock</token>
<token t_id="173" sentence="9" number="3">was</token>
<token t_id="174" sentence="9" number="4">tremendous</token>
<token t_id="175" sentence="9" number="5">,</token>
<token t_id="176" sentence="9" number="6">but</token>
<token t_id="177" sentence="9" number="7">all</token>
<token t_id="178" sentence="9" number="8">the</token>
<token t_id="179" sentence="9" number="9">other</token>
<token t_id="180" sentence="9" number="10">people</token>
<token t_id="181" sentence="9" number="11">in</token>
<token t_id="182" sentence="9" number="12">the</token>
<token t_id="183" sentence="9" number="13">business</token>
<token t_id="184" sentence="9" number="14">-</token>
<token t_id="185" sentence="9" number="15">and</token>
<token t_id="186" sentence="9" number="16">there</token>
<token t_id="187" sentence="9" number="17">were</token>
<token t_id="188" sentence="9" number="18">another</token>
<token t_id="189" sentence="9" number="19">dozen</token>
<token t_id="190" sentence="9" number="20">other</token>
<token t_id="191" sentence="9" number="21">people</token>
<token t_id="192" sentence="9" number="22">who</token>
<token t_id="193" sentence="9" number="23">were</token>
<token t_id="194" sentence="9" number="24">there</token>
<token t_id="195" sentence="9" number="25">for</token>
<token t_id="196" sentence="9" number="26">a</token>
<token t_id="197" sentence="9" number="27">Christmas</token>
<token t_id="198" sentence="9" number="28">party</token>
<token t_id="199" sentence="9" number="29">-</token>
<token t_id="200" sentence="9" number="30">managed</token>
<token t_id="201" sentence="9" number="31">to</token>
<token t_id="202" sentence="9" number="32">get</token>
<token t_id="203" sentence="9" number="33">out</token>
<token t_id="204" sentence="9" number="34">safely</token>
<token t_id="205" sentence="9" number="35">,</token>
<token t_id="206" sentence="9" number="36">''</token>
<token t_id="207" sentence="9" number="37">Fanning</token>
<token t_id="208" sentence="9" number="38">said</token>
<token t_id="209" sentence="9" number="39">.</token>
<token t_id="210" sentence="10" number="0">Police</token>
<token t_id="211" sentence="10" number="1">were</token>
<token t_id="212" sentence="10" number="2">called</token>
<token t_id="213" sentence="10" number="3">immediately</token>
<token t_id="214" sentence="10" number="4">,</token>
<token t_id="215" sentence="10" number="5">and</token>
<token t_id="216" sentence="10" number="6">surrounded</token>
<token t_id="217" sentence="10" number="7">the</token>
<token t_id="218" sentence="10" number="8">building</token>
<token t_id="219" sentence="10" number="9">,</token>
<token t_id="220" sentence="10" number="10">Fanning</token>
<token t_id="221" sentence="10" number="11">said</token>
<token t_id="222" sentence="10" number="12">.</token>
<token t_id="223" sentence="11" number="0">What</token>
<token t_id="224" sentence="11" number="1">followed</token>
<token t_id="225" sentence="11" number="2">was</token>
<token t_id="226" sentence="11" number="3">a</token>
<token t_id="227" sentence="11" number="4">tense</token>
<token t_id="228" sentence="11" number="5">two</token>
<token t_id="229" sentence="11" number="6">hours</token>
<token t_id="230" sentence="11" number="7">while</token>
<token t_id="231" sentence="11" number="8">police</token>
<token t_id="232" sentence="11" number="9">negotiated</token>
<token t_id="233" sentence="11" number="10">the</token>
<token t_id="234" sentence="11" number="11">suspect</token>
<token t_id="235" sentence="11" number="12">'s</token>
<token t_id="236" sentence="11" number="13">exit</token>
<token t_id="237" sentence="11" number="14">from</token>
<token t_id="238" sentence="11" number="15">the</token>
<token t_id="239" sentence="11" number="16">building</token>
<token t_id="240" sentence="11" number="17">.</token>
<token t_id="241" sentence="12" number="0">It</token>
<token t_id="242" sentence="12" number="1">'s</token>
<token t_id="243" sentence="12" number="2">not</token>
<token t_id="244" sentence="12" number="3">known</token>
<token t_id="245" sentence="12" number="4">what</token>
<token t_id="246" sentence="12" number="5">kind</token>
<token t_id="247" sentence="12" number="6">of</token>
<token t_id="248" sentence="12" number="7">firearm</token>
<token t_id="249" sentence="12" number="8">was</token>
<token t_id="250" sentence="12" number="9">involved</token>
<token t_id="251" sentence="12" number="10">.</token>
<token t_id="252" sentence="13" number="0">Luke</token>
<token t_id="253" sentence="13" number="1">Pigeon</token>
<token t_id="254" sentence="13" number="2">,</token>
<token t_id="255" sentence="13" number="3">who</token>
<token t_id="256" sentence="13" number="4">lives</token>
<token t_id="257" sentence="13" number="5">in</token>
<token t_id="258" sentence="13" number="6">an</token>
<token t_id="259" sentence="13" number="7">apartment</token>
<token t_id="260" sentence="13" number="8">next</token>
<token t_id="261" sentence="13" number="9">door</token>
<token t_id="262" sentence="13" number="10">,</token>
<token t_id="263" sentence="13" number="11">said</token>
<token t_id="264" sentence="13" number="12">he</token>
<token t_id="265" sentence="13" number="13">did</token>
<token t_id="266" sentence="13" number="14">n't</token>
<token t_id="267" sentence="13" number="15">hear</token>
<token t_id="268" sentence="13" number="16">a</token>
<token t_id="269" sentence="13" number="17">gunshot</token>
<token t_id="270" sentence="13" number="18">but</token>
<token t_id="271" sentence="13" number="19">saw</token>
<token t_id="272" sentence="13" number="20">a</token>
<token t_id="273" sentence="13" number="21">woman</token>
<token t_id="274" sentence="13" number="22">fleeing</token>
<token t_id="275" sentence="13" number="23">the</token>
<token t_id="276" sentence="13" number="24">building</token>
<token t_id="277" sentence="13" number="25">next</token>
<token t_id="278" sentence="13" number="26">door</token>
<token t_id="279" sentence="13" number="27">.</token>
<token t_id="280" sentence="14" number="0">``</token>
<token t_id="281" sentence="14" number="1">All</token>
<token t_id="282" sentence="14" number="2">I</token>
<token t_id="283" sentence="14" number="3">saw</token>
<token t_id="284" sentence="14" number="4">was</token>
<token t_id="285" sentence="14" number="5">a</token>
<token t_id="286" sentence="14" number="6">...</token>
<token t_id="287" sentence="14" number="7">lady</token>
<token t_id="288" sentence="14" number="8">running</token>
<token t_id="289" sentence="14" number="9">down</token>
<token t_id="290" sentence="14" number="10">the</token>
<token t_id="291" sentence="14" number="11">block</token>
<token t_id="292" sentence="14" number="12">screaming</token>
<token t_id="293" sentence="14" number="13">,</token>
<token t_id="294" sentence="14" number="14">''</token>
<token t_id="295" sentence="14" number="15">Pigeon</token>
<token t_id="296" sentence="14" number="16">said</token>
<token t_id="297" sentence="14" number="17">.</token>
<token t_id="298" sentence="15" number="0">He</token>
<token t_id="299" sentence="15" number="1">said</token>
<token t_id="300" sentence="15" number="2">she</token>
<token t_id="301" sentence="15" number="3">ran</token>
<token t_id="302" sentence="15" number="4">into</token>
<token t_id="303" sentence="15" number="5">a</token>
<token t_id="304" sentence="15" number="6">nearby</token>
<token t_id="305" sentence="15" number="7">auto</token>
<token t_id="306" sentence="15" number="8">repair</token>
<token t_id="307" sentence="15" number="9">shop</token>
<token t_id="308" sentence="15" number="10">where</token>
<token t_id="309" sentence="15" number="11">she</token>
<token t_id="310" sentence="15" number="12">apparently</token>
<token t_id="311" sentence="15" number="13">called</token>
<token t_id="312" sentence="15" number="14">for</token>
<token t_id="313" sentence="15" number="15">help</token>
<token t_id="314" sentence="15" number="16">.</token>
<token t_id="315" sentence="16" number="0">Police</token>
<token t_id="316" sentence="16" number="1">were</token>
<token t_id="317" sentence="16" number="2">on</token>
<token t_id="318" sentence="16" number="3">the</token>
<token t_id="319" sentence="16" number="4">scene</token>
<token t_id="320" sentence="16" number="5">within</token>
<token t_id="321" sentence="16" number="6">minutes</token>
<token t_id="322" sentence="16" number="7">.</token>
<Markables>
<ACTION_OCCURRENCE m_id="11"  >
  <token_anchor t_id="6"/>
</ACTION_OCCURRENCE>
<ACTION_OCCURRENCE m_id="13"  >
  <token_anchor t_id="13"/>
</ACTION_OCCURRENCE>
<ACTION_OCCURRENCE m_id="15"  >
  <token_anchor t_id="22"/>
</ACTION_OCCURRENCE>
<HUMAN_PART_PER m_id="10"  >
  <token_anchor t_id="4"/>
</HUMAN_PART_PER>
<HUMAN_PART_PER m_id="14"  >
  <token_anchor t_id="17"/>
</HUMAN_PART_PER>
<LOC_FAC m_id="16"  >
  <token_anchor t_id="19"/>
  <token_anchor t_id="20"/>
</LOC_FAC>
<TIME_DATE m_id="12"  >
  <token_anchor t_id="7"/>
</TIME_DATE>




<TIME_DATE m_id="23" RELATED_TO="" TAG_DESCRIPTOR="t18b_friday" instance_id="TIM17731705329767162" />
<ACTION_OCCURRENCE m_id="22" RELATED_TO="" TAG_DESCRIPTOR="t18b_shooting" instance_id="ACT17731621786224442" />
<LOC_FAC m_id="21" RELATED_TO="" TAG_DESCRIPTOR="t18b_office" instance_id="LOC17731582246028489" />
<HUMAN_PART_PER m_id="19" RELATED_TO="" TAG_DESCRIPTOR="t18b_shooter" instance_id="HUM17731555438182725" />
<HUMAN_PART_PER m_id="20" RELATED_TO="" TAG_DESCRIPTOR="t18b_victim" instance_id="HUM17731813980483037" />
<ACTION_OCCURRENCE m_id="18" RELATED_TO="" TAG_DESCRIPTOR="t18b_party" instance_id="ACT17731503198331596" />
<ACTION_OCCURRENCE m_id="17" RELATED_TO="" TAG_DESCRIPTOR="t18b_charged" instance_id="ACT17731439887646884" />
</Markables>

<Relations>
<CROSS_DOC_COREF r_id="33355" note="ACT17731439887646884" >
  <source m_id="11" />
  <target m_id="17" />
</CROSS_DOC_COREF>
<CROSS_DOC_COREF r_id="33356" note="ACT17731503198331596" >
  <source m_id="15" />
  <target m_id="18" />
</CROSS_DOC_COREF>
<CROSS_DOC_COREF r_id="33357" note="HUM17731555438182725" >
  <source m_id="10" />
  <target m_id="19" />
</CROSS_DOC_COREF>
<CROSS_DOC_COREF r_id="33358" note="HUM17731813980483037" >
  <source m_id="14" />
  <target m_id="20" />
</CROSS_DOC_COREF>
<CROSS_DOC_COREF r_id="33359" note="LOC17731582246028489" >
  <source m_id="16" />
  <target m_id="21" />
</CROSS_DOC_COREF>
<CROSS_DOC_COREF r_id="33360" note="ACT17731621786224442" >
  <source m_id="13" />
  <target m_id="22" />
</CROSS_DOC_COREF>
<CROSS_DOC_COREF r_id="33361" note="TIM17731705329767162" >
  <source m_id="12" />
  <target m_id="23" />
</CROSS_DOC_COREF>

</Relations>
</Document>
