<Document doc_name="18_4ecbplus.xml" doc_id="DOC15646235892223582">
<token t_id="1" sentence="0" number="0">http</token>
<token t_id="2" sentence="0" number="1">:</token>
<token t_id="3" sentence="0" number="2">/</token>
<token t_id="4" sentence="0" number="3">/</token>
<token t_id="5" sentence="0" number="4">voices</token>
<token t_id="6" sentence="0" number="5">.</token>
<token t_id="7" sentence="0" number="6">yahoo</token>
<token t_id="8" sentence="0" number="7">.</token>
<token t_id="9" sentence="0" number="8">com</token>
<token t_id="10" sentence="0" number="9">/</token>
<token t_id="11" sentence="0" number="10">breaking</token>
<token t_id="12" sentence="0" number="11">-</token>
<token t_id="13" sentence="0" number="12">news</token>
<token t_id="14" sentence="0" number="13">-</token>
<token t_id="15" sentence="0" number="14">three</token>
<token t_id="16" sentence="0" number="15">-</token>
<token t_id="17" sentence="0" number="16">people</token>
<token t_id="18" sentence="0" number="17">-</token>
<token t_id="19" sentence="0" number="18">shot</token>
<token t_id="20" sentence="0" number="19">-</token>
<token t_id="21" sentence="0" number="20">office</token>
<token t_id="22" sentence="0" number="21">-</token>
<token t_id="23" sentence="0" number="22">shooting</token>
<token t_id="24" sentence="0" number="23">-</token>
<token t_id="25" sentence="0" number="24">292999</token>
<token t_id="26" sentence="0" number="25">.</token>
<token t_id="27" sentence="0" number="26">html</token>
<token t_id="28" sentence="0" number="27">?</token>
<token t_id="29" sentence="0" number="28">cat=8</token>
<token t_id="30" sentence="1" number="0">Breaking</token>
<token t_id="31" sentence="1" number="1">News</token>
<token t_id="32" sentence="1" number="2">-</token>
<token t_id="33" sentence="1" number="3">Three</token>
<token t_id="34" sentence="1" number="4">People</token>
<token t_id="35" sentence="1" number="5">Shot</token>
<token t_id="36" sentence="1" number="6">in</token>
<token t_id="37" sentence="1" number="7">Office</token>
<token t_id="38" sentence="1" number="8">Shooting</token>
<token t_id="39" sentence="1" number="9">in</token>
<token t_id="40" sentence="1" number="10">Suburban</token>
<token t_id="41" sentence="1" number="11">Detroit</token>
<token t_id="42" sentence="2" number="0">Apr</token>
<token t_id="43" sentence="2" number="1">9</token>
<token t_id="44" sentence="2" number="2">,</token>
<token t_id="45" sentence="2" number="3">2007</token>
<token t_id="46" sentence="3" number="0">There</token>
<token t_id="47" sentence="3" number="1">is</token>
<token t_id="48" sentence="3" number="2">breaking</token>
<token t_id="49" sentence="3" number="3">news</token>
<token t_id="50" sentence="3" number="4">out</token>
<token t_id="51" sentence="3" number="5">of</token>
<token t_id="52" sentence="3" number="6">Troy</token>
<token t_id="53" sentence="3" number="7">,</token>
<token t_id="54" sentence="3" number="8">Michigan</token>
<token t_id="55" sentence="3" number="9">,</token>
<token t_id="56" sentence="3" number="10">a</token>
<token t_id="57" sentence="3" number="11">suburb</token>
<token t_id="58" sentence="3" number="12">of</token>
<token t_id="59" sentence="3" number="13">Detroit</token>
<token t_id="60" sentence="3" number="14">.</token>
<token t_id="61" sentence="4" number="0">"A</token>
<token t_id="62" sentence="4" number="1">gunman</token>
<token t_id="63" sentence="4" number="2">shot</token>
<token t_id="64" sentence="4" number="3">three</token>
<token t_id="65" sentence="4" number="4">people</token>
<token t_id="66" sentence="4" number="5">at</token>
<token t_id="67" sentence="4" number="6">a</token>
<token t_id="68" sentence="4" number="7">suburban</token>
<token t_id="69" sentence="4" number="8">Detroit</token>
<token t_id="70" sentence="4" number="9">office</token>
<token t_id="71" sentence="4" number="10">building</token>
<token t_id="72" sentence="4" number="11">Monday</token>
<token t_id="73" sentence="4" number="12">morning</token>
<token t_id="74" sentence="4" number="13">,</token>
<token t_id="75" sentence="4" number="14">and</token>
<token t_id="76" sentence="4" number="15">officers</token>
<token t_id="77" sentence="4" number="16">were</token>
<token t_id="78" sentence="4" number="17">searching</token>
<token t_id="79" sentence="4" number="18">for</token>
<token t_id="80" sentence="4" number="19">the</token>
<token t_id="81" sentence="4" number="20">shooter</token>
<token t_id="82" sentence="4" number="21">,</token>
<token t_id="83" sentence="4" number="22">police</token>
<token t_id="84" sentence="4" number="23">said</token>
<token t_id="85" sentence="4" number="24">.</token>
<token t_id="86" sentence="5" number="0">The</token>
<token t_id="87" sentence="5" number="1">victims'</token>
<token t_id="88" sentence="5" number="2">conditions</token>
<token t_id="89" sentence="5" number="3">weren't</token>
<token t_id="90" sentence="5" number="4">immediately</token>
<token t_id="91" sentence="5" number="5">known</token>
<token t_id="92" sentence="5" number="6">,</token>
<token t_id="93" sentence="5" number="7">said</token>
<token t_id="94" sentence="5" number="8">Troy</token>
<token t_id="95" sentence="5" number="9">police</token>
<token t_id="96" sentence="5" number="10">Lt</token>
<token t_id="97" sentence="5" number="11">.</token>
<token t_id="98" sentence="5" number="12">Gerry</token>
<token t_id="99" sentence="5" number="13">Scherlinck</token>
<token t_id="100" sentence="5" number="14">.</token>
<token t_id="101" sentence="6" number="0">A</token>
<token t_id="102" sentence="6" number="1">spokeswoman</token>
<token t_id="103" sentence="6" number="2">for</token>
<token t_id="104" sentence="6" number="3">Beaumont</token>
<token t_id="105" sentence="6" number="4">Hospital</token>
<token t_id="106" sentence="6" number="5">in</token>
<token t_id="107" sentence="6" number="6">Royal</token>
<token t_id="108" sentence="6" number="7">Oak</token>
<token t_id="109" sentence="6" number="8">said</token>
<token t_id="110" sentence="6" number="9">the</token>
<token t_id="111" sentence="6" number="10">three</token>
<token t_id="112" sentence="6" number="11">victims</token>
<token t_id="113" sentence="6" number="12">were</token>
<token t_id="114" sentence="6" number="13">taken</token>
<token t_id="115" sentence="6" number="14">to</token>
<token t_id="116" sentence="6" number="15">the</token>
<token t_id="117" sentence="6" number="16">hospital</token>
<token t_id="118" sentence="6" number="17">but</token>
<token t_id="119" sentence="6" number="18">could</token>
<token t_id="120" sentence="6" number="19">not</token>
<token t_id="121" sentence="6" number="20">provide</token>
<token t_id="122" sentence="6" number="21">more</token>
<token t_id="123" sentence="6" number="22">details</token>
<token t_id="124" sentence="6" number="23">.</token>
<token t_id="125" sentence="7" number="0">Witnesses</token>
<token t_id="126" sentence="7" number="1">told</token>
<token t_id="127" sentence="7" number="2">Detroit</token>
<token t_id="128" sentence="7" number="3">broadcast</token>
<token t_id="129" sentence="7" number="4">stations</token>
<token t_id="130" sentence="7" number="5">that</token>
<token t_id="131" sentence="7" number="6">the</token>
<token t_id="132" sentence="7" number="7">shooter</token>
<token t_id="133" sentence="7" number="8">was</token>
<token t_id="134" sentence="7" number="9">a</token>
<token t_id="135" sentence="7" number="10">former</token>
<token t_id="136" sentence="7" number="11">employee</token>
<token t_id="137" sentence="7" number="12">of</token>
<token t_id="138" sentence="7" number="13">an</token>
<token t_id="139" sentence="7" number="14">accounting</token>
<token t_id="140" sentence="7" number="15">firm</token>
<token t_id="141" sentence="7" number="16">inside</token>
<token t_id="142" sentence="7" number="17">the</token>
<token t_id="143" sentence="7" number="18">building</token>
<token t_id="144" sentence="7" number="19">.</token>
<token t_id="145" sentence="7" number="20">"</token>
<token t_id="146" sentence="7" number="21">(</token>
<token t_id="147" sentence="7" number="22">Yahoo</token>
<token t_id="148" sentence="7" number="23">!</token>
<token t_id="149" sentence="7" number="24">News</token>
<token t_id="150" sentence="7" number="25">article</token>
<token t_id="151" sentence="7" number="26">)</token>
<token t_id="152" sentence="8" number="0">At</token>
<token t_id="153" sentence="8" number="1">this</token>
<token t_id="154" sentence="8" number="2">time</token>
<token t_id="155" sentence="8" number="3">,</token>
<token t_id="156" sentence="8" number="4">there</token>
<token t_id="157" sentence="8" number="5">is</token>
<token t_id="158" sentence="8" number="6">no</token>
<token t_id="159" sentence="8" number="7">information</token>
<token t_id="160" sentence="8" number="8">on</token>
<token t_id="161" sentence="8" number="9">the</token>
<token t_id="162" sentence="8" number="10">whereabouts</token>
<token t_id="163" sentence="8" number="11">of</token>
<token t_id="164" sentence="8" number="12">the</token>
<token t_id="165" sentence="8" number="13">shooter</token>
<token t_id="166" sentence="8" number="14">.</token>
<token t_id="167" sentence="9" number="0">However</token>
<token t_id="168" sentence="9" number="1">,</token>
<token t_id="169" sentence="9" number="2">there</token>
<token t_id="170" sentence="9" number="3">is</token>
<token t_id="171" sentence="9" number="4">additional</token>
<token t_id="172" sentence="9" number="5">information</token>
<token t_id="173" sentence="9" number="6">detailing</token>
<token t_id="174" sentence="9" number="7">the</token>
<token t_id="175" sentence="9" number="8">scene</token>
<token t_id="176" sentence="9" number="9">of</token>
<token t_id="177" sentence="9" number="10">the</token>
<token t_id="178" sentence="9" number="11">crime</token>
<token t_id="179" sentence="9" number="12">.</token>
<token t_id="180" sentence="10" number="0">"The</token>
<token t_id="181" sentence="10" number="1">170</token>
<token t_id="182" sentence="10" number="2">,</token>
<token t_id="183" sentence="10" number="3">000</token>
<token t_id="184" sentence="10" number="4">-</token>
<token t_id="185" sentence="10" number="5">square</token>
<token t_id="186" sentence="10" number="6">-</token>
<token t_id="187" sentence="10" number="7">foot</token>
<token t_id="188" sentence="10" number="8">building</token>
<token t_id="189" sentence="10" number="9">houses</token>
<token t_id="190" sentence="10" number="10">a</token>
<token t_id="191" sentence="10" number="11">number</token>
<token t_id="192" sentence="10" number="12">of</token>
<token t_id="193" sentence="10" number="13">businesses</token>
<token t_id="194" sentence="10" number="14">,</token>
<token t_id="195" sentence="10" number="15">including</token>
<token t_id="196" sentence="10" number="16">law</token>
<token t_id="197" sentence="10" number="17">offices</token>
<token t_id="198" sentence="10" number="18">,</token>
<token t_id="199" sentence="10" number="19">a</token>
<token t_id="200" sentence="10" number="20">State</token>
<token t_id="201" sentence="10" number="21">Farm</token>
<token t_id="202" sentence="10" number="22">insurance</token>
<token t_id="203" sentence="10" number="23">office</token>
<token t_id="204" sentence="10" number="24">and</token>
<token t_id="205" sentence="10" number="25">C&amp;G</token>
<token t_id="206" sentence="10" number="26">Accounting</token>
<token t_id="207" sentence="10" number="27">,</token>
<token t_id="208" sentence="10" number="28">where</token>
<token t_id="209" sentence="10" number="29">the</token>
<token t_id="210" sentence="10" number="30">shooting</token>
<token t_id="211" sentence="10" number="31">was</token>
<token t_id="212" sentence="10" number="32">believed</token>
<token t_id="213" sentence="10" number="33">to</token>
<token t_id="214" sentence="10" number="34">have</token>
<token t_id="215" sentence="10" number="35">occurred</token>
<token t_id="216" sentence="10" number="36">.</token>
<token t_id="217" sentence="11" number="0">Police</token>
<token t_id="218" sentence="11" number="1">at</token>
<token t_id="219" sentence="11" number="2">first</token>
<token t_id="220" sentence="11" number="3">told</token>
<token t_id="221" sentence="11" number="4">workers</token>
<token t_id="222" sentence="11" number="5">to</token>
<token t_id="223" sentence="11" number="6">stay</token>
<token t_id="224" sentence="11" number="7">in</token>
<token t_id="225" sentence="11" number="8">their</token>
<token t_id="226" sentence="11" number="9">offices</token>
<token t_id="227" sentence="11" number="10">but</token>
<token t_id="228" sentence="11" number="11">a</token>
<token t_id="229" sentence="11" number="12">short</token>
<token t_id="230" sentence="11" number="13">time</token>
<token t_id="231" sentence="11" number="14">later</token>
<token t_id="232" sentence="11" number="15">evacuated</token>
<token t_id="233" sentence="11" number="16">the</token>
<token t_id="234" sentence="11" number="17">building</token>
<token t_id="235" sentence="11" number="18">.</token>
<token t_id="236" sentence="12" number="0">Police</token>
<token t_id="237" sentence="12" number="1">in</token>
<token t_id="238" sentence="12" number="2">bulletproof</token>
<token t_id="239" sentence="12" number="3">vests</token>
<token t_id="240" sentence="12" number="4">and</token>
<token t_id="241" sentence="12" number="5">with</token>
<token t_id="242" sentence="12" number="6">guns</token>
<token t_id="243" sentence="12" number="7">could</token>
<token t_id="244" sentence="12" number="8">be</token>
<token t_id="245" sentence="12" number="9">seen</token>
<token t_id="246" sentence="12" number="10">going</token>
<token t_id="247" sentence="12" number="11">into</token>
<token t_id="248" sentence="12" number="12">the</token>
<token t_id="249" sentence="12" number="13">building</token>
<token t_id="250" sentence="12" number="14">,</token>
<token t_id="251" sentence="12" number="15">and</token>
<token t_id="252" sentence="12" number="16">people</token>
<token t_id="253" sentence="12" number="17">from</token>
<token t_id="254" sentence="12" number="18">inside</token>
<token t_id="255" sentence="12" number="19">could</token>
<token t_id="256" sentence="12" number="20">later</token>
<token t_id="257" sentence="12" number="21">be</token>
<token t_id="258" sentence="12" number="22">seen</token>
<token t_id="259" sentence="12" number="23">walking</token>
<token t_id="260" sentence="12" number="24">quickly</token>
<token t_id="261" sentence="12" number="25">out</token>
<token t_id="262" sentence="12" number="26">through</token>
<token t_id="263" sentence="12" number="27">a</token>
<token t_id="264" sentence="12" number="28">parking</token>
<token t_id="265" sentence="12" number="29">lot</token>
<token t_id="266" sentence="12" number="30">.</token>
<token t_id="267" sentence="13" number="0">The</token>
<token t_id="268" sentence="13" number="1">office</token>
<token t_id="269" sentence="13" number="2">building</token>
<token t_id="270" sentence="13" number="3">is</token>
<token t_id="271" sentence="13" number="4">about</token>
<token t_id="272" sentence="13" number="5">15</token>
<token t_id="273" sentence="13" number="6">miles</token>
<token t_id="274" sentence="13" number="7">north</token>
<token t_id="275" sentence="13" number="8">of</token>
<token t_id="276" sentence="13" number="9">Detroit</token>
<token t_id="277" sentence="13" number="10">.</token>
<token t_id="278" sentence="13" number="11">(</token>
<token t_id="279" sentence="13" number="12">CNN</token>
<token t_id="280" sentence="13" number="13">News</token>
<token t_id="281" sentence="13" number="14">Article</token>
<token t_id="282" sentence="13" number="15">)</token>
<token t_id="283" sentence="14" number="0">While</token>
<token t_id="284" sentence="14" number="1">both</token>
<token t_id="285" sentence="14" number="2">Yahoo</token>
<token t_id="286" sentence="14" number="3">!</token>
<token t_id="287" sentence="14" number="4">News</token>
<token t_id="288" sentence="14" number="5">and</token>
<token t_id="289" sentence="14" number="6">CNN</token>
<token t_id="290" sentence="14" number="7">News</token>
<token t_id="291" sentence="14" number="8">aren't</token>
<token t_id="292" sentence="14" number="9">reporting</token>
<token t_id="293" sentence="14" number="10">additional</token>
<token t_id="294" sentence="14" number="11">information</token>
<token t_id="295" sentence="14" number="12">regarding</token>
<token t_id="296" sentence="14" number="13">the</token>
<token t_id="297" sentence="14" number="14">suspect</token>
<token t_id="298" sentence="14" number="15">and</token>
<token t_id="299" sentence="14" number="16">the</token>
<token t_id="300" sentence="14" number="17">situation</token>
<token t_id="301" sentence="14" number="18">,</token>
<token t_id="302" sentence="14" number="19">Fox</token>
<token t_id="303" sentence="14" number="20">News</token>
<token t_id="304" sentence="14" number="21">is</token>
<token t_id="305" sentence="14" number="22">.</token>
<token t_id="306" sentence="15" number="0">"Troy</token>
<token t_id="307" sentence="15" number="1">Police</token>
<token t_id="308" sentence="15" number="2">Lt</token>
<token t_id="309" sentence="15" number="3">.</token>
<token t_id="310" sentence="15" number="4">Gerry</token>
<token t_id="311" sentence="15" number="5">Scherlinck</token>
<token t_id="312" sentence="15" number="6">told</token>
<token t_id="313" sentence="15" number="7">FOX</token>
<token t_id="314" sentence="15" number="8">News</token>
<token t_id="315" sentence="15" number="9">that</token>
<token t_id="316" sentence="15" number="10">it's</token>
<token t_id="317" sentence="15" number="11">unknown</token>
<token t_id="318" sentence="15" number="12">if</token>
<token t_id="319" sentence="15" number="13">the</token>
<token t_id="320" sentence="15" number="14">shooter</token>
<token t_id="321" sentence="15" number="15">is</token>
<token t_id="322" sentence="15" number="16">still</token>
<token t_id="323" sentence="15" number="17">in</token>
<token t_id="324" sentence="15" number="18">the</token>
<token t_id="325" sentence="15" number="19">building</token>
<token t_id="326" sentence="15" number="20">or</token>
<token t_id="327" sentence="15" number="21">if</token>
<token t_id="328" sentence="15" number="22">he</token>
<token t_id="329" sentence="15" number="23">escaped</token>
<token t_id="330" sentence="15" number="24">but</token>
<token t_id="331" sentence="15" number="25">the</token>
<token t_id="332" sentence="15" number="26">car</token>
<token t_id="333" sentence="15" number="27">police</token>
<token t_id="334" sentence="15" number="28">believe</token>
<token t_id="335" sentence="15" number="29">he</token>
<token t_id="336" sentence="15" number="30">arrived</token>
<token t_id="337" sentence="15" number="31">at</token>
<token t_id="338" sentence="15" number="32">the</token>
<token t_id="339" sentence="15" number="33">building</token>
<token t_id="340" sentence="15" number="34">in</token>
<token t_id="341" sentence="15" number="35">no</token>
<token t_id="342" sentence="15" number="36">longer</token>
<token t_id="343" sentence="15" number="37">is</token>
<token t_id="344" sentence="15" number="38">in</token>
<token t_id="345" sentence="15" number="39">the</token>
<token t_id="346" sentence="15" number="40">parking</token>
<token t_id="347" sentence="15" number="41">lot</token>
<token t_id="348" sentence="15" number="42">.</token>
<token t_id="349" sentence="16" number="0">'We're</token>
<token t_id="350" sentence="16" number="1">actively</token>
<token t_id="351" sentence="16" number="2">looking</token>
<token t_id="352" sentence="16" number="3">for</token>
<token t_id="353" sentence="16" number="4">him</token>
<token t_id="354" sentence="16" number="5">and</token>
<token t_id="355" sentence="16" number="6">the</token>
<token t_id="356" sentence="16" number="7">vehicle</token>
<token t_id="357" sentence="16" number="8">,</token>
<token t_id="358" sentence="16" number="9">'</token>
<token t_id="359" sentence="16" number="10">he</token>
<token t_id="360" sentence="16" number="11">said</token>
<token t_id="361" sentence="16" number="12">shortly</token>
<token t_id="362" sentence="16" number="13">before</token>
<token t_id="363" sentence="16" number="14">noon</token>
<token t_id="364" sentence="16" number="15">EDT</token>
<token t_id="365" sentence="16" number="16">.</token>
<token t_id="366" sentence="17" number="0">'There's</token>
<token t_id="367" sentence="17" number="1">an</token>
<token t_id="368" sentence="17" number="2">active</token>
<token t_id="369" sentence="17" number="3">search</token>
<token t_id="370" sentence="17" number="4">for</token>
<token t_id="371" sentence="17" number="5">this</token>
<token t_id="372" sentence="17" number="6">suspect</token>
<token t_id="373" sentence="17" number="7">.</token>
<token t_id="374" sentence="17" number="8">'</token>
<token t_id="375" sentence="18" number="0">The</token>
<token t_id="376" sentence="18" number="1">suspect's</token>
<token t_id="377" sentence="18" number="2">name</token>
<token t_id="378" sentence="18" number="3">is</token>
<token t_id="379" sentence="18" number="4">Anthony</token>
<token t_id="380" sentence="18" number="5">Calamita</token>
<token t_id="381" sentence="18" number="6">and</token>
<token t_id="382" sentence="18" number="7">he</token>
<token t_id="383" sentence="18" number="8">was</token>
<token t_id="384" sentence="18" number="9">described</token>
<token t_id="385" sentence="18" number="10">by</token>
<token t_id="386" sentence="18" number="11">police</token>
<token t_id="387" sentence="18" number="12">as</token>
<token t_id="388" sentence="18" number="13">a</token>
<token t_id="389" sentence="18" number="14">5</token>
<token t_id="390" sentence="18" number="15">foot</token>
<token t_id="391" sentence="18" number="16">,</token>
<token t_id="392" sentence="18" number="17">8</token>
<token t_id="393" sentence="18" number="18">inch</token>
<token t_id="394" sentence="18" number="19">38</token>
<token t_id="395" sentence="18" number="20">-</token>
<token t_id="396" sentence="18" number="21">year</token>
<token t_id="397" sentence="18" number="22">-</token>
<token t_id="398" sentence="18" number="23">old</token>
<token t_id="399" sentence="18" number="24">male</token>
<token t_id="400" sentence="18" number="25">weighing</token>
<token t_id="401" sentence="18" number="26">180</token>
<token t_id="402" sentence="18" number="27">pounds</token>
<token t_id="403" sentence="18" number="28">,</token>
<token t_id="404" sentence="18" number="29">with</token>
<token t_id="405" sentence="18" number="30">short</token>
<token t_id="406" sentence="18" number="31">black</token>
<token t_id="407" sentence="18" number="32">hair</token>
<token t_id="408" sentence="18" number="33">parted</token>
<token t_id="409" sentence="18" number="34">on</token>
<token t_id="410" sentence="18" number="35">the</token>
<token t_id="411" sentence="18" number="36">side</token>
<token t_id="412" sentence="18" number="37">,</token>
<token t_id="413" sentence="18" number="38">wearing</token>
<token t_id="414" sentence="18" number="39">a</token>
<token t_id="415" sentence="18" number="40">dark</token>
<token t_id="416" sentence="18" number="41">brown</token>
<token t_id="417" sentence="18" number="42">or</token>
<token t_id="418" sentence="18" number="43">blue</token>
<token t_id="419" sentence="18" number="44">sweater</token>
<token t_id="420" sentence="18" number="45">and</token>
<token t_id="421" sentence="18" number="46">navy</token>
<token t_id="422" sentence="18" number="47">pants</token>
<token t_id="423" sentence="18" number="48">.</token>
<token t_id="424" sentence="19" number="0">Witnesses</token>
<token t_id="425" sentence="19" number="1">told</token>
<token t_id="426" sentence="19" number="2">Local</token>
<token t_id="427" sentence="19" number="3">FOX</token>
<token t_id="428" sentence="19" number="4">affiliate</token>
<token t_id="429" sentence="19" number="5">WJBK</token>
<token t_id="430" sentence="19" number="6">in</token>
<token t_id="431" sentence="19" number="7">Detroit</token>
<token t_id="432" sentence="19" number="8">there</token>
<token t_id="433" sentence="19" number="9">were</token>
<token t_id="434" sentence="19" number="10">sounds</token>
<token t_id="435" sentence="19" number="11">of</token>
<token t_id="436" sentence="19" number="12">gunfire</token>
<token t_id="437" sentence="19" number="13">around</token>
<token t_id="438" sentence="19" number="14">10</token>
<token t_id="439" sentence="19" number="15">:</token>
<token t_id="440" sentence="19" number="16">30</token>
<token t_id="441" sentence="19" number="17">a</token>
<token t_id="442" sentence="19" number="18">.</token>
<token t_id="443" sentence="19" number="19">m</token>
<token t_id="444" sentence="19" number="20">.</token>
<token t_id="445" sentence="20" number="0">Employees</token>
<token t_id="446" sentence="20" number="1">of</token>
<token t_id="447" sentence="20" number="2">the</token>
<token t_id="448" sentence="20" number="3">building</token>
<token t_id="449" sentence="20" number="4">told</token>
<token t_id="450" sentence="20" number="5">WJBK</token>
<token t_id="451" sentence="20" number="6">that</token>
<token t_id="452" sentence="20" number="7">the</token>
<token t_id="453" sentence="20" number="8">shooter</token>
<token t_id="454" sentence="20" number="9">was</token>
<token t_id="455" sentence="20" number="10">a</token>
<token t_id="456" sentence="20" number="11">former</token>
<token t_id="457" sentence="20" number="12">disgruntled</token>
<token t_id="458" sentence="20" number="13">employee</token>
<token t_id="459" sentence="20" number="14">who</token>
<token t_id="460" sentence="20" number="15">brought</token>
<token t_id="461" sentence="20" number="16">a</token>
<token t_id="462" sentence="20" number="17">rifle</token>
<token t_id="463" sentence="20" number="18">into</token>
<token t_id="464" sentence="20" number="19">the</token>
<token t_id="465" sentence="20" number="20">building</token>
<token t_id="466" sentence="20" number="21">.</token>
<token t_id="467" sentence="21" number="0">His</token>
<token t_id="468" sentence="21" number="1">picture</token>
<token t_id="469" sentence="21" number="2">was</token>
<token t_id="470" sentence="21" number="3">passed</token>
<token t_id="471" sentence="21" number="4">out</token>
<token t_id="472" sentence="21" number="5">to</token>
<token t_id="473" sentence="21" number="6">officers</token>
<token t_id="474" sentence="21" number="7">on</token>
<token t_id="475" sentence="21" number="8">the</token>
<token t_id="476" sentence="21" number="9">scene</token>
<token t_id="477" sentence="21" number="10">.</token>
<token t_id="478" sentence="22" number="0">The</token>
<token t_id="479" sentence="22" number="1">suspect's</token>
<token t_id="480" sentence="22" number="2">car</token>
<token t_id="481" sentence="22" number="3">was</token>
<token t_id="482" sentence="22" number="4">described</token>
<token t_id="483" sentence="22" number="5">as</token>
<token t_id="484" sentence="22" number="6">a</token>
<token t_id="485" sentence="22" number="7">silver</token>
<token t_id="486" sentence="22" number="8">2007</token>
<token t_id="487" sentence="22" number="9">Ford</token>
<token t_id="488" sentence="22" number="10">Fusion</token>
<token t_id="489" sentence="22" number="11">with</token>
<token t_id="490" sentence="22" number="12">the</token>
<token t_id="491" sentence="22" number="13">license</token>
<token t_id="492" sentence="22" number="14">plate</token>
<token t_id="493" sentence="22" number="15">BEY</token>
<token t_id="494" sentence="22" number="16">0843</token>
<token t_id="495" sentence="22" number="17">.</token>
<token t_id="496" sentence="22" number="18">"</token>
<token t_id="497" sentence="22" number="19">(</token>
<token t_id="498" sentence="22" number="20">Fox</token>
<token t_id="499" sentence="22" number="21">News</token>
<token t_id="500" sentence="22" number="22">article</token>
<token t_id="501" sentence="22" number="23">)</token>
<token t_id="502" sentence="23" number="0">Additional</token>
<token t_id="503" sentence="23" number="1">information</token>
<token t_id="504" sentence="23" number="2">will</token>
<token t_id="505" sentence="23" number="3">follow</token>
<token t_id="506" sentence="23" number="4">as</token>
<token t_id="507" sentence="23" number="5">more</token>
<token t_id="508" sentence="23" number="6">details</token>
<token t_id="509" sentence="23" number="7">of</token>
<token t_id="510" sentence="23" number="8">the</token>
<token t_id="511" sentence="23" number="9">incident</token>
<token t_id="512" sentence="23" number="10">become</token>
<token t_id="513" sentence="23" number="11">known</token>
<token t_id="514" sentence="23" number="12">.</token>
<token t_id="515" sentence="24" number="0">It</token>
<token t_id="516" sentence="24" number="1">is</token>
<token t_id="517" sentence="24" number="2">unclear</token>
<token t_id="518" sentence="24" number="3">as</token>
<token t_id="519" sentence="24" number="4">to</token>
<token t_id="520" sentence="24" number="5">the</token>
<token t_id="521" sentence="24" number="6">nature</token>
<token t_id="522" sentence="24" number="7">of</token>
<token t_id="523" sentence="24" number="8">the</token>
<token t_id="524" sentence="24" number="9">dispute</token>
<token t_id="525" sentence="24" number="10">.</token>
<Markables>
<ACTION_OCCURRENCE m_id="12"  >
  <token_anchor t_id="35"/>
</ACTION_OCCURRENCE>
<ACTION_OCCURRENCE m_id="13"  >
  <token_anchor t_id="38"/>
</ACTION_OCCURRENCE>
<ACTION_OCCURRENCE m_id="14"  >
  <token_anchor t_id="63"/>
</ACTION_OCCURRENCE>
<ACTION_OCCURRENCE m_id="15"  >
  <token_anchor t_id="78"/>
</ACTION_OCCURRENCE>
<ACTION_OCCURRENCE m_id="23"  >
  <token_anchor t_id="49"/>
</ACTION_OCCURRENCE>
<ACTION_OCCURRENCE m_id="32"  >
  <token_anchor t_id="210"/>
</ACTION_OCCURRENCE>
<ACTION_OCCURRENCE m_id="33"  >
  <token_anchor t_id="215"/>
</ACTION_OCCURRENCE>
<ACTION_REPORTING m_id="19"  >
  <token_anchor t_id="126"/>
</ACTION_REPORTING>
<ACTION_REPORTING m_id="20"  >
  <token_anchor t_id="84"/>
</ACTION_REPORTING>
<ACTION_STATE m_id="27"  >
  <token_anchor t_id="189"/>
</ACTION_STATE>
<ACTION_STATE m_id="34"  >
  <token_anchor t_id="212"/>
</ACTION_STATE>
<HUMAN_PART_ORG m_id="18"  >
  <token_anchor t_id="128"/>
  <token_anchor t_id="129"/>
</HUMAN_PART_ORG>
<HUMAN_PART_ORG m_id="21"  >
  <token_anchor t_id="140"/>
</HUMAN_PART_ORG>
<HUMAN_PART_ORG m_id="28"  >
  <token_anchor t_id="193"/>
</HUMAN_PART_ORG>
<HUMAN_PART_ORG m_id="29"  >
  <token_anchor t_id="196"/>
  <token_anchor t_id="197"/>
</HUMAN_PART_ORG>
<HUMAN_PART_ORG m_id="30"  >
  <token_anchor t_id="202"/>
  <token_anchor t_id="203"/>
</HUMAN_PART_ORG>
<HUMAN_PART_PER m_id="9"  >
  <token_anchor t_id="125"/>
</HUMAN_PART_PER>
<HUMAN_PART_PER m_id="10"  >
  <token_anchor t_id="132"/>
</HUMAN_PART_PER>
<HUMAN_PART_PER m_id="11"  >
  <token_anchor t_id="136"/>
</HUMAN_PART_PER>
<HUMAN_PART_PER m_id="2"  >
  <token_anchor t_id="34"/>
</HUMAN_PART_PER>
<HUMAN_PART_PER m_id="4"  >
  <token_anchor t_id="62"/>
</HUMAN_PART_PER>
<HUMAN_PART_PER m_id="5"  >
  <token_anchor t_id="65"/>
</HUMAN_PART_PER>
<HUMAN_PART_PER m_id="6"  >
  <token_anchor t_id="76"/>
</HUMAN_PART_PER>
<HUMAN_PART_PER m_id="7"  >
  <token_anchor t_id="81"/>
</HUMAN_PART_PER>
<HUMAN_PART_PER m_id="8"  >
  <token_anchor t_id="83"/>
</HUMAN_PART_PER>
<LOC_FAC m_id="17"  >
  <token_anchor t_id="66"/>
  <token_anchor t_id="67"/>
  <token_anchor t_id="68"/>
  <token_anchor t_id="69"/>
  <token_anchor t_id="70"/>
  <token_anchor t_id="71"/>
</LOC_FAC>
<LOC_FAC m_id="22"  >
  <token_anchor t_id="141"/>
  <token_anchor t_id="142"/>
  <token_anchor t_id="143"/>
</LOC_FAC>
<LOC_FAC m_id="26"  >
  <token_anchor t_id="180"/>
  <token_anchor t_id="181"/>
  <token_anchor t_id="182"/>
  <token_anchor t_id="183"/>
  <token_anchor t_id="184"/>
  <token_anchor t_id="185"/>
  <token_anchor t_id="186"/>
  <token_anchor t_id="187"/>
  <token_anchor t_id="188"/>
</LOC_FAC>
<LOC_GEO m_id="16"  >
  <token_anchor t_id="39"/>
  <token_anchor t_id="40"/>
  <token_anchor t_id="41"/>
</LOC_GEO>
<LOC_GEO m_id="3"  >
  <token_anchor t_id="50"/>
  <token_anchor t_id="51"/>
  <token_anchor t_id="52"/>
  <token_anchor t_id="53"/>
  <token_anchor t_id="54"/>
  <token_anchor t_id="55"/>
  <token_anchor t_id="56"/>
  <token_anchor t_id="57"/>
  <token_anchor t_id="58"/>
  <token_anchor t_id="59"/>
</LOC_GEO>
<NON_HUMAN_PART m_id="25"  >
  <token_anchor t_id="150"/>
</NON_HUMAN_PART>
<TIME_DATE m_id="1"  >
  <token_anchor t_id="42"/>
  <token_anchor t_id="43"/>
  <token_anchor t_id="44"/>
  <token_anchor t_id="45"/>
</TIME_DATE>
<LOC_FAC m_id="38" note="byCROMER" >
  <token_anchor t_id="205"/>
  <token_anchor t_id="206"/>
</LOC_FAC>
<TIME_DATE m_id="39" note="byCROMER" >
  <token_anchor t_id="72"/>
  <token_anchor t_id="73"/>
</TIME_DATE>


<HUMAN_PART_PER m_id="48" RELATED_TO="" TAG_DESCRIPTOR="t18_workers" instance_id="HUM17634402498585457" />
<HUMAN_PART_PER m_id="47" RELATED_TO="" TAG_DESCRIPTOR="t18_witnesses" instance_id="HUM17643756418194503" />
<HUMAN_PART_PER m_id="46" RELATED_TO="" TAG_DESCRIPTOR="t18_shooter" instance_id="HUM17634361679347344" />
<ACTION_REPORTING m_id="45" RELATED_TO="" TAG_DESCRIPTOR="t18_police_said" instance_id="ACT17643515178560849" />
<TIME_DATE m_id="44" RELATED_TO="" TAG_DESCRIPTOR="t18_monday" instance_id="TIM17643674283349250" />
<ACTION_OCCURRENCE m_id="43" RELATED_TO="" TAG_DESCRIPTOR="t18_shooting" instance_id="ACT17634298974206374" />
<HUMAN_PART_PER m_id="42" RELATED_TO="" TAG_DESCRIPTOR="t18_police" instance_id="HUM17650310358342983" />
<LOC_FAC m_id="41" RELATED_TO="" TAG_DESCRIPTOR="t18_detroit_accounting_firm" instance_id="LOC17634445205802704" />
<HUMAN_PART_PER m_id="40" RELATED_TO="" TAG_DESCRIPTOR="t18_officers" instance_id="HUM17643797339882045" />
</Markables>

<Relations>
<CROSS_DOC_COREF r_id="25108" note="HUM17643797339882045" >
  <source m_id="6" />
  <target m_id="40" />
</CROSS_DOC_COREF>
<CROSS_DOC_COREF r_id="25109" note="LOC17634445205802704" >
  <source m_id="38" />
  <source m_id="17" />
  <source m_id="26" />
  <source m_id="22" />
  <target m_id="41" />
</CROSS_DOC_COREF>
<CROSS_DOC_COREF r_id="25110" note="HUM17650310358342983" >
  <source m_id="8" />
  <target m_id="42" />
</CROSS_DOC_COREF>
<CROSS_DOC_COREF r_id="25111" note="ACT17634298974206374" >
  <source m_id="32" />
  <source m_id="12" />
  <source m_id="13" />
  <source m_id="14" />
  <target m_id="43" />
</CROSS_DOC_COREF>
<CROSS_DOC_COREF r_id="25112" note="TIM17643674283349250" >
  <source m_id="39" />
  <target m_id="44" />
</CROSS_DOC_COREF>
<CROSS_DOC_COREF r_id="25113" note="ACT17643515178560849" >
  <source m_id="20" />
  <target m_id="45" />
</CROSS_DOC_COREF>
<CROSS_DOC_COREF r_id="25114" note="HUM17634361679347344" >
  <source m_id="10" />
  <source m_id="11" />
  <source m_id="4" />
  <source m_id="7" />
  <target m_id="46" />
</CROSS_DOC_COREF>
<CROSS_DOC_COREF r_id="25115" note="HUM17643756418194503" >
  <source m_id="9" />
  <target m_id="47" />
</CROSS_DOC_COREF>
<CROSS_DOC_COREF r_id="25116" note="HUM17634402498585457" >
  <source m_id="2" />
  <source m_id="5" />
  <target m_id="48" />
</CROSS_DOC_COREF>

</Relations>
</Document>
