<Document doc_name="18_6ecbplus.xml" doc_id="DOC15646235640281158">
<token t_id="1" sentence="0" number="0">http</token>
<token t_id="2" sentence="0" number="1">:</token>
<token t_id="3" sentence="0" number="2">/</token>
<token t_id="4" sentence="0" number="3">/</token>
<token t_id="5" sentence="0" number="4">blog</token>
<token t_id="6" sentence="0" number="5">.</token>
<token t_id="7" sentence="0" number="6">mlive</token>
<token t_id="8" sentence="0" number="7">.</token>
<token t_id="9" sentence="0" number="8">com</token>
<token t_id="10" sentence="0" number="9">/</token>
<token t_id="11" sentence="0" number="10">grpress</token>
<token t_id="12" sentence="0" number="11">/</token>
<token t_id="13" sentence="0" number="12">2008</token>
<token t_id="14" sentence="0" number="13">/</token>
<token t_id="15" sentence="0" number="14">04</token>
<token t_id="16" sentence="0" number="15">/</token>
<token t_id="17" sentence="0" number="16">jury</token>
<token t_id="18" sentence="0" number="17">_</token>
<token t_id="19" sentence="0" number="18">finds</token>
<token t_id="20" sentence="0" number="19">_</token>
<token t_id="21" sentence="0" number="20">suspect</token>
<token t_id="22" sentence="0" number="21">_</token>
<token t_id="23" sentence="0" number="22">in</token>
<token t_id="24" sentence="0" number="23">_</token>
<token t_id="25" sentence="0" number="24">troy</token>
<token t_id="26" sentence="0" number="25">_</token>
<token t_id="27" sentence="0" number="26">off</token>
<token t_id="28" sentence="0" number="27">.</token>
<token t_id="29" sentence="0" number="28">html</token>
<token t_id="30" sentence="1" number="0">Jury</token>
<token t_id="31" sentence="1" number="1">finds</token>
<token t_id="32" sentence="1" number="2">suspect</token>
<token t_id="33" sentence="1" number="3">in</token>
<token t_id="34" sentence="1" number="4">Troy</token>
<token t_id="35" sentence="1" number="5">office</token>
<token t_id="36" sentence="1" number="6">shooting</token>
<token t_id="37" sentence="1" number="7">guilty</token>
<token t_id="38" sentence="2" number="0">on</token>
<token t_id="39" sentence="2" number="1">April</token>
<token t_id="40" sentence="2" number="2">30</token>
<token t_id="41" sentence="2" number="3">,</token>
<token t_id="42" sentence="2" number="4">2008</token>
<token t_id="43" sentence="2" number="5">at</token>
<token t_id="44" sentence="2" number="6">4</token>
<token t_id="45" sentence="2" number="7">:</token>
<token t_id="46" sentence="2" number="8">31</token>
<token t_id="47" sentence="2" number="9">AM</token>
<token t_id="48" sentence="2" number="10">,</token>
<token t_id="49" sentence="2" number="11">updated</token>
<token t_id="50" sentence="2" number="12">April</token>
<token t_id="51" sentence="2" number="13">30</token>
<token t_id="52" sentence="2" number="14">,</token>
<token t_id="53" sentence="2" number="15">2008</token>
<token t_id="54" sentence="2" number="16">at</token>
<token t_id="55" sentence="2" number="17">8</token>
<token t_id="56" sentence="2" number="18">:</token>
<token t_id="57" sentence="2" number="19">33</token>
<token t_id="58" sentence="2" number="20">AM</token>
<token t_id="59" sentence="3" number="0">A</token>
<token t_id="60" sentence="3" number="1">jury</token>
<token t_id="61" sentence="3" number="2">on</token>
<token t_id="62" sentence="3" number="3">Tuesday</token>
<token t_id="63" sentence="3" number="4">convicted</token>
<token t_id="64" sentence="3" number="5">a</token>
<token t_id="65" sentence="3" number="6">man</token>
<token t_id="66" sentence="3" number="7">charged</token>
<token t_id="67" sentence="3" number="8">in</token>
<token t_id="68" sentence="3" number="9">an</token>
<token t_id="69" sentence="3" number="10">April</token>
<token t_id="70" sentence="3" number="11">2007</token>
<token t_id="71" sentence="3" number="12">shooting</token>
<token t_id="72" sentence="3" number="13">at</token>
<token t_id="73" sentence="3" number="14">a</token>
<token t_id="74" sentence="3" number="15">Troy</token>
<token t_id="75" sentence="3" number="16">accounting</token>
<token t_id="76" sentence="3" number="17">firm</token>
<token t_id="77" sentence="3" number="18">that</token>
<token t_id="78" sentence="3" number="19">left</token>
<token t_id="79" sentence="3" number="20">a</token>
<token t_id="80" sentence="3" number="21">receptionist</token>
<token t_id="81" sentence="3" number="22">dead</token>
<token t_id="82" sentence="3" number="23">and</token>
<token t_id="83" sentence="3" number="24">two</token>
<token t_id="84" sentence="3" number="25">managing</token>
<token t_id="85" sentence="3" number="26">partners</token>
<token t_id="86" sentence="3" number="27">wounded</token>
<token t_id="87" sentence="3" number="28">.</token>
<token t_id="88" sentence="4" number="0">Anthony</token>
<token t_id="89" sentence="4" number="1">LaCalamita</token>
<token t_id="90" sentence="4" number="2">III</token>
<token t_id="91" sentence="4" number="3">was</token>
<token t_id="92" sentence="4" number="4">found</token>
<token t_id="93" sentence="4" number="5">guilty</token>
<token t_id="94" sentence="4" number="6">of</token>
<token t_id="95" sentence="4" number="7">first</token>
<token t_id="96" sentence="4" number="8">-</token>
<token t_id="97" sentence="4" number="9">degree</token>
<token t_id="98" sentence="4" number="10">murder</token>
<token t_id="99" sentence="4" number="11">and</token>
<token t_id="100" sentence="4" number="12">assault</token>
<token t_id="101" sentence="4" number="13">with</token>
<token t_id="102" sentence="4" number="14">intent</token>
<token t_id="103" sentence="4" number="15">to</token>
<token t_id="104" sentence="4" number="16">murder</token>
<token t_id="105" sentence="4" number="17">in</token>
<token t_id="106" sentence="4" number="18">the</token>
<token t_id="107" sentence="4" number="19">shotgun</token>
<token t_id="108" sentence="4" number="20">slaying</token>
<token t_id="109" sentence="4" number="21">of</token>
<token t_id="110" sentence="4" number="22">63</token>
<token t_id="111" sentence="4" number="23">-</token>
<token t_id="112" sentence="4" number="24">year</token>
<token t_id="113" sentence="4" number="25">-</token>
<token t_id="114" sentence="4" number="26">old</token>
<token t_id="115" sentence="4" number="27">Madeline</token>
<token t_id="116" sentence="4" number="28">Kafoury</token>
<token t_id="117" sentence="4" number="29">and</token>
<token t_id="118" sentence="4" number="30">assault</token>
<token t_id="119" sentence="4" number="31">with</token>
<token t_id="120" sentence="4" number="32">intent</token>
<token t_id="121" sentence="4" number="33">to</token>
<token t_id="122" sentence="4" number="34">kill</token>
<token t_id="123" sentence="4" number="35">in</token>
<token t_id="124" sentence="4" number="36">the</token>
<token t_id="125" sentence="4" number="37">shootings</token>
<token t_id="126" sentence="4" number="38">of</token>
<token t_id="127" sentence="4" number="39">Paul</token>
<token t_id="128" sentence="4" number="40">Riva</token>
<token t_id="129" sentence="4" number="41">and</token>
<token t_id="130" sentence="4" number="42">Alan</token>
<token t_id="131" sentence="4" number="43">Steinberg</token>
<token t_id="132" sentence="4" number="44">at</token>
<token t_id="133" sentence="4" number="45">the</token>
<token t_id="134" sentence="4" number="46">accounting</token>
<token t_id="135" sentence="4" number="47">firm</token>
<token t_id="136" sentence="4" number="48">.</token>
<token t_id="137" sentence="5" number="0">Defense</token>
<token t_id="138" sentence="5" number="1">attorney</token>
<token t_id="139" sentence="5" number="2">Jerome</token>
<token t_id="140" sentence="5" number="3">Fenton</token>
<token t_id="141" sentence="5" number="4">argued</token>
<token t_id="142" sentence="5" number="5">LaCalamita's</token>
<token t_id="143" sentence="5" number="6">extensive</token>
<token t_id="144" sentence="5" number="7">history</token>
<token t_id="145" sentence="5" number="8">of</token>
<token t_id="146" sentence="5" number="9">mental</token>
<token t_id="147" sentence="5" number="10">illness</token>
<token t_id="148" sentence="5" number="11">was</token>
<token t_id="149" sentence="5" number="12">to</token>
<token t_id="150" sentence="5" number="13">blame</token>
<token t_id="151" sentence="5" number="14">.</token>
<token t_id="152" sentence="6" number="0">Assistant</token>
<token t_id="153" sentence="6" number="1">Oakland</token>
<token t_id="154" sentence="6" number="2">County</token>
<token t_id="155" sentence="6" number="3">Prosecutor</token>
<token t_id="156" sentence="6" number="4">Rob</token>
<token t_id="157" sentence="6" number="5">Novy</token>
<token t_id="158" sentence="6" number="6">said</token>
<token t_id="159" sentence="6" number="7">the</token>
<token t_id="160" sentence="6" number="8">39</token>
<token t_id="161" sentence="6" number="9">-</token>
<token t_id="162" sentence="6" number="10">year</token>
<token t_id="163" sentence="6" number="11">-</token>
<token t_id="164" sentence="6" number="12">old</token>
<token t_id="165" sentence="6" number="13">Troy</token>
<token t_id="166" sentence="6" number="14">man</token>
<token t_id="167" sentence="6" number="15">shot</token>
<token t_id="168" sentence="6" number="16">his</token>
<token t_id="169" sentence="6" number="17">former</token>
<token t_id="170" sentence="6" number="18">co</token>
<token t_id="171" sentence="6" number="19">-</token>
<token t_id="172" sentence="6" number="20">workers</token>
<token t_id="173" sentence="6" number="21">because</token>
<token t_id="174" sentence="6" number="22">he</token>
<token t_id="175" sentence="6" number="23">was</token>
<token t_id="176" sentence="6" number="24">furious</token>
<token t_id="177" sentence="6" number="25">over</token>
<token t_id="178" sentence="6" number="26">his</token>
<token t_id="179" sentence="6" number="27">firing</token>
<token t_id="180" sentence="6" number="28">four</token>
<token t_id="181" sentence="6" number="29">days</token>
<token t_id="182" sentence="6" number="30">earlier</token>
<token t_id="183" sentence="6" number="31">.</token>
<Markables>
<ACTION_OCCURRENCE m_id="9"  >
  <token_anchor t_id="78"/>
</ACTION_OCCURRENCE>
<ACTION_OCCURRENCE m_id="16"  >
  <token_anchor t_id="108"/>
</ACTION_OCCURRENCE>
<ACTION_OCCURRENCE m_id="17"  >
  <token_anchor t_id="118"/>
</ACTION_OCCURRENCE>
<ACTION_OCCURRENCE m_id="18"  >
  <token_anchor t_id="122"/>
</ACTION_OCCURRENCE>
<ACTION_OCCURRENCE m_id="19"  >
  <token_anchor t_id="125"/>
</ACTION_OCCURRENCE>
<ACTION_OCCURRENCE m_id="5"  >
  <token_anchor t_id="36"/>
</ACTION_OCCURRENCE>
<ACTION_OCCURRENCE m_id="6"  >
  <token_anchor t_id="63"/>
</ACTION_OCCURRENCE>
<ACTION_OCCURRENCE m_id="7"  >
  <token_anchor t_id="66"/>
</ACTION_OCCURRENCE>
<ACTION_OCCURRENCE m_id="8"  >
  <token_anchor t_id="71"/>
</ACTION_OCCURRENCE>
<ACTION_STATE m_id="12"  >
  <token_anchor t_id="92"/>
</ACTION_STATE>
<ACTION_STATE m_id="14"  >
  <token_anchor t_id="100"/>
</ACTION_STATE>
<ACTION_STATE m_id="28"  >
  <token_anchor t_id="37"/>
</ACTION_STATE>
<ACTION_STATE m_id="29"  >
  <token_anchor t_id="93"/>
</ACTION_STATE>
<ACTION_STATE m_id="30"  >
  <token_anchor t_id="102"/>
</ACTION_STATE>
<ACTION_STATE m_id="36"  >
  <token_anchor t_id="120"/>
</ACTION_STATE>
<HUMAN_PART_PER m_id="20"  >
  <token_anchor t_id="60"/>
</HUMAN_PART_PER>
<HUMAN_PART_PER m_id="21"  >
  <token_anchor t_id="65"/>
</HUMAN_PART_PER>
<HUMAN_PART_PER m_id="22"  >
  <token_anchor t_id="80"/>
</HUMAN_PART_PER>
<HUMAN_PART_PER m_id="23"  >
  <token_anchor t_id="85"/>
</HUMAN_PART_PER>
<HUMAN_PART_PER m_id="24"  >
  <token_anchor t_id="88"/>
  <token_anchor t_id="89"/>
  <token_anchor t_id="90"/>
</HUMAN_PART_PER>
<HUMAN_PART_PER m_id="25"  >
  <token_anchor t_id="115"/>
  <token_anchor t_id="116"/>
</HUMAN_PART_PER>
<HUMAN_PART_PER m_id="26"  >
  <token_anchor t_id="127"/>
  <token_anchor t_id="128"/>
</HUMAN_PART_PER>
<HUMAN_PART_PER m_id="27"  >
  <token_anchor t_id="130"/>
  <token_anchor t_id="131"/>
</HUMAN_PART_PER>
<HUMAN_PART_PER m_id="1"  >
  <token_anchor t_id="30"/>
</HUMAN_PART_PER>
<HUMAN_PART_PER m_id="2"  >
  <token_anchor t_id="32"/>
</HUMAN_PART_PER>
<LOC_FAC m_id="31"  >
  <token_anchor t_id="34"/>
  <token_anchor t_id="35"/>
</LOC_FAC>
<LOC_FAC m_id="34"  >
  <token_anchor t_id="132"/>
  <token_anchor t_id="133"/>
  <token_anchor t_id="134"/>
  <token_anchor t_id="135"/>
</LOC_FAC>
<LOC_FAC m_id="35"  >
  <token_anchor t_id="73"/>
  <token_anchor t_id="74"/>
  <token_anchor t_id="75"/>
  <token_anchor t_id="76"/>
</LOC_FAC>
<TIME_DATE m_id="32"  >
  <token_anchor t_id="61"/>
  <token_anchor t_id="62"/>
</TIME_DATE>
<TIME_DATE m_id="33"  >
  <token_anchor t_id="69"/>
  <token_anchor t_id="70"/>
</TIME_DATE>
<TIME_OF_THE_DAY m_id="3"  >
  <token_anchor t_id="39"/>
  <token_anchor t_id="40"/>
  <token_anchor t_id="41"/>
  <token_anchor t_id="42"/>
  <token_anchor t_id="43"/>
  <token_anchor t_id="44"/>
  <token_anchor t_id="45"/>
  <token_anchor t_id="46"/>
  <token_anchor t_id="47"/>
</TIME_OF_THE_DAY>
<TIME_OF_THE_DAY m_id="4"  >
  <token_anchor t_id="50"/>
  <token_anchor t_id="51"/>
  <token_anchor t_id="52"/>
  <token_anchor t_id="53"/>
  <token_anchor t_id="54"/>
  <token_anchor t_id="55"/>
  <token_anchor t_id="56"/>
  <token_anchor t_id="57"/>
  <token_anchor t_id="58"/>
</TIME_OF_THE_DAY>


<ACTION_OCCURRENCE m_id="42" note="byCROMER" >
  <token_anchor t_id="98"/>
</ACTION_OCCURRENCE>
<ACTION_OCCURRENCE m_id="43" note="byCROMER" >
  <token_anchor t_id="104"/>
</ACTION_OCCURRENCE>
<ACTION_OCCURRENCE m_id="44" note="byCROMER" >
  <token_anchor t_id="81"/>
</ACTION_OCCURRENCE>
<ACTION_OCCURRENCE m_id="45" note="byCROMER" >
  <token_anchor t_id="86"/>
</ACTION_OCCURRENCE>


<ACTION_OCCURRENCE m_id="56" RELATED_TO="" TAG_DESCRIPTOR="t18_charged" instance_id="ACT17645879005182042" />
<HUMAN_PART_PER m_id="55" RELATED_TO="" TAG_DESCRIPTOR="t18_two_injured" instance_id="HUM17644603477119489" />
<HUMAN_PART_PER m_id="54" RELATED_TO="" TAG_DESCRIPTOR="t18_dead_woman" instance_id="HUM17644549751498177" />
<HUMAN_PART_PER m_id="53" RELATED_TO="" TAG_DESCRIPTOR="t18_steinberg" instance_id="HUM17650296940119981" />
<HUMAN_PART_PER m_id="52" RELATED_TO="" TAG_DESCRIPTOR="t18_shooter" instance_id="HUM17634361679347344" />
<TIME_DATE m_id="51" RELATED_TO="" TAG_DESCRIPTOR="t18_monday" instance_id="TIM17643674283349250" />
<ACTION_OCCURRENCE m_id="49" RELATED_TO="" TAG_DESCRIPTOR="t18_killing" instance_id="ACT17634346596006097" />
<ACTION_OCCURRENCE m_id="50" RELATED_TO="" TAG_DESCRIPTOR="t18_shooting" instance_id="ACT17634298974206374" />
<HUMAN_PART_PER m_id="48" RELATED_TO="" TAG_DESCRIPTOR="t18_riva" instance_id="HUM17650284216818259" />
<ACTION_OCCURRENCE m_id="47" RELATED_TO="" TAG_DESCRIPTOR="t18_injured" instance_id="ACT17634627401104716" />
<LOC_FAC m_id="46" RELATED_TO="" TAG_DESCRIPTOR="t18_detroit_accounting_firm" instance_id="LOC17634445205802704" />
<HUMAN_PART_PER m_id="40" RELATED_TO="" TAG_DESCRIPTOR="jury" />
</Markables>

<Relations>
<INTRA_DOC_COREF r_id="25117" >
<source m_id="1" />
<source m_id="20" />
<target m_id="40" />
</INTRA_DOC_COREF>
<CROSS_DOC_COREF r_id="25119" note="LOC17634445205802704" >
  <source m_id="34" />
  <source m_id="35" />
  <source m_id="31" />
  <target m_id="46" />
</CROSS_DOC_COREF>
<CROSS_DOC_COREF r_id="25120" note="ACT17634627401104716" >
  <source m_id="45" />
  <target m_id="47" />
</CROSS_DOC_COREF>
<CROSS_DOC_COREF r_id="25121" note="HUM17650284216818259" >
  <source m_id="26" />
  <target m_id="48" />
</CROSS_DOC_COREF>
<CROSS_DOC_COREF r_id="25122" note="ACT17634346596006097" >
  <source m_id="42" />
  <source m_id="43" />
  <source m_id="44" />
  <target m_id="49" />
</CROSS_DOC_COREF>
<CROSS_DOC_COREF r_id="25123" note="ACT17634298974206374" >
  <source m_id="19" />
  <source m_id="5" />
  <source m_id="8" />
  <target m_id="50" />
</CROSS_DOC_COREF>
<CROSS_DOC_COREF r_id="25124" note="TIM17643674283349250" >
  <source m_id="33" />
  <target m_id="51" />
</CROSS_DOC_COREF>
<CROSS_DOC_COREF r_id="25125" note="HUM17634361679347344" >
  <source m_id="2" />
  <source m_id="21" />
  <source m_id="24" />
  <target m_id="52" />
</CROSS_DOC_COREF>
<CROSS_DOC_COREF r_id="25126" note="HUM17650296940119981" >
  <source m_id="27" />
  <target m_id="53" />
</CROSS_DOC_COREF>
<CROSS_DOC_COREF r_id="25127" note="HUM17644549751498177" >
  <source m_id="25" />
  <source m_id="22" />
  <target m_id="54" />
</CROSS_DOC_COREF>
<CROSS_DOC_COREF r_id="25128" note="HUM17644603477119489" >
  <source m_id="23" />
  <target m_id="55" />
</CROSS_DOC_COREF>
<CROSS_DOC_COREF r_id="25129" note="ACT17645879005182042" >
  <source m_id="7" />
  <target m_id="56" />
</CROSS_DOC_COREF>

</Relations>
</Document>
