<Document doc_name="25_13ecb.xml" doc_id="DOC15654789265111880">
<token t_id="1" sentence="0" number="0">Reggie</token>
<token t_id="2" sentence="0" number="1">Bush</token>
<token t_id="3" sentence="0" number="2">is</token>
<token t_id="4" sentence="0" number="3">done</token>
<token t_id="5" sentence="0" number="4">,</token>
<token t_id="6" sentence="0" number="5">for</token>
<token t_id="7" sentence="0" number="6">the</token>
<token t_id="8" sentence="0" number="7">season</token>
<token t_id="9" sentence="0" number="8">at</token>
<token t_id="10" sentence="0" number="9">least</token>
<token t_id="11" sentence="0" number="10">.</token>
<token t_id="12" sentence="1" number="0">Bush</token>
<token t_id="13" sentence="1" number="1">sprained</token>
<token t_id="14" sentence="1" number="2">the</token>
<token t_id="15" sentence="1" number="3">medial</token>
<token t_id="16" sentence="1" number="4">collateral</token>
<token t_id="17" sentence="1" number="5">ligament</token>
<token t_id="18" sentence="1" number="6">in</token>
<token t_id="19" sentence="1" number="7">his</token>
<token t_id="20" sentence="1" number="8">left</token>
<token t_id="21" sentence="1" number="9">knee</token>
<token t_id="22" sentence="1" number="10">in</token>
<token t_id="23" sentence="1" number="11">the</token>
<token t_id="24" sentence="1" number="12">Saints</token>
<token t_id="25" sentence="1" number="13">'</token>
<token t_id="26" sentence="1" number="14">game</token>
<token t_id="27" sentence="1" number="15">against</token>
<token t_id="28" sentence="1" number="16">the</token>
<token t_id="29" sentence="1" number="17">Chicago</token>
<token t_id="30" sentence="1" number="18">Bears</token>
<token t_id="31" sentence="1" number="19">Thursday</token>
<token t_id="32" sentence="1" number="20">night</token>
<token t_id="33" sentence="1" number="21">.</token>
<token t_id="34" sentence="2" number="0">He</token>
<token t_id="35" sentence="2" number="1">originally</token>
<token t_id="36" sentence="2" number="2">injured</token>
<token t_id="37" sentence="2" number="3">it</token>
<token t_id="38" sentence="2" number="4">against</token>
<token t_id="39" sentence="2" number="5">the</token>
<token t_id="40" sentence="2" number="6">Carolina</token>
<token t_id="41" sentence="2" number="7">Panthers</token>
<token t_id="42" sentence="2" number="8">earlier</token>
<token t_id="43" sentence="2" number="9">this</token>
<token t_id="44" sentence="2" number="10">season</token>
<token t_id="45" sentence="2" number="11">and</token>
<token t_id="46" sentence="2" number="12">needed</token>
<token t_id="47" sentence="2" number="13">surgery</token>
<token t_id="48" sentence="2" number="14">on</token>
<token t_id="49" sentence="2" number="15">it</token>
<token t_id="50" sentence="2" number="16">.</token>
<token t_id="51" sentence="3" number="0">The</token>
<token t_id="52" sentence="3" number="1">Saints</token>
<token t_id="53" sentence="3" number="2">still</token>
<token t_id="54" sentence="3" number="3">have</token>
<token t_id="55" sentence="3" number="4">to</token>
<token t_id="56" sentence="3" number="5">play</token>
<token t_id="57" sentence="3" number="6">the</token>
<token t_id="58" sentence="3" number="7">winless</token>
<token t_id="59" sentence="3" number="8">Detroit</token>
<token t_id="60" sentence="3" number="9">Lions</token>
<token t_id="61" sentence="3" number="10">and</token>
<token t_id="62" sentence="3" number="11">the</token>
<token t_id="63" sentence="3" number="12">playoff-bound</token>
<token t_id="64" sentence="3" number="13">Panthers</token>
<token t_id="65" sentence="3" number="14">.</token>
<token t_id="66" sentence="4" number="0">Head</token>
<token t_id="67" sentence="4" number="1">Coach</token>
<token t_id="68" sentence="4" number="2">Sean</token>
<token t_id="69" sentence="4" number="3">Payton</token>
<token t_id="70" sentence="4" number="4">said</token>
<token t_id="71" sentence="4" number="5">Bush</token>
<token t_id="72" sentence="4" number="6">'s</token>
<token t_id="73" sentence="4" number="7">knee</token>
<token t_id="74" sentence="4" number="8">does</token>
<token t_id="75" sentence="4" number="9">not</token>
<token t_id="76" sentence="4" number="10">need</token>
<token t_id="77" sentence="4" number="11">surgery</token>
<token t_id="78" sentence="4" number="12">this</token>
<token t_id="79" sentence="4" number="13">time</token>
<token t_id="80" sentence="4" number="14">,</token>
<token t_id="81" sentence="4" number="15">just</token>
<token t_id="82" sentence="4" number="16">a</token>
<token t_id="83" sentence="4" number="17">little</token>
<token t_id="84" sentence="4" number="18">R</token>
<token t_id="85" sentence="4" number="19">and</token>
<token t_id="86" sentence="4" number="20">R</token>
<token t_id="87" sentence="4" number="21">,</token>
<token t_id="88" sentence="4" number="22">he</token>
<token t_id="89" sentence="4" number="23">also</token>
<token t_id="90" sentence="4" number="24">said</token>
<token t_id="91" sentence="4" number="25">that</token>
<token t_id="92" sentence="4" number="26">if</token>
<token t_id="93" sentence="4" number="27">the</token>
<token t_id="94" sentence="4" number="28">team</token>
<token t_id="95" sentence="4" number="29">were</token>
<token t_id="96" sentence="4" number="30">still</token>
<token t_id="97" sentence="4" number="31">in</token>
<token t_id="98" sentence="4" number="32">playoff</token>
<token t_id="99" sentence="4" number="33">contention</token>
<token t_id="100" sentence="4" number="34">,</token>
<token t_id="101" sentence="4" number="35">then</token>
<token t_id="102" sentence="4" number="36">he</token>
<token t_id="103" sentence="4" number="37">would</token>
<token t_id="104" sentence="4" number="38">n't</token>
<token t_id="105" sentence="4" number="39">have</token>
<token t_id="106" sentence="4" number="40">place</token>
<token t_id="107" sentence="4" number="41">Bush</token>
<token t_id="108" sentence="4" number="42">on</token>
<token t_id="109" sentence="4" number="43">IR</token>
<token t_id="110" sentence="4" number="44">.</token>
<token t_id="111" sentence="5" number="0">Saints</token>
<token t_id="112" sentence="5" number="1">'</token>
<token t_id="113" sentence="5" number="2">spokesman</token>
<token t_id="114" sentence="5" number="3">Greg</token>
<token t_id="115" sentence="5" number="4">Bensel</token>
<token t_id="116" sentence="5" number="5">confirmed</token>
<token t_id="117" sentence="5" number="6">Wednesday</token>
<token t_id="118" sentence="5" number="7">owner</token>
<token t_id="119" sentence="5" number="8">Tom</token>
<token t_id="120" sentence="5" number="9">Benson</token>
<token t_id="121" sentence="5" number="10">underwent</token>
<token t_id="122" sentence="5" number="11">surgery</token>
<token t_id="123" sentence="5" number="12">December</token>
<token t_id="124" sentence="5" number="13">10</token>
<token t_id="125" sentence="5" number="14">to</token>
<token t_id="126" sentence="5" number="15">remove</token>
<token t_id="127" sentence="5" number="16">a</token>
<token t_id="128" sentence="5" number="17">cancerous</token>
<token t_id="129" sentence="5" number="18">growth</token>
<token t_id="130" sentence="5" number="19">on</token>
<token t_id="131" sentence="5" number="20">his</token>
<token t_id="132" sentence="5" number="21">left</token>
<token t_id="133" sentence="5" number="22">kidney.</token>
<token t_id="134" sentence="5" number="23">Bensel</token>
<token t_id="135" sentence="5" number="24">said</token>
<token t_id="136" sentence="5" number="25">in</token>
<token t_id="137" sentence="5" number="26">a</token>
<token t_id="138" sentence="5" number="27">statement</token>
<token t_id="139" sentence="5" number="28">released</token>
<token t_id="140" sentence="5" number="29">by</token>
<token t_id="141" sentence="5" number="30">the</token>
<token t_id="142" sentence="5" number="31">team</token>
<token t_id="143" sentence="5" number="32">.</token>
<token t_id="144" sentence="6" number="0">Benson</token>
<token t_id="145" sentence="6" number="1">is</token>
<token t_id="146" sentence="6" number="2">under</token>
<token t_id="147" sentence="6" number="3">the</token>
<token t_id="148" sentence="6" number="4">primary</token>
<token t_id="149" sentence="6" number="5">care</token>
<token t_id="150" sentence="6" number="6">of</token>
<token t_id="151" sentence="6" number="7">his</token>
<token t_id="152" sentence="6" number="8">personal</token>
<token t_id="153" sentence="6" number="9">physician</token>
<token t_id="154" sentence="6" number="10">and</token>
<token t_id="155" sentence="6" number="11">Saints</token>
<token t_id="156" sentence="6" number="12">team</token>
<token t_id="157" sentence="6" number="13">doctor</token>
<token t_id="158" sentence="6" number="14">,</token>
<token t_id="159" sentence="6" number="15">John</token>
<token t_id="160" sentence="6" number="16">R.</token>
<token t_id="161" sentence="6" number="17">Amoss</token>
<token t_id="162" sentence="6" number="18">,</token>
<token t_id="163" sentence="6" number="19">who</token>
<token t_id="164" sentence="6" number="20">said</token>
<token t_id="165" sentence="6" number="21">he</token>
<token t_id="166" sentence="6" number="22">expects</token>
<token t_id="167" sentence="6" number="23">a</token>
<token t_id="168" sentence="6" number="24">full</token>
<token t_id="169" sentence="6" number="25">recovery</token>
<token t_id="170" sentence="6" number="26">.</token>
<token t_id="171" sentence="7" number="0">``</token>
<token t_id="172" sentence="7" number="1">It</token>
<token t_id="173" sentence="7" number="2">was</token>
<token t_id="174" sentence="7" number="3">diagnosed</token>
<token t_id="175" sentence="7" number="4">as</token>
<token t_id="176" sentence="7" number="5">early-stage</token>
<token t_id="177" sentence="7" number="6">renal</token>
<token t_id="178" sentence="7" number="7">cell</token>
<token t_id="179" sentence="7" number="8">cancer</token>
<token t_id="180" sentence="7" number="9">,</token>
<token t_id="181" sentence="7" number="10">and</token>
<token t_id="182" sentence="7" number="11">the</token>
<token t_id="183" sentence="7" number="12">prognosis</token>
<token t_id="184" sentence="7" number="13">for</token>
<token t_id="185" sentence="7" number="14">this</token>
<token t_id="186" sentence="7" number="15">type</token>
<token t_id="187" sentence="7" number="16">of</token>
<token t_id="188" sentence="7" number="17">cancer</token>
<token t_id="189" sentence="7" number="18">removed</token>
<token t_id="190" sentence="7" number="19">at</token>
<token t_id="191" sentence="7" number="20">this</token>
<token t_id="192" sentence="7" number="21">stage</token>
<token t_id="193" sentence="7" number="22">is</token>
<token t_id="194" sentence="7" number="23">excellent</token>
<token t_id="195" sentence="7" number="24">,</token>
<token t_id="196" sentence="7" number="25">''</token>
<token t_id="197" sentence="7" number="26">said</token>
<token t_id="198" sentence="7" number="27">Amoss</token>
<token t_id="199" sentence="7" number="28">.</token>
<token t_id="200" sentence="8" number="0">``</token>
<token t_id="201" sentence="8" number="1">We</token>
<token t_id="202" sentence="8" number="2">anticipate</token>
<token t_id="203" sentence="8" number="3">a</token>
<token t_id="204" sentence="8" number="4">full</token>
<token t_id="205" sentence="8" number="5">and</token>
<token t_id="206" sentence="8" number="6">complete</token>
<token t_id="207" sentence="8" number="7">recovery</token>
<token t_id="208" sentence="8" number="8">,</token>
<token t_id="209" sentence="8" number="9">and</token>
<token t_id="210" sentence="8" number="10">he</token>
<token t_id="211" sentence="8" number="11">will</token>
<token t_id="212" sentence="8" number="12">not</token>
<token t_id="213" sentence="8" number="13">need</token>
<token t_id="214" sentence="8" number="14">any</token>
<token t_id="215" sentence="8" number="15">radiation</token>
<token t_id="216" sentence="8" number="16">or</token>
<token t_id="217" sentence="8" number="17">chemotherapy</token>
<token t_id="218" sentence="8" number="18">.</token>
<token t_id="219" sentence="8" number="19">''</token>
<token t_id="220" sentence="9" number="0">The</token>
<token t_id="221" sentence="9" number="1">81-year</token>
<token t_id="222" sentence="9" number="2">old</token>
<token t_id="223" sentence="9" number="3">is</token>
<token t_id="224" sentence="9" number="4">at</token>
<token t_id="225" sentence="9" number="5">home</token>
<token t_id="226" sentence="9" number="6">,</token>
<token t_id="227" sentence="9" number="7">and</token>
<token t_id="228" sentence="9" number="8">will</token>
<token t_id="229" sentence="9" number="9">miss</token>
<token t_id="230" sentence="9" number="10">the</token>
<token t_id="231" sentence="9" number="11">team</token>
<token t_id="232" sentence="9" number="12">'s</token>
<token t_id="233" sentence="9" number="13">trip</token>
<token t_id="234" sentence="9" number="14">to</token>
<token t_id="235" sentence="9" number="15">Detroit</token>
<token t_id="236" sentence="9" number="16">,</token>
<token t_id="237" sentence="9" number="17">but</token>
<token t_id="238" sentence="9" number="18">will</token>
<token t_id="239" sentence="9" number="19">be</token>
<token t_id="240" sentence="9" number="20">back</token>
<token t_id="241" sentence="9" number="21">at</token>
<token t_id="242" sentence="9" number="22">the</token>
<token t_id="243" sentence="9" number="23">office</token>
<token t_id="244" sentence="9" number="24">next</token>
<token t_id="245" sentence="9" number="25">week</token>
<token t_id="246" sentence="9" number="26">sometime</token>
<token t_id="247" sentence="9" number="27">.</token>
<Markables>
<HUMAN_PART_PER m_id="3"  >
  <token_anchor t_id="1"/>
  <token_anchor t_id="2"/>
</HUMAN_PART_PER>
<TIME_DURATION m_id="4"  >
  <token_anchor t_id="8"/>
</TIME_DURATION>


<ACTION_ASPECTUAL m_id="5" note="byCROMER" >
  <token_anchor t_id="4"/>
</ACTION_ASPECTUAL>


<ACTION_ASPECTUAL m_id="6" RELATED_TO="" TAG_DESCRIPTOR="t25b_ending" instance_id="ACT18425119237522860" />
<HUMAN_PART_PER m_id="8" RELATED_TO="" TAG_DESCRIPTOR="t25b_reggie_bush" instance_id="HUM18424257748764087" />
<TIME_DURATION m_id="7" RELATED_TO="" TAG_DESCRIPTOR="t25b_season" instance_id="TIM18424740461641641" />
</Markables>

<Relations>
<CROSS_DOC_COREF r_id="32996" note="ACT18425119237522860" >
  <source m_id="5" />
  <target m_id="6" />
</CROSS_DOC_COREF>
<CROSS_DOC_COREF r_id="32997" note="TIM18424740461641641" >
  <source m_id="4" />
  <target m_id="7" />
</CROSS_DOC_COREF>
<CROSS_DOC_COREF r_id="32998" note="HUM18424257748764087" >
  <source m_id="3" />
  <target m_id="8" />
</CROSS_DOC_COREF>

</Relations>
</Document>
