<Document doc_name="25_13ecbplus.xml" doc_id="DOC15646379979860061">
<token t_id="1" sentence="0" number="0">http</token>
<token t_id="2" sentence="0" number="1">:</token>
<token t_id="3" sentence="0" number="2">/</token>
<token t_id="4" sentence="0" number="3">/</token>
<token t_id="5" sentence="0" number="4">profootballtalk</token>
<token t_id="6" sentence="0" number="5">.</token>
<token t_id="7" sentence="0" number="6">nbcsports</token>
<token t_id="8" sentence="0" number="7">.</token>
<token t_id="9" sentence="0" number="8">com</token>
<token t_id="10" sentence="0" number="9">/</token>
<token t_id="11" sentence="0" number="10">2011</token>
<token t_id="12" sentence="0" number="11">/</token>
<token t_id="13" sentence="0" number="12">01</token>
<token t_id="14" sentence="0" number="13">/</token>
<token t_id="15" sentence="0" number="14">05</token>
<token t_id="16" sentence="0" number="15">/</token>
<token t_id="17" sentence="0" number="16">pierre</token>
<token t_id="18" sentence="0" number="17">-</token>
<token t_id="19" sentence="0" number="18">thomas</token>
<token t_id="20" sentence="0" number="19">-</token>
<token t_id="21" sentence="0" number="20">is</token>
<token t_id="22" sentence="0" number="21">-</token>
<token t_id="23" sentence="0" number="22">headed</token>
<token t_id="24" sentence="0" number="23">-</token>
<token t_id="25" sentence="0" number="24">to</token>
<token t_id="26" sentence="0" number="25">-</token>
<token t_id="27" sentence="0" number="26">injured</token>
<token t_id="28" sentence="0" number="27">-</token>
<token t_id="29" sentence="0" number="28">reserve</token>
<token t_id="30" sentence="0" number="29">/</token>
<token t_id="31" sentence="1" number="0">Pierre</token>
<token t_id="32" sentence="1" number="1">Thomas</token>
<token t_id="33" sentence="1" number="2">is</token>
<token t_id="34" sentence="1" number="3">headed</token>
<token t_id="35" sentence="1" number="4">to</token>
<token t_id="36" sentence="1" number="5">injured</token>
<token t_id="37" sentence="1" number="6">reserve</token>
<token t_id="38" sentence="2" number="0">Posted</token>
<token t_id="39" sentence="2" number="1">on</token>
<token t_id="40" sentence="2" number="2">January</token>
<token t_id="41" sentence="2" number="3">5</token>
<token t_id="42" sentence="2" number="4">,</token>
<token t_id="43" sentence="2" number="5">2011</token>
<token t_id="44" sentence="2" number="6">,</token>
<token t_id="45" sentence="2" number="7">3</token>
<token t_id="46" sentence="2" number="8">:</token>
<token t_id="47" sentence="2" number="9">37</token>
<token t_id="48" sentence="2" number="10">PM</token>
<token t_id="49" sentence="2" number="11">EDT</token>
<token t_id="50" sentence="3" number="0">Pierre</token>
<token t_id="51" sentence="3" number="1">Thomas</token>
<token t_id="52" sentence="3" number="2">and</token>
<token t_id="53" sentence="3" number="3">Chris</token>
<token t_id="54" sentence="3" number="4">Ivory</token>
<token t_id="55" sentence="3" number="5">are</token>
<token t_id="56" sentence="3" number="6">out</token>
<token t_id="57" sentence="3" number="7">.</token>
<token t_id="58" sentence="4" number="0">DeShawn</token>
<token t_id="59" sentence="4" number="1">Wynn</token>
<token t_id="60" sentence="4" number="2">and</token>
<token t_id="61" sentence="4" number="3">Joique</token>
<token t_id="62" sentence="4" number="4">Bell</token>
<token t_id="63" sentence="4" number="5">are</token>
<token t_id="64" sentence="4" number="6">in</token>
<token t_id="65" sentence="4" number="7">.</token>
<token t_id="66" sentence="5" number="0">Suddenly</token>
<token t_id="67" sentence="5" number="1">,</token>
<token t_id="68" sentence="5" number="2">the</token>
<token t_id="69" sentence="5" number="3">No</token>
<token t_id="70" sentence="5" number="4">.</token>
<token t_id="71" sentence="5" number="5">5</token>
<token t_id="72" sentence="5" number="6">Saints</token>
<token t_id="73" sentence="5" number="7">don</token>
<token t_id="74" sentence="5" number="8">’</token>
<token t_id="75" sentence="5" number="9">t</token>
<token t_id="76" sentence="5" number="10">look</token>
<token t_id="77" sentence="5" number="11">as</token>
<token t_id="78" sentence="5" number="12">quite</token>
<token t_id="79" sentence="5" number="13">as</token>
<token t_id="80" sentence="5" number="14">big</token>
<token t_id="81" sentence="5" number="15">a</token>
<token t_id="82" sentence="5" number="16">threat</token>
<token t_id="83" sentence="5" number="17">to</token>
<token t_id="84" sentence="5" number="18">make</token>
<token t_id="85" sentence="5" number="19">a</token>
<token t_id="86" sentence="5" number="20">repeat</token>
<token t_id="87" sentence="5" number="21">trip</token>
<token t_id="88" sentence="5" number="22">to</token>
<token t_id="89" sentence="5" number="23">the</token>
<token t_id="90" sentence="5" number="24">Super</token>
<token t_id="91" sentence="5" number="25">Bowl</token>
<token t_id="92" sentence="5" number="26">.</token>
<token t_id="93" sentence="6" number="0">One</token>
<token t_id="94" sentence="6" number="1">day</token>
<token t_id="95" sentence="6" number="2">after</token>
<token t_id="96" sentence="6" number="3">Chris</token>
<token t_id="97" sentence="6" number="4">Ivory</token>
<token t_id="98" sentence="6" number="5">was</token>
<token t_id="99" sentence="6" number="6">surprisingly</token>
<token t_id="100" sentence="6" number="7">lost</token>
<token t_id="101" sentence="6" number="8">for</token>
<token t_id="102" sentence="6" number="9">the</token>
<token t_id="103" sentence="6" number="10">season</token>
<token t_id="104" sentence="6" number="11">,</token>
<token t_id="105" sentence="6" number="12">the</token>
<token t_id="106" sentence="6" number="13">Saints</token>
<token t_id="107" sentence="6" number="14">placed</token>
<token t_id="108" sentence="6" number="15">Thomas</token>
<token t_id="109" sentence="6" number="16">on</token>
<token t_id="110" sentence="6" number="17">injured</token>
<token t_id="111" sentence="6" number="18">reserve</token>
<token t_id="112" sentence="6" number="19">.</token>
<token t_id="113" sentence="7" number="0">The</token>
<token t_id="114" sentence="7" number="1">team</token>
<token t_id="115" sentence="7" number="2">’</token>
<token t_id="116" sentence="7" number="3">s</token>
<token t_id="117" sentence="7" number="4">best</token>
<token t_id="118" sentence="7" number="5">running</token>
<token t_id="119" sentence="7" number="6">back</token>
<token t_id="120" sentence="7" number="7">also</token>
<token t_id="121" sentence="7" number="8">sat</token>
<token t_id="122" sentence="7" number="9">out</token>
<token t_id="123" sentence="7" number="10">in</token>
<token t_id="124" sentence="7" number="11">Week</token>
<token t_id="125" sentence="7" number="12">17</token>
<token t_id="126" sentence="7" number="13">.</token>
<token t_id="127" sentence="8" number="0">Coach</token>
<token t_id="128" sentence="8" number="1">Sean</token>
<token t_id="129" sentence="8" number="2">Payton</token>
<token t_id="130" sentence="8" number="3">said</token>
<token t_id="131" sentence="8" number="4">Thomas</token>
<token t_id="132" sentence="8" number="5">suffered</token>
<token t_id="133" sentence="8" number="6">a</token>
<token t_id="134" sentence="8" number="7">setback</token>
<token t_id="135" sentence="8" number="8">in</token>
<token t_id="136" sentence="8" number="9">practice</token>
<token t_id="137" sentence="8" number="10">last</token>
<token t_id="138" sentence="8" number="11">week</token>
<token t_id="139" sentence="8" number="12">.</token>
<token t_id="140" sentence="9" number="0">We</token>
<token t_id="141" sentence="9" number="1">’</token>
<token t_id="142" sentence="9" number="2">ve</token>
<token t_id="143" sentence="9" number="3">been</token>
<token t_id="144" sentence="9" number="4">toying</token>
<token t_id="145" sentence="9" number="5">with</token>
<token t_id="146" sentence="9" number="6">the</token>
<token t_id="147" sentence="9" number="7">idea</token>
<token t_id="148" sentence="9" number="8">of</token>
<token t_id="149" sentence="9" number="9">picking</token>
<token t_id="150" sentence="9" number="10">the</token>
<token t_id="151" sentence="9" number="11">Saints</token>
<token t_id="152" sentence="9" number="12">to</token>
<token t_id="153" sentence="9" number="13">make</token>
<token t_id="154" sentence="9" number="14">it</token>
<token t_id="155" sentence="9" number="15">back</token>
<token t_id="156" sentence="9" number="16">to</token>
<token t_id="157" sentence="9" number="17">the</token>
<token t_id="158" sentence="9" number="18">Super</token>
<token t_id="159" sentence="9" number="19">Bowl</token>
<token t_id="160" sentence="9" number="20">.</token>
<token t_id="161" sentence="10" number="0">They</token>
<token t_id="162" sentence="10" number="1">’</token>
<token t_id="163" sentence="10" number="2">ve</token>
<token t_id="164" sentence="10" number="3">turned</token>
<token t_id="165" sentence="10" number="4">the</token>
<token t_id="166" sentence="10" number="5">ball</token>
<token t_id="167" sentence="10" number="6">over</token>
<token t_id="168" sentence="10" number="7">too</token>
<token t_id="169" sentence="10" number="8">much</token>
<token t_id="170" sentence="10" number="9">,</token>
<token t_id="171" sentence="10" number="10">but</token>
<token t_id="172" sentence="10" number="11">their</token>
<token t_id="173" sentence="10" number="12">defense</token>
<token t_id="174" sentence="10" number="13">is</token>
<token t_id="175" sentence="10" number="14">a</token>
<token t_id="176" sentence="10" number="15">lot</token>
<token t_id="177" sentence="10" number="16">better</token>
<token t_id="178" sentence="10" number="17">than</token>
<token t_id="179" sentence="10" number="18">people</token>
<token t_id="180" sentence="10" number="19">think</token>
<token t_id="181" sentence="10" number="20">.</token>
<token t_id="182" sentence="11" number="0">This</token>
<token t_id="183" sentence="11" number="1">news</token>
<token t_id="184" sentence="11" number="2">makes</token>
<token t_id="185" sentence="11" number="3">it</token>
<token t_id="186" sentence="11" number="4">harder</token>
<token t_id="187" sentence="11" number="5">.</token>
<token t_id="188" sentence="12" number="0">It</token>
<token t_id="189" sentence="12" number="1">’</token>
<token t_id="190" sentence="12" number="2">s</token>
<token t_id="191" sentence="12" number="3">going</token>
<token t_id="192" sentence="12" number="4">to</token>
<token t_id="193" sentence="12" number="5">be</token>
<token t_id="194" sentence="12" number="6">a</token>
<token t_id="195" sentence="12" number="7">lot</token>
<token t_id="196" sentence="12" number="8">harder</token>
<token t_id="197" sentence="12" number="9">for</token>
<token t_id="198" sentence="12" number="10">the</token>
<token t_id="199" sentence="12" number="11">New</token>
<token t_id="200" sentence="12" number="12">Orleans</token>
<token t_id="201" sentence="12" number="13">offense</token>
<token t_id="202" sentence="12" number="14">to</token>
<token t_id="203" sentence="12" number="15">stay</token>
<token t_id="204" sentence="12" number="16">balanced</token>
<token t_id="205" sentence="12" number="17">with</token>
<token t_id="206" sentence="12" number="18">Reggie</token>
<token t_id="207" sentence="12" number="19">Bush</token>
<token t_id="208" sentence="12" number="20">and</token>
<token t_id="209" sentence="12" number="21">Julius</token>
<token t_id="210" sentence="12" number="22">Jones</token>
<token t_id="211" sentence="12" number="23">carrying</token>
<token t_id="212" sentence="12" number="24">the</token>
<token t_id="213" sentence="12" number="25">load</token>
<token t_id="214" sentence="12" number="26">.</token>
<token t_id="215" sentence="13" number="0">Wynn</token>
<token t_id="216" sentence="13" number="1">and</token>
<token t_id="217" sentence="13" number="2">Bell</token>
<token t_id="218" sentence="13" number="3">were</token>
<token t_id="219" sentence="13" number="4">added</token>
<token t_id="220" sentence="13" number="5">to</token>
<token t_id="221" sentence="13" number="6">the</token>
<token t_id="222" sentence="13" number="7">roster</token>
<token t_id="223" sentence="13" number="8">in</token>
<token t_id="224" sentence="13" number="9">the</token>
<token t_id="225" sentence="13" number="10">last</token>
<token t_id="226" sentence="13" number="11">two</token>
<token t_id="227" sentence="13" number="12">days</token>
<token t_id="228" sentence="13" number="13">,</token>
<token t_id="229" sentence="13" number="14">but</token>
<token t_id="230" sentence="13" number="15">figure</token>
<token t_id="231" sentence="13" number="16">to</token>
<token t_id="232" sentence="13" number="17">be</token>
<token t_id="233" sentence="13" number="18">reserves</token>
<token t_id="234" sentence="13" number="19">.</token>
<Markables>
<ACTION_OCCURRENCE m_id="11"  >
  <token_anchor t_id="103"/>
</ACTION_OCCURRENCE>
<ACTION_OCCURRENCE m_id="13"  >
  <token_anchor t_id="100"/>
</ACTION_OCCURRENCE>
<ACTION_OCCURRENCE m_id="19"  >
  <token_anchor t_id="107"/>
</ACTION_OCCURRENCE>
<ACTION_OCCURRENCE m_id="5"  >
  <token_anchor t_id="34"/>
</ACTION_OCCURRENCE>
<ACTION_OCCURRENCE m_id="6"  >
  <token_anchor t_id="56"/>
</ACTION_OCCURRENCE>
<ACTION_STATE m_id="14"  >
  <token_anchor t_id="110"/>
  <token_anchor t_id="111"/>
</ACTION_STATE>
<ACTION_STATE m_id="4"  >
  <token_anchor t_id="36"/>
  <token_anchor t_id="37"/>
</ACTION_STATE>
<HUMAN_PART_ORG m_id="12"  >
  <token_anchor t_id="106"/>
</HUMAN_PART_ORG>
<HUMAN_PART_PER m_id="9"  >
  <token_anchor t_id="108"/>
</HUMAN_PART_PER>
<HUMAN_PART_PER m_id="1"  >
  <token_anchor t_id="31"/>
  <token_anchor t_id="32"/>
</HUMAN_PART_PER>
<HUMAN_PART_PER m_id="2"  >
  <token_anchor t_id="50"/>
  <token_anchor t_id="51"/>
</HUMAN_PART_PER>
<HUMAN_PART_PER m_id="3"  >
  <token_anchor t_id="53"/>
  <token_anchor t_id="54"/>
</HUMAN_PART_PER>
<HUMAN_PART_PER m_id="8"  >
  <token_anchor t_id="96"/>
  <token_anchor t_id="97"/>
</HUMAN_PART_PER>
<TIME_OF_THE_DAY m_id="7"  >
  <token_anchor t_id="40"/>
  <token_anchor t_id="41"/>
  <token_anchor t_id="42"/>
  <token_anchor t_id="43"/>
  <token_anchor t_id="44"/>
  <token_anchor t_id="45"/>
  <token_anchor t_id="46"/>
  <token_anchor t_id="47"/>
  <token_anchor t_id="48"/>
  <token_anchor t_id="49"/>
</TIME_OF_THE_DAY>


<TIME_DATE m_id="20" note="byCROMER" >
  <token_anchor t_id="93"/>
  <token_anchor t_id="94"/>
  <token_anchor t_id="95"/>
</TIME_DATE>


<HUMAN_PART_PER m_id="28" RELATED_TO="" TAG_DESCRIPTOR="t25_ivory" instance_id="HUM18421400570576106" />
<ACTION_OCCURRENCE m_id="27" RELATED_TO="" TAG_DESCRIPTOR="t25_season" instance_id="ACT18421556573077593" />
<ACTION_STATE m_id="26" RELATED_TO="" TAG_DESCRIPTOR="t25_ir" instance_id="ACT18421355928785200" />
<ACTION_OCCURRENCE m_id="25" RELATED_TO="" TAG_DESCRIPTOR="t25_place_on_ir" instance_id="ACT18421264233178659" />
<ACTION_OCCURRENCE m_id="24" RELATED_TO="" TAG_DESCRIPTOR="t25_place_ivory_on_ir" instance_id="ACT18423121407773140" />
<TIME_DATE m_id="23" RELATED_TO="" TAG_DESCRIPTOR="t25_wednesday" instance_id="TIM18421477265853869" />
<HUMAN_PART_PER m_id="22" RELATED_TO="" TAG_DESCRIPTOR="t25_thomas" instance_id="HUM18421454142328012" />
<HUMAN_PART_ORG m_id="21" RELATED_TO="" TAG_DESCRIPTOR="t25_saints" instance_id="HUM18421383201372865" />
</Markables>

<Relations>
<CROSS_DOC_COREF r_id="41470" note="HUM18421383201372865" >
  <source m_id="12" />
  <target m_id="21" />
</CROSS_DOC_COREF>
<CROSS_DOC_COREF r_id="41471" note="HUM18421454142328012" >
  <source m_id="1" />
  <source m_id="9" />
  <source m_id="2" />
  <target m_id="22" />
</CROSS_DOC_COREF>
<CROSS_DOC_COREF r_id="41472" note="TIM18421477265853869" >
  <source m_id="20" />
  <target m_id="23" />
</CROSS_DOC_COREF>
<CROSS_DOC_COREF r_id="41473" note="ACT18423121407773140" >
  <source m_id="13" />
  <target m_id="24" />
</CROSS_DOC_COREF>
<CROSS_DOC_COREF r_id="41474" note="ACT18421264233178659" >
  <source m_id="5" />
  <source m_id="19" />
  <target m_id="25" />
</CROSS_DOC_COREF>
<CROSS_DOC_COREF r_id="41475" note="ACT18421355928785200" >
  <source m_id="4" />
  <source m_id="14" />
  <target m_id="26" />
</CROSS_DOC_COREF>
<CROSS_DOC_COREF r_id="41476" note="ACT18421556573077593" >
  <source m_id="11" />
  <target m_id="27" />
</CROSS_DOC_COREF>
<CROSS_DOC_COREF r_id="41477" note="HUM18421400570576106" >
  <source m_id="8" />
  <source m_id="3" />
  <target m_id="28" />
</CROSS_DOC_COREF>

</Relations>
</Document>
