<Document doc_name="25_11ecb.xml" doc_id="DOC15654789122111663">
<token t_id="1" sentence="0" number="0">The</token>
<token t_id="2" sentence="0" number="1">New</token>
<token t_id="3" sentence="0" number="2">Orleans</token>
<token t_id="4" sentence="0" number="3">Saints</token>
<token t_id="5" sentence="0" number="4">placed</token>
<token t_id="6" sentence="0" number="5">Reggie</token>
<token t_id="7" sentence="0" number="6">Bush</token>
<token t_id="8" sentence="0" number="7">on</token>
<token t_id="9" sentence="0" number="8">the</token>
<token t_id="10" sentence="0" number="9">injured</token>
<token t_id="11" sentence="0" number="10">list</token>
<token t_id="12" sentence="0" number="11">on</token>
<token t_id="13" sentence="0" number="12">Wednesday</token>
<token t_id="14" sentence="0" number="13">,</token>
<token t_id="15" sentence="0" number="14">ending</token>
<token t_id="16" sentence="0" number="15">the</token>
<token t_id="17" sentence="0" number="16">National</token>
<token t_id="18" sentence="0" number="17">Football</token>
<token t_id="19" sentence="0" number="18">League</token>
<token t_id="20" sentence="0" number="19">season</token>
<token t_id="21" sentence="0" number="20">for</token>
<token t_id="22" sentence="0" number="21">the</token>
<token t_id="23" sentence="0" number="22">star</token>
<token t_id="24" sentence="0" number="23">running</token>
<token t_id="25" sentence="0" number="24">back</token>
<token t_id="26" sentence="0" number="25">.</token>
<token t_id="27" sentence="1" number="0">The</token>
<token t_id="28" sentence="1" number="1">23-year-old</token>
<token t_id="29" sentence="1" number="2">Bush</token>
<token t_id="30" sentence="1" number="3">will</token>
<token t_id="31" sentence="1" number="4">miss</token>
<token t_id="32" sentence="1" number="5">the</token>
<token t_id="33" sentence="1" number="6">team</token>
<token t_id="34" sentence="1" number="7">'s</token>
<token t_id="35" sentence="1" number="8">final</token>
<token t_id="36" sentence="1" number="9">two</token>
<token t_id="37" sentence="1" number="10">regular</token>
<token t_id="38" sentence="1" number="11">season</token>
<token t_id="39" sentence="1" number="12">games</token>
<token t_id="40" sentence="1" number="13">against</token>
<token t_id="41" sentence="1" number="14">Detroit</token>
<token t_id="42" sentence="1" number="15">and</token>
<token t_id="43" sentence="1" number="16">Carolina</token>
<token t_id="44" sentence="1" number="17">with</token>
<token t_id="45" sentence="1" number="18">a</token>
<token t_id="46" sentence="1" number="19">sprained</token>
<token t_id="47" sentence="1" number="20">left</token>
<token t_id="48" sentence="1" number="21">knee</token>
<token t_id="49" sentence="1" number="22">.</token>
<token t_id="50" sentence="2" number="0">Bush</token>
<token t_id="51" sentence="2" number="1">finished</token>
<token t_id="52" sentence="2" number="2">his</token>
<token t_id="53" sentence="2" number="3">third</token>
<token t_id="54" sentence="2" number="4">season</token>
<token t_id="55" sentence="2" number="5">in</token>
<token t_id="56" sentence="2" number="6">New</token>
<token t_id="57" sentence="2" number="7">Orleans</token>
<token t_id="58" sentence="2" number="8">with</token>
<token t_id="59" sentence="2" number="9">just</token>
<token t_id="60" sentence="2" number="10">404</token>
<token t_id="61" sentence="2" number="11">yards</token>
<token t_id="62" sentence="2" number="12">and</token>
<token t_id="63" sentence="2" number="13">two</token>
<token t_id="64" sentence="2" number="14">touchdowns</token>
<token t_id="65" sentence="2" number="15">on</token>
<token t_id="66" sentence="2" number="16">106</token>
<token t_id="67" sentence="2" number="17">carries</token>
<token t_id="68" sentence="2" number="18">.</token>
<token t_id="69" sentence="3" number="0">Bush</token>
<token t_id="70" sentence="3" number="1">suffered</token>
<token t_id="71" sentence="3" number="2">a</token>
<token t_id="72" sentence="3" number="3">left</token>
<token t_id="73" sentence="3" number="4">knee</token>
<token t_id="74" sentence="3" number="5">injury</token>
<token t_id="75" sentence="3" number="6">against</token>
<token t_id="76" sentence="3" number="7">Carolina</token>
<token t_id="77" sentence="3" number="8">on</token>
<token t_id="78" sentence="3" number="9">October</token>
<token t_id="79" sentence="3" number="10">19</token>
<token t_id="80" sentence="3" number="11">.</token>
<token t_id="81" sentence="4" number="0">He</token>
<token t_id="82" sentence="4" number="1">appeared</token>
<token t_id="83" sentence="4" number="2">to</token>
<token t_id="84" sentence="4" number="3">be</token>
<token t_id="85" sentence="4" number="4">on</token>
<token t_id="86" sentence="4" number="5">the</token>
<token t_id="87" sentence="4" number="6">mend</token>
<token t_id="88" sentence="4" number="7">,</token>
<token t_id="89" sentence="4" number="8">but</token>
<token t_id="90" sentence="4" number="9">he</token>
<token t_id="91" sentence="4" number="10">sprained</token>
<token t_id="92" sentence="4" number="11">the</token>
<token t_id="93" sentence="4" number="12">knee</token>
<token t_id="94" sentence="4" number="13">in</token>
<token t_id="95" sentence="4" number="14">last</token>
<token t_id="96" sentence="4" number="15">Thursday</token>
<token t_id="97" sentence="4" number="16">'s</token>
<token t_id="98" sentence="4" number="17">27-24</token>
<token t_id="99" sentence="4" number="18">overtime</token>
<token t_id="100" sentence="4" number="19">loss</token>
<token t_id="101" sentence="4" number="20">at</token>
<token t_id="102" sentence="4" number="21">Chicago</token>
<token t_id="103" sentence="4" number="22">and</token>
<token t_id="104" sentence="4" number="23">was</token>
<token t_id="105" sentence="4" number="24">limited</token>
<token t_id="106" sentence="4" number="25">to</token>
<token t_id="107" sentence="4" number="26">only</token>
<token t_id="108" sentence="4" number="27">30</token>
<token t_id="109" sentence="4" number="28">yards</token>
<token t_id="110" sentence="4" number="29">on</token>
<token t_id="111" sentence="4" number="30">six</token>
<token t_id="112" sentence="4" number="31">carries</token>
<token t_id="113" sentence="4" number="32">.</token>
<Markables>
<ACTION_ASPECTUAL m_id="23"  >
  <token_anchor t_id="15"/>
</ACTION_ASPECTUAL>
<ACTION_OCCURRENCE m_id="26"  >
  <token_anchor t_id="39"/>
</ACTION_OCCURRENCE>
<ACTION_OCCURRENCE m_id="21"  >
  <token_anchor t_id="5"/>
</ACTION_OCCURRENCE>
<ACTION_OCCURRENCE m_id="22"  >
  <token_anchor t_id="31"/>
</ACTION_OCCURRENCE>
<HUMAN_PART_ORG m_id="29"  >
  <token_anchor t_id="17"/>
  <token_anchor t_id="18"/>
  <token_anchor t_id="19"/>
</HUMAN_PART_ORG>
<HUMAN_PART_ORG m_id="30"  >
  <token_anchor t_id="41"/>
</HUMAN_PART_ORG>
<HUMAN_PART_ORG m_id="31"  >
  <token_anchor t_id="43"/>
</HUMAN_PART_ORG>
<HUMAN_PART_ORG m_id="17"  >
  <token_anchor t_id="1"/>
  <token_anchor t_id="2"/>
  <token_anchor t_id="3"/>
  <token_anchor t_id="4"/>
</HUMAN_PART_ORG>
<HUMAN_PART_PER m_id="18"  >
  <token_anchor t_id="7"/>
</HUMAN_PART_PER>
<HUMAN_PART_PER m_id="19"  >
  <token_anchor t_id="24"/>
  <token_anchor t_id="25"/>
</HUMAN_PART_PER>
<HUMAN_PART_PER m_id="20"  >
  <token_anchor t_id="29"/>
</HUMAN_PART_PER>
<NON_HUMAN_PART m_id="32"  >
  <token_anchor t_id="48"/>
</NON_HUMAN_PART>
<TIME_DATE m_id="24"  >
  <token_anchor t_id="13"/>
</TIME_DATE>
<TIME_DURATION m_id="28"  >
  <token_anchor t_id="20"/>
</TIME_DURATION>


<ACTION_OCCURRENCE m_id="33" note="byCROMER" >
  <token_anchor t_id="46"/>
</ACTION_OCCURRENCE>
<ACTION_STATE m_id="34" note="byCROMER" >
  <token_anchor t_id="11"/>
</ACTION_STATE>


<ACTION_OCCURRENCE m_id="39" RELATED_TO="" TAG_DESCRIPTOR="t25b_miss" instance_id="ACT18424962614215197" />
<ACTION_OCCURRENCE m_id="38" RELATED_TO="" TAG_DESCRIPTOR="t25b_twisted_knie" instance_id="ACT27336762490609809" />
<TIME_DATE m_id="37" RELATED_TO="" TAG_DESCRIPTOR="t25b_wednesday" instance_id="TIM18424896693504135" />
<HUMAN_PART_ORG m_id="36" RELATED_TO="" TAG_DESCRIPTOR="t25_saints" instance_id="HUM18421383201372865" />
<NON_HUMAN_PART m_id="35" RELATED_TO="" TAG_DESCRIPTOR="t25b_knee" instance_id="NON18424585860042730" />
<HUMAN_PART_PER m_id="45" RELATED_TO="" TAG_DESCRIPTOR="t25b_reggie_bush" instance_id="HUM18424257748764087" />
<ACTION_OCCURRENCE m_id="44" RELATED_TO="" TAG_DESCRIPTOR="t25b_games" instance_id="ACT18424951976294963" />
<ACTION_STATE m_id="43" RELATED_TO="" TAG_DESCRIPTOR="t25b_ir" instance_id="ACT18424320161764683" />
<TIME_DURATION m_id="42" RELATED_TO="" TAG_DESCRIPTOR="t25b_season" instance_id="TIM18424740461641641" />
<ACTION_OCCURRENCE m_id="41" RELATED_TO="" TAG_DESCRIPTOR="t25b_placed" instance_id="ACT18424433020607960" />
<ACTION_ASPECTUAL m_id="40" RELATED_TO="" TAG_DESCRIPTOR="t25b_ending" instance_id="ACT18425119237522860" />
</Markables>

<Relations>
<CROSS_DOC_COREF r_id="32986" note="NON18424585860042730" >
  <source m_id="32" />
  <target m_id="35" />
</CROSS_DOC_COREF>
<CROSS_DOC_COREF r_id="32987" note="HUM18421383201372865" >
  <source m_id="17" />
  <target m_id="36" />
</CROSS_DOC_COREF>
<CROSS_DOC_COREF r_id="32988" note="TIM18424896693504135" >
  <source m_id="24" />
  <target m_id="37" />
</CROSS_DOC_COREF>
<CROSS_DOC_COREF r_id="32989" note="ACT27336762490609809" >
  <source m_id="33" />
  <target m_id="38" />
</CROSS_DOC_COREF>
<CROSS_DOC_COREF r_id="32990" note="ACT18424962614215197" >
  <source m_id="22" />
  <target m_id="39" />
</CROSS_DOC_COREF>
<CROSS_DOC_COREF r_id="32991" note="ACT18425119237522860" >
  <source m_id="23" />
  <target m_id="40" />
</CROSS_DOC_COREF>
<CROSS_DOC_COREF r_id="32992" note="ACT18424433020607960" >
  <source m_id="21" />
  <target m_id="41" />
</CROSS_DOC_COREF>
<CROSS_DOC_COREF r_id="32993" note="TIM18424740461641641" >
  <source m_id="28" />
  <target m_id="42" />
</CROSS_DOC_COREF>
<CROSS_DOC_COREF r_id="32994" note="ACT18424320161764683" >
  <source m_id="34" />
  <target m_id="43" />
</CROSS_DOC_COREF>
<CROSS_DOC_COREF r_id="32995" note="ACT18424951976294963" >
  <source m_id="26" />
  <target m_id="44" />
</CROSS_DOC_COREF>
<CROSS_DOC_COREF r_id="32996" note="HUM18424257748764087" >
  <source m_id="20" />
  <source m_id="18" />
  <source m_id="19" />
  <target m_id="45" />
</CROSS_DOC_COREF>

</Relations>
</Document>
