<Document doc_name="25_12ecb.xml" doc_id="DOC15654789475743868">
<token t_id="1" sentence="0" number="0">The</token>
<token t_id="2" sentence="0" number="1">New</token>
<token t_id="3" sentence="0" number="2">Orleans</token>
<token t_id="4" sentence="0" number="3">Saints</token>
<token t_id="5" sentence="0" number="4">placed</token>
<token t_id="6" sentence="0" number="5">Reggie</token>
<token t_id="7" sentence="0" number="6">Bush</token>
<token t_id="8" sentence="0" number="7">on</token>
<token t_id="9" sentence="0" number="8">injured</token>
<token t_id="10" sentence="0" number="9">reserve</token>
<token t_id="11" sentence="0" number="10">today</token>
<token t_id="12" sentence="0" number="11">,</token>
<token t_id="13" sentence="0" number="12">officially</token>
<token t_id="14" sentence="0" number="13">ending</token>
<token t_id="15" sentence="0" number="14">his</token>
<token t_id="16" sentence="0" number="15">third</token>
<token t_id="17" sentence="0" number="16">NFL</token>
<token t_id="18" sentence="0" number="17">season</token>
<token t_id="19" sentence="0" number="18">.</token>
<token t_id="20" sentence="1" number="0">It</token>
<token t_id="21" sentence="1" number="1">'s</token>
<token t_id="22" sentence="1" number="2">the</token>
<token t_id="23" sentence="1" number="3">second</token>
<token t_id="24" sentence="1" number="4">straight</token>
<token t_id="25" sentence="1" number="5">year</token>
<token t_id="26" sentence="1" number="6">that</token>
<token t_id="27" sentence="1" number="7">Bush</token>
<token t_id="28" sentence="1" number="8">failed</token>
<token t_id="29" sentence="1" number="9">to</token>
<token t_id="30" sentence="1" number="10">make</token>
<token t_id="31" sentence="1" number="11">it</token>
<token t_id="32" sentence="1" number="12">to</token>
<token t_id="33" sentence="1" number="13">the</token>
<token t_id="34" sentence="1" number="14">last</token>
<token t_id="35" sentence="1" number="15">week</token>
<token t_id="36" sentence="1" number="16">of</token>
<token t_id="37" sentence="1" number="17">the</token>
<token t_id="38" sentence="1" number="18">season</token>
<token t_id="39" sentence="1" number="19">.</token>
<token t_id="40" sentence="2" number="0">It</token>
<token t_id="41" sentence="2" number="1">'s</token>
<token t_id="42" sentence="2" number="2">also</token>
<token t_id="43" sentence="2" number="3">the</token>
<token t_id="44" sentence="2" number="4">second</token>
<token t_id="45" sentence="2" number="5">straight</token>
<token t_id="46" sentence="2" number="6">year</token>
<token t_id="47" sentence="2" number="7">that</token>
<token t_id="48" sentence="2" number="8">Bush</token>
<token t_id="49" sentence="2" number="9">took</token>
<token t_id="50" sentence="2" number="10">steps</token>
<token t_id="51" sentence="2" number="11">backward</token>
<token t_id="52" sentence="2" number="12">after</token>
<token t_id="53" sentence="2" number="13">a</token>
<token t_id="54" sentence="2" number="14">strong</token>
<token t_id="55" sentence="2" number="15">rookie</token>
<token t_id="56" sentence="2" number="16">season</token>
<token t_id="57" sentence="2" number="17">.</token>
<token t_id="58" sentence="3" number="0">Bush</token>
<token t_id="59" sentence="3" number="1">,</token>
<token t_id="60" sentence="3" number="2">who</token>
<token t_id="61" sentence="3" number="3">missed</token>
<token t_id="62" sentence="3" number="4">several</token>
<token t_id="63" sentence="3" number="5">games</token>
<token t_id="64" sentence="3" number="6">after</token>
<token t_id="65" sentence="3" number="7">arthroscopic</token>
<token t_id="66" sentence="3" number="8">knee</token>
<token t_id="67" sentence="3" number="9">surgery</token>
<token t_id="68" sentence="3" number="10">earlier</token>
<token t_id="69" sentence="3" number="11">this</token>
<token t_id="70" sentence="3" number="12">season</token>
<token t_id="71" sentence="3" number="13">,</token>
<token t_id="72" sentence="3" number="14">wraps</token>
<token t_id="73" sentence="3" number="15">up</token>
<token t_id="74" sentence="3" number="16">the</token>
<token t_id="75" sentence="3" number="17">year</token>
<token t_id="76" sentence="3" number="18">with</token>
<token t_id="77" sentence="3" number="19">404</token>
<token t_id="78" sentence="3" number="20">yards</token>
<token t_id="79" sentence="3" number="21">rushing</token>
<token t_id="80" sentence="3" number="22">and</token>
<token t_id="81" sentence="3" number="23">440</token>
<token t_id="82" sentence="3" number="24">yards</token>
<token t_id="83" sentence="3" number="25">receiving</token>
<token t_id="84" sentence="3" number="26">.</token>
<token t_id="85" sentence="4" number="0">He</token>
<token t_id="86" sentence="4" number="1">scored</token>
<token t_id="87" sentence="4" number="2">six</token>
<token t_id="88" sentence="4" number="3">touchdowns</token>
<token t_id="89" sentence="4" number="4">on</token>
<token t_id="90" sentence="4" number="5">offense</token>
<token t_id="91" sentence="4" number="6">and</token>
<token t_id="92" sentence="4" number="7">added</token>
<token t_id="93" sentence="4" number="8">three</token>
<token t_id="94" sentence="4" number="9">more</token>
<token t_id="95" sentence="4" number="10">on</token>
<token t_id="96" sentence="4" number="11">punt</token>
<token t_id="97" sentence="4" number="12">returns</token>
<token t_id="98" sentence="4" number="13">.</token>
<token t_id="99" sentence="5" number="0">There</token>
<token t_id="100" sentence="5" number="1">'s</token>
<token t_id="101" sentence="5" number="2">nothing</token>
<token t_id="102" sentence="5" number="3">wrong</token>
<token t_id="103" sentence="5" number="4">with</token>
<token t_id="104" sentence="5" number="5">nine</token>
<token t_id="105" sentence="5" number="6">touchdowns</token>
<token t_id="106" sentence="5" number="7">in</token>
<token t_id="107" sentence="5" number="8">10</token>
<token t_id="108" sentence="5" number="9">games</token>
<token t_id="109" sentence="5" number="10">,</token>
<token t_id="110" sentence="5" number="11">but</token>
<token t_id="111" sentence="5" number="12">Bush</token>
<token t_id="112" sentence="5" number="13">'s</token>
<token t_id="113" sentence="5" number="14">inability</token>
<token t_id="114" sentence="5" number="15">to</token>
<token t_id="115" sentence="5" number="16">stay</token>
<token t_id="116" sentence="5" number="17">on</token>
<token t_id="117" sentence="5" number="18">the</token>
<token t_id="118" sentence="5" number="19">field</token>
<token t_id="119" sentence="5" number="20">has</token>
<token t_id="120" sentence="5" number="21">made</token>
<token t_id="121" sentence="5" number="22">him</token>
<token t_id="122" sentence="5" number="23">something</token>
<token t_id="123" sentence="5" number="24">less</token>
<token t_id="124" sentence="5" number="25">than</token>
<token t_id="125" sentence="5" number="26">the</token>
<token t_id="126" sentence="5" number="27">Saints</token>
<token t_id="127" sentence="5" number="28">expected</token>
<token t_id="128" sentence="5" number="29">with</token>
<token t_id="129" sentence="5" number="30">the</token>
<token t_id="130" sentence="5" number="31">second</token>
<token t_id="131" sentence="5" number="32">overall</token>
<token t_id="132" sentence="5" number="33">pick</token>
<token t_id="133" sentence="5" number="34">in</token>
<token t_id="134" sentence="5" number="35">the</token>
<token t_id="135" sentence="5" number="36">2006</token>
<token t_id="136" sentence="5" number="37">Draft</token>
<token t_id="137" sentence="5" number="38">.</token>
<token t_id="138" sentence="6" number="0">Leon</token>
<token t_id="139" sentence="6" number="1">Washington</token>
<token t_id="140" sentence="6" number="2">of</token>
<token t_id="141" sentence="6" number="3">the</token>
<token t_id="142" sentence="6" number="4">Jets</token>
<token t_id="143" sentence="6" number="5">,</token>
<token t_id="144" sentence="6" number="6">a</token>
<token t_id="145" sentence="6" number="7">fourth-rounder</token>
<token t_id="146" sentence="6" number="8">that</token>
<token t_id="147" sentence="6" number="9">year</token>
<token t_id="148" sentence="6" number="10">,</token>
<token t_id="149" sentence="6" number="11">has</token>
<token t_id="150" sentence="6" number="12">turned</token>
<token t_id="151" sentence="6" number="13">in</token>
<token t_id="152" sentence="6" number="14">similar</token>
<token t_id="153" sentence="6" number="15">production</token>
<token t_id="154" sentence="6" number="16">as</token>
<token t_id="155" sentence="6" number="17">Bush</token>
<token t_id="156" sentence="6" number="18">this</token>
<token t_id="157" sentence="6" number="19">season</token>
<token t_id="158" sentence="6" number="20">(</token>
<token t_id="159" sentence="6" number="21">in</token>
<token t_id="160" sentence="6" number="22">more</token>
<token t_id="161" sentence="6" number="23">games</token>
<token t_id="162" sentence="6" number="24">)</token>
<token t_id="163" sentence="6" number="25">but</token>
<token t_id="164" sentence="6" number="26">costs</token>
<token t_id="165" sentence="6" number="27">his</token>
<token t_id="166" sentence="6" number="28">team</token>
<token t_id="167" sentence="6" number="29">much</token>
<token t_id="168" sentence="6" number="30">less</token>
<token t_id="169" sentence="6" number="31">money</token>
<token t_id="170" sentence="6" number="32">.</token>
<token t_id="171" sentence="7" number="0">Making</token>
<token t_id="172" sentence="7" number="1">matters</token>
<token t_id="173" sentence="7" number="2">worse</token>
<token t_id="174" sentence="7" number="3">is</token>
<token t_id="175" sentence="7" number="4">the</token>
<token t_id="176" sentence="7" number="5">fact</token>
<token t_id="177" sentence="7" number="6">that</token>
<token t_id="178" sentence="7" number="7">the</token>
<token t_id="179" sentence="7" number="8">relationship</token>
<token t_id="180" sentence="7" number="9">between</token>
<token t_id="181" sentence="7" number="10">Bush</token>
<token t_id="182" sentence="7" number="11">and</token>
<token t_id="183" sentence="7" number="12">coach</token>
<token t_id="184" sentence="7" number="13">Sean</token>
<token t_id="185" sentence="7" number="14">Payton</token>
<token t_id="186" sentence="7" number="15">seems</token>
<token t_id="187" sentence="7" number="16">to</token>
<token t_id="188" sentence="7" number="17">be</token>
<token t_id="189" sentence="7" number="18">deteriorating</token>
<token t_id="190" sentence="7" number="19">.</token>
<token t_id="191" sentence="8" number="0">Bush</token>
<token t_id="192" sentence="8" number="1">expressed</token>
<token t_id="193" sentence="8" number="2">unhappiness</token>
<token t_id="194" sentence="8" number="3">about</token>
<token t_id="195" sentence="8" number="4">being</token>
<token t_id="196" sentence="8" number="5">yanked</token>
<token t_id="197" sentence="8" number="6">from</token>
<token t_id="198" sentence="8" number="7">last</token>
<token t_id="199" sentence="8" number="8">week</token>
<token t_id="200" sentence="8" number="9">'s</token>
<token t_id="201" sentence="8" number="10">loss</token>
<token t_id="202" sentence="8" number="11">to</token>
<token t_id="203" sentence="8" number="12">the</token>
<token t_id="204" sentence="8" number="13">Bears</token>
<token t_id="205" sentence="8" number="14">,</token>
<token t_id="206" sentence="8" number="15">two</token>
<token t_id="207" sentence="8" number="16">weeks</token>
<token t_id="208" sentence="8" number="17">after</token>
<token t_id="209" sentence="8" number="18">Payton</token>
<token t_id="210" sentence="8" number="19">made</token>
<token t_id="211" sentence="8" number="20">a</token>
<token t_id="212" sentence="8" number="21">similar</token>
<token t_id="213" sentence="8" number="22">move</token>
<token t_id="214" sentence="8" number="23">against</token>
<token t_id="215" sentence="8" number="24">the</token>
<token t_id="216" sentence="8" number="25">Bucs</token>
<token t_id="217" sentence="8" number="26">.</token>
<token t_id="218" sentence="9" number="0">Whatever</token>
<token t_id="219" sentence="9" number="1">his</token>
<token t_id="220" sentence="9" number="2">shortcomings</token>
<token t_id="221" sentence="9" number="3">,</token>
<token t_id="222" sentence="9" number="4">Bush</token>
<token t_id="223" sentence="9" number="5">could</token>
<token t_id="224" sentence="9" number="6">still</token>
<token t_id="225" sentence="9" number="7">play</token>
<token t_id="226" sentence="9" number="8">an</token>
<token t_id="227" sentence="9" number="9">important</token>
<token t_id="228" sentence="9" number="10">role</token>
<token t_id="229" sentence="9" number="11">in</token>
<token t_id="230" sentence="9" number="12">the</token>
<token t_id="231" sentence="9" number="13">supercharged</token>
<token t_id="232" sentence="9" number="14">Saints</token>
<token t_id="233" sentence="9" number="15">offense</token>
<token t_id="234" sentence="9" number="16">.</token>
<token t_id="235" sentence="10" number="0">Unless</token>
<token t_id="236" sentence="10" number="1">he</token>
<token t_id="237" sentence="10" number="2">loses</token>
<token t_id="238" sentence="10" number="3">Payton</token>
<token t_id="239" sentence="10" number="4">'s</token>
<token t_id="240" sentence="10" number="5">faith</token>
<token t_id="241" sentence="10" number="6">once</token>
<token t_id="242" sentence="10" number="7">and</token>
<token t_id="243" sentence="10" number="8">for</token>
<token t_id="244" sentence="10" number="9">all</token>
<token t_id="245" sentence="10" number="10">,</token>
<token t_id="246" sentence="10" number="11">of</token>
<token t_id="247" sentence="10" number="12">course</token>
<token t_id="248" sentence="10" number="13">.</token>
<Markables>
<ACTION_ASPECTUAL m_id="9"  >
  <token_anchor t_id="14"/>
</ACTION_ASPECTUAL>
<ACTION_OCCURRENCE m_id="15"  >
  <token_anchor t_id="5"/>
</ACTION_OCCURRENCE>
<ACTION_STATE m_id="14"  >
  <token_anchor t_id="9"/>
  <token_anchor t_id="10"/>
</ACTION_STATE>
<HUMAN_PART_ORG m_id="10"  >
  <token_anchor t_id="1"/>
  <token_anchor t_id="2"/>
  <token_anchor t_id="3"/>
  <token_anchor t_id="4"/>
</HUMAN_PART_ORG>
<HUMAN_PART_ORG m_id="16"  >
  <token_anchor t_id="17"/>
</HUMAN_PART_ORG>
<HUMAN_PART_PER m_id="11"  >
  <token_anchor t_id="6"/>
  <token_anchor t_id="7"/>
</HUMAN_PART_PER>
<TIME_DATE m_id="12"  >
  <token_anchor t_id="11"/>
</TIME_DATE>
<TIME_DURATION m_id="17"  >
  <token_anchor t_id="18"/>
</TIME_DURATION>




<HUMAN_PART_PER m_id="24" RELATED_TO="" TAG_DESCRIPTOR="t25b_reggie_bush" instance_id="HUM18424257748764087" />
<ACTION_STATE m_id="23" RELATED_TO="" TAG_DESCRIPTOR="t25b_ir" instance_id="ACT18424320161764683" />
<ACTION_OCCURRENCE m_id="22" RELATED_TO="" TAG_DESCRIPTOR="t25b_placed" instance_id="ACT18424433020607960" />
<TIME_DURATION m_id="21" RELATED_TO="" TAG_DESCRIPTOR="t25b_season" instance_id="TIM18424740461641641" />
<TIME_DATE m_id="19" RELATED_TO="" TAG_DESCRIPTOR="t25b_wednesday" instance_id="TIM18424896693504135" />
<ACTION_ASPECTUAL m_id="20" RELATED_TO="" TAG_DESCRIPTOR="t25b_ending" instance_id="ACT18425119237522860" />
<HUMAN_PART_ORG m_id="18" RELATED_TO="" TAG_DESCRIPTOR="t25_saints" instance_id="HUM18421383201372865" />
</Markables>

<Relations>
<CROSS_DOC_COREF r_id="32994" note="HUM18421383201372865" >
  <source m_id="10" />
  <target m_id="18" />
</CROSS_DOC_COREF>
<CROSS_DOC_COREF r_id="32995" note="TIM18424896693504135" >
  <source m_id="12" />
  <target m_id="19" />
</CROSS_DOC_COREF>
<CROSS_DOC_COREF r_id="32996" note="ACT18425119237522860" >
  <source m_id="9" />
  <target m_id="20" />
</CROSS_DOC_COREF>
<CROSS_DOC_COREF r_id="32997" note="TIM18424740461641641" >
  <source m_id="17" />
  <target m_id="21" />
</CROSS_DOC_COREF>
<CROSS_DOC_COREF r_id="32998" note="ACT18424433020607960" >
  <source m_id="15" />
  <target m_id="22" />
</CROSS_DOC_COREF>
<CROSS_DOC_COREF r_id="32999" note="ACT18424320161764683" >
  <source m_id="14" />
  <target m_id="23" />
</CROSS_DOC_COREF>
<CROSS_DOC_COREF r_id="33000" note="HUM18424257748764087" >
  <source m_id="11" />
  <target m_id="24" />
</CROSS_DOC_COREF>

</Relations>
</Document>
