<Document doc_name="25_3ecbplus.xml" doc_id="DOC15646379315700506">
<token t_id="1" sentence="0" number="0">http</token>
<token t_id="2" sentence="0" number="1">:</token>
<token t_id="3" sentence="0" number="2">/</token>
<token t_id="4" sentence="0" number="3">/</token>
<token t_id="5" sentence="0" number="4">content</token>
<token t_id="6" sentence="0" number="5">.</token>
<token t_id="7" sentence="0" number="6">usatoday</token>
<token t_id="8" sentence="0" number="7">.</token>
<token t_id="9" sentence="0" number="8">com</token>
<token t_id="10" sentence="0" number="9">/</token>
<token t_id="11" sentence="0" number="10">communities</token>
<token t_id="12" sentence="0" number="11">/</token>
<token t_id="13" sentence="0" number="12">thehuddle</token>
<token t_id="14" sentence="0" number="13">/</token>
<token t_id="15" sentence="0" number="14">post</token>
<token t_id="16" sentence="0" number="15">/</token>
<token t_id="17" sentence="0" number="16">2011</token>
<token t_id="18" sentence="0" number="17">/</token>
<token t_id="19" sentence="0" number="18">01</token>
<token t_id="20" sentence="0" number="19">/</token>
<token t_id="21" sentence="0" number="20">pierre</token>
<token t_id="22" sentence="0" number="21">-</token>
<token t_id="23" sentence="0" number="22">thomas</token>
<token t_id="24" sentence="0" number="23">-</token>
<token t_id="25" sentence="0" number="24">saints</token>
<token t_id="26" sentence="0" number="25">-</token>
<token t_id="27" sentence="0" number="26">injured</token>
<token t_id="28" sentence="0" number="27">-</token>
<token t_id="29" sentence="0" number="28">reserve</token>
<token t_id="30" sentence="0" number="29">-</token>
<token t_id="31" sentence="0" number="30">playoffs</token>
<token t_id="32" sentence="0" number="31">-</token>
<token t_id="33" sentence="0" number="32">seahawks</token>
<token t_id="34" sentence="0" number="33">/</token>
<token t_id="35" sentence="0" number="34">1#</token>
<token t_id="36" sentence="0" number="35">.</token>
<token t_id="37" sentence="0" number="36">UlQWdhaKyFI</token>
<token t_id="38" sentence="1" number="0">Jan</token>
<token t_id="39" sentence="1" number="1">05</token>
<token t_id="40" sentence="1" number="2">,</token>
<token t_id="41" sentence="1" number="3">2011</token>
<token t_id="42" sentence="2" number="0">Saints</token>
<token t_id="43" sentence="2" number="1">place</token>
<token t_id="44" sentence="2" number="2">RB</token>
<token t_id="45" sentence="2" number="3">Pierre</token>
<token t_id="46" sentence="2" number="4">Thomas</token>
<token t_id="47" sentence="2" number="5">on</token>
<token t_id="48" sentence="2" number="6">injured</token>
<token t_id="49" sentence="2" number="7">reserve</token>
<token t_id="50" sentence="3" number="0">One</token>
<token t_id="51" sentence="3" number="1">day</token>
<token t_id="52" sentence="3" number="2">after</token>
<token t_id="53" sentence="3" number="3">placing</token>
<token t_id="54" sentence="3" number="4">leading</token>
<token t_id="55" sentence="3" number="5">rusher</token>
<token t_id="56" sentence="3" number="6">Chris</token>
<token t_id="57" sentence="3" number="7">Ivory</token>
<token t_id="58" sentence="3" number="8">on</token>
<token t_id="59" sentence="3" number="9">injured</token>
<token t_id="60" sentence="3" number="10">reserve</token>
<token t_id="61" sentence="3" number="11">,</token>
<token t_id="62" sentence="3" number="12">the</token>
<token t_id="63" sentence="3" number="13">Saints</token>
<token t_id="64" sentence="3" number="14">have</token>
<token t_id="65" sentence="3" number="15">lost</token>
<token t_id="66" sentence="3" number="16">another</token>
<token t_id="67" sentence="3" number="17">RB</token>
<token t_id="68" sentence="3" number="18">for</token>
<token t_id="69" sentence="3" number="19">the</token>
<token t_id="70" sentence="3" number="20">season</token>
<token t_id="71" sentence="3" number="21">.</token>
<token t_id="72" sentence="4" number="0">Coach</token>
<token t_id="73" sentence="4" number="1">Sean</token>
<token t_id="74" sentence="4" number="2">Payton</token>
<token t_id="75" sentence="4" number="3">announced</token>
<token t_id="76" sentence="4" number="4">Wednesday</token>
<token t_id="77" sentence="4" number="5">that</token>
<token t_id="78" sentence="4" number="6">Pierre</token>
<token t_id="79" sentence="4" number="7">Thomas</token>
<token t_id="80" sentence="4" number="8">was</token>
<token t_id="81" sentence="4" number="9">placed</token>
<token t_id="82" sentence="4" number="10">on</token>
<token t_id="83" sentence="4" number="11">IR</token>
<token t_id="84" sentence="4" number="12">.</token>
<token t_id="85" sentence="5" number="0">Thomas</token>
<token t_id="86" sentence="5" number="1">suffered</token>
<token t_id="87" sentence="5" number="2">through</token>
<token t_id="88" sentence="5" number="3">an</token>
<token t_id="89" sentence="5" number="4">injury</token>
<token t_id="90" sentence="5" number="5">-</token>
<token t_id="91" sentence="5" number="6">plagued</token>
<token t_id="92" sentence="5" number="7">2010</token>
<token t_id="93" sentence="5" number="8">season</token>
<token t_id="94" sentence="5" number="9">,</token>
<token t_id="95" sentence="5" number="10">missing</token>
<token t_id="96" sentence="5" number="11">10</token>
<token t_id="97" sentence="5" number="12">of</token>
<token t_id="98" sentence="5" number="13">the</token>
<token t_id="99" sentence="5" number="14">Saints'</token>
<token t_id="100" sentence="5" number="15">16</token>
<token t_id="101" sentence="5" number="16">games</token>
<token t_id="102" sentence="5" number="17">with</token>
<token t_id="103" sentence="5" number="18">a</token>
<token t_id="104" sentence="5" number="19">troublesome</token>
<token t_id="105" sentence="5" number="20">left</token>
<token t_id="106" sentence="5" number="21">ankle</token>
<token t_id="107" sentence="5" number="22">sprain</token>
<token t_id="108" sentence="5" number="23">.</token>
<token t_id="109" sentence="6" number="0">He</token>
<token t_id="110" sentence="6" number="1">returned</token>
<token t_id="111" sentence="6" number="2">to</token>
<token t_id="112" sentence="6" number="3">play</token>
<token t_id="113" sentence="6" number="4">in</token>
<token t_id="114" sentence="6" number="5">Weeks</token>
<token t_id="115" sentence="6" number="6">14</token>
<token t_id="116" sentence="6" number="7">-</token>
<token t_id="117" sentence="6" number="8">16</token>
<token t_id="118" sentence="6" number="9">,</token>
<token t_id="119" sentence="6" number="10">but</token>
<token t_id="120" sentence="6" number="11">missed</token>
<token t_id="121" sentence="6" number="12">New</token>
<token t_id="122" sentence="6" number="13">Orleans'</token>
<token t_id="123" sentence="6" number="14">season</token>
<token t_id="124" sentence="6" number="15">-</token>
<token t_id="125" sentence="6" number="16">finale</token>
<token t_id="126" sentence="6" number="17">after</token>
<token t_id="127" sentence="6" number="18">tweaking</token>
<token t_id="128" sentence="6" number="19">the</token>
<token t_id="129" sentence="6" number="20">injury</token>
<token t_id="130" sentence="6" number="21">.</token>
<token t_id="131" sentence="7" number="0">Ivory</token>
<token t_id="132" sentence="7" number="1">made</token>
<token t_id="133" sentence="7" number="2">the</token>
<token t_id="134" sentence="7" number="3">most</token>
<token t_id="135" sentence="7" number="4">of</token>
<token t_id="136" sentence="7" number="5">his</token>
<token t_id="137" sentence="7" number="6">opportunities</token>
<token t_id="138" sentence="7" number="7">with</token>
<token t_id="139" sentence="7" number="8">Thomas</token>
<token t_id="140" sentence="7" number="9">and</token>
<token t_id="141" sentence="7" number="10">Reggie</token>
<token t_id="142" sentence="7" number="11">Bush</token>
<token t_id="143" sentence="7" number="12">(</token>
<token t_id="144" sentence="7" number="13">broken</token>
<token t_id="145" sentence="7" number="14">tibia</token>
<token t_id="146" sentence="7" number="15">)</token>
<token t_id="147" sentence="7" number="16">missing</token>
<token t_id="148" sentence="7" number="17">time</token>
<token t_id="149" sentence="7" number="18">with</token>
<token t_id="150" sentence="7" number="19">injuries</token>
<token t_id="151" sentence="7" number="20">.</token>
<token t_id="152" sentence="8" number="0">The</token>
<token t_id="153" sentence="8" number="1">undrafted</token>
<token t_id="154" sentence="8" number="2">rookie</token>
<token t_id="155" sentence="8" number="3">averaged</token>
<token t_id="156" sentence="8" number="4">5</token>
<token t_id="157" sentence="8" number="5">.</token>
<token t_id="158" sentence="8" number="6">2</token>
<token t_id="159" sentence="8" number="7">yards</token>
<token t_id="160" sentence="8" number="8">a</token>
<token t_id="161" sentence="8" number="9">carry</token>
<token t_id="162" sentence="8" number="10">and</token>
<token t_id="163" sentence="8" number="11">finished</token>
<token t_id="164" sentence="8" number="12">with</token>
<token t_id="165" sentence="8" number="13">a</token>
<token t_id="166" sentence="8" number="14">team</token>
<token t_id="167" sentence="8" number="15">-</token>
<token t_id="168" sentence="8" number="16">high</token>
<token t_id="169" sentence="8" number="17">716</token>
<token t_id="170" sentence="8" number="18">yards</token>
<token t_id="171" sentence="8" number="19">rushing</token>
<token t_id="172" sentence="8" number="20">and</token>
<token t_id="173" sentence="8" number="21">five</token>
<token t_id="174" sentence="8" number="22">touchdowns</token>
<token t_id="175" sentence="8" number="23">.</token>
<token t_id="176" sentence="9" number="0">The</token>
<token t_id="177" sentence="9" number="1">Saints</token>
<token t_id="178" sentence="9" number="2">re</token>
<token t_id="179" sentence="9" number="3">-</token>
<token t_id="180" sentence="9" number="4">signed</token>
<token t_id="181" sentence="9" number="5">RB</token>
<token t_id="182" sentence="9" number="6">DeShawn</token>
<token t_id="183" sentence="9" number="7">Wynn</token>
<token t_id="184" sentence="9" number="8">to</token>
<token t_id="185" sentence="9" number="9">take</token>
<token t_id="186" sentence="9" number="10">Ivory's</token>
<token t_id="187" sentence="9" number="11">place</token>
<token t_id="188" sentence="9" number="12">on</token>
<token t_id="189" sentence="9" number="13">the</token>
<token t_id="190" sentence="9" number="14">roster</token>
<token t_id="191" sentence="9" number="15">on</token>
<token t_id="192" sentence="9" number="16">Tuesday</token>
<token t_id="193" sentence="9" number="17">.</token>
<token t_id="194" sentence="10" number="0">After</token>
<token t_id="195" sentence="10" number="1">putting</token>
<token t_id="196" sentence="10" number="2">Thomas</token>
<token t_id="197" sentence="10" number="3">on</token>
<token t_id="198" sentence="10" number="4">IR</token>
<token t_id="199" sentence="10" number="5">Wednesday</token>
<token t_id="200" sentence="10" number="6">,</token>
<token t_id="201" sentence="10" number="7">New</token>
<token t_id="202" sentence="10" number="8">Orleans</token>
<token t_id="203" sentence="10" number="9">replaced</token>
<token t_id="204" sentence="10" number="10">him</token>
<token t_id="205" sentence="10" number="11">by</token>
<token t_id="206" sentence="10" number="12">signing</token>
<token t_id="207" sentence="10" number="13">RB</token>
<token t_id="208" sentence="10" number="14">Joique</token>
<token t_id="209" sentence="10" number="15">Bell</token>
<token t_id="210" sentence="10" number="16">off</token>
<token t_id="211" sentence="10" number="17">the</token>
<token t_id="212" sentence="10" number="18">Eagles'</token>
<token t_id="213" sentence="10" number="19">practice</token>
<token t_id="214" sentence="10" number="20">squad</token>
<token t_id="215" sentence="10" number="21">.</token>
<token t_id="216" sentence="11" number="0">Thomas</token>
<token t_id="217" sentence="11" number="1">joins</token>
<token t_id="218" sentence="11" number="2">a</token>
<token t_id="219" sentence="11" number="3">growing</token>
<token t_id="220" sentence="11" number="4">tally</token>
<token t_id="221" sentence="11" number="5">of</token>
<token t_id="222" sentence="11" number="6">shelved</token>
<token t_id="223" sentence="11" number="7">Saints</token>
<token t_id="224" sentence="11" number="8">RBs</token>
<token t_id="225" sentence="11" number="9">.</token>
<token t_id="226" sentence="12" number="0">Ladell</token>
<token t_id="227" sentence="12" number="1">Betts</token>
<token t_id="228" sentence="12" number="2">went</token>
<token t_id="229" sentence="12" number="3">on</token>
<token t_id="230" sentence="12" number="4">IR</token>
<token t_id="231" sentence="12" number="5">in</token>
<token t_id="232" sentence="12" number="6">early</token>
<token t_id="233" sentence="12" number="7">December</token>
<token t_id="234" sentence="12" number="8">and</token>
<token t_id="235" sentence="12" number="9">the</token>
<token t_id="236" sentence="12" number="10">team</token>
<token t_id="237" sentence="12" number="11">lost</token>
<token t_id="238" sentence="12" number="12">Lynell</token>
<token t_id="239" sentence="12" number="13">Hamilton</token>
<token t_id="240" sentence="12" number="14">and</token>
<token t_id="241" sentence="12" number="15">P</token>
<token t_id="242" sentence="12" number="16">.</token>
<token t_id="243" sentence="12" number="17">J</token>
<token t_id="244" sentence="12" number="18">.</token>
<token t_id="245" sentence="12" number="19">Hill</token>
<token t_id="246" sentence="12" number="20">to</token>
<token t_id="247" sentence="12" number="21">season</token>
<token t_id="248" sentence="12" number="22">-</token>
<token t_id="249" sentence="12" number="23">ending</token>
<token t_id="250" sentence="12" number="24">injuries</token>
<token t_id="251" sentence="12" number="25">during</token>
<token t_id="252" sentence="12" number="26">the</token>
<token t_id="253" sentence="12" number="27">preseason</token>
<token t_id="254" sentence="12" number="28">.</token>
<token t_id="255" sentence="13" number="0">Bush</token>
<token t_id="256" sentence="13" number="1">,</token>
<token t_id="257" sentence="13" number="2">veteran</token>
<token t_id="258" sentence="13" number="3">Julius</token>
<token t_id="259" sentence="13" number="4">Jones</token>
<token t_id="260" sentence="13" number="5">and</token>
<token t_id="261" sentence="13" number="6">Wynn</token>
<token t_id="262" sentence="13" number="7">are</token>
<token t_id="263" sentence="13" number="8">expected</token>
<token t_id="264" sentence="13" number="9">to</token>
<token t_id="265" sentence="13" number="10">carry</token>
<token t_id="266" sentence="13" number="11">the</token>
<token t_id="267" sentence="13" number="12">load</token>
<token t_id="268" sentence="13" number="13">as</token>
<token t_id="269" sentence="13" number="14">the</token>
<token t_id="270" sentence="13" number="15">Saints</token>
<token t_id="271" sentence="13" number="16">try</token>
<token t_id="272" sentence="13" number="17">to</token>
<token t_id="273" sentence="13" number="18">defend</token>
<token t_id="274" sentence="13" number="19">their</token>
<token t_id="275" sentence="13" number="20">title</token>
<token t_id="276" sentence="13" number="21">.</token>
<token t_id="277" sentence="14" number="0">New</token>
<token t_id="278" sentence="14" number="1">Orleans</token>
<token t_id="279" sentence="14" number="2">begins</token>
<token t_id="280" sentence="14" number="3">its</token>
<token t_id="281" sentence="14" number="4">postseason</token>
<token t_id="282" sentence="14" number="5">Saturday</token>
<token t_id="283" sentence="14" number="6">at</token>
<token t_id="284" sentence="14" number="7">4</token>
<token t_id="285" sentence="14" number="8">:</token>
<token t_id="286" sentence="14" number="9">30</token>
<token t_id="287" sentence="14" number="10">p</token>
<token t_id="288" sentence="14" number="11">.</token>
<token t_id="289" sentence="14" number="12">m</token>
<token t_id="290" sentence="14" number="13">.</token>
<token t_id="291" sentence="14" number="14">ET</token>
<token t_id="292" sentence="14" number="15">with</token>
<token t_id="293" sentence="14" number="16">a</token>
<token t_id="294" sentence="14" number="17">wild</token>
<token t_id="295" sentence="14" number="18">-</token>
<token t_id="296" sentence="14" number="19">card</token>
<token t_id="297" sentence="14" number="20">round</token>
<token t_id="298" sentence="14" number="21">game</token>
<token t_id="299" sentence="14" number="22">in</token>
<token t_id="300" sentence="14" number="23">Seattle</token>
<token t_id="301" sentence="14" number="24">against</token>
<token t_id="302" sentence="14" number="25">the</token>
<token t_id="303" sentence="14" number="26">NFC</token>
<token t_id="304" sentence="14" number="27">West</token>
<token t_id="305" sentence="14" number="28">champion</token>
<token t_id="306" sentence="14" number="29">Seahawks</token>
<token t_id="307" sentence="14" number="30">.</token>
<Markables>
<ACTION_OCCURRENCE m_id="10"  >
  <token_anchor t_id="43"/>
</ACTION_OCCURRENCE>
<ACTION_OCCURRENCE m_id="11"  >
  <token_anchor t_id="53"/>
</ACTION_OCCURRENCE>
<ACTION_OCCURRENCE m_id="12"  >
  <token_anchor t_id="65"/>
</ACTION_OCCURRENCE>
<ACTION_OCCURRENCE m_id="13"  >
  <token_anchor t_id="81"/>
</ACTION_OCCURRENCE>
<ACTION_OCCURRENCE m_id="14"  >
  <token_anchor t_id="86"/>
</ACTION_OCCURRENCE>
<ACTION_OCCURRENCE m_id="15"  >
  <token_anchor t_id="91"/>
</ACTION_OCCURRENCE>
<ACTION_OCCURRENCE m_id="16"  >
  <token_anchor t_id="95"/>
</ACTION_OCCURRENCE>
<ACTION_OCCURRENCE m_id="17"  >
  <token_anchor t_id="101"/>
</ACTION_OCCURRENCE>
<ACTION_OCCURRENCE m_id="18"  >
  <token_anchor t_id="107"/>
</ACTION_OCCURRENCE>
<ACTION_OCCURRENCE m_id="24"  >
  <token_anchor t_id="93"/>
</ACTION_OCCURRENCE>
<ACTION_OCCURRENCE m_id="26"  >
  <token_anchor t_id="70"/>
</ACTION_OCCURRENCE>
<ACTION_OCCURRENCE m_id="27"  >
  <token_anchor t_id="89"/>
</ACTION_OCCURRENCE>
<ACTION_OCCURRENCE m_id="36"  >
  <token_anchor t_id="195"/>
</ACTION_OCCURRENCE>
<ACTION_OCCURRENCE m_id="37"  >
  <token_anchor t_id="203"/>
</ACTION_OCCURRENCE>
<ACTION_OCCURRENCE m_id="38"  >
  <token_anchor t_id="206"/>
</ACTION_OCCURRENCE>
<ACTION_REPORTING m_id="22"  >
  <token_anchor t_id="75"/>
</ACTION_REPORTING>
<ACTION_STATE m_id="46"  >
  <token_anchor t_id="83"/>
</ACTION_STATE>
<ACTION_STATE m_id="20"  >
  <token_anchor t_id="48"/>
  <token_anchor t_id="49"/>
</ACTION_STATE>
<ACTION_STATE m_id="21"  >
  <token_anchor t_id="59"/>
  <token_anchor t_id="60"/>
</ACTION_STATE>
<ACTION_STATE m_id="29"  >
  <token_anchor t_id="104"/>
</ACTION_STATE>
<ACTION_STATE m_id="40"  >
  <token_anchor t_id="198"/>
</ACTION_STATE>
<HUMAN_PART_ORG m_id="9"  >
  <token_anchor t_id="99"/>
</HUMAN_PART_ORG>
<HUMAN_PART_ORG m_id="34"  >
  <token_anchor t_id="201"/>
  <token_anchor t_id="202"/>
</HUMAN_PART_ORG>
<HUMAN_PART_ORG m_id="35"  >
  <token_anchor t_id="212"/>
</HUMAN_PART_ORG>
<HUMAN_PART_ORG m_id="7"  >
  <token_anchor t_id="42"/>
</HUMAN_PART_ORG>
<HUMAN_PART_ORG m_id="39"  >
  <token_anchor t_id="214"/>
</HUMAN_PART_ORG>
<HUMAN_PART_ORG m_id="8"  >
  <token_anchor t_id="63"/>
</HUMAN_PART_ORG>
<HUMAN_PART_PER m_id="19"  >
  <token_anchor t_id="67"/>
</HUMAN_PART_PER>
<HUMAN_PART_PER m_id="31"  >
  <token_anchor t_id="196"/>
</HUMAN_PART_PER>
<HUMAN_PART_PER m_id="32"  >
  <token_anchor t_id="204"/>
</HUMAN_PART_PER>
<HUMAN_PART_PER m_id="33"  >
  <token_anchor t_id="208"/>
  <token_anchor t_id="209"/>
</HUMAN_PART_PER>
<HUMAN_PART_PER m_id="2"  >
  <token_anchor t_id="45"/>
  <token_anchor t_id="46"/>
</HUMAN_PART_PER>
<HUMAN_PART_PER m_id="3"  >
  <token_anchor t_id="56"/>
  <token_anchor t_id="57"/>
</HUMAN_PART_PER>
<HUMAN_PART_PER m_id="4"  >
  <token_anchor t_id="78"/>
  <token_anchor t_id="79"/>
</HUMAN_PART_PER>
<HUMAN_PART_PER m_id="5"  >
  <token_anchor t_id="73"/>
  <token_anchor t_id="74"/>
</HUMAN_PART_PER>
<HUMAN_PART_PER m_id="6"  >
  <token_anchor t_id="85"/>
</HUMAN_PART_PER>
<TIME_DATE m_id="41"  >
  <token_anchor t_id="199"/>
</TIME_DATE>
<TIME_DATE m_id="23"  >
  <token_anchor t_id="76"/>
</TIME_DATE>
<TIME_DATE m_id="28"  >
  <token_anchor t_id="92"/>
</TIME_DATE>
<TIME_DATE m_id="30"  >
  <token_anchor t_id="106"/>
</TIME_DATE>
<TIME_DATE m_id="1"  >
  <token_anchor t_id="38"/>
  <token_anchor t_id="39"/>
  <token_anchor t_id="40"/>
  <token_anchor t_id="41"/>
</TIME_DATE>
<TIME_DURATION m_id="25"  >
  <token_anchor t_id="50"/>
  <token_anchor t_id="51"/>
</TIME_DURATION>




<ACTION_STATE m_id="58" RELATED_TO="" TAG_DESCRIPTOR="t25_ir_ivory" instance_id="ACT18423422310493515" />
<ACTION_OCCURRENCE m_id="57" RELATED_TO="" TAG_DESCRIPTOR="t25_sign_bell" instance_id="ACT18421579876418082" />
<HUMAN_PART_PER m_id="56" RELATED_TO="" TAG_DESCRIPTOR="t25_bell" instance_id="HUM18422039215343694" />
<HUMAN_PART_PER m_id="55" RELATED_TO="" TAG_DESCRIPTOR="t25_ivory" instance_id="HUM18421400570576106" />
<ACTION_OCCURRENCE m_id="54" RELATED_TO="" TAG_DESCRIPTOR="t25_season" instance_id="ACT18421556573077593" />
<ACTION_OCCURRENCE m_id="53" RELATED_TO="" TAG_DESCRIPTOR="t25_injury" instance_id="ACT18421540697315479" />
<ACTION_OCCURRENCE m_id="52" RELATED_TO="" TAG_DESCRIPTOR="t25_place_on_ir" instance_id="ACT18421264233178659" />
<ACTION_STATE m_id="51" RELATED_TO="" TAG_DESCRIPTOR="t25_ir" instance_id="ACT18421355928785200" />
<TIME_DATE m_id="49" RELATED_TO="" TAG_DESCRIPTOR="t25_wednesday" instance_id="TIM18421477265853869" />
<HUMAN_PART_PER m_id="48" RELATED_TO="" TAG_DESCRIPTOR="t25_thomas" instance_id="HUM18421454142328012" />
<ACTION_OCCURRENCE m_id="50" RELATED_TO="" TAG_DESCRIPTOR="t25_place_ivory_on_ir" instance_id="ACT18423121407773140" />
<HUMAN_PART_ORG m_id="47" RELATED_TO="" TAG_DESCRIPTOR="t25_saints" instance_id="HUM18421383201372865" />
</Markables>

<Relations>
<CROSS_DOC_COREF r_id="41473" note="HUM18421383201372865" >
  <source m_id="34" />
  <source m_id="7" />
  <source m_id="8" />
  <source m_id="9" />
  <target m_id="47" />
</CROSS_DOC_COREF>
<CROSS_DOC_COREF r_id="41474" note="HUM18421454142328012" >
  <source m_id="31" />
  <source m_id="6" />
  <source m_id="19" />
  <source m_id="32" />
  <source m_id="2" />
  <source m_id="4" />
  <target m_id="48" />
</CROSS_DOC_COREF>
<CROSS_DOC_COREF r_id="41475" note="TIM18421477265853869" >
  <source m_id="41" />
  <source m_id="23" />
  <target m_id="49" />
</CROSS_DOC_COREF>
<CROSS_DOC_COREF r_id="41476" note="ACT18423121407773140" >
  <source m_id="11" />
  <target m_id="50" />
</CROSS_DOC_COREF>
<CROSS_DOC_COREF r_id="41477" note="ACT18421355928785200" >
  <source m_id="40" />
  <source m_id="46" />
  <source m_id="20" />
  <target m_id="51" />
</CROSS_DOC_COREF>
<CROSS_DOC_COREF r_id="41478" note="ACT18421264233178659" >
  <source m_id="36" />
  <source m_id="10" />
  <source m_id="13" />
  <target m_id="52" />
</CROSS_DOC_COREF>
<CROSS_DOC_COREF r_id="41479" note="ACT18421540697315479" >
  <source m_id="27" />
  <target m_id="53" />
</CROSS_DOC_COREF>
<CROSS_DOC_COREF r_id="41480" note="ACT18421556573077593" >
  <source m_id="26" />
  <target m_id="54" />
</CROSS_DOC_COREF>
<CROSS_DOC_COREF r_id="41481" note="HUM18421400570576106" >
  <source m_id="3" />
  <target m_id="55" />
</CROSS_DOC_COREF>
<CROSS_DOC_COREF r_id="41482" note="HUM18422039215343694" >
  <source m_id="33" />
  <target m_id="56" />
</CROSS_DOC_COREF>
<CROSS_DOC_COREF r_id="41483" note="ACT18421579876418082" >
  <source m_id="38" />
  <target m_id="57" />
</CROSS_DOC_COREF>
<CROSS_DOC_COREF r_id="41484" note="ACT18423422310493515" >
  <source m_id="21" />
  <target m_id="58" />
</CROSS_DOC_COREF>

</Relations>
</Document>
