<Document doc_name="25_7ecbplus.xml" doc_id="DOC15646379551372730">
<token t_id="1" sentence="0" number="0">http</token>
<token t_id="2" sentence="0" number="1">:</token>
<token t_id="3" sentence="0" number="2">/</token>
<token t_id="4" sentence="0" number="3">/</token>
<token t_id="5" sentence="0" number="4">www</token>
<token t_id="6" sentence="0" number="5">.</token>
<token t_id="7" sentence="0" number="6">examiner</token>
<token t_id="8" sentence="0" number="7">.</token>
<token t_id="9" sentence="0" number="8">com</token>
<token t_id="10" sentence="0" number="9">/</token>
<token t_id="11" sentence="0" number="10">article</token>
<token t_id="12" sentence="0" number="11">/</token>
<token t_id="13" sentence="0" number="12">saints</token>
<token t_id="14" sentence="0" number="13">-</token>
<token t_id="15" sentence="0" number="14">pierre</token>
<token t_id="16" sentence="0" number="15">-</token>
<token t_id="17" sentence="0" number="16">thomas</token>
<token t_id="18" sentence="0" number="17">-</token>
<token t_id="19" sentence="0" number="18">to</token>
<token t_id="20" sentence="0" number="19">-</token>
<token t_id="21" sentence="0" number="20">injured</token>
<token t_id="22" sentence="0" number="21">-</token>
<token t_id="23" sentence="0" number="22">reserve</token>
<token t_id="24" sentence="0" number="23">-</token>
<token t_id="25" sentence="0" number="24">and</token>
<token t_id="26" sentence="0" number="25">-</token>
<token t_id="27" sentence="0" number="26">the</token>
<token t_id="28" sentence="0" number="27">-</token>
<token t_id="29" sentence="0" number="28">rest</token>
<token t_id="30" sentence="0" number="29">-</token>
<token t_id="31" sentence="0" number="30">of</token>
<token t_id="32" sentence="0" number="31">-</token>
<token t_id="33" sentence="0" number="32">injury</token>
<token t_id="34" sentence="0" number="33">-</token>
<token t_id="35" sentence="0" number="34">report</token>
<token t_id="36" sentence="1" number="0">Saints</token>
<token t_id="37" sentence="1" number="1">Pierre</token>
<token t_id="38" sentence="1" number="2">Thomas</token>
<token t_id="39" sentence="1" number="3">to</token>
<token t_id="40" sentence="1" number="4">injured</token>
<token t_id="41" sentence="1" number="5">reserve</token>
<token t_id="42" sentence="1" number="6">and</token>
<token t_id="43" sentence="1" number="7">the</token>
<token t_id="44" sentence="1" number="8">rest</token>
<token t_id="45" sentence="1" number="9">of</token>
<token t_id="46" sentence="1" number="10">injury</token>
<token t_id="47" sentence="1" number="11">report</token>
<token t_id="48" sentence="2" number="0">January</token>
<token t_id="49" sentence="2" number="1">5</token>
<token t_id="50" sentence="2" number="2">,</token>
<token t_id="51" sentence="2" number="3">2011</token>
<token t_id="52" sentence="3" number="0">Not</token>
<token t_id="53" sentence="3" number="1">a</token>
<token t_id="54" sentence="3" number="2">mere</token>
<token t_id="55" sentence="3" number="3">day</token>
<token t_id="56" sentence="3" number="4">ago</token>
<token t_id="57" sentence="3" number="5">,</token>
<token t_id="58" sentence="3" number="6">the</token>
<token t_id="59" sentence="3" number="7">New</token>
<token t_id="60" sentence="3" number="8">Orleans</token>
<token t_id="61" sentence="3" number="9">Saints</token>
<token t_id="62" sentence="3" number="10">placed</token>
<token t_id="63" sentence="3" number="11">their</token>
<token t_id="64" sentence="3" number="12">rookie</token>
<token t_id="65" sentence="3" number="13">running</token>
<token t_id="66" sentence="3" number="14">back</token>
<token t_id="67" sentence="3" number="15">sensation</token>
<token t_id="68" sentence="3" number="16">Chris</token>
<token t_id="69" sentence="3" number="17">Ivory</token>
<token t_id="70" sentence="3" number="18">on</token>
<token t_id="71" sentence="3" number="19">injured</token>
<token t_id="72" sentence="3" number="20">reserve</token>
<token t_id="73" sentence="3" number="21">(</token>
<token t_id="74" sentence="3" number="22">IR</token>
<token t_id="75" sentence="3" number="23">)</token>
<token t_id="76" sentence="3" number="24">thus</token>
<token t_id="77" sentence="3" number="25">ending</token>
<token t_id="78" sentence="3" number="26">his</token>
<token t_id="79" sentence="3" number="27">season</token>
<token t_id="80" sentence="3" number="28">as</token>
<token t_id="81" sentence="3" number="29">the</token>
<token t_id="82" sentence="3" number="30">team</token>
<token t_id="83" sentence="3" number="31">heads</token>
<token t_id="84" sentence="3" number="32">intpo</token>
<token t_id="85" sentence="3" number="33">the</token>
<token t_id="86" sentence="3" number="34">playoffs</token>
<token t_id="87" sentence="3" number="35">.</token>
<token t_id="88" sentence="4" number="0">Now</token>
<token t_id="89" sentence="4" number="1">the</token>
<token t_id="90" sentence="4" number="2">black</token>
<token t_id="91" sentence="4" number="3">and</token>
<token t_id="92" sentence="4" number="4">gold</token>
<token t_id="93" sentence="4" number="5">will</token>
<token t_id="94" sentence="4" number="6">have</token>
<token t_id="95" sentence="4" number="7">to</token>
<token t_id="96" sentence="4" number="8">go</token>
<token t_id="97" sentence="4" number="9">without</token>
<token t_id="98" sentence="4" number="10">yet</token>
<token t_id="99" sentence="4" number="11">another</token>
<token t_id="100" sentence="4" number="12">running</token>
<token t_id="101" sentence="4" number="13">back</token>
<token t_id="102" sentence="4" number="14">.</token>
<token t_id="103" sentence="5" number="0">Pierre</token>
<token t_id="104" sentence="5" number="1">Thomas</token>
<token t_id="105" sentence="5" number="2">was</token>
<token t_id="106" sentence="5" number="3">officially</token>
<token t_id="107" sentence="5" number="4">placed</token>
<token t_id="108" sentence="5" number="5">on</token>
<token t_id="109" sentence="5" number="6">IR</token>
<token t_id="110" sentence="5" number="7">Wednesday</token>
<token t_id="111" sentence="5" number="8">with</token>
<token t_id="112" sentence="5" number="9">an</token>
<token t_id="113" sentence="5" number="10">ankle</token>
<token t_id="114" sentence="5" number="11">injury</token>
<token t_id="115" sentence="5" number="12">meaning</token>
<token t_id="116" sentence="5" number="13">that</token>
<token t_id="117" sentence="5" number="14">the</token>
<token t_id="118" sentence="5" number="15">team</token>
<token t_id="119" sentence="5" number="16">will</token>
<token t_id="120" sentence="5" number="17">be</token>
<token t_id="121" sentence="5" number="18">without</token>
<token t_id="122" sentence="5" number="19">both</token>
<token t_id="123" sentence="5" number="20">of</token>
<token t_id="124" sentence="5" number="21">their</token>
<token t_id="125" sentence="5" number="22">leading</token>
<token t_id="126" sentence="5" number="23">backs</token>
<token t_id="127" sentence="5" number="24">for</token>
<token t_id="128" sentence="5" number="25">the</token>
<token t_id="129" sentence="5" number="26">duration</token>
<token t_id="130" sentence="5" number="27">of</token>
<token t_id="131" sentence="5" number="28">the</token>
<token t_id="132" sentence="5" number="29">season</token>
<token t_id="133" sentence="5" number="30">.</token>
<token t_id="134" sentence="6" number="0">Remaning</token>
<token t_id="135" sentence="6" number="1">on</token>
<token t_id="136" sentence="6" number="2">the</token>
<token t_id="137" sentence="6" number="3">team</token>
<token t_id="138" sentence="6" number="4">are</token>
<token t_id="139" sentence="6" number="5">Reggie</token>
<token t_id="140" sentence="6" number="6">Bush</token>
<token t_id="141" sentence="6" number="7">and</token>
<token t_id="142" sentence="6" number="8">Julius</token>
<token t_id="143" sentence="6" number="9">Jones</token>
<token t_id="144" sentence="6" number="10">.</token>
<token t_id="145" sentence="7" number="0">On</token>
<token t_id="146" sentence="7" number="1">Tuesday</token>
<token t_id="147" sentence="7" number="2">,</token>
<token t_id="148" sentence="7" number="3">the</token>
<token t_id="149" sentence="7" number="4">Saints</token>
<token t_id="150" sentence="7" number="5">re</token>
<token t_id="151" sentence="7" number="6">-</token>
<token t_id="152" sentence="7" number="7">signed</token>
<token t_id="153" sentence="7" number="8">running</token>
<token t_id="154" sentence="7" number="9">back</token>
<token t_id="155" sentence="7" number="10">DeShawn</token>
<token t_id="156" sentence="7" number="11">Wynn</token>
<token t_id="157" sentence="7" number="12">who</token>
<token t_id="158" sentence="7" number="13">played</token>
<token t_id="159" sentence="7" number="14">a</token>
<token t_id="160" sentence="7" number="15">few</token>
<token t_id="161" sentence="7" number="16">games</token>
<token t_id="162" sentence="7" number="17">on</token>
<token t_id="163" sentence="7" number="18">special</token>
<token t_id="164" sentence="7" number="19">teams</token>
<token t_id="165" sentence="7" number="20">earlier</token>
<token t_id="166" sentence="7" number="21">in</token>
<token t_id="167" sentence="7" number="22">the</token>
<token t_id="168" sentence="7" number="23">season</token>
<token t_id="169" sentence="7" number="24">.</token>
<token t_id="170" sentence="8" number="0">Wednesday</token>
<token t_id="171" sentence="8" number="1">afternoon</token>
<token t_id="172" sentence="8" number="2">,</token>
<token t_id="173" sentence="8" number="3">the</token>
<token t_id="174" sentence="8" number="4">Saints</token>
<token t_id="175" sentence="8" number="5">signed</token>
<token t_id="176" sentence="8" number="6">rookie</token>
<token t_id="177" sentence="8" number="7">Joique</token>
<token t_id="178" sentence="8" number="8">Bell</token>
<token t_id="179" sentence="8" number="9">from</token>
<token t_id="180" sentence="8" number="10">the</token>
<token t_id="181" sentence="8" number="11">Philadelphia</token>
<token t_id="182" sentence="8" number="12">Eagles</token>
<token t_id="183" sentence="8" number="13">practice</token>
<token t_id="184" sentence="8" number="14">squad</token>
<token t_id="185" sentence="8" number="15">.</token>
<token t_id="186" sentence="9" number="0">Before</token>
<token t_id="187" sentence="9" number="1">the</token>
<token t_id="188" sentence="9" number="2">season</token>
<token t_id="189" sentence="9" number="3">even</token>
<token t_id="190" sentence="9" number="4">began</token>
<token t_id="191" sentence="9" number="5">,</token>
<token t_id="192" sentence="9" number="6">the</token>
<token t_id="193" sentence="9" number="7">Saints</token>
<token t_id="194" sentence="9" number="8">had</token>
<token t_id="195" sentence="9" number="9">lost</token>
<token t_id="196" sentence="9" number="10">running</token>
<token t_id="197" sentence="9" number="11">backs</token>
<token t_id="198" sentence="9" number="12">Lynell</token>
<token t_id="199" sentence="9" number="13">Hamilton</token>
<token t_id="200" sentence="9" number="14">and</token>
<token t_id="201" sentence="9" number="15">PJ</token>
<token t_id="202" sentence="9" number="16">Hill</token>
<token t_id="203" sentence="9" number="17">to</token>
<token t_id="204" sentence="9" number="18">injuries</token>
<token t_id="205" sentence="9" number="19">for</token>
<token t_id="206" sentence="9" number="20">the</token>
<token t_id="207" sentence="9" number="21">entire</token>
<token t_id="208" sentence="9" number="22">year</token>
<token t_id="209" sentence="9" number="23">.</token>
<token t_id="210" sentence="10" number="0">Some</token>
<token t_id="211" sentence="10" number="1">good</token>
<token t_id="212" sentence="10" number="2">news</token>
<token t_id="213" sentence="10" number="3">is</token>
<token t_id="214" sentence="10" number="4">that</token>
<token t_id="215" sentence="10" number="5">wide</token>
<token t_id="216" sentence="10" number="6">receiver</token>
<token t_id="217" sentence="10" number="7">Marques</token>
<token t_id="218" sentence="10" number="8">Colston</token>
<token t_id="219" sentence="10" number="9">returned</token>
<token t_id="220" sentence="10" number="10">to</token>
<token t_id="221" sentence="10" number="11">practice</token>
<token t_id="222" sentence="10" number="12">fully</token>
<token t_id="223" sentence="10" number="13">.</token>
<token t_id="224" sentence="11" number="0">The</token>
<token t_id="225" sentence="11" number="1">rest</token>
<token t_id="226" sentence="11" number="2">of</token>
<token t_id="227" sentence="11" number="3">the</token>
<token t_id="228" sentence="11" number="4">injury</token>
<token t_id="229" sentence="11" number="5">report</token>
<token t_id="230" sentence="11" number="6">for</token>
<token t_id="231" sentence="11" number="7">Wednesday</token>
<token t_id="232" sentence="11" number="8">is</token>
<token t_id="233" sentence="11" number="9">as</token>
<token t_id="234" sentence="11" number="10">follows</token>
<token t_id="235" sentence="11" number="11">:</token>
<token t_id="236" sentence="12" number="0">Did</token>
<token t_id="237" sentence="12" number="1">Not</token>
<token t_id="238" sentence="12" number="2">Practice</token>
<token t_id="239" sentence="12" number="3">:</token>
<token t_id="240" sentence="13" number="0">S</token>
<token t_id="241" sentence="13" number="1">Malcolm</token>
<token t_id="242" sentence="13" number="2">Jenkins</token>
<token t_id="243" sentence="13" number="3">(</token>
<token t_id="244" sentence="13" number="4">knee</token>
<token t_id="245" sentence="13" number="5">)</token>
<token t_id="246" sentence="14" number="0">TE</token>
<token t_id="247" sentence="14" number="1">Jimmy</token>
<token t_id="248" sentence="14" number="2">Graham</token>
<token t_id="249" sentence="14" number="3">(</token>
<token t_id="250" sentence="14" number="4">ankle</token>
<token t_id="251" sentence="14" number="5">)</token>
<token t_id="252" sentence="15" number="0">DT</token>
<token t_id="253" sentence="15" number="1">Anthony</token>
<token t_id="254" sentence="15" number="2">Hargrove</token>
<token t_id="255" sentence="15" number="3">(</token>
<token t_id="256" sentence="15" number="4">knee</token>
<token t_id="257" sentence="15" number="5">)</token>
<token t_id="258" sentence="16" number="0">LB</token>
<token t_id="259" sentence="16" number="1">Danny</token>
<token t_id="260" sentence="16" number="2">Clark</token>
<token t_id="261" sentence="16" number="3">(</token>
<token t_id="262" sentence="16" number="4">hamstring</token>
<token t_id="263" sentence="16" number="5">)</token>
<token t_id="264" sentence="17" number="0">Limited</token>
<token t_id="265" sentence="17" number="1">:</token>
<token t_id="266" sentence="18" number="0">TE</token>
<token t_id="267" sentence="18" number="1">Jeremy</token>
<token t_id="268" sentence="18" number="2">Shockey</token>
<token t_id="269" sentence="18" number="3">(</token>
<token t_id="270" sentence="18" number="4">groin</token>
<token t_id="271" sentence="18" number="5">)</token>
<token t_id="272" sentence="19" number="0">TE</token>
<token t_id="273" sentence="19" number="1">David</token>
<token t_id="274" sentence="19" number="2">Thomas</token>
<token t_id="275" sentence="19" number="3">(</token>
<token t_id="276" sentence="19" number="4">knee</token>
<token t_id="277" sentence="19" number="5">)</token>
<Markables>
<ACTION_ASPECTUAL m_id="17"  >
  <token_anchor t_id="77"/>
</ACTION_ASPECTUAL>
<ACTION_OCCURRENCE m_id="9"  >
  <token_anchor t_id="107"/>
</ACTION_OCCURRENCE>
<ACTION_OCCURRENCE m_id="10"  >
  <token_anchor t_id="114"/>
</ACTION_OCCURRENCE>
<ACTION_OCCURRENCE m_id="11"  >
  <token_anchor t_id="83"/>
</ACTION_OCCURRENCE>
<ACTION_OCCURRENCE m_id="13"  >
  <token_anchor t_id="132"/>
</ACTION_OCCURRENCE>
<ACTION_OCCURRENCE m_id="16"  >
  <token_anchor t_id="62"/>
</ACTION_OCCURRENCE>
<ACTION_OCCURRENCE m_id="18"  >
  <token_anchor t_id="79"/>
</ACTION_OCCURRENCE>
<ACTION_STATE m_id="12"  >
  <token_anchor t_id="109"/>
</ACTION_STATE>
<ACTION_STATE m_id="5"  >
  <token_anchor t_id="40"/>
  <token_anchor t_id="41"/>
</ACTION_STATE>
<ACTION_STATE m_id="6"  >
  <token_anchor t_id="71"/>
  <token_anchor t_id="72"/>
</ACTION_STATE>
<HUMAN_PART_ORG m_id="19"  >
  <token_anchor t_id="82"/>
</HUMAN_PART_ORG>
<HUMAN_PART_ORG m_id="22"  >
  <token_anchor t_id="118"/>
</HUMAN_PART_ORG>
<HUMAN_PART_ORG m_id="8"  >
  <token_anchor t_id="59"/>
  <token_anchor t_id="60"/>
  <token_anchor t_id="61"/>
</HUMAN_PART_ORG>
<HUMAN_PART_PER m_id="23"  >
  <token_anchor t_id="125"/>
  <token_anchor t_id="126"/>
</HUMAN_PART_PER>
<HUMAN_PART_PER m_id="2"  >
  <token_anchor t_id="37"/>
  <token_anchor t_id="38"/>
</HUMAN_PART_PER>
<HUMAN_PART_PER m_id="3"  >
  <token_anchor t_id="68"/>
  <token_anchor t_id="69"/>
</HUMAN_PART_PER>
<HUMAN_PART_PER m_id="4"  >
  <token_anchor t_id="103"/>
  <token_anchor t_id="104"/>
</HUMAN_PART_PER>
<NON_HUMAN_PART m_id="14"  >
  <token_anchor t_id="47"/>
</NON_HUMAN_PART>
<NON_HUMAN_PART m_id="21"  >
  <token_anchor t_id="113"/>
</NON_HUMAN_PART>
<TIME_DATE m_id="15"  >
  <token_anchor t_id="55"/>
  <token_anchor t_id="56"/>
</TIME_DATE>
<TIME_DATE m_id="20"  >
  <token_anchor t_id="110"/>
</TIME_DATE>
<TIME_DATE m_id="1"  >
  <token_anchor t_id="48"/>
  <token_anchor t_id="49"/>
  <token_anchor t_id="50"/>
  <token_anchor t_id="51"/>
</TIME_DATE>
<TIME_DURATION m_id="24"  >
  <token_anchor t_id="129"/>
</TIME_DURATION>


<ACTION_OCCURRENCE m_id="29" note="byCROMER" >
  <token_anchor t_id="86"/>
</ACTION_OCCURRENCE>


<ACTION_OCCURRENCE m_id="33" RELATED_TO="" TAG_DESCRIPTOR="t25_place_on_ir" instance_id="ACT18421264233178659" />
<TIME_DATE m_id="32" RELATED_TO="" TAG_DESCRIPTOR="t25_wednesday" instance_id="TIM18421477265853869" />
<HUMAN_PART_PER m_id="31" RELATED_TO="" TAG_DESCRIPTOR="t25_thomas" instance_id="HUM18421454142328012" />
<HUMAN_PART_ORG m_id="30" RELATED_TO="" TAG_DESCRIPTOR="t25_saints" instance_id="HUM18421383201372865" />
<ACTION_STATE m_id="39" RELATED_TO="" TAG_DESCRIPTOR="t25_ir_ivory" instance_id="ACT18423422310493515" />
<ACTION_OCCURRENCE m_id="40" RELATED_TO="" TAG_DESCRIPTOR="t25_playoffs" instance_id="ACT18421310137864788" />
<ACTION_OCCURRENCE m_id="38" RELATED_TO="" TAG_DESCRIPTOR="t25_season" instance_id="ACT18421556573077593" />
<ACTION_OCCURRENCE m_id="37" RELATED_TO="" TAG_DESCRIPTOR="t25_injury" instance_id="ACT18421540697315479" />
<HUMAN_PART_PER m_id="36" RELATED_TO="" TAG_DESCRIPTOR="t25_ivory" instance_id="HUM18421400570576106" />
<NON_HUMAN_PART m_id="35" RELATED_TO="" TAG_DESCRIPTOR="t25_ankle" instance_id="NON18423435062600274" />
<ACTION_STATE m_id="34" RELATED_TO="" TAG_DESCRIPTOR="t25_ir" instance_id="ACT18421355928785200" />
</Markables>

<Relations>
<CROSS_DOC_COREF r_id="41490" note="HUM18421383201372865" >
  <source m_id="8" />
  <source m_id="22" />
  <source m_id="19" />
  <target m_id="30" />
</CROSS_DOC_COREF>
<CROSS_DOC_COREF r_id="41491" note="HUM18421454142328012" >
  <source m_id="23" />
  <source m_id="4" />
  <source m_id="2" />
  <target m_id="31" />
</CROSS_DOC_COREF>
<CROSS_DOC_COREF r_id="41492" note="TIM18421477265853869" >
  <source m_id="20" />
  <target m_id="32" />
</CROSS_DOC_COREF>
<CROSS_DOC_COREF r_id="41493" note="ACT18421264233178659" >
  <source m_id="9" />
  <target m_id="33" />
</CROSS_DOC_COREF>
<CROSS_DOC_COREF r_id="41494" note="ACT18421355928785200" >
  <source m_id="12" />
  <source m_id="5" />
  <target m_id="34" />
</CROSS_DOC_COREF>
<CROSS_DOC_COREF r_id="41495" note="NON18423435062600274" >
  <source m_id="21" />
  <target m_id="35" />
</CROSS_DOC_COREF>
<CROSS_DOC_COREF r_id="41496" note="HUM18421400570576106" >
  <source m_id="3" />
  <target m_id="36" />
</CROSS_DOC_COREF>
<CROSS_DOC_COREF r_id="41497" note="ACT18421540697315479" >
  <source m_id="10" />
  <target m_id="37" />
</CROSS_DOC_COREF>
<CROSS_DOC_COREF r_id="41498" note="ACT18421556573077593" >
  <source m_id="18" />
  <source m_id="13" />
  <target m_id="38" />
</CROSS_DOC_COREF>
<CROSS_DOC_COREF r_id="41499" note="ACT18423422310493515" >
  <source m_id="6" />
  <target m_id="39" />
</CROSS_DOC_COREF>
<CROSS_DOC_COREF r_id="41500" note="ACT18421310137864788" >
  <source m_id="29" />
  <target m_id="40" />
</CROSS_DOC_COREF>

</Relations>
</Document>
