<Document doc_name="13_10ecb.xml" doc_id="DOC15654284711925713">
<token t_id="1" sentence="0" number="0">The</token>
<token t_id="2" sentence="0" number="1">Wasilla</token>
<token t_id="3" sentence="0" number="2">Bible</token>
<token t_id="4" sentence="0" number="3">Church</token>
<token t_id="5" sentence="0" number="4">,</token>
<token t_id="6" sentence="0" number="5">the</token>
<token t_id="7" sentence="0" number="6">Alaskan</token>
<token t_id="8" sentence="0" number="7">church</token>
<token t_id="9" sentence="0" number="8">made</token>
<token t_id="10" sentence="0" number="9">famous</token>
<token t_id="11" sentence="0" number="10">as</token>
<token t_id="12" sentence="0" number="11">being</token>
<token t_id="13" sentence="0" number="12">the</token>
<token t_id="14" sentence="0" number="13">religious</token>
<token t_id="15" sentence="0" number="14">outpost</token>
<token t_id="16" sentence="0" number="15">for</token>
<token t_id="17" sentence="0" number="16">failed</token>
<token t_id="18" sentence="0" number="17">VP</token>
<token t_id="19" sentence="0" number="18">candidate</token>
<token t_id="20" sentence="0" number="19">and</token>
<token t_id="21" sentence="0" number="20">Alaska</token>
<token t_id="22" sentence="0" number="21">Governor</token>
<token t_id="23" sentence="0" number="22">Sarah</token>
<token t_id="24" sentence="0" number="23">Palin</token>
<token t_id="25" sentence="0" number="24">has</token>
<token t_id="26" sentence="0" number="25">caught</token>
<token t_id="27" sentence="0" number="26">fire</token>
<token t_id="28" sentence="0" number="27">.</token>
<token t_id="29" sentence="1" number="0">The</token>
<token t_id="30" sentence="1" number="1">``</token>
<token t_id="31" sentence="1" number="2">suspicious</token>
<token t_id="32" sentence="1" number="3">''</token>
<token t_id="33" sentence="1" number="4">fire</token>
<token t_id="34" sentence="1" number="5">devastated</token>
<token t_id="35" sentence="1" number="6">the</token>
<token t_id="36" sentence="1" number="7">church</token>
<token t_id="37" sentence="1" number="8">Friday</token>
<token t_id="38" sentence="1" number="9">night</token>
<token t_id="39" sentence="1" number="10">,</token>
<token t_id="40" sentence="1" number="11">and</token>
<token t_id="41" sentence="1" number="12">officials</token>
<token t_id="42" sentence="1" number="13">are</token>
<token t_id="43" sentence="1" number="14">considering</token>
<token t_id="44" sentence="1" number="15">arson</token>
<token t_id="45" sentence="1" number="16">among</token>
<token t_id="46" sentence="1" number="17">possibilities</token>
<token t_id="47" sentence="1" number="18">.</token>
<token t_id="48" sentence="2" number="0">A</token>
<token t_id="49" sentence="2" number="1">ladies</token>
<token t_id="50" sentence="2" number="2">craft</token>
<token t_id="51" sentence="2" number="3">group</token>
<token t_id="52" sentence="2" number="4">was</token>
<token t_id="53" sentence="2" number="5">in</token>
<token t_id="54" sentence="2" number="6">the</token>
<token t_id="55" sentence="2" number="7">building</token>
<token t_id="56" sentence="2" number="8">when</token>
<token t_id="57" sentence="2" number="9">the</token>
<token t_id="58" sentence="2" number="10">fire</token>
<token t_id="59" sentence="2" number="11">broke</token>
<token t_id="60" sentence="2" number="12">out</token>
<token t_id="61" sentence="2" number="13">,</token>
<token t_id="62" sentence="2" number="14">although</token>
<token t_id="63" sentence="2" number="15">no</token>
<token t_id="64" sentence="2" number="16">one</token>
<token t_id="65" sentence="2" number="17">was</token>
<token t_id="66" sentence="2" number="18">hurt</token>
<token t_id="67" sentence="2" number="19">.</token>
<token t_id="68" sentence="3" number="0">Palin</token>
<token t_id="69" sentence="3" number="1">released</token>
<token t_id="70" sentence="3" number="2">a</token>
<token t_id="71" sentence="3" number="3">statement</token>
<token t_id="72" sentence="3" number="4">after</token>
<token t_id="73" sentence="3" number="5">the</token>
<token t_id="74" sentence="3" number="6">fire</token>
<token t_id="75" sentence="3" number="7">and</token>
<token t_id="76" sentence="3" number="8">offered</token>
<token t_id="77" sentence="3" number="9">an</token>
<token t_id="78" sentence="3" number="10">apology</token>
<token t_id="79" sentence="3" number="11">to</token>
<token t_id="80" sentence="3" number="12">the</token>
<token t_id="81" sentence="3" number="13">assistant</token>
<token t_id="82" sentence="3" number="14">pastor</token>
<token t_id="83" sentence="3" number="15">``</token>
<token t_id="84" sentence="3" number="16">if</token>
<token t_id="85" sentence="3" number="17">the</token>
<token t_id="86" sentence="3" number="18">incident</token>
<token t_id="87" sentence="3" number="19">is</token>
<token t_id="88" sentence="3" number="20">in</token>
<token t_id="89" sentence="3" number="21">any</token>
<token t_id="90" sentence="3" number="22">way</token>
<token t_id="91" sentence="3" number="23">connected</token>
<token t_id="92" sentence="3" number="24">to</token>
<token t_id="93" sentence="3" number="25">the</token>
<token t_id="94" sentence="3" number="26">undeserved</token>
<token t_id="95" sentence="3" number="27">negative</token>
<token t_id="96" sentence="3" number="28">attention</token>
<token t_id="97" sentence="3" number="29">the</token>
<token t_id="98" sentence="3" number="30">church</token>
<token t_id="99" sentence="3" number="31">has</token>
<token t_id="100" sentence="3" number="32">received</token>
<token t_id="101" sentence="3" number="33">since</token>
<token t_id="102" sentence="3" number="34">she</token>
<token t_id="103" sentence="3" number="35">became</token>
<token t_id="104" sentence="3" number="36">a</token>
<token t_id="105" sentence="3" number="37">vice</token>
<token t_id="106" sentence="3" number="38">presidential</token>
<token t_id="107" sentence="3" number="39">candidate</token>
<token t_id="108" sentence="3" number="40">.</token>
<token t_id="109" sentence="3" number="41">''</token>
<token t_id="110" sentence="4" number="0">Burn</token>
<token t_id="111" sentence="4" number="1">baby</token>
<token t_id="112" sentence="4" number="2">,</token>
<token t_id="113" sentence="4" number="3">burn</token>
<token t_id="114" sentence="4" number="4">?</token>
<token t_id="115" sentence="5" number="0">Estimated</token>
<token t_id="116" sentence="5" number="1">damage</token>
<token t_id="117" sentence="5" number="2">is</token>
<token t_id="118" sentence="5" number="3">in</token>
<token t_id="119" sentence="5" number="4">the</token>
<token t_id="120" sentence="5" number="5">vicinity</token>
<token t_id="121" sentence="5" number="6">of</token>
<token t_id="122" sentence="5" number="7">$</token>
<token t_id="123" sentence="5" number="8">1</token>
<token t_id="124" sentence="5" number="9">million</token>
<token t_id="125" sentence="5" number="10">.</token>
<Markables>
<ACTION_OCCURRENCE m_id="7"  >
  <token_anchor t_id="26"/>
  <token_anchor t_id="27"/>
</ACTION_OCCURRENCE>
<HUMAN_PART_PER m_id="6"  >
  <token_anchor t_id="23"/>
  <token_anchor t_id="24"/>
</HUMAN_PART_PER>
<NON_HUMAN_PART m_id="8" note="byCROMER" >
  <token_anchor t_id="2"/>
  <token_anchor t_id="3"/>
  <token_anchor t_id="4"/>
</NON_HUMAN_PART>


<HUMAN_PART_PER m_id="11" RELATED_TO="" TAG_DESCRIPTOR="t13_palin" instance_id="HUM17474479699693914" />
<NON_HUMAN_PART m_id="10" RELATED_TO="" TAG_DESCRIPTOR="t13_wassila_church_building" instance_id="NON28318767695137921" />
<ACTION_OCCURRENCE m_id="9" RELATED_TO="" TAG_DESCRIPTOR="t13_church_fire" instance_id="ACT17474554307413590" />
</Markables>

<Relations>
<CROSS_DOC_COREF r_id="33976" note="ACT17474554307413590" >
  <source m_id="7" />
  <target m_id="9" />
</CROSS_DOC_COREF>
<CROSS_DOC_COREF r_id="33977" note="NON28318767695137921" >
  <source m_id="8" />
  <target m_id="10" />
</CROSS_DOC_COREF>
<CROSS_DOC_COREF r_id="33978" note="HUM17474479699693914" >
  <source m_id="6" />
  <target m_id="11" />
</CROSS_DOC_COREF>

</Relations>
</Document>
