<Document doc_name="13_13ecb.xml" doc_id="DOC15654285488130924">
<token t_id="1" sentence="0" number="0">The</token>
<token t_id="2" sentence="0" number="1">Wasilla</token>
<token t_id="3" sentence="0" number="2">Bible</token>
<token t_id="4" sentence="0" number="3">Church</token>
<token t_id="5" sentence="0" number="4">in</token>
<token t_id="6" sentence="0" number="5">Wasilla</token>
<token t_id="7" sentence="0" number="6">,</token>
<token t_id="8" sentence="0" number="7">Alaska</token>
<token t_id="9" sentence="0" number="8">was</token>
<token t_id="10" sentence="0" number="9">apparently</token>
<token t_id="11" sentence="0" number="10">attacked</token>
<token t_id="12" sentence="0" number="11">by</token>
<token t_id="13" sentence="0" number="12">an</token>
<token t_id="14" sentence="0" number="13">arsonist</token>
<token t_id="15" sentence="0" number="14">last</token>
<token t_id="16" sentence="0" number="15">night</token>
<token t_id="17" sentence="0" number="16">.</token>
<token t_id="18" sentence="1" number="0">The</token>
<token t_id="19" sentence="1" number="1">fire</token>
<token t_id="20" sentence="1" number="2">,</token>
<token t_id="21" sentence="1" number="3">which</token>
<token t_id="22" sentence="1" number="4">broke</token>
<token t_id="23" sentence="1" number="5">out</token>
<token t_id="24" sentence="1" number="6">when</token>
<token t_id="25" sentence="1" number="7">several</token>
<token t_id="26" sentence="1" number="8">people</token>
<token t_id="27" sentence="1" number="9">were</token>
<token t_id="28" sentence="1" number="10">inside</token>
<token t_id="29" sentence="1" number="11">the</token>
<token t_id="30" sentence="1" number="12">church</token>
<token t_id="31" sentence="1" number="13">,</token>
<token t_id="32" sentence="1" number="14">did</token>
<token t_id="33" sentence="1" number="15">an</token>
<token t_id="34" sentence="1" number="16">estimated</token>
<token t_id="35" sentence="1" number="17">$</token>
<token t_id="36" sentence="1" number="18">1</token>
<token t_id="37" sentence="1" number="19">million</token>
<token t_id="38" sentence="1" number="20">damage</token>
<token t_id="39" sentence="1" number="21">.</token>
<token t_id="40" sentence="2" number="0">Authorities</token>
<token t_id="41" sentence="2" number="1">described</token>
<token t_id="42" sentence="2" number="2">the</token>
<token t_id="43" sentence="2" number="3">fire</token>
<token t_id="44" sentence="2" number="4">as</token>
<token t_id="45" sentence="2" number="5">``</token>
<token t_id="46" sentence="2" number="6">suspicious</token>
<token t_id="47" sentence="2" number="7">and</token>
<token t_id="48" sentence="2" number="8">as</token>
<token t_id="49" sentence="2" number="9">potential</token>
<token t_id="50" sentence="2" number="10">arson</token>
<token t_id="51" sentence="2" number="11">.</token>
<token t_id="52" sentence="2" number="12">''</token>
<token t_id="53" sentence="3" number="0">The</token>
<token t_id="54" sentence="3" number="1">Bible</token>
<token t_id="55" sentence="3" number="2">Church</token>
<token t_id="56" sentence="3" number="3">'s</token>
<token t_id="57" sentence="3" number="4">head</token>
<token t_id="58" sentence="3" number="5">minister</token>
<token t_id="59" sentence="3" number="6">said</token>
<token t_id="60" sentence="3" number="7">,</token>
<token t_id="61" sentence="3" number="8">``</token>
<token t_id="62" sentence="3" number="9">Someone</token>
<token t_id="63" sentence="3" number="10">intentionally</token>
<token t_id="64" sentence="3" number="11">did</token>
<token t_id="65" sentence="3" number="12">it</token>
<token t_id="66" sentence="3" number="13">,</token>
<token t_id="67" sentence="3" number="14">but</token>
<token t_id="68" sentence="3" number="15">we</token>
<token t_id="69" sentence="3" number="16">do</token>
<token t_id="70" sentence="3" number="17">n't</token>
<token t_id="71" sentence="3" number="18">know</token>
<token t_id="72" sentence="3" number="19">who</token>
<token t_id="73" sentence="3" number="20">and</token>
<token t_id="74" sentence="3" number="21">why</token>
<token t_id="75" sentence="3" number="22">.</token>
<token t_id="76" sentence="3" number="23">''</token>
<token t_id="77" sentence="4" number="0">He</token>
<token t_id="78" sentence="4" number="1">declined</token>
<token t_id="79" sentence="4" number="2">to</token>
<token t_id="80" sentence="4" number="3">say</token>
<token t_id="81" sentence="4" number="4">whether</token>
<token t_id="82" sentence="4" number="5">the</token>
<token t_id="83" sentence="4" number="6">church</token>
<token t_id="84" sentence="4" number="7">has</token>
<token t_id="85" sentence="4" number="8">received</token>
<token t_id="86" sentence="4" number="9">threats</token>
<token t_id="87" sentence="4" number="10">.</token>
<token t_id="88" sentence="5" number="0">Governor</token>
<token t_id="89" sentence="5" number="1">Palin</token>
<token t_id="90" sentence="5" number="2">stopped</token>
<token t_id="91" sentence="5" number="3">by</token>
<token t_id="92" sentence="5" number="4">the</token>
<token t_id="93" sentence="5" number="5">church</token>
<token t_id="94" sentence="5" number="6">this</token>
<token t_id="95" sentence="5" number="7">morning</token>
<token t_id="96" sentence="5" number="8">and</token>
<token t_id="97" sentence="5" number="9">``</token>
<token t_id="98" sentence="5" number="10">told</token>
<token t_id="99" sentence="5" number="11">an</token>
<token t_id="100" sentence="5" number="12">assistant</token>
<token t_id="101" sentence="5" number="13">pastor</token>
<token t_id="102" sentence="5" number="14">that</token>
<token t_id="103" sentence="5" number="15">she</token>
<token t_id="104" sentence="5" number="16">apologizes</token>
<token t_id="105" sentence="5" number="17">if</token>
<token t_id="106" sentence="5" number="18">the</token>
<token t_id="107" sentence="5" number="19">incident</token>
<token t_id="108" sentence="5" number="20">is</token>
<token t_id="109" sentence="5" number="21">in</token>
<token t_id="110" sentence="5" number="22">any</token>
<token t_id="111" sentence="5" number="23">way</token>
<token t_id="112" sentence="5" number="24">connected</token>
<token t_id="113" sentence="5" number="25">to</token>
<token t_id="114" sentence="5" number="26">the</token>
<token t_id="115" sentence="5" number="27">undeserved</token>
<token t_id="116" sentence="5" number="28">negative</token>
<token t_id="117" sentence="5" number="29">attention</token>
<token t_id="118" sentence="5" number="30">the</token>
<token t_id="119" sentence="5" number="31">church</token>
<token t_id="120" sentence="5" number="32">has</token>
<token t_id="121" sentence="5" number="33">received</token>
<token t_id="122" sentence="5" number="34">since</token>
<token t_id="123" sentence="5" number="35">she</token>
<token t_id="124" sentence="5" number="36">became</token>
<token t_id="125" sentence="5" number="37">a</token>
<token t_id="126" sentence="5" number="38">vice</token>
<token t_id="127" sentence="5" number="39">presidential</token>
<token t_id="128" sentence="5" number="40">candidate</token>
<token t_id="129" sentence="5" number="41">.</token>
<token t_id="130" sentence="5" number="42">''</token>
<token t_id="131" sentence="6" number="0">Given</token>
<token t_id="132" sentence="6" number="1">the</token>
<token t_id="133" sentence="6" number="2">insane</token>
<token t_id="134" sentence="6" number="3">hatred</token>
<token t_id="135" sentence="6" number="4">that</token>
<token t_id="136" sentence="6" number="5">Democrats</token>
<token t_id="137" sentence="6" number="6">directed</token>
<token t_id="138" sentence="6" number="7">toward</token>
<token t_id="139" sentence="6" number="8">Palin</token>
<token t_id="140" sentence="6" number="9">during</token>
<token t_id="141" sentence="6" number="10">the</token>
<token t_id="142" sentence="6" number="11">recent</token>
<token t_id="143" sentence="6" number="12">campaign</token>
<token t_id="144" sentence="6" number="13">,</token>
<token t_id="145" sentence="6" number="14">it</token>
<token t_id="146" sentence="6" number="15">would</token>
<token t_id="147" sentence="6" number="16">be</token>
<token t_id="148" sentence="6" number="17">easy</token>
<token t_id="149" sentence="6" number="18">to</token>
<token t_id="150" sentence="6" number="19">jump</token>
<token t_id="151" sentence="6" number="20">to</token>
<token t_id="152" sentence="6" number="21">the</token>
<token t_id="153" sentence="6" number="22">conclusion</token>
<token t_id="154" sentence="6" number="23">that</token>
<token t_id="155" sentence="6" number="24">the</token>
<token t_id="156" sentence="6" number="25">arson</token>
<token t_id="157" sentence="6" number="26">is</token>
<token t_id="158" sentence="6" number="27">the</token>
<token t_id="159" sentence="6" number="28">work</token>
<token t_id="160" sentence="6" number="29">of</token>
<token t_id="161" sentence="6" number="30">a</token>
<token t_id="162" sentence="6" number="31">liberal</token>
<token t_id="163" sentence="6" number="32">Democrat</token>
<token t_id="164" sentence="6" number="33">.</token>
<token t_id="165" sentence="7" number="0">But</token>
<token t_id="166" sentence="7" number="1">we</token>
<token t_id="167" sentence="7" number="2">do</token>
<token t_id="168" sentence="7" number="3">n't</token>
<token t_id="169" sentence="7" number="4">know</token>
<token t_id="170" sentence="7" number="5">that</token>
<token t_id="171" sentence="7" number="6">for</token>
<token t_id="172" sentence="7" number="7">sure</token>
<token t_id="173" sentence="7" number="8">.</token>
<token t_id="174" sentence="8" number="0">There</token>
<token t_id="175" sentence="8" number="1">are</token>
<token t_id="176" sentence="8" number="2">many</token>
<token t_id="177" sentence="8" number="3">possible</token>
<token t_id="178" sentence="8" number="4">motives</token>
<token t_id="179" sentence="8" number="5">,</token>
<token t_id="180" sentence="8" number="6">and</token>
<token t_id="181" sentence="8" number="7">arsonists</token>
<token t_id="182" sentence="8" number="8">do</token>
<token t_id="183" sentence="8" number="9">n't</token>
<token t_id="184" sentence="8" number="10">necessarily</token>
<token t_id="185" sentence="8" number="11">need</token>
<token t_id="186" sentence="8" number="12">what</token>
<token t_id="187" sentence="8" number="13">would</token>
<token t_id="188" sentence="8" number="14">normally</token>
<token t_id="189" sentence="8" number="15">be</token>
<token t_id="190" sentence="8" number="16">regarded</token>
<token t_id="191" sentence="8" number="17">as</token>
<token t_id="192" sentence="8" number="18">a</token>
<token t_id="193" sentence="8" number="19">motive</token>
<token t_id="194" sentence="8" number="20">.</token>
<token t_id="195" sentence="9" number="0">It</token>
<token t_id="196" sentence="9" number="1">would</token>
<token t_id="197" sentence="9" number="2">be</token>
<token t_id="198" sentence="9" number="3">a</token>
<token t_id="199" sentence="9" number="4">good</token>
<token t_id="200" sentence="9" number="5">thing</token>
<token t_id="201" sentence="9" number="6">for</token>
<token t_id="202" sentence="9" number="7">the</token>
<token t_id="203" sentence="9" number="8">country</token>
<token t_id="204" sentence="9" number="9">if</token>
<token t_id="205" sentence="9" number="10">this</token>
<token t_id="206" sentence="9" number="11">particular</token>
<token t_id="207" sentence="9" number="12">crime</token>
<token t_id="208" sentence="9" number="13">does</token>
<token t_id="209" sentence="9" number="14">not</token>
<token t_id="210" sentence="9" number="15">turn</token>
<token t_id="211" sentence="9" number="16">out</token>
<token t_id="212" sentence="9" number="17">to</token>
<token t_id="213" sentence="9" number="18">be</token>
<token t_id="214" sentence="9" number="19">politically</token>
<token t_id="215" sentence="9" number="20">motivated</token>
<token t_id="216" sentence="9" number="21">.</token>
<Markables>
<ACTION_OCCURRENCE m_id="8"  >
  <token_anchor t_id="11"/>
</ACTION_OCCURRENCE>
<HUMAN_PART_PER m_id="9"  >
  <token_anchor t_id="14"/>
</HUMAN_PART_PER>
<TIME_OF_THE_DAY m_id="10"  >
  <token_anchor t_id="15"/>
  <token_anchor t_id="16"/>
</TIME_OF_THE_DAY>


<LOC_GEO m_id="11" note="byCROMER" >
  <token_anchor t_id="5"/>
  <token_anchor t_id="6"/>
  <token_anchor t_id="7"/>
  <token_anchor t_id="8"/>
</LOC_GEO>
<HUMAN_PART_ORG m_id="12" note="byCROMER" >
  <token_anchor t_id="2"/>
  <token_anchor t_id="3"/>
  <token_anchor t_id="4"/>
</HUMAN_PART_ORG>


<HUMAN_PART_PER m_id="17" RELATED_TO="" TAG_DESCRIPTOR="t13b_arsonist" instance_id="HUM17476439289974733" />
<TIME_OF_THE_DAY m_id="16" RELATED_TO="" TAG_DESCRIPTOR="t13b_friday_night" instance_id="TIM17476578442583570" />
<ACTION_OCCURRENCE m_id="15" RELATED_TO="" TAG_DESCRIPTOR="t13b_arson" instance_id="ACT17476188805643910" />
<HUMAN_PART_ORG m_id="14" RELATED_TO="" TAG_DESCRIPTOR="t13b_org_church" instance_id="HUM28321461982534522" />
<LOC_GEO m_id="13" RELATED_TO="" TAG_DESCRIPTOR="t13b_wasilla" instance_id="LOC17477038829597174" />
</Markables>

<Relations>
<CROSS_DOC_COREF r_id="33999" note="LOC17477038829597174" >
  <source m_id="11" />
  <target m_id="13" />
</CROSS_DOC_COREF>
<CROSS_DOC_COREF r_id="34000" note="HUM28321461982534522" >
  <source m_id="12" />
  <target m_id="14" />
</CROSS_DOC_COREF>
<CROSS_DOC_COREF r_id="34001" note="ACT17476188805643910" >
  <source m_id="8" />
  <target m_id="15" />
</CROSS_DOC_COREF>
<CROSS_DOC_COREF r_id="34002" note="TIM17476578442583570" >
  <source m_id="10" />
  <target m_id="16" />
</CROSS_DOC_COREF>
<CROSS_DOC_COREF r_id="34003" note="HUM17476439289974733" >
  <source m_id="9" />
  <target m_id="17" />
</CROSS_DOC_COREF>

</Relations>
</Document>
