<Document doc_name="13_1ecb.xml" doc_id="DOC15654284577277628">
<token t_id="1" sentence="0" number="0">An</token>
<token t_id="2" sentence="0" number="1">arsonist</token>
<token t_id="3" sentence="0" number="2">has</token>
<token t_id="4" sentence="0" number="3">badly</token>
<token t_id="5" sentence="0" number="4">damaged</token>
<token t_id="6" sentence="0" number="5">the</token>
<token t_id="7" sentence="0" number="6">church</token>
<token t_id="8" sentence="0" number="7">attended</token>
<token t_id="9" sentence="0" number="8">by</token>
<token t_id="10" sentence="0" number="9">the</token>
<token t_id="11" sentence="0" number="10">Governor</token>
<token t_id="12" sentence="0" number="11">of</token>
<token t_id="13" sentence="0" number="12">Alaska</token>
<token t_id="14" sentence="0" number="13">,</token>
<token t_id="15" sentence="0" number="14">Sarah</token>
<token t_id="16" sentence="0" number="15">Palin</token>
<token t_id="17" sentence="0" number="16">,</token>
<token t_id="18" sentence="0" number="17">and</token>
<token t_id="19" sentence="0" number="18">she</token>
<token t_id="20" sentence="0" number="19">has</token>
<token t_id="21" sentence="0" number="20">apologised</token>
<token t_id="22" sentence="0" number="21">if</token>
<token t_id="23" sentence="0" number="22">the</token>
<token t_id="24" sentence="0" number="23">fire</token>
<token t_id="25" sentence="0" number="24">was</token>
<token t_id="26" sentence="0" number="25">connected</token>
<token t_id="27" sentence="0" number="26">to</token>
<token t_id="28" sentence="0" number="27">``</token>
<token t_id="29" sentence="0" number="28">undeserved</token>
<token t_id="30" sentence="0" number="29">negative</token>
<token t_id="31" sentence="0" number="30">attention</token>
<token t_id="32" sentence="0" number="31">''</token>
<token t_id="33" sentence="0" number="32">from</token>
<token t_id="34" sentence="0" number="33">her</token>
<token t_id="35" sentence="0" number="34">failed</token>
<token t_id="36" sentence="0" number="35">campaign</token>
<token t_id="37" sentence="0" number="36">as</token>
<token t_id="38" sentence="0" number="37">the</token>
<token t_id="39" sentence="0" number="38">Republican</token>
<token t_id="40" sentence="0" number="39">vice-presidential</token>
<token t_id="41" sentence="0" number="40">nominee</token>
<token t_id="42" sentence="0" number="41">.</token>
<token t_id="43" sentence="1" number="0">No</token>
<token t_id="44" sentence="1" number="1">one</token>
<token t_id="45" sentence="1" number="2">was</token>
<token t_id="46" sentence="1" number="3">hurt</token>
<token t_id="47" sentence="1" number="4">in</token>
<token t_id="48" sentence="1" number="5">the</token>
<token t_id="49" sentence="1" number="6">fire</token>
<token t_id="50" sentence="1" number="7">on</token>
<token t_id="51" sentence="1" number="8">Friday</token>
<token t_id="52" sentence="1" number="9">night</token>
<token t_id="53" sentence="1" number="10">although</token>
<token t_id="54" sentence="1" number="11">a</token>
<token t_id="55" sentence="1" number="12">handful</token>
<token t_id="56" sentence="1" number="13">of</token>
<token t_id="57" sentence="1" number="14">people</token>
<token t_id="58" sentence="1" number="15">,</token>
<token t_id="59" sentence="1" number="16">including</token>
<token t_id="60" sentence="1" number="17">two</token>
<token t_id="61" sentence="1" number="18">children</token>
<token t_id="62" sentence="1" number="19">,</token>
<token t_id="63" sentence="1" number="20">were</token>
<token t_id="64" sentence="1" number="21">inside</token>
<token t_id="65" sentence="1" number="22">the</token>
<token t_id="66" sentence="1" number="23">Wasilla</token>
<token t_id="67" sentence="1" number="24">Bible</token>
<token t_id="68" sentence="1" number="25">Church</token>
<token t_id="69" sentence="1" number="26">,</token>
<token t_id="70" sentence="1" number="27">said</token>
<token t_id="71" sentence="1" number="28">the</token>
<token t_id="72" sentence="1" number="29">Central</token>
<token t_id="73" sentence="1" number="30">Mat-Su</token>
<token t_id="74" sentence="1" number="31">fire</token>
<token t_id="75" sentence="1" number="32">chief</token>
<token t_id="76" sentence="1" number="33">,</token>
<token t_id="77" sentence="1" number="34">James</token>
<token t_id="78" sentence="1" number="35">Steele</token>
<token t_id="79" sentence="1" number="36">.</token>
<token t_id="80" sentence="2" number="0">Ms</token>
<token t_id="81" sentence="2" number="1">Palin</token>
<token t_id="82" sentence="2" number="2">visited</token>
<token t_id="83" sentence="2" number="3">the</token>
<token t_id="84" sentence="2" number="4">church</token>
<token t_id="85" sentence="2" number="5">on</token>
<token t_id="86" sentence="2" number="6">Saturday</token>
<token t_id="87" sentence="2" number="7">.</token>
<token t_id="88" sentence="3" number="0">Her</token>
<token t_id="89" sentence="3" number="1">spokesman</token>
<token t_id="90" sentence="3" number="2">,</token>
<token t_id="91" sentence="3" number="3">Bill</token>
<token t_id="92" sentence="3" number="4">McAllister</token>
<token t_id="93" sentence="3" number="5">,</token>
<token t_id="94" sentence="3" number="6">said</token>
<token t_id="95" sentence="3" number="7">,</token>
<token t_id="96" sentence="3" number="8">``</token>
<token t_id="97" sentence="3" number="9">Whatever</token>
<token t_id="98" sentence="3" number="10">the</token>
<token t_id="99" sentence="3" number="11">motives</token>
<token t_id="100" sentence="3" number="12">of</token>
<token t_id="101" sentence="3" number="13">the</token>
<token t_id="102" sentence="3" number="14">arsonist</token>
<token t_id="103" sentence="3" number="15">,</token>
<token t_id="104" sentence="3" number="16">the</token>
<token t_id="105" sentence="3" number="17">Governor</token>
<token t_id="106" sentence="3" number="18">has</token>
<token t_id="107" sentence="3" number="19">faith</token>
<token t_id="108" sentence="3" number="20">in</token>
<token t_id="109" sentence="3" number="21">the</token>
<token t_id="110" sentence="3" number="22">scriptural</token>
<token t_id="111" sentence="3" number="23">passage</token>
<token t_id="112" sentence="3" number="24">that</token>
<token t_id="113" sentence="3" number="25">what</token>
<token t_id="114" sentence="3" number="26">was</token>
<token t_id="115" sentence="3" number="27">intended</token>
<token t_id="116" sentence="3" number="28">for</token>
<token t_id="117" sentence="3" number="29">evil</token>
<token t_id="118" sentence="3" number="30">will</token>
<token t_id="119" sentence="3" number="31">in</token>
<token t_id="120" sentence="3" number="32">some</token>
<token t_id="121" sentence="3" number="33">way</token>
<token t_id="122" sentence="3" number="34">be</token>
<token t_id="123" sentence="3" number="35">used</token>
<token t_id="124" sentence="3" number="36">for</token>
<token t_id="125" sentence="3" number="37">good</token>
<token t_id="126" sentence="3" number="38">.</token>
<token t_id="127" sentence="3" number="39">''</token>
<token t_id="128" sentence="4" number="0">Mr</token>
<token t_id="129" sentence="4" number="1">Steele</token>
<token t_id="130" sentence="4" number="2">said</token>
<token t_id="131" sentence="4" number="3">the</token>
<token t_id="132" sentence="4" number="4">blaze</token>
<token t_id="133" sentence="4" number="5">was</token>
<token t_id="134" sentence="4" number="6">being</token>
<token t_id="135" sentence="4" number="7">treated</token>
<token t_id="136" sentence="4" number="8">as</token>
<token t_id="137" sentence="4" number="9">arson</token>
<token t_id="138" sentence="4" number="10">,</token>
<token t_id="139" sentence="4" number="11">but</token>
<token t_id="140" sentence="4" number="12">he</token>
<token t_id="141" sentence="4" number="13">did</token>
<token t_id="142" sentence="4" number="14">not</token>
<token t_id="143" sentence="4" number="15">know</token>
<token t_id="144" sentence="4" number="16">of</token>
<token t_id="145" sentence="4" number="17">any</token>
<token t_id="146" sentence="4" number="18">threats</token>
<token t_id="147" sentence="4" number="19">to</token>
<token t_id="148" sentence="4" number="20">the</token>
<token t_id="149" sentence="4" number="21">church</token>
<token t_id="150" sentence="4" number="22">.</token>
<token t_id="151" sentence="5" number="0">Authorities</token>
<token t_id="152" sentence="5" number="1">also</token>
<token t_id="153" sentence="5" number="2">did</token>
<token t_id="154" sentence="5" number="3">not</token>
<token t_id="155" sentence="5" number="4">know</token>
<token t_id="156" sentence="5" number="5">whether</token>
<token t_id="157" sentence="5" number="6">Mrs</token>
<token t_id="158" sentence="5" number="7">Palin</token>
<token t_id="159" sentence="5" number="8">'s</token>
<token t_id="160" sentence="5" number="9">connection</token>
<token t_id="161" sentence="5" number="10">to</token>
<token t_id="162" sentence="5" number="11">the</token>
<token t_id="163" sentence="5" number="12">church</token>
<token t_id="164" sentence="5" number="13">was</token>
<token t_id="165" sentence="5" number="14">relevant</token>
<token t_id="166" sentence="5" number="15">to</token>
<token t_id="167" sentence="5" number="16">the</token>
<token t_id="168" sentence="5" number="17">fire</token>
<token t_id="169" sentence="5" number="18">.</token>
<token t_id="170" sentence="6" number="0">``</token>
<token t_id="171" sentence="6" number="1">It</token>
<token t_id="172" sentence="6" number="2">'s</token>
<token t_id="173" sentence="6" number="3">hard</token>
<token t_id="174" sentence="6" number="4">to</token>
<token t_id="175" sentence="6" number="5">say</token>
<token t_id="176" sentence="6" number="6">at</token>
<token t_id="177" sentence="6" number="7">this</token>
<token t_id="178" sentence="6" number="8">point</token>
<token t_id="179" sentence="6" number="9">.</token>
<token t_id="180" sentence="7" number="0">Everything</token>
<token t_id="181" sentence="7" number="1">is</token>
<token t_id="182" sentence="7" number="2">just</token>
<token t_id="183" sentence="7" number="3">speculation</token>
<token t_id="184" sentence="7" number="4">,</token>
<token t_id="185" sentence="7" number="5">''</token>
<token t_id="186" sentence="7" number="6">he</token>
<token t_id="187" sentence="7" number="7">said</token>
<token t_id="188" sentence="7" number="8">.</token>
<token t_id="189" sentence="8" number="0">``</token>
<token t_id="190" sentence="8" number="1">We</token>
<token t_id="191" sentence="8" number="2">have</token>
<token t_id="192" sentence="8" number="3">no</token>
<token t_id="193" sentence="8" number="4">information</token>
<token t_id="194" sentence="8" number="5">on</token>
<token t_id="195" sentence="8" number="6">intent</token>
<token t_id="196" sentence="8" number="7">or</token>
<token t_id="197" sentence="8" number="8">motive</token>
<token t_id="198" sentence="8" number="9">.</token>
<token t_id="199" sentence="8" number="10">''</token>
<token t_id="200" sentence="9" number="0">Damage</token>
<token t_id="201" sentence="9" number="1">to</token>
<token t_id="202" sentence="9" number="2">the</token>
<token t_id="203" sentence="9" number="3">church</token>
<token t_id="204" sentence="9" number="4">was</token>
<token t_id="205" sentence="9" number="5">estimated</token>
<token t_id="206" sentence="9" number="6">at</token>
<token t_id="207" sentence="9" number="7">$</token>
<token t_id="208" sentence="9" number="8">US1</token>
<token t_id="209" sentence="9" number="9">million</token>
<token t_id="210" sentence="9" number="10">(</token>
<token t_id="211" sentence="9" number="11">$</token>
<token t_id="212" sentence="9" number="12">1.52</token>
<token t_id="213" sentence="9" number="13">million</token>
<token t_id="214" sentence="9" number="14">)</token>
<token t_id="215" sentence="9" number="15">,</token>
<token t_id="216" sentence="9" number="16">authorities</token>
<token t_id="217" sentence="9" number="17">said</token>
<token t_id="218" sentence="9" number="18">.</token>
<token t_id="219" sentence="10" number="0">Mr</token>
<token t_id="220" sentence="10" number="1">Steele</token>
<token t_id="221" sentence="10" number="2">said</token>
<token t_id="222" sentence="10" number="3">the</token>
<token t_id="223" sentence="10" number="4">fire</token>
<token t_id="224" sentence="10" number="5">was</token>
<token t_id="225" sentence="10" number="6">lit</token>
<token t_id="226" sentence="10" number="7">at</token>
<token t_id="227" sentence="10" number="8">the</token>
<token t_id="228" sentence="10" number="9">entrance</token>
<token t_id="229" sentence="10" number="10">and</token>
<token t_id="230" sentence="10" number="11">moved</token>
<token t_id="231" sentence="10" number="12">inward</token>
<token t_id="232" sentence="10" number="13">as</token>
<token t_id="233" sentence="10" number="14">a</token>
<token t_id="234" sentence="10" number="15">small</token>
<token t_id="235" sentence="10" number="16">group</token>
<token t_id="236" sentence="10" number="17">of</token>
<token t_id="237" sentence="10" number="18">women</token>
<token t_id="238" sentence="10" number="19">were</token>
<token t_id="239" sentence="10" number="20">working</token>
<token t_id="240" sentence="10" number="21">on</token>
<token t_id="241" sentence="10" number="22">crafts</token>
<token t_id="242" sentence="10" number="23">.</token>
<token t_id="243" sentence="11" number="0">A</token>
<token t_id="244" sentence="11" number="1">fire</token>
<token t_id="245" sentence="11" number="2">alarm</token>
<token t_id="246" sentence="11" number="3">alerted</token>
<token t_id="247" sentence="11" number="4">them</token>
<token t_id="248" sentence="11" number="5">to</token>
<token t_id="249" sentence="11" number="6">the</token>
<token t_id="250" sentence="11" number="7">fire</token>
<token t_id="251" sentence="11" number="8">.</token>
<token t_id="252" sentence="12" number="0">Firefighters</token>
<token t_id="253" sentence="12" number="1">fought</token>
<token t_id="254" sentence="12" number="2">the</token>
<token t_id="255" sentence="12" number="3">blaze</token>
<token t_id="256" sentence="12" number="4">in</token>
<token t_id="257" sentence="12" number="5">temperatures</token>
<token t_id="258" sentence="12" number="6">of</token>
<token t_id="259" sentence="12" number="7">minus</token>
<token t_id="260" sentence="12" number="8">17</token>
<token t_id="261" sentence="12" number="9">degrees</token>
<token t_id="262" sentence="12" number="10">.</token>
<token t_id="263" sentence="13" number="0">The</token>
<token t_id="264" sentence="13" number="1">pastor</token>
<token t_id="265" sentence="13" number="2">,</token>
<token t_id="266" sentence="13" number="3">Larry</token>
<token t_id="267" sentence="13" number="4">Kroon</token>
<token t_id="268" sentence="13" number="5">,</token>
<token t_id="269" sentence="13" number="6">declined</token>
<token t_id="270" sentence="13" number="7">to</token>
<token t_id="271" sentence="13" number="8">say</token>
<token t_id="272" sentence="13" number="9">whether</token>
<token t_id="273" sentence="13" number="10">the</token>
<token t_id="274" sentence="13" number="11">church</token>
<token t_id="275" sentence="13" number="12">had</token>
<token t_id="276" sentence="13" number="13">received</token>
<token t_id="277" sentence="13" number="14">any</token>
<token t_id="278" sentence="13" number="15">recent</token>
<token t_id="279" sentence="13" number="16">threats</token>
<token t_id="280" sentence="13" number="17">.</token>
<token t_id="281" sentence="14" number="0">``</token>
<token t_id="282" sentence="14" number="1">There</token>
<token t_id="283" sentence="14" number="2">are</token>
<token t_id="284" sentence="14" number="3">so</token>
<token t_id="285" sentence="14" number="4">many</token>
<token t_id="286" sentence="14" number="5">variables</token>
<token t_id="287" sentence="14" number="6">,</token>
<token t_id="288" sentence="14" number="7">''</token>
<token t_id="289" sentence="14" number="8">he</token>
<token t_id="290" sentence="14" number="9">said</token>
<token t_id="291" sentence="14" number="10">.</token>
<token t_id="292" sentence="15" number="0">``</token>
<token t_id="293" sentence="15" number="1">I</token>
<token t_id="294" sentence="15" number="2">do</token>
<token t_id="295" sentence="15" number="3">n't</token>
<token t_id="296" sentence="15" number="4">want</token>
<token t_id="297" sentence="15" number="5">to</token>
<token t_id="298" sentence="15" number="6">comment</token>
<token t_id="299" sentence="15" number="7">in</token>
<token t_id="300" sentence="15" number="8">that</token>
<token t_id="301" sentence="15" number="9">direction</token>
<token t_id="302" sentence="15" number="10">.</token>
<token t_id="303" sentence="15" number="11">''</token>
<token t_id="304" sentence="16" number="0">The</token>
<token t_id="305" sentence="16" number="1">1000-member</token>
<token t_id="306" sentence="16" number="2">evangelical</token>
<token t_id="307" sentence="16" number="3">church</token>
<token t_id="308" sentence="16" number="4">was</token>
<token t_id="309" sentence="16" number="5">the</token>
<token t_id="310" sentence="16" number="6">subject</token>
<token t_id="311" sentence="16" number="7">of</token>
<token t_id="312" sentence="16" number="8">scrutiny</token>
<token t_id="313" sentence="16" number="9">after</token>
<token t_id="314" sentence="16" number="10">Mrs</token>
<token t_id="315" sentence="16" number="11">Palin</token>
<token t_id="316" sentence="16" number="12">was</token>
<token t_id="317" sentence="16" number="13">named</token>
<token t_id="318" sentence="16" number="14">John</token>
<token t_id="319" sentence="16" number="15">McCain</token>
<token t_id="320" sentence="16" number="16">'s</token>
<token t_id="321" sentence="16" number="17">Republican</token>
<token t_id="322" sentence="16" number="18">Party</token>
<token t_id="323" sentence="16" number="19">running</token>
<token t_id="324" sentence="16" number="20">mate</token>
<token t_id="325" sentence="16" number="21">.</token>
<token t_id="326" sentence="17" number="0">Early</token>
<token t_id="327" sentence="17" number="1">in</token>
<token t_id="328" sentence="17" number="2">her</token>
<token t_id="329" sentence="17" number="3">campaign</token>
<token t_id="330" sentence="17" number="4">,</token>
<token t_id="331" sentence="17" number="5">the</token>
<token t_id="332" sentence="17" number="6">church</token>
<token t_id="333" sentence="17" number="7">was</token>
<token t_id="334" sentence="17" number="8">criticised</token>
<token t_id="335" sentence="17" number="9">for</token>
<token t_id="336" sentence="17" number="10">promoting</token>
<token t_id="337" sentence="17" number="11">a</token>
<token t_id="338" sentence="17" number="12">Focus</token>
<token t_id="339" sentence="17" number="13">on</token>
<token t_id="340" sentence="17" number="14">the</token>
<token t_id="341" sentence="17" number="15">Family</token>
<token t_id="342" sentence="17" number="16">``</token>
<token t_id="343" sentence="17" number="17">Love</token>
<token t_id="344" sentence="17" number="18">Won</token>
<token t_id="345" sentence="17" number="19">Out</token>
<token t_id="346" sentence="17" number="20">Conference</token>
<token t_id="347" sentence="17" number="21">''</token>
<token t_id="348" sentence="17" number="22">in</token>
<token t_id="349" sentence="17" number="23">Anchorage</token>
<token t_id="350" sentence="17" number="24">.</token>
<token t_id="351" sentence="18" number="0">It</token>
<token t_id="352" sentence="18" number="1">promised</token>
<token t_id="353" sentence="18" number="2">to</token>
<token t_id="354" sentence="18" number="3">``</token>
<token t_id="355" sentence="18" number="4">help</token>
<token t_id="356" sentence="18" number="5">men</token>
<token t_id="357" sentence="18" number="6">and</token>
<token t_id="358" sentence="18" number="7">women</token>
<token t_id="359" sentence="18" number="8">dissatisfied</token>
<token t_id="360" sentence="18" number="9">with</token>
<token t_id="361" sentence="18" number="10">living</token>
<token t_id="362" sentence="18" number="11">homosexually</token>
<token t_id="363" sentence="18" number="12">understand</token>
<token t_id="364" sentence="18" number="13">that</token>
<token t_id="365" sentence="18" number="14">same-sex</token>
<token t_id="366" sentence="18" number="15">attractions</token>
<token t_id="367" sentence="18" number="16">can</token>
<token t_id="368" sentence="18" number="17">be</token>
<token t_id="369" sentence="18" number="18">overcome</token>
<token t_id="370" sentence="18" number="19">''</token>
<token t_id="371" sentence="18" number="20">.</token>
<token t_id="372" sentence="19" number="0">Wasilla</token>
<token t_id="373" sentence="19" number="1">,</token>
<token t_id="374" sentence="19" number="2">Mrs</token>
<token t_id="375" sentence="19" number="3">Palin</token>
<token t_id="376" sentence="19" number="4">'s</token>
<token t_id="377" sentence="19" number="5">home</token>
<token t_id="378" sentence="19" number="6">town</token>
<token t_id="379" sentence="19" number="7">,</token>
<token t_id="380" sentence="19" number="8">is</token>
<token t_id="381" sentence="19" number="9">64</token>
<token t_id="382" sentence="19" number="10">kilometres</token>
<token t_id="383" sentence="19" number="11">north</token>
<token t_id="384" sentence="19" number="12">of</token>
<token t_id="385" sentence="19" number="13">Anchorage</token>
<token t_id="386" sentence="19" number="14">.</token>
<Markables>
<ACTION_OCCURRENCE m_id="22"  >
  <token_anchor t_id="26"/>
</ACTION_OCCURRENCE>
<ACTION_OCCURRENCE m_id="23"  >
  <token_anchor t_id="31"/>
</ACTION_OCCURRENCE>
<ACTION_OCCURRENCE m_id="15"  >
  <token_anchor t_id="5"/>
</ACTION_OCCURRENCE>
<ACTION_OCCURRENCE m_id="17"  >
  <token_anchor t_id="8"/>
</ACTION_OCCURRENCE>
<ACTION_OCCURRENCE m_id="20"  >
  <token_anchor t_id="21"/>
</ACTION_OCCURRENCE>
<ACTION_OCCURRENCE m_id="21"  >
  <token_anchor t_id="24"/>
</ACTION_OCCURRENCE>
<HUMAN_PART_PER m_id="14"  >
  <token_anchor t_id="2"/>
</HUMAN_PART_PER>
<HUMAN_PART_PER m_id="18"  >
  <token_anchor t_id="15"/>
  <token_anchor t_id="16"/>
</HUMAN_PART_PER>
<HUMAN_PART_PER m_id="19"  >
  <token_anchor t_id="19"/>
</HUMAN_PART_PER>
<NON_HUMAN_PART m_id="25" note="byCROMER" >
  <token_anchor t_id="7"/>
</NON_HUMAN_PART>
<ACTION_OCCURRENCE m_id="26" note="byCROMER" >
  <token_anchor t_id="36"/>
</ACTION_OCCURRENCE>
<HUMAN_PART_PER m_id="27" note="byCROMER" >
  <token_anchor t_id="34"/>
</HUMAN_PART_PER>


<HUMAN_PART_PER m_id="35" RELATED_TO="" TAG_DESCRIPTOR="t13b_arsonist" instance_id="HUM17476439289974733" />
<ACTION_OCCURRENCE m_id="34" RELATED_TO="" TAG_DESCRIPTOR="t13b_destroyed" instance_id="ACT17476241401707929" />
<ACTION_OCCURRENCE m_id="33" RELATED_TO="" TAG_DESCRIPTOR="t13b_attends" instance_id="ACT17476220205227381" />
<HUMAN_PART_PER m_id="32" RELATED_TO="" TAG_DESCRIPTOR="t13_palin" instance_id="HUM17474479699693914" />
<ACTION_OCCURRENCE m_id="31" RELATED_TO="" TAG_DESCRIPTOR="t13b_apologized" instance_id="ACT17476677068001771" />
<NON_HUMAN_PART m_id="30" RELATED_TO="" TAG_DESCRIPTOR="t13_wassila_church_building" instance_id="NON28318767695137921" />
<ACTION_OCCURRENCE m_id="29" RELATED_TO="" TAG_DESCRIPTOR="t13b_palins_campaign" instance_id="ACT27321188720934368" />
<ACTION_OCCURRENCE m_id="28" RELATED_TO="" TAG_DESCRIPTOR="t13_church_fire" instance_id="ACT17474554307413590" />
</Markables>

<Relations>
<CROSS_DOC_COREF r_id="33961" note="ACT17474554307413590" >
  <source m_id="21" />
  <target m_id="28" />
</CROSS_DOC_COREF>
<CROSS_DOC_COREF r_id="33962" note="ACT27321188720934368" >
  <source m_id="26" />
  <target m_id="29" />
</CROSS_DOC_COREF>
<CROSS_DOC_COREF r_id="33963" note="NON28318767695137921" >
  <source m_id="25" />
  <target m_id="30" />
</CROSS_DOC_COREF>
<CROSS_DOC_COREF r_id="33964" note="ACT17476677068001771" >
  <source m_id="20" />
  <target m_id="31" />
</CROSS_DOC_COREF>
<CROSS_DOC_COREF r_id="33965" note="HUM17474479699693914" >
  <source m_id="19" />
  <source m_id="27" />
  <source m_id="18" />
  <target m_id="32" />
</CROSS_DOC_COREF>
<CROSS_DOC_COREF r_id="33966" note="ACT17476220205227381" >
  <source m_id="17" />
  <target m_id="33" />
</CROSS_DOC_COREF>
<CROSS_DOC_COREF r_id="33967" note="ACT17476241401707929" >
  <source m_id="15" />
  <target m_id="34" />
</CROSS_DOC_COREF>
<CROSS_DOC_COREF r_id="33968" note="HUM17476439289974733" >
  <source m_id="14" />
  <target m_id="35" />
</CROSS_DOC_COREF>

</Relations>
</Document>
