<Document doc_name="13_15ecb.xml" doc_id="DOC15654285218176672">
<token t_id="1" sentence="0" number="0">Sarah</token>
<token t_id="2" sentence="0" number="1">Palin</token>
<token t_id="3" sentence="0" number="2">'s</token>
<token t_id="4" sentence="0" number="3">home</token>
<token t_id="5" sentence="0" number="4">church</token>
<token t_id="6" sentence="0" number="5">has</token>
<token t_id="7" sentence="0" number="6">had</token>
<token t_id="8" sentence="0" number="7">a</token>
<token t_id="9" sentence="0" number="8">million</token>
<token t_id="10" sentence="0" number="9">dollars</token>
<token t_id="11" sentence="0" number="10">damage</token>
<token t_id="12" sentence="0" number="11">done</token>
<token t_id="13" sentence="0" number="12">to</token>
<token t_id="14" sentence="0" number="13">it</token>
<token t_id="15" sentence="0" number="14">as</token>
<token t_id="16" sentence="0" number="15">it</token>
<token t_id="17" sentence="0" number="16">was</token>
<token t_id="18" sentence="0" number="17">set</token>
<token t_id="19" sentence="0" number="18">alight</token>
<token t_id="20" sentence="0" number="19">by</token>
<token t_id="21" sentence="0" number="20">suspected</token>
<token t_id="22" sentence="0" number="21">arsonists</token>
<token t_id="23" sentence="0" number="22">.</token>
<token t_id="24" sentence="1" number="0">No</token>
<token t_id="25" sentence="1" number="1">one</token>
<token t_id="26" sentence="1" number="2">was</token>
<token t_id="27" sentence="1" number="3">injured</token>
<token t_id="28" sentence="1" number="4">when</token>
<token t_id="29" sentence="1" number="5">the</token>
<token t_id="30" sentence="1" number="6">blaze</token>
<token t_id="31" sentence="1" number="7">hit</token>
<token t_id="32" sentence="1" number="8">the</token>
<token t_id="33" sentence="1" number="9">Wasilla</token>
<token t_id="34" sentence="1" number="10">Bible</token>
<token t_id="35" sentence="1" number="11">Church</token>
<token t_id="36" sentence="1" number="12">.</token>
<token t_id="37" sentence="2" number="0">Palin</token>
<token t_id="38" sentence="2" number="1">has</token>
<token t_id="39" sentence="2" number="2">apologised</token>
<token t_id="40" sentence="2" number="3">if</token>
<token t_id="41" sentence="2" number="4">it</token>
<token t_id="42" sentence="2" number="5">was</token>
<token t_id="43" sentence="2" number="6">connected</token>
<token t_id="44" sentence="2" number="7">with</token>
<token t_id="45" sentence="2" number="8">her</token>
<token t_id="46" sentence="2" number="9">campaign</token>
<token t_id="47" sentence="2" number="10">due</token>
<token t_id="48" sentence="2" number="11">to</token>
<token t_id="49" sentence="2" number="12">``</token>
<token t_id="50" sentence="2" number="13">undeserved</token>
<token t_id="51" sentence="2" number="14">negative</token>
<token t_id="52" sentence="2" number="15">attention</token>
<token t_id="53" sentence="2" number="16">''</token>
<token t_id="54" sentence="2" number="17">.</token>
<token t_id="55" sentence="3" number="0">The</token>
<token t_id="56" sentence="3" number="1">fire</token>
<token t_id="57" sentence="3" number="2">chief</token>
<token t_id="58" sentence="3" number="3">has</token>
<token t_id="59" sentence="3" number="4">said</token>
<token t_id="60" sentence="3" number="5">an</token>
<token t_id="61" sentence="3" number="6">investigation</token>
<token t_id="62" sentence="3" number="7">is</token>
<token t_id="63" sentence="3" number="8">underway</token>
<token t_id="64" sentence="3" number="9">noting</token>
<token t_id="65" sentence="3" number="10">that</token>
<token t_id="66" sentence="3" number="11">there</token>
<token t_id="67" sentence="3" number="12">had</token>
<token t_id="68" sentence="3" number="13">n't</token>
<token t_id="69" sentence="3" number="14">been</token>
<token t_id="70" sentence="3" number="15">any</token>
<token t_id="71" sentence="3" number="16">recent</token>
<token t_id="72" sentence="3" number="17">threats</token>
<token t_id="73" sentence="3" number="18">to</token>
<token t_id="74" sentence="3" number="19">the</token>
<token t_id="75" sentence="3" number="20">church</token>
<token t_id="76" sentence="3" number="21">.</token>
<token t_id="77" sentence="4" number="0">Authorities</token>
<token t_id="78" sentence="4" number="1">are</token>
<token t_id="79" sentence="4" number="2">unsure</token>
<token t_id="80" sentence="4" number="3">if</token>
<token t_id="81" sentence="4" number="4">there</token>
<token t_id="82" sentence="4" number="5">is</token>
<token t_id="83" sentence="4" number="6">a</token>
<token t_id="84" sentence="4" number="7">relevant</token>
<token t_id="85" sentence="4" number="8">connection</token>
<token t_id="86" sentence="4" number="9">between</token>
<token t_id="87" sentence="4" number="10">the</token>
<token t_id="88" sentence="4" number="11">fire</token>
<token t_id="89" sentence="4" number="12">and</token>
<token t_id="90" sentence="4" number="13">Sarah</token>
<token t_id="91" sentence="4" number="14">Palin</token>
<token t_id="92" sentence="4" number="15">'s</token>
<token t_id="93" sentence="4" number="16">campaign</token>
<token t_id="94" sentence="4" number="17">.</token>
<Markables>
<ACTION_OCCURRENCE m_id="12"  >
  <token_anchor t_id="18"/>
  <token_anchor t_id="19"/>
</ACTION_OCCURRENCE>
<HUMAN_PART_PER m_id="13"  >
  <token_anchor t_id="22"/>
</HUMAN_PART_PER>
<NON_HUMAN_PART m_id="14" note="byCROMER" >
  <token_anchor t_id="5"/>
</NON_HUMAN_PART>
<NON_HUMAN_PART m_id="15" note="byCROMER" >
  <token_anchor t_id="16"/>
</NON_HUMAN_PART>
<NON_HUMAN_PART m_id="16" note="byCROMER" >
  <token_anchor t_id="14"/>
</NON_HUMAN_PART>
<ACTION_OCCURRENCE m_id="17" note="byCROMER" >
  <token_anchor t_id="11"/>
</ACTION_OCCURRENCE>


<HUMAN_PART_PER m_id="21" RELATED_TO="" TAG_DESCRIPTOR="t13b_arsonist" instance_id="HUM17476439289974733" />
<ACTION_OCCURRENCE m_id="19" RELATED_TO="" TAG_DESCRIPTOR="t13b_arson" instance_id="ACT17476188805643910" />
<ACTION_OCCURRENCE m_id="20" RELATED_TO="" TAG_DESCRIPTOR="t13b_destroyed" instance_id="ACT17476241401707929" />
<NON_HUMAN_PART m_id="18" RELATED_TO="" TAG_DESCRIPTOR="t13_wassila_church_building" instance_id="NON28318767695137921" />
</Markables>

<Relations>
<CROSS_DOC_COREF r_id="34010" note="NON28318767695137921" >
  <source m_id="14" />
  <source m_id="15" />
  <source m_id="16" />
  <target m_id="18" />
</CROSS_DOC_COREF>
<CROSS_DOC_COREF r_id="34011" note="ACT17476188805643910" >
  <source m_id="12" />
  <target m_id="19" />
</CROSS_DOC_COREF>
<CROSS_DOC_COREF r_id="34012" note="ACT17476241401707929" >
  <source m_id="17" />
  <target m_id="20" />
</CROSS_DOC_COREF>
<CROSS_DOC_COREF r_id="34013" note="HUM17476439289974733" >
  <source m_id="13" />
  <target m_id="21" />
</CROSS_DOC_COREF>

</Relations>
</Document>
