<Document doc_name="13_10ecbplus.xml" doc_id="DOC15646181878202959">
<token t_id="1" sentence="0" number="0">http</token>
<token t_id="2" sentence="0" number="1">:</token>
<token t_id="3" sentence="0" number="2">/</token>
<token t_id="4" sentence="0" number="3">/</token>
<token t_id="5" sentence="0" number="4">www</token>
<token t_id="6" sentence="0" number="5">.</token>
<token t_id="7" sentence="0" number="6">alaskapublic</token>
<token t_id="8" sentence="0" number="7">.</token>
<token t_id="9" sentence="0" number="8">org</token>
<token t_id="10" sentence="0" number="9">/</token>
<token t_id="11" sentence="0" number="10">2012</token>
<token t_id="12" sentence="0" number="11">/</token>
<token t_id="13" sentence="0" number="12">08</token>
<token t_id="14" sentence="0" number="13">/</token>
<token t_id="15" sentence="0" number="14">08</token>
<token t_id="16" sentence="0" number="15">/</token>
<token t_id="17" sentence="0" number="16">matanuska</token>
<token t_id="18" sentence="0" number="17">-</token>
<token t_id="19" sentence="0" number="18">maid</token>
<token t_id="20" sentence="0" number="19">-</token>
<token t_id="21" sentence="0" number="20">dairy</token>
<token t_id="22" sentence="0" number="21">-</token>
<token t_id="23" sentence="0" number="22">building</token>
<token t_id="24" sentence="0" number="23">-</token>
<token t_id="25" sentence="0" number="24">was</token>
<token t_id="26" sentence="0" number="25">-</token>
<token t_id="27" sentence="0" number="26">uninsured</token>
<token t_id="28" sentence="0" number="27">/</token>
<token t_id="29" sentence="1" number="0">Matanuska</token>
<token t_id="30" sentence="1" number="1">Maid</token>
<token t_id="31" sentence="1" number="2">Dairy</token>
<token t_id="32" sentence="1" number="3">Building</token>
<token t_id="33" sentence="1" number="4">Was</token>
<token t_id="34" sentence="1" number="5">Uninsured</token>
<token t_id="35" sentence="2" number="0">August</token>
<token t_id="36" sentence="2" number="1">8</token>
<token t_id="37" sentence="2" number="2">,</token>
<token t_id="38" sentence="2" number="3">2012</token>
<token t_id="39" sentence="2" number="4">-</token>
<token t_id="40" sentence="2" number="5">4</token>
<token t_id="41" sentence="2" number="6">:</token>
<token t_id="42" sentence="2" number="7">43</token>
<token t_id="43" sentence="2" number="8">pm</token>
<token t_id="44" sentence="3" number="0">The</token>
<token t_id="45" sentence="3" number="1">fire</token>
<token t_id="46" sentence="3" number="2">that</token>
<token t_id="47" sentence="3" number="3">destroyed</token>
<token t_id="48" sentence="3" number="4">the</token>
<token t_id="49" sentence="3" number="5">original</token>
<token t_id="50" sentence="3" number="6">Matanuska</token>
<token t_id="51" sentence="3" number="7">Maid</token>
<token t_id="52" sentence="3" number="8">Dairy</token>
<token t_id="53" sentence="3" number="9">warehouse</token>
<token t_id="54" sentence="3" number="10">in</token>
<token t_id="55" sentence="3" number="11">Palmer</token>
<token t_id="56" sentence="3" number="12">on</token>
<token t_id="57" sentence="3" number="13">Tuesday</token>
<token t_id="58" sentence="3" number="14">took</token>
<token t_id="59" sentence="3" number="15">a</token>
<token t_id="60" sentence="3" number="16">piece</token>
<token t_id="61" sentence="3" number="17">of</token>
<token t_id="62" sentence="3" number="18">Alaska</token>
<token t_id="63" sentence="3" number="19">’</token>
<token t_id="64" sentence="3" number="20">s</token>
<token t_id="65" sentence="3" number="21">history</token>
<token t_id="66" sentence="3" number="22">.</token>
<token t_id="67" sentence="4" number="0">The</token>
<token t_id="68" sentence="4" number="1">building</token>
<token t_id="69" sentence="4" number="2">dates</token>
<token t_id="70" sentence="4" number="3">to</token>
<token t_id="71" sentence="4" number="4">1935</token>
<token t_id="72" sentence="4" number="5">,</token>
<token t_id="73" sentence="4" number="6">when</token>
<token t_id="74" sentence="4" number="7">the</token>
<token t_id="75" sentence="4" number="8">original</token>
<token t_id="76" sentence="4" number="9">Matanuska</token>
<token t_id="77" sentence="4" number="10">Valley</token>
<token t_id="78" sentence="4" number="11">colonists</token>
<token t_id="79" sentence="4" number="12">settled</token>
<token t_id="80" sentence="4" number="13">in</token>
<token t_id="81" sentence="4" number="14">Alaska</token>
<token t_id="82" sentence="4" number="15">,</token>
<token t_id="83" sentence="4" number="16">and</token>
<token t_id="84" sentence="4" number="17">has</token>
<token t_id="85" sentence="4" number="18">been</token>
<token t_id="86" sentence="4" number="19">on</token>
<token t_id="87" sentence="4" number="20">the</token>
<token t_id="88" sentence="4" number="21">Alaska</token>
<token t_id="89" sentence="4" number="22">Association</token>
<token t_id="90" sentence="4" number="23">For</token>
<token t_id="91" sentence="4" number="24">Historic</token>
<token t_id="92" sentence="4" number="25">Preservation</token>
<token t_id="93" sentence="4" number="26">’</token>
<token t_id="94" sentence="4" number="27">s</token>
<token t_id="95" sentence="4" number="28">list</token>
<token t_id="96" sentence="4" number="29">of</token>
<token t_id="97" sentence="4" number="30">endangered</token>
<token t_id="98" sentence="4" number="31">historic</token>
<token t_id="99" sentence="4" number="32">properties</token>
<token t_id="100" sentence="4" number="33">for</token>
<token t_id="101" sentence="4" number="34">several</token>
<token t_id="102" sentence="4" number="35">years</token>
<token t_id="103" sentence="4" number="36">.</token>
<token t_id="104" sentence="5" number="0">Judi</token>
<token t_id="105" sentence="5" number="1">Bittner</token>
<token t_id="106" sentence="5" number="2">,</token>
<token t_id="107" sentence="5" number="3">the</token>
<token t_id="108" sentence="5" number="4">state</token>
<token t_id="109" sentence="5" number="5">’</token>
<token t_id="110" sentence="5" number="6">s</token>
<token t_id="111" sentence="5" number="7">historic</token>
<token t_id="112" sentence="5" number="8">preservation</token>
<token t_id="113" sentence="5" number="9">official</token>
<token t_id="114" sentence="5" number="10">,</token>
<token t_id="115" sentence="5" number="11">says</token>
<token t_id="116" sentence="5" number="12">the</token>
<token t_id="117" sentence="5" number="13">destruction</token>
<token t_id="118" sentence="5" number="14">of</token>
<token t_id="119" sentence="5" number="15">the</token>
<token t_id="120" sentence="5" number="16">building</token>
<token t_id="121" sentence="5" number="17">represents</token>
<token t_id="122" sentence="5" number="18">a</token>
<token t_id="123" sentence="5" number="19">big</token>
<token t_id="124" sentence="5" number="20">loss</token>
<token t_id="125" sentence="5" number="21">to</token>
<token t_id="126" sentence="5" number="22">the</token>
<token t_id="127" sentence="5" number="23">state</token>
<token t_id="128" sentence="5" number="24">’</token>
<token t_id="129" sentence="5" number="25">s</token>
<token t_id="130" sentence="5" number="26">history</token>
<token t_id="131" sentence="5" number="27">and</token>
<token t_id="132" sentence="5" number="28">to</token>
<token t_id="133" sentence="5" number="29">the</token>
<token t_id="134" sentence="5" number="30">people</token>
<token t_id="135" sentence="5" number="31">of</token>
<token t_id="136" sentence="5" number="32">Palmer</token>
<token t_id="137" sentence="5" number="33">.</token>
<token t_id="138" sentence="6" number="0">The</token>
<token t_id="139" sentence="6" number="1">property</token>
<token t_id="140" sentence="6" number="2">was</token>
<token t_id="141" sentence="6" number="3">in</token>
<token t_id="142" sentence="6" number="4">private</token>
<token t_id="143" sentence="6" number="5">ownership</token>
<token t_id="144" sentence="6" number="6">by</token>
<token t_id="145" sentence="6" number="7">Anchorage</token>
<token t_id="146" sentence="6" number="8">attorney</token>
<token t_id="147" sentence="6" number="9">William</token>
<token t_id="148" sentence="6" number="10">Ingaldson</token>
<token t_id="149" sentence="6" number="11">.</token>
<token t_id="150" sentence="7" number="0">Palmer</token>
<token t_id="151" sentence="7" number="1">Public</token>
<token t_id="152" sentence="7" number="2">Safety</token>
<token t_id="153" sentence="7" number="3">Director</token>
<token t_id="154" sentence="7" number="4">Jon</token>
<token t_id="155" sentence="7" number="5">Owen</token>
<token t_id="156" sentence="7" number="6">said</token>
<token t_id="157" sentence="7" number="7">Tuesday</token>
<token t_id="158" sentence="7" number="8">that</token>
<token t_id="159" sentence="7" number="9">the</token>
<token t_id="160" sentence="7" number="10">city</token>
<token t_id="161" sentence="7" number="11">had</token>
<token t_id="162" sentence="7" number="12">not</token>
<token t_id="163" sentence="7" number="13">purchased</token>
<token t_id="164" sentence="7" number="14">the</token>
<token t_id="165" sentence="7" number="15">property</token>
<token t_id="166" sentence="7" number="16">,</token>
<token t_id="167" sentence="7" number="17">although</token>
<token t_id="168" sentence="7" number="18">there</token>
<token t_id="169" sentence="7" number="19">were</token>
<token t_id="170" sentence="7" number="20">plans</token>
<token t_id="171" sentence="7" number="21">to</token>
<token t_id="172" sentence="7" number="22">do</token>
<token t_id="173" sentence="7" number="23">so</token>
<token t_id="174" sentence="7" number="24">.</token>
<token t_id="175" sentence="8" number="0">“</token>
<token t_id="176" sentence="8" number="1">The</token>
<token t_id="177" sentence="8" number="2">building</token>
<token t_id="178" sentence="8" number="3">was</token>
<token t_id="179" sentence="8" number="4">uninsured</token>
<token t_id="180" sentence="8" number="5">,</token>
<token t_id="181" sentence="8" number="6">”</token>
<token t_id="182" sentence="8" number="7">Owen</token>
<token t_id="183" sentence="8" number="8">said</token>
<token t_id="184" sentence="8" number="9">.</token>
<token t_id="185" sentence="9" number="0">The</token>
<token t_id="186" sentence="9" number="1">Anchorage</token>
<token t_id="187" sentence="9" number="2">Daily</token>
<token t_id="188" sentence="9" number="3">News</token>
<token t_id="189" sentence="9" number="4">reports</token>
<token t_id="190" sentence="9" number="5">the</token>
<token t_id="191" sentence="9" number="6">value</token>
<token t_id="192" sentence="9" number="7">of</token>
<token t_id="193" sentence="9" number="8">the</token>
<token t_id="194" sentence="9" number="9">building</token>
<token t_id="195" sentence="9" number="10">at</token>
<token t_id="196" sentence="9" number="11">$380</token>
<token t_id="197" sentence="9" number="12">,</token>
<token t_id="198" sentence="9" number="13">600</token>
<token t_id="199" sentence="9" number="14">.</token>
<token t_id="200" sentence="10" number="0">The</token>
<token t_id="201" sentence="10" number="1">cause</token>
<token t_id="202" sentence="10" number="2">of</token>
<token t_id="203" sentence="10" number="3">the</token>
<token t_id="204" sentence="10" number="4">fire</token>
<token t_id="205" sentence="10" number="5">has</token>
<token t_id="206" sentence="10" number="6">not</token>
<token t_id="207" sentence="10" number="7">been</token>
<token t_id="208" sentence="10" number="8">determined</token>
<token t_id="209" sentence="10" number="9">.</token>
<Markables>
<ACTION_CAUSATIVE m_id="8"  >
  <token_anchor t_id="201"/>
</ACTION_CAUSATIVE>
<ACTION_OCCURRENCE m_id="9"  >
  <token_anchor t_id="204"/>
</ACTION_OCCURRENCE>
<ACTION_OCCURRENCE m_id="3"  >
  <token_anchor t_id="45"/>
</ACTION_OCCURRENCE>
<ACTION_OCCURRENCE m_id="4"  >
  <token_anchor t_id="47"/>
</ACTION_OCCURRENCE>
<ACTION_OCCURRENCE m_id="6"  >
  <token_anchor t_id="58"/>
</ACTION_OCCURRENCE>
<ACTION_OCCURRENCE m_id="7"  >
  <token_anchor t_id="65"/>
</ACTION_OCCURRENCE>
<NEG_ACTION_OCCURRENCE m_id="10"  >
  <token_anchor t_id="208"/>
</NEG_ACTION_OCCURRENCE>
<NEG_ACTION_STATE m_id="1"  >
  <token_anchor t_id="34"/>
</NEG_ACTION_STATE>
<NON_HUMAN_PART m_id="12"  >
  <token_anchor t_id="29"/>
  <token_anchor t_id="30"/>
  <token_anchor t_id="31"/>
  <token_anchor t_id="32"/>
</NON_HUMAN_PART>
<TIME_DATE m_id="5"  >
  <token_anchor t_id="56"/>
  <token_anchor t_id="57"/>
</TIME_DATE>
<TIME_OF_THE_DAY m_id="2"  >
  <token_anchor t_id="35"/>
  <token_anchor t_id="36"/>
  <token_anchor t_id="37"/>
  <token_anchor t_id="38"/>
  <token_anchor t_id="39"/>
  <token_anchor t_id="40"/>
  <token_anchor t_id="41"/>
  <token_anchor t_id="42"/>
  <token_anchor t_id="43"/>
</TIME_OF_THE_DAY>


<LOC_GEO m_id="14" note="byCROMER" >
  <token_anchor t_id="54"/>
  <token_anchor t_id="55"/>
</LOC_GEO>
<NON_HUMAN_PART m_id="15" note="byCROMER" >
  <token_anchor t_id="50"/>
  <token_anchor t_id="51"/>
  <token_anchor t_id="52"/>
  <token_anchor t_id="53"/>
</NON_HUMAN_PART>


<ACTION_OCCURRENCE m_id="22" RELATED_TO="" TAG_DESCRIPTOR="t13_fire_destroyed" instance_id="ACT17473989188667483" />
<ACTION_OCCURRENCE m_id="21" RELATED_TO="" TAG_DESCRIPTOR="t13_history" instance_id="ACT17474262383670079" />
<NEG_ACTION_STATE m_id="20" RELATED_TO="" TAG_DESCRIPTOR="t13_uninsured" instance_id="NEG17474279047251067" />
<LOC_GEO m_id="19" RELATED_TO="" TAG_DESCRIPTOR="t13_palmer" instance_id="LOC17475085268494506" />
<ACTION_OCCURRENCE m_id="18" RELATED_TO="" TAG_DESCRIPTOR="t13_fire" instance_id="ACT17473889933267520" />
<TIME_DATE m_id="17" RELATED_TO="" TAG_DESCRIPTOR="t13_tuesday" instance_id="TIM17474345247586703" />
<NON_HUMAN_PART m_id="16" RELATED_TO="" TAG_DESCRIPTOR="t13_manatuska_creamery_building" instance_id="NON28318790724994183" />
</Markables>

<Relations>
<CROSS_DOC_COREF r_id="24898" note="NON28318790724994183" >
  <source m_id="12" />
  <source m_id="15" />
  <target m_id="16" />
</CROSS_DOC_COREF>
<CROSS_DOC_COREF r_id="24899" note="TIM17474345247586703" >
  <source m_id="5" />
  <target m_id="17" />
</CROSS_DOC_COREF>
<CROSS_DOC_COREF r_id="24900" note="ACT17473889933267520" >
  <source m_id="9" />
  <source m_id="3" />
  <target m_id="18" />
</CROSS_DOC_COREF>
<CROSS_DOC_COREF r_id="24901" note="LOC17475085268494506" >
  <source m_id="14" />
  <target m_id="19" />
</CROSS_DOC_COREF>
<CROSS_DOC_COREF r_id="24902" note="NEG17474279047251067" >
  <source m_id="1" />
  <target m_id="20" />
</CROSS_DOC_COREF>
<CROSS_DOC_COREF r_id="24903" note="ACT17474262383670079" >
  <source m_id="7" />
  <target m_id="21" />
</CROSS_DOC_COREF>
<CROSS_DOC_COREF r_id="24904" note="ACT17473989188667483" >
  <source m_id="4" />
  <target m_id="22" />
</CROSS_DOC_COREF>

</Relations>
</Document>
