<Document doc_name="13_19ecb.xml" doc_id="DOC15654285740412909">
<token t_id="1" sentence="0" number="0">An</token>
<token t_id="2" sentence="0" number="1">overnight</token>
<token t_id="3" sentence="0" number="2">fire</token>
<token t_id="4" sentence="0" number="3">Friday</token>
<token t_id="5" sentence="0" number="4">at</token>
<token t_id="6" sentence="0" number="5">Alaska</token>
<token t_id="7" sentence="0" number="6">Gov.</token>
<token t_id="8" sentence="0" number="7">Sarah</token>
<token t_id="9" sentence="0" number="8">Palin</token>
<token t_id="10" sentence="0" number="9">'s</token>
<token t_id="11" sentence="0" number="10">home</token>
<token t_id="12" sentence="0" number="11">church</token>
<token t_id="13" sentence="0" number="12">caused</token>
<token t_id="14" sentence="0" number="13">an</token>
<token t_id="15" sentence="0" number="14">estimated</token>
<token t_id="16" sentence="0" number="15">$</token>
<token t_id="17" sentence="0" number="16">1</token>
<token t_id="18" sentence="0" number="17">million</token>
<token t_id="19" sentence="0" number="18">in</token>
<token t_id="20" sentence="0" number="19">damage</token>
<token t_id="21" sentence="0" number="20">,</token>
<token t_id="22" sentence="0" number="21">and</token>
<token t_id="23" sentence="0" number="22">investigators</token>
<token t_id="24" sentence="0" number="23">say</token>
<token t_id="25" sentence="0" number="24">it</token>
<token t_id="26" sentence="0" number="25">could</token>
<token t_id="27" sentence="0" number="26">be</token>
<token t_id="28" sentence="0" number="27">the</token>
<token t_id="29" sentence="0" number="28">work</token>
<token t_id="30" sentence="0" number="29">of</token>
<token t_id="31" sentence="0" number="30">an</token>
<token t_id="32" sentence="0" number="31">arsonist</token>
<token t_id="33" sentence="0" number="32">.</token>
<token t_id="34" sentence="1" number="0">Firefighters</token>
<token t_id="35" sentence="1" number="1">were</token>
<token t_id="36" sentence="1" number="2">called</token>
<token t_id="37" sentence="1" number="3">to</token>
<token t_id="38" sentence="1" number="4">Wasilla</token>
<token t_id="39" sentence="1" number="5">Bible</token>
<token t_id="40" sentence="1" number="6">Church</token>
<token t_id="41" sentence="1" number="7">in</token>
<token t_id="42" sentence="1" number="8">Wasilla</token>
<token t_id="43" sentence="1" number="9">,</token>
<token t_id="44" sentence="1" number="10">Alaska</token>
<token t_id="45" sentence="1" number="11">,</token>
<token t_id="46" sentence="1" number="12">about</token>
<token t_id="47" sentence="1" number="13">9:40</token>
<token t_id="48" sentence="1" number="14">p.m.</token>
<token t_id="49" sentence="1" number="15">Friday</token>
<token t_id="50" sentence="1" number="16">and</token>
<token t_id="51" sentence="1" number="17">found</token>
<token t_id="52" sentence="1" number="18">flames</token>
<token t_id="53" sentence="1" number="19">and</token>
<token t_id="54" sentence="1" number="20">smoke</token>
<token t_id="55" sentence="1" number="21">coming</token>
<token t_id="56" sentence="1" number="22">out</token>
<token t_id="57" sentence="1" number="23">windows</token>
<token t_id="58" sentence="1" number="24">at</token>
<token t_id="59" sentence="1" number="25">the</token>
<token t_id="60" sentence="1" number="26">back</token>
<token t_id="61" sentence="1" number="27">of</token>
<token t_id="62" sentence="1" number="28">the</token>
<token t_id="63" sentence="1" number="29">three-story</token>
<token t_id="64" sentence="1" number="30">structure</token>
<token t_id="65" sentence="1" number="31">,</token>
<token t_id="66" sentence="1" number="32">said</token>
<token t_id="67" sentence="1" number="33">James</token>
<token t_id="68" sentence="1" number="34">Steele</token>
<token t_id="69" sentence="1" number="35">,</token>
<token t_id="70" sentence="1" number="36">chief</token>
<token t_id="71" sentence="1" number="37">of</token>
<token t_id="72" sentence="1" number="38">the</token>
<token t_id="73" sentence="1" number="39">Central</token>
<token t_id="74" sentence="1" number="40">Mat-Su</token>
<token t_id="75" sentence="1" number="41">Fire</token>
<token t_id="76" sentence="1" number="42">Department</token>
<token t_id="77" sentence="1" number="43">.</token>
<Markables>
<ACTION_OCCURRENCE m_id="13"  >
  <token_anchor t_id="3"/>
</ACTION_OCCURRENCE>
<ACTION_OCCURRENCE m_id="14"  >
  <token_anchor t_id="25"/>
</ACTION_OCCURRENCE>
<ACTION_OCCURRENCE m_id="19"  >
  <token_anchor t_id="29"/>
</ACTION_OCCURRENCE>
<ACTION_REPORTING m_id="18"  >
  <token_anchor t_id="24"/>
</ACTION_REPORTING>
<HUMAN_PART_PER m_id="20"  >
  <token_anchor t_id="32"/>
</HUMAN_PART_PER>
<HUMAN_PART_PER m_id="17"  >
  <token_anchor t_id="23"/>
</HUMAN_PART_PER>
<LOC_FAC m_id="16"  >
  <token_anchor t_id="12"/>
</LOC_FAC>
<ACTION_OCCURRENCE m_id="21" note="byCROMER" >
  <token_anchor t_id="20"/>
</ACTION_OCCURRENCE>
<TIME_OF_THE_DAY m_id="22" note="byCROMER" >
  <token_anchor t_id="4"/>
</TIME_OF_THE_DAY>


<ACTION_OCCURRENCE m_id="27" RELATED_TO="" TAG_DESCRIPTOR="t13b_destroyed" instance_id="ACT17476241401707929" />
<HUMAN_PART_PER m_id="26" RELATED_TO="" TAG_DESCRIPTOR="t13b_arsonist" instance_id="HUM17476439289974733" />
<TIME_OF_THE_DAY m_id="25" RELATED_TO="" TAG_DESCRIPTOR="t13b_friday_night" instance_id="TIM17476578442583570" />
<LOC_FAC m_id="24" RELATED_TO="" TAG_DESCRIPTOR="t13_wasilla_bible_church" instance_id="LOC17474060319216953" />
<ACTION_OCCURRENCE m_id="23" RELATED_TO="" TAG_DESCRIPTOR="t13_church_fire" instance_id="ACT17474554307413590" />
</Markables>

<Relations>
<CROSS_DOC_COREF r_id="34032" note="ACT17474554307413590" >
  <source m_id="13" />
  <source m_id="14" />
  <target m_id="23" />
</CROSS_DOC_COREF>
<CROSS_DOC_COREF r_id="34033" note="LOC17474060319216953" >
  <source m_id="16" />
  <target m_id="24" />
</CROSS_DOC_COREF>
<CROSS_DOC_COREF r_id="34034" note="TIM17476578442583570" >
  <source m_id="22" />
  <target m_id="25" />
</CROSS_DOC_COREF>
<CROSS_DOC_COREF r_id="34035" note="HUM17476439289974733" >
  <source m_id="20" />
  <target m_id="26" />
</CROSS_DOC_COREF>
<CROSS_DOC_COREF r_id="34036" note="ACT17476241401707929" >
  <source m_id="21" />
  <target m_id="27" />
</CROSS_DOC_COREF>

</Relations>
</Document>
