<Document doc_name="13_18ecb.xml" doc_id="DOC15654285614674464">
<token t_id="1" sentence="0" number="0">Sarah</token>
<token t_id="2" sentence="0" number="1">Palin</token>
<token t_id="3" sentence="0" number="2">'s</token>
<token t_id="4" sentence="0" number="3">family</token>
<token t_id="5" sentence="0" number="4">will</token>
<token t_id="6" sentence="0" number="5">have</token>
<token t_id="7" sentence="0" number="6">to</token>
<token t_id="8" sentence="0" number="7">attend</token>
<token t_id="9" sentence="0" number="8">church</token>
<token t_id="10" sentence="0" number="9">in</token>
<token t_id="11" sentence="0" number="10">a</token>
<token t_id="12" sentence="0" number="11">local</token>
<token t_id="13" sentence="0" number="12">school</token>
<token t_id="14" sentence="0" number="13">this</token>
<token t_id="15" sentence="0" number="14">morning</token>
<token t_id="16" sentence="0" number="15">after</token>
<token t_id="17" sentence="0" number="16">a</token>
<token t_id="18" sentence="0" number="17">fire</token>
<token t_id="19" sentence="0" number="18">ripped</token>
<token t_id="20" sentence="0" number="19">through</token>
<token t_id="21" sentence="0" number="20">her</token>
<token t_id="22" sentence="0" number="21">church</token>
<token t_id="23" sentence="0" number="22">on</token>
<token t_id="24" sentence="0" number="23">Friday</token>
<token t_id="25" sentence="0" number="24">evening</token>
<token t_id="26" sentence="0" number="25">.</token>
<token t_id="27" sentence="1" number="0">The</token>
<token t_id="28" sentence="1" number="1">fire</token>
<token t_id="29" sentence="1" number="2">,</token>
<token t_id="30" sentence="1" number="3">estimated</token>
<token t_id="31" sentence="1" number="4">to</token>
<token t_id="32" sentence="1" number="5">have</token>
<token t_id="33" sentence="1" number="6">caused</token>
<token t_id="34" sentence="1" number="7">$</token>
<token t_id="35" sentence="1" number="8">1</token>
<token t_id="36" sentence="1" number="9">million</token>
<token t_id="37" sentence="1" number="10">in</token>
<token t_id="38" sentence="1" number="11">damages</token>
<token t_id="39" sentence="1" number="12">to</token>
<token t_id="40" sentence="1" number="13">the</token>
<token t_id="41" sentence="1" number="14">Wasilla</token>
<token t_id="42" sentence="1" number="15">Bible</token>
<token t_id="43" sentence="1" number="16">Church</token>
<token t_id="44" sentence="1" number="17">,</token>
<token t_id="45" sentence="1" number="18">has</token>
<token t_id="46" sentence="1" number="19">been</token>
<token t_id="47" sentence="1" number="20">labeled</token>
<token t_id="48" sentence="1" number="21">``</token>
<token t_id="49" sentence="1" number="22">suspicious</token>
<token t_id="50" sentence="1" number="23">''</token>
<token t_id="51" sentence="1" number="24">by</token>
<token t_id="52" sentence="1" number="25">James</token>
<token t_id="53" sentence="1" number="26">Steele</token>
<token t_id="54" sentence="1" number="27">,</token>
<token t_id="55" sentence="1" number="28">chief</token>
<token t_id="56" sentence="1" number="29">of</token>
<token t_id="57" sentence="1" number="30">the</token>
<token t_id="58" sentence="1" number="31">Central</token>
<token t_id="59" sentence="1" number="32">Mat-Su</token>
<token t_id="60" sentence="1" number="33">Fire</token>
<token t_id="61" sentence="1" number="34">Department</token>
<token t_id="62" sentence="1" number="35">.</token>
<token t_id="63" sentence="2" number="0">Steele</token>
<token t_id="64" sentence="2" number="1">told</token>
<token t_id="65" sentence="2" number="2">the</token>
<token t_id="66" sentence="2" number="3">Anchorage</token>
<token t_id="67" sentence="2" number="4">Daily</token>
<token t_id="68" sentence="2" number="5">News</token>
<token t_id="69" sentence="2" number="6">that</token>
<token t_id="70" sentence="2" number="7">investigators</token>
<token t_id="71" sentence="2" number="8">are</token>
<token t_id="72" sentence="2" number="9">looking</token>
<token t_id="73" sentence="2" number="10">at</token>
<token t_id="74" sentence="2" number="11">the</token>
<token t_id="75" sentence="2" number="12">cause</token>
<token t_id="76" sentence="2" number="13">of</token>
<token t_id="77" sentence="2" number="14">the</token>
<token t_id="78" sentence="2" number="15">blaze</token>
<token t_id="79" sentence="2" number="16">as</token>
<token t_id="80" sentence="2" number="17">``</token>
<token t_id="81" sentence="2" number="18">potential</token>
<token t_id="82" sentence="2" number="19">arson</token>
<token t_id="83" sentence="2" number="20">''</token>
<token t_id="84" sentence="2" number="21">and</token>
<token t_id="85" sentence="2" number="22">said</token>
<token t_id="86" sentence="2" number="23">it</token>
<token t_id="87" sentence="2" number="24">was</token>
<token t_id="88" sentence="2" number="25">too</token>
<token t_id="89" sentence="2" number="26">early</token>
<token t_id="90" sentence="2" number="27">to</token>
<token t_id="91" sentence="2" number="28">link</token>
<token t_id="92" sentence="2" number="29">the</token>
<token t_id="93" sentence="2" number="30">fire</token>
<token t_id="94" sentence="2" number="31">to</token>
<token t_id="95" sentence="2" number="32">the</token>
<token t_id="96" sentence="2" number="33">exposure</token>
<token t_id="97" sentence="2" number="34">the</token>
<token t_id="98" sentence="2" number="35">church</token>
<token t_id="99" sentence="2" number="36">received</token>
<token t_id="100" sentence="2" number="37">as</token>
<token t_id="101" sentence="2" number="38">a</token>
<token t_id="102" sentence="2" number="39">result</token>
<token t_id="103" sentence="2" number="40">of</token>
<token t_id="104" sentence="2" number="41">Palin</token>
<token t_id="105" sentence="2" number="42">'s</token>
<token t_id="106" sentence="2" number="43">vice-presidential</token>
<token t_id="107" sentence="2" number="44">run</token>
<token t_id="108" sentence="2" number="45">.</token>
<token t_id="109" sentence="3" number="0">``</token>
<token t_id="110" sentence="3" number="1">Right</token>
<token t_id="111" sentence="3" number="2">now</token>
<token t_id="112" sentence="3" number="3">there</token>
<token t_id="113" sentence="3" number="4">'s</token>
<token t_id="114" sentence="3" number="5">no</token>
<token t_id="115" sentence="3" number="6">indication</token>
<token t_id="116" sentence="3" number="7">that</token>
<token t_id="117" sentence="3" number="8">we</token>
<token t_id="118" sentence="3" number="9">have</token>
<token t_id="119" sentence="3" number="10">that</token>
<token t_id="120" sentence="3" number="11">there</token>
<token t_id="121" sentence="3" number="12">'s</token>
<token t_id="122" sentence="3" number="13">any</token>
<token t_id="123" sentence="3" number="14">connection</token>
<token t_id="124" sentence="3" number="15">there</token>
<token t_id="125" sentence="3" number="16">.</token>
<token t_id="126" sentence="4" number="0">We</token>
<token t_id="127" sentence="4" number="1">just</token>
<token t_id="128" sentence="4" number="2">do</token>
<token t_id="129" sentence="4" number="3">n't</token>
<token t_id="130" sentence="4" number="4">have</token>
<token t_id="131" sentence="4" number="5">any</token>
<token t_id="132" sentence="4" number="6">leads</token>
<token t_id="133" sentence="4" number="7">at</token>
<token t_id="134" sentence="4" number="8">all</token>
<token t_id="135" sentence="4" number="9">as</token>
<token t_id="136" sentence="4" number="10">far</token>
<token t_id="137" sentence="4" number="11">as</token>
<token t_id="138" sentence="4" number="12">the</token>
<token t_id="139" sentence="4" number="13">intent</token>
<token t_id="140" sentence="4" number="14">or</token>
<token t_id="141" sentence="4" number="15">motive</token>
<token t_id="142" sentence="4" number="16">in</token>
<token t_id="143" sentence="4" number="17">this</token>
<token t_id="144" sentence="4" number="18">,</token>
<token t_id="145" sentence="4" number="19">''</token>
<token t_id="146" sentence="4" number="20">Steele</token>
<token t_id="147" sentence="4" number="21">said</token>
<token t_id="148" sentence="4" number="22">.</token>
<token t_id="149" sentence="5" number="0">The</token>
<token t_id="150" sentence="5" number="1">fire</token>
<token t_id="151" sentence="5" number="2">,</token>
<token t_id="152" sentence="5" number="3">the</token>
<token t_id="153" sentence="5" number="4">largest</token>
<token t_id="154" sentence="5" number="5">of</token>
<token t_id="155" sentence="5" number="6">the</token>
<token t_id="156" sentence="5" number="7">year</token>
<token t_id="157" sentence="5" number="8">for</token>
<token t_id="158" sentence="5" number="9">the</token>
<token t_id="159" sentence="5" number="10">department</token>
<token t_id="160" sentence="5" number="11">,</token>
<token t_id="161" sentence="5" number="12">``</token>
<token t_id="162" sentence="5" number="13">was</token>
<token t_id="163" sentence="5" number="14">was</token>
<token t_id="164" sentence="5" number="15">set</token>
<token t_id="165" sentence="5" number="16">at</token>
<token t_id="166" sentence="5" number="17">the</token>
<token t_id="167" sentence="5" number="18">entrance</token>
<token t_id="168" sentence="5" number="19">of</token>
<token t_id="169" sentence="5" number="20">the</token>
<token t_id="170" sentence="5" number="21">church</token>
<token t_id="171" sentence="5" number="22">''</token>
<token t_id="172" sentence="5" number="23">according</token>
<token t_id="173" sentence="5" number="24">to</token>
<token t_id="174" sentence="5" number="25">the</token>
<token t_id="175" sentence="5" number="26">Associated</token>
<token t_id="176" sentence="5" number="27">Press</token>
<token t_id="177" sentence="5" number="28">and</token>
<token t_id="178" sentence="5" number="29">was</token>
<token t_id="179" sentence="5" number="30">battled</token>
<token t_id="180" sentence="5" number="31">by</token>
<token t_id="181" sentence="5" number="32">firefighters</token>
<token t_id="182" sentence="5" number="33">for</token>
<token t_id="183" sentence="5" number="34">nearly</token>
<token t_id="184" sentence="5" number="35">eight</token>
<token t_id="185" sentence="5" number="36">hours</token>
<token t_id="186" sentence="5" number="37">before</token>
<token t_id="187" sentence="5" number="38">it</token>
<token t_id="188" sentence="5" number="39">was</token>
<token t_id="189" sentence="5" number="40">fully</token>
<token t_id="190" sentence="5" number="41">extinguished</token>
<token t_id="191" sentence="5" number="42">.</token>
<token t_id="192" sentence="6" number="0">Reports</token>
<token t_id="193" sentence="6" number="1">are</token>
<token t_id="194" sentence="6" number="2">that</token>
<token t_id="195" sentence="6" number="3">five</token>
<token t_id="196" sentence="6" number="4">women</token>
<token t_id="197" sentence="6" number="5">were</token>
<token t_id="198" sentence="6" number="6">inside</token>
<token t_id="199" sentence="6" number="7">the</token>
<token t_id="200" sentence="6" number="8">building</token>
<token t_id="201" sentence="6" number="9">at</token>
<token t_id="202" sentence="6" number="10">the</token>
<token t_id="203" sentence="6" number="11">time</token>
<token t_id="204" sentence="6" number="12">of</token>
<token t_id="205" sentence="6" number="13">the</token>
<token t_id="206" sentence="6" number="14">fire</token>
<token t_id="207" sentence="6" number="15">.</token>
<token t_id="208" sentence="7" number="0">No</token>
<token t_id="209" sentence="7" number="1">one</token>
<token t_id="210" sentence="7" number="2">was</token>
<token t_id="211" sentence="7" number="3">injured</token>
<token t_id="212" sentence="7" number="4">.</token>
<token t_id="213" sentence="8" number="0">Governor</token>
<token t_id="214" sentence="8" number="1">Palin</token>
<token t_id="215" sentence="8" number="2">visited</token>
<token t_id="216" sentence="8" number="3">the</token>
<token t_id="217" sentence="8" number="4">church</token>
<token t_id="218" sentence="8" number="5">on</token>
<token t_id="219" sentence="8" number="6">Saturday</token>
<token t_id="220" sentence="8" number="7">and</token>
<token t_id="221" sentence="8" number="8">her</token>
<token t_id="222" sentence="8" number="9">office</token>
<token t_id="223" sentence="8" number="10">later</token>
<token t_id="224" sentence="8" number="11">released</token>
<token t_id="225" sentence="8" number="12">a</token>
<token t_id="226" sentence="8" number="13">statement</token>
<token t_id="227" sentence="8" number="14">.</token>
<token t_id="228" sentence="9" number="0">``</token>
<token t_id="229" sentence="9" number="1">Gov.</token>
<token t_id="230" sentence="9" number="2">Palin</token>
<token t_id="231" sentence="9" number="3">stopped</token>
<token t_id="232" sentence="9" number="4">by</token>
<token t_id="233" sentence="9" number="5">the</token>
<token t_id="234" sentence="9" number="6">church</token>
<token t_id="235" sentence="9" number="7">this</token>
<token t_id="236" sentence="9" number="8">morning</token>
<token t_id="237" sentence="9" number="9">,</token>
<token t_id="238" sentence="9" number="10">and</token>
<token t_id="239" sentence="9" number="11">she</token>
<token t_id="240" sentence="9" number="12">told</token>
<token t_id="241" sentence="9" number="13">an</token>
<token t_id="242" sentence="9" number="14">assistant</token>
<token t_id="243" sentence="9" number="15">pastor</token>
<token t_id="244" sentence="9" number="16">that</token>
<token t_id="245" sentence="9" number="17">she</token>
<token t_id="246" sentence="9" number="18">apologizes</token>
<token t_id="247" sentence="9" number="19">if</token>
<token t_id="248" sentence="9" number="20">the</token>
<token t_id="249" sentence="9" number="21">incident</token>
<token t_id="250" sentence="9" number="22">is</token>
<token t_id="251" sentence="9" number="23">in</token>
<token t_id="252" sentence="9" number="24">any</token>
<token t_id="253" sentence="9" number="25">way</token>
<token t_id="254" sentence="9" number="26">connected</token>
<token t_id="255" sentence="9" number="27">to</token>
<token t_id="256" sentence="9" number="28">the</token>
<token t_id="257" sentence="9" number="29">undeserved</token>
<token t_id="258" sentence="9" number="30">negative</token>
<token t_id="259" sentence="9" number="31">attention</token>
<token t_id="260" sentence="9" number="32">the</token>
<token t_id="261" sentence="9" number="33">church</token>
<token t_id="262" sentence="9" number="34">has</token>
<token t_id="263" sentence="9" number="35">received</token>
<token t_id="264" sentence="9" number="36">since</token>
<token t_id="265" sentence="9" number="37">she</token>
<token t_id="266" sentence="9" number="38">became</token>
<token t_id="267" sentence="9" number="39">a</token>
<token t_id="268" sentence="9" number="40">vice-presidential</token>
<token t_id="269" sentence="9" number="41">candidate</token>
<token t_id="270" sentence="9" number="42">on</token>
<token t_id="271" sentence="9" number="43">Aug.</token>
<token t_id="272" sentence="9" number="44">29</token>
<token t_id="273" sentence="9" number="45">.</token>
<token t_id="274" sentence="10" number="0">Whatever</token>
<token t_id="275" sentence="10" number="1">the</token>
<token t_id="276" sentence="10" number="2">motives</token>
<token t_id="277" sentence="10" number="3">of</token>
<token t_id="278" sentence="10" number="4">the</token>
<token t_id="279" sentence="10" number="5">arsonist</token>
<token t_id="280" sentence="10" number="6">,</token>
<token t_id="281" sentence="10" number="7">the</token>
<token t_id="282" sentence="10" number="8">governor</token>
<token t_id="283" sentence="10" number="9">has</token>
<token t_id="284" sentence="10" number="10">faith</token>
<token t_id="285" sentence="10" number="11">in</token>
<token t_id="286" sentence="10" number="12">the</token>
<token t_id="287" sentence="10" number="13">scriptural</token>
<token t_id="288" sentence="10" number="14">passage</token>
<token t_id="289" sentence="10" number="15">that</token>
<token t_id="290" sentence="10" number="16">what</token>
<token t_id="291" sentence="10" number="17">was</token>
<token t_id="292" sentence="10" number="18">intended</token>
<token t_id="293" sentence="10" number="19">for</token>
<token t_id="294" sentence="10" number="20">evil</token>
<token t_id="295" sentence="10" number="21">will</token>
<token t_id="296" sentence="10" number="22">in</token>
<token t_id="297" sentence="10" number="23">some</token>
<token t_id="298" sentence="10" number="24">way</token>
<token t_id="299" sentence="10" number="25">be</token>
<token t_id="300" sentence="10" number="26">used</token>
<token t_id="301" sentence="10" number="27">for</token>
<token t_id="302" sentence="10" number="28">good</token>
<token t_id="303" sentence="10" number="29">.</token>
<token t_id="304" sentence="10" number="30">''</token>
<token t_id="305" sentence="11" number="0">Palin</token>
<token t_id="306" sentence="11" number="1">is</token>
<token t_id="307" sentence="11" number="2">in</token>
<token t_id="308" sentence="11" number="3">Juneau</token>
<token t_id="309" sentence="11" number="4">today</token>
<token t_id="310" sentence="11" number="5">,</token>
<token t_id="311" sentence="11" number="6">but</token>
<token t_id="312" sentence="11" number="7">the</token>
<token t_id="313" sentence="11" number="8">Anchorage</token>
<token t_id="314" sentence="11" number="9">Daily</token>
<token t_id="315" sentence="11" number="10">News</token>
<token t_id="316" sentence="11" number="11">said</token>
<token t_id="317" sentence="11" number="12">her</token>
<token t_id="318" sentence="11" number="13">children</token>
<token t_id="319" sentence="11" number="14">were</token>
<token t_id="320" sentence="11" number="15">planning</token>
<token t_id="321" sentence="11" number="16">on</token>
<token t_id="322" sentence="11" number="17">attending</token>
<token t_id="323" sentence="11" number="18">services</token>
<token t_id="324" sentence="11" number="19">at</token>
<token t_id="325" sentence="11" number="20">the</token>
<token t_id="326" sentence="11" number="21">makeshift</token>
<token t_id="327" sentence="11" number="22">church</token>
<token t_id="328" sentence="11" number="23">.</token>
<Markables>
<ACTION_OCCURRENCE m_id="13"  >
  <token_anchor t_id="8"/>
</ACTION_OCCURRENCE>
<ACTION_OCCURRENCE m_id="16"  >
  <token_anchor t_id="18"/>
</ACTION_OCCURRENCE>
<ACTION_OCCURRENCE m_id="17"  >
  <token_anchor t_id="19"/>
</ACTION_OCCURRENCE>
<HUMAN_PART_PER m_id="12"  >
  <token_anchor t_id="4"/>
</HUMAN_PART_PER>
<LOC_FAC m_id="14"  >
  <token_anchor t_id="11"/>
  <token_anchor t_id="12"/>
  <token_anchor t_id="13"/>
</LOC_FAC>
<TIME_OF_THE_DAY m_id="15"  >
  <token_anchor t_id="14"/>
  <token_anchor t_id="15"/>
</TIME_OF_THE_DAY>
<TIME_OF_THE_DAY m_id="19"  >
  <token_anchor t_id="24"/>
  <token_anchor t_id="25"/>
</TIME_OF_THE_DAY>


<NON_HUMAN_PART m_id="20" note="byCROMER" >
  <token_anchor t_id="22"/>
</NON_HUMAN_PART>


<ACTION_OCCURRENCE m_id="27" RELATED_TO="" TAG_DESCRIPTOR="t13b_destroyed" instance_id="ACT17476241401707929" />
<ACTION_OCCURRENCE m_id="26" RELATED_TO="" TAG_DESCRIPTOR="t13b_attends" instance_id="ACT17476220205227381" />
<TIME_OF_THE_DAY m_id="25" RELATED_TO="" TAG_DESCRIPTOR="t13b_friday_night" instance_id="TIM17476578442583570" />
<LOC_FAC m_id="24" RELATED_TO="" TAG_DESCRIPTOR="t13b_school" instance_id="LOC17476993006820833" />
<NON_HUMAN_PART m_id="23" RELATED_TO="" TAG_DESCRIPTOR="t13_wassila_church_building" instance_id="NON28318767695137921" />
<HUMAN_PART_PER m_id="22" RELATED_TO="" TAG_DESCRIPTOR="t13b_family" instance_id="HUM17476795258982705" />
<ACTION_OCCURRENCE m_id="21" RELATED_TO="" TAG_DESCRIPTOR="t13_church_fire" instance_id="ACT17474554307413590" />
</Markables>

<Relations>
<CROSS_DOC_COREF r_id="34024" note="ACT17474554307413590" >
  <source m_id="16" />
  <target m_id="21" />
</CROSS_DOC_COREF>
<CROSS_DOC_COREF r_id="34025" note="HUM17476795258982705" >
  <source m_id="12" />
  <target m_id="22" />
</CROSS_DOC_COREF>
<CROSS_DOC_COREF r_id="34026" note="NON28318767695137921" >
  <source m_id="20" />
  <target m_id="23" />
</CROSS_DOC_COREF>
<CROSS_DOC_COREF r_id="34027" note="LOC17476993006820833" >
  <source m_id="14" />
  <target m_id="24" />
</CROSS_DOC_COREF>
<CROSS_DOC_COREF r_id="34028" note="TIM17476578442583570" >
  <source m_id="19" />
  <target m_id="25" />
</CROSS_DOC_COREF>
<CROSS_DOC_COREF r_id="34029" note="ACT17476220205227381" >
  <source m_id="13" />
  <target m_id="26" />
</CROSS_DOC_COREF>
<CROSS_DOC_COREF r_id="34030" note="ACT17476241401707929" >
  <source m_id="17" />
  <target m_id="27" />
</CROSS_DOC_COREF>

</Relations>
</Document>
