<Document doc_name="13_5ecb.xml" doc_id="DOC15654284459187134">
<token t_id="1" sentence="0" number="0">Gov.</token>
<token t_id="2" sentence="0" number="1">Sarah</token>
<token t_id="3" sentence="0" number="2">Palin</token>
<token t_id="4" sentence="0" number="3">'s</token>
<token t_id="5" sentence="0" number="4">home</token>
<token t_id="6" sentence="0" number="5">church</token>
<token t_id="7" sentence="0" number="6">has</token>
<token t_id="8" sentence="0" number="7">been</token>
<token t_id="9" sentence="0" number="8">badly</token>
<token t_id="10" sentence="0" number="9">damaged</token>
<token t_id="11" sentence="0" number="10">in</token>
<token t_id="12" sentence="0" number="11">a</token>
<token t_id="13" sentence="0" number="12">suspicious</token>
<token t_id="14" sentence="0" number="13">fire</token>
<token t_id="15" sentence="0" number="14">.</token>
<token t_id="16" sentence="1" number="0">Larry</token>
<token t_id="17" sentence="1" number="1">Kroon</token>
<token t_id="18" sentence="1" number="2">,</token>
<token t_id="19" sentence="1" number="3">pastor</token>
<token t_id="20" sentence="1" number="4">of</token>
<token t_id="21" sentence="1" number="5">the</token>
<token t_id="22" sentence="1" number="6">Wasilla</token>
<token t_id="23" sentence="1" number="7">Bible</token>
<token t_id="24" sentence="1" number="8">Church</token>
<token t_id="25" sentence="1" number="9">,</token>
<token t_id="26" sentence="1" number="10">estimates</token>
<token t_id="27" sentence="1" number="11">damages</token>
<token t_id="28" sentence="1" number="12">at</token>
<token t_id="29" sentence="1" number="13">more</token>
<token t_id="30" sentence="1" number="14">than</token>
<token t_id="31" sentence="1" number="15">$</token>
<token t_id="32" sentence="1" number="16">1</token>
<token t_id="33" sentence="1" number="17">million</token>
<token t_id="34" sentence="1" number="18">to</token>
<token t_id="35" sentence="1" number="19">the</token>
<token t_id="36" sentence="1" number="20">church</token>
<token t_id="37" sentence="1" number="21">.</token>
<token t_id="38" sentence="2" number="0">Kroon</token>
<token t_id="39" sentence="2" number="1">declined</token>
<token t_id="40" sentence="2" number="2">to</token>
<token t_id="41" sentence="2" number="3">say</token>
<token t_id="42" sentence="2" number="4">if</token>
<token t_id="43" sentence="2" number="5">the</token>
<token t_id="44" sentence="2" number="6">blaze</token>
<token t_id="45" sentence="2" number="7">was</token>
<token t_id="46" sentence="2" number="8">politically</token>
<token t_id="47" sentence="2" number="9">based</token>
<token t_id="48" sentence="2" number="10">or</token>
<token t_id="49" sentence="2" number="11">directed</token>
<token t_id="50" sentence="2" number="12">at</token>
<token t_id="51" sentence="2" number="13">Palin</token>
<token t_id="52" sentence="2" number="14">,</token>
<token t_id="53" sentence="2" number="15">the</token>
<token t_id="54" sentence="2" number="16">failed</token>
<token t_id="55" sentence="2" number="17">Republican</token>
<token t_id="56" sentence="2" number="18">vice</token>
<token t_id="57" sentence="2" number="19">presidential</token>
<token t_id="58" sentence="2" number="20">candidate</token>
<token t_id="59" sentence="2" number="21">.</token>
<token t_id="60" sentence="3" number="0">Kroon</token>
<token t_id="61" sentence="3" number="1">says</token>
<token t_id="62" sentence="3" number="2">the</token>
<token t_id="63" sentence="3" number="3">fire</token>
<token t_id="64" sentence="3" number="4">broke</token>
<token t_id="65" sentence="3" number="5">out</token>
<token t_id="66" sentence="3" number="6">Friday</token>
<token t_id="67" sentence="3" number="7">night</token>
<token t_id="68" sentence="3" number="8">while</token>
<token t_id="69" sentence="3" number="9">a</token>
<token t_id="70" sentence="3" number="10">small</token>
<token t_id="71" sentence="3" number="11">group</token>
<token t_id="72" sentence="3" number="12">of</token>
<token t_id="73" sentence="3" number="13">women</token>
<token t_id="74" sentence="3" number="14">were</token>
<token t_id="75" sentence="3" number="15">working</token>
<token t_id="76" sentence="3" number="16">on</token>
<token t_id="77" sentence="3" number="17">crafts</token>
<token t_id="78" sentence="3" number="18">.</token>
<token t_id="79" sentence="4" number="0">They</token>
<token t_id="80" sentence="4" number="1">were</token>
<token t_id="81" sentence="4" number="2">alerted</token>
<token t_id="82" sentence="4" number="3">to</token>
<token t_id="83" sentence="4" number="4">the</token>
<token t_id="84" sentence="4" number="5">blaze</token>
<token t_id="85" sentence="4" number="6">by</token>
<token t_id="86" sentence="4" number="7">a</token>
<token t_id="87" sentence="4" number="8">fire</token>
<token t_id="88" sentence="4" number="9">alarm</token>
<token t_id="89" sentence="4" number="10">.</token>
<token t_id="90" sentence="5" number="0">Kroon</token>
<token t_id="91" sentence="5" number="1">says</token>
<token t_id="92" sentence="5" number="2">he</token>
<token t_id="93" sentence="5" number="3">was</token>
<token t_id="94" sentence="5" number="4">called</token>
<token t_id="95" sentence="5" number="5">and</token>
<token t_id="96" sentence="5" number="6">by</token>
<token t_id="97" sentence="5" number="7">the</token>
<token t_id="98" sentence="5" number="8">time</token>
<token t_id="99" sentence="5" number="9">he</token>
<token t_id="100" sentence="5" number="10">got</token>
<token t_id="101" sentence="5" number="11">to</token>
<token t_id="102" sentence="5" number="12">the</token>
<token t_id="103" sentence="5" number="13">church</token>
<token t_id="104" sentence="5" number="14">,</token>
<token t_id="105" sentence="5" number="15">smoke</token>
<token t_id="106" sentence="5" number="16">was</token>
<token t_id="107" sentence="5" number="17">pouring</token>
<token t_id="108" sentence="5" number="18">out</token>
<token t_id="109" sentence="5" number="19">of</token>
<token t_id="110" sentence="5" number="20">the</token>
<token t_id="111" sentence="5" number="21">building</token>
<token t_id="112" sentence="5" number="22">.</token>
<token t_id="113" sentence="6" number="0">Sprinklers</token>
<token t_id="114" sentence="6" number="1">kept</token>
<token t_id="115" sentence="6" number="2">the</token>
<token t_id="116" sentence="6" number="3">fire</token>
<token t_id="117" sentence="6" number="4">from</token>
<token t_id="118" sentence="6" number="5">spreading</token>
<token t_id="119" sentence="6" number="6">beyond</token>
<token t_id="120" sentence="6" number="7">offices</token>
<token t_id="121" sentence="6" number="8">and</token>
<token t_id="122" sentence="6" number="9">classrooms</token>
<token t_id="123" sentence="6" number="10">.</token>
<token t_id="124" sentence="7" number="0">Authorities</token>
<token t_id="125" sentence="7" number="1">are</token>
<token t_id="126" sentence="7" number="2">not</token>
<token t_id="127" sentence="7" number="3">immediately</token>
<token t_id="128" sentence="7" number="4">commenting</token>
<token t_id="129" sentence="7" number="5">,</token>
<token t_id="130" sentence="7" number="6">but</token>
<token t_id="131" sentence="7" number="7">Kroon</token>
<token t_id="132" sentence="7" number="8">says</token>
<token t_id="133" sentence="7" number="9">he</token>
<token t_id="134" sentence="7" number="10">'s</token>
<token t_id="135" sentence="7" number="11">been</token>
<token t_id="136" sentence="7" number="12">told</token>
<token t_id="137" sentence="7" number="13">the</token>
<token t_id="138" sentence="7" number="14">fire</token>
<token t_id="139" sentence="7" number="15">is</token>
<token t_id="140" sentence="7" number="16">being</token>
<token t_id="141" sentence="7" number="17">investigated</token>
<token t_id="142" sentence="7" number="18">as</token>
<token t_id="143" sentence="7" number="19">a</token>
<token t_id="144" sentence="7" number="20">crime</token>
<token t_id="145" sentence="7" number="21">.</token>
<Markables>
<ACTION_OCCURRENCE m_id="5"  >
  <token_anchor t_id="10"/>
</ACTION_OCCURRENCE>
<ACTION_OCCURRENCE m_id="6"  >
  <token_anchor t_id="14"/>
</ACTION_OCCURRENCE>
<HUMAN_PART_PER m_id="7"  >
  <token_anchor t_id="2"/>
  <token_anchor t_id="3"/>
</HUMAN_PART_PER>
<NON_HUMAN_PART m_id="9" note="byCROMER" >
  <token_anchor t_id="6"/>
</NON_HUMAN_PART>


<ACTION_OCCURRENCE m_id="13" RELATED_TO="" TAG_DESCRIPTOR="t13b_destroyed" instance_id="ACT17476241401707929" />
<HUMAN_PART_PER m_id="12" RELATED_TO="" TAG_DESCRIPTOR="t13_palin" instance_id="HUM17474479699693914" />
<NON_HUMAN_PART m_id="11" RELATED_TO="" TAG_DESCRIPTOR="t13_wassila_church_building" instance_id="NON28318767695137921" />
<ACTION_OCCURRENCE m_id="10" RELATED_TO="" TAG_DESCRIPTOR="t13_church_fire" instance_id="ACT17474554307413590" />
</Markables>

<Relations>
<CROSS_DOC_COREF r_id="33587" note="ACT17474554307413590" >
  <source m_id="6" />
  <target m_id="10" />
</CROSS_DOC_COREF>
<CROSS_DOC_COREF r_id="33588" note="NON28318767695137921" >
  <source m_id="9" />
  <target m_id="11" />
</CROSS_DOC_COREF>
<CROSS_DOC_COREF r_id="33589" note="HUM17474479699693914" >
  <source m_id="7" />
  <target m_id="12" />
</CROSS_DOC_COREF>
<CROSS_DOC_COREF r_id="33590" note="ACT17476241401707929" >
  <source m_id="5" />
  <target m_id="13" />
</CROSS_DOC_COREF>

</Relations>
</Document>
