<Document doc_name="13_6ecb.xml" doc_id="DOC15654284518282669">
<token t_id="1" sentence="0" number="0">Sarah</token>
<token t_id="2" sentence="0" number="1">Palin</token>
<token t_id="3" sentence="0" number="2">'s</token>
<token t_id="4" sentence="0" number="3">church</token>
<token t_id="5" sentence="0" number="4">in</token>
<token t_id="6" sentence="0" number="5">Wasilla</token>
<token t_id="7" sentence="0" number="6">,</token>
<token t_id="8" sentence="0" number="7">Alaska</token>
<token t_id="9" sentence="0" number="8">went</token>
<token t_id="10" sentence="0" number="9">up</token>
<token t_id="11" sentence="0" number="10">in</token>
<token t_id="12" sentence="0" number="11">flames</token>
<token t_id="13" sentence="0" number="12">this</token>
<token t_id="14" sentence="0" number="13">weekend</token>
<token t_id="15" sentence="0" number="14">.</token>
<token t_id="16" sentence="1" number="0">The</token>
<token t_id="17" sentence="1" number="1">fire</token>
<token t_id="18" sentence="1" number="2">started</token>
<token t_id="19" sentence="1" number="3">Friday</token>
<token t_id="20" sentence="1" number="4">night</token>
<token t_id="21" sentence="1" number="5">while</token>
<token t_id="22" sentence="1" number="6">a</token>
<token t_id="23" sentence="1" number="7">handful</token>
<token t_id="24" sentence="1" number="8">of</token>
<token t_id="25" sentence="1" number="9">people</token>
<token t_id="26" sentence="1" number="10">,</token>
<token t_id="27" sentence="1" number="11">including</token>
<token t_id="28" sentence="1" number="12">a</token>
<token t_id="29" sentence="1" number="13">women</token>
<token t_id="30" sentence="1" number="14">'s</token>
<token t_id="31" sentence="1" number="15">craft</token>
<token t_id="32" sentence="1" number="16">group</token>
<token t_id="33" sentence="1" number="17">and</token>
<token t_id="34" sentence="1" number="18">two</token>
<token t_id="35" sentence="1" number="19">children</token>
<token t_id="36" sentence="1" number="20">,</token>
<token t_id="37" sentence="1" number="21">were</token>
<token t_id="38" sentence="1" number="22">inside</token>
<token t_id="39" sentence="1" number="23">Wasilla</token>
<token t_id="40" sentence="1" number="24">Bible</token>
<token t_id="41" sentence="1" number="25">Church</token>
<token t_id="42" sentence="1" number="26">.</token>
<token t_id="43" sentence="2" number="0">No</token>
<token t_id="44" sentence="2" number="1">one</token>
<token t_id="45" sentence="2" number="2">was</token>
<token t_id="46" sentence="2" number="3">hurt</token>
<token t_id="47" sentence="2" number="4">.</token>
<token t_id="48" sentence="3" number="0">The</token>
<token t_id="49" sentence="3" number="1">blaze</token>
<token t_id="50" sentence="3" number="2">is</token>
<token t_id="51" sentence="3" number="3">being</token>
<token t_id="52" sentence="3" number="4">investigated</token>
<token t_id="53" sentence="3" number="5">as</token>
<token t_id="54" sentence="3" number="6">an</token>
<token t_id="55" sentence="3" number="7">arson</token>
<token t_id="56" sentence="3" number="8">.</token>
<token t_id="57" sentence="4" number="0">On</token>
<token t_id="58" sentence="4" number="1">Saturday</token>
<token t_id="59" sentence="4" number="2">,</token>
<token t_id="60" sentence="4" number="3">the</token>
<token t_id="61" sentence="4" number="4">Alaska</token>
<token t_id="62" sentence="4" number="5">Governor</token>
<token t_id="63" sentence="4" number="6">said</token>
<token t_id="64" sentence="4" number="7">she</token>
<token t_id="65" sentence="4" number="8">apologizes</token>
<token t_id="66" sentence="4" number="9">if</token>
<token t_id="67" sentence="4" number="10">the</token>
<token t_id="68" sentence="4" number="11">incident</token>
<token t_id="69" sentence="4" number="12">was</token>
<token t_id="70" sentence="4" number="13">in</token>
<token t_id="71" sentence="4" number="14">any</token>
<token t_id="72" sentence="4" number="15">way</token>
<token t_id="73" sentence="4" number="16">connected</token>
<token t_id="74" sentence="4" number="17">to</token>
<token t_id="75" sentence="4" number="18">``</token>
<token t_id="76" sentence="4" number="19">undeserved</token>
<token t_id="77" sentence="4" number="20">negative</token>
<token t_id="78" sentence="4" number="21">attention</token>
<token t_id="79" sentence="4" number="22">''</token>
<token t_id="80" sentence="4" number="23">brought</token>
<token t_id="81" sentence="4" number="24">on</token>
<token t_id="82" sentence="4" number="25">by</token>
<token t_id="83" sentence="4" number="26">her</token>
<token t_id="84" sentence="4" number="27">failed</token>
<token t_id="85" sentence="4" number="28">bid</token>
<token t_id="86" sentence="4" number="29">for</token>
<token t_id="87" sentence="4" number="30">the</token>
<token t_id="88" sentence="4" number="31">vice</token>
<token t_id="89" sentence="4" number="32">presidency</token>
<token t_id="90" sentence="4" number="33">of</token>
<token t_id="91" sentence="4" number="34">the</token>
<token t_id="92" sentence="4" number="35">United</token>
<token t_id="93" sentence="4" number="36">States</token>
<token t_id="94" sentence="4" number="37">.</token>
<token t_id="95" sentence="5" number="0">Authorities</token>
<token t_id="96" sentence="5" number="1">believe</token>
<token t_id="97" sentence="5" number="2">the</token>
<token t_id="98" sentence="5" number="3">fire</token>
<token t_id="99" sentence="5" number="4">was</token>
<token t_id="100" sentence="5" number="5">set</token>
<token t_id="101" sentence="5" number="6">at</token>
<token t_id="102" sentence="5" number="7">the</token>
<token t_id="103" sentence="5" number="8">entrance</token>
<token t_id="104" sentence="5" number="9">of</token>
<token t_id="105" sentence="5" number="10">the</token>
<token t_id="106" sentence="5" number="11">building</token>
<token t_id="107" sentence="5" number="12">and</token>
<token t_id="108" sentence="5" number="13">moved</token>
<token t_id="109" sentence="5" number="14">inward</token>
<token t_id="110" sentence="5" number="15">before</token>
<token t_id="111" sentence="5" number="16">setting</token>
<token t_id="112" sentence="5" number="17">off</token>
<token t_id="113" sentence="5" number="18">a</token>
<token t_id="114" sentence="5" number="19">fire</token>
<token t_id="115" sentence="5" number="20">alarm</token>
<token t_id="116" sentence="5" number="21">.</token>
<token t_id="117" sentence="6" number="0">Damage</token>
<token t_id="118" sentence="6" number="1">to</token>
<token t_id="119" sentence="6" number="2">the</token>
<token t_id="120" sentence="6" number="3">church</token>
<token t_id="121" sentence="6" number="4">is</token>
<token t_id="122" sentence="6" number="5">estimated</token>
<token t_id="123" sentence="6" number="6">at</token>
<token t_id="124" sentence="6" number="7">one-million</token>
<token t_id="125" sentence="6" number="8">dollars</token>
<token t_id="126" sentence="6" number="9">.</token>
<Markables>
<ACTION_OCCURRENCE m_id="9"  >
  <token_anchor t_id="9"/>
  <token_anchor t_id="10"/>
  <token_anchor t_id="11"/>
  <token_anchor t_id="12"/>
</ACTION_OCCURRENCE>
<HUMAN_PART_PER m_id="7"  >
  <token_anchor t_id="1"/>
  <token_anchor t_id="2"/>
</HUMAN_PART_PER>
<LOC_GEO m_id="11" note="byCROMER" >
  <token_anchor t_id="5"/>
  <token_anchor t_id="6"/>
  <token_anchor t_id="7"/>
  <token_anchor t_id="8"/>
</LOC_GEO>
<NON_HUMAN_PART m_id="12" note="byCROMER" >
  <token_anchor t_id="4"/>
</NON_HUMAN_PART>
<TIME_OF_THE_DAY m_id="13" note="byCROMER" >
  <token_anchor t_id="13"/>
  <token_anchor t_id="14"/>
</TIME_OF_THE_DAY>


<ACTION_OCCURRENCE m_id="18" RELATED_TO="" TAG_DESCRIPTOR="t13b_destroyed" instance_id="ACT17476241401707929" />
<HUMAN_PART_PER m_id="17" RELATED_TO="" TAG_DESCRIPTOR="t13_palin" instance_id="HUM17474479699693914" />
<TIME_OF_THE_DAY m_id="16" RELATED_TO="" TAG_DESCRIPTOR="t13b_early_saturday" instance_id="TIM17476349659391839" />
<LOC_GEO m_id="15" RELATED_TO="" TAG_DESCRIPTOR="t13b_wasilla" instance_id="LOC17477038829597174" />
<NON_HUMAN_PART m_id="14" RELATED_TO="" TAG_DESCRIPTOR="t13_wassila_church_building" instance_id="NON28318767695137921" />
</Markables>

<Relations>
<CROSS_DOC_COREF r_id="33592" note="NON28318767695137921" >
  <source m_id="12" />
  <target m_id="14" />
</CROSS_DOC_COREF>
<CROSS_DOC_COREF r_id="33593" note="LOC17477038829597174" >
  <source m_id="11" />
  <target m_id="15" />
</CROSS_DOC_COREF>
<CROSS_DOC_COREF r_id="33594" note="TIM17476349659391839" >
  <source m_id="13" />
  <target m_id="16" />
</CROSS_DOC_COREF>
<CROSS_DOC_COREF r_id="33595" note="HUM17474479699693914" >
  <source m_id="7" />
  <target m_id="17" />
</CROSS_DOC_COREF>
<CROSS_DOC_COREF r_id="33596" note="ACT17476241401707929" >
  <source m_id="9" />
  <target m_id="18" />
</CROSS_DOC_COREF>

</Relations>
</Document>
