<Document doc_name="13_8ecb.xml" doc_id="DOC15654285041170553">
<token t_id="1" sentence="0" number="0">Sarah</token>
<token t_id="2" sentence="0" number="1">Palin</token>
<token t_id="3" sentence="0" number="2">actually</token>
<token t_id="4" sentence="0" number="3">apologized</token>
<token t_id="5" sentence="0" number="4">after</token>
<token t_id="6" sentence="0" number="5">the</token>
<token t_id="7" sentence="0" number="6">evangelical</token>
<token t_id="8" sentence="0" number="7">church</token>
<token t_id="9" sentence="0" number="8">she</token>
<token t_id="10" sentence="0" number="9">attends</token>
<token t_id="11" sentence="0" number="10">was</token>
<token t_id="12" sentence="0" number="11">nearly</token>
<token t_id="13" sentence="0" number="12">destroyed</token>
<token t_id="14" sentence="0" number="13">by</token>
<token t_id="15" sentence="0" number="14">arsonists</token>
<token t_id="16" sentence="0" number="15">--</token>
<token t_id="17" sentence="0" number="16">all</token>
<token t_id="18" sentence="0" number="17">because</token>
<token t_id="19" sentence="0" number="18">she</token>
<token t_id="20" sentence="0" number="19">still</token>
<token t_id="21" sentence="0" number="20">harbors</token>
<token t_id="22" sentence="0" number="21">guilt</token>
<token t_id="23" sentence="0" number="22">over</token>
<token t_id="24" sentence="0" number="23">her</token>
<token t_id="25" sentence="0" number="24">failed</token>
<token t_id="26" sentence="0" number="25">VP</token>
<token t_id="27" sentence="0" number="26">run</token>
<token t_id="28" sentence="0" number="27">.</token>
<token t_id="29" sentence="1" number="0">Officials</token>
<token t_id="30" sentence="1" number="1">estimated</token>
<token t_id="31" sentence="1" number="2">the</token>
<token t_id="32" sentence="1" number="3">fire</token>
<token t_id="33" sentence="1" number="4">caused</token>
<token t_id="34" sentence="1" number="5">around</token>
<token t_id="35" sentence="1" number="6">$</token>
<token t_id="36" sentence="1" number="7">1</token>
<token t_id="37" sentence="1" number="8">million</token>
<token t_id="38" sentence="1" number="9">in</token>
<token t_id="39" sentence="1" number="10">damage</token>
<token t_id="40" sentence="1" number="11">to</token>
<token t_id="41" sentence="1" number="12">the</token>
<token t_id="42" sentence="1" number="13">Wasilla</token>
<token t_id="43" sentence="1" number="14">Bible</token>
<token t_id="44" sentence="1" number="15">Church</token>
<token t_id="45" sentence="1" number="16">--</token>
<token t_id="46" sentence="1" number="17">which</token>
<token t_id="47" sentence="1" number="18">Sarah</token>
<token t_id="48" sentence="1" number="19">hoped</token>
<token t_id="49" sentence="1" number="20">was</token>
<token t_id="50" sentence="1" number="21">n't</token>
<token t_id="51" sentence="1" number="22">in</token>
<token t_id="52" sentence="1" number="23">connection</token>
<token t_id="53" sentence="1" number="24">to</token>
<token t_id="54" sentence="1" number="25">the</token>
<token t_id="55" sentence="1" number="26">``</token>
<token t_id="56" sentence="1" number="27">undeserved</token>
<token t_id="57" sentence="1" number="28">negative</token>
<token t_id="58" sentence="1" number="29">attention</token>
<token t_id="59" sentence="1" number="30">''</token>
<token t_id="60" sentence="1" number="31">from</token>
<token t_id="61" sentence="1" number="32">her</token>
<token t_id="62" sentence="1" number="33">failed</token>
<token t_id="63" sentence="1" number="34">campaign</token>
<token t_id="64" sentence="1" number="35">,</token>
<token t_id="65" sentence="1" number="36">according</token>
<token t_id="66" sentence="1" number="37">to</token>
<token t_id="67" sentence="1" number="38">the</token>
<token t_id="68" sentence="1" number="39">Sun</token>
<token t_id="69" sentence="1" number="40">Times</token>
<token t_id="70" sentence="1" number="41">News</token>
<token t_id="71" sentence="1" number="42">Group</token>
<token t_id="72" sentence="1" number="43">.</token>
<token t_id="73" sentence="2" number="0">The</token>
<token t_id="74" sentence="2" number="1">police</token>
<token t_id="75" sentence="2" number="2">have</token>
<token t_id="76" sentence="2" number="3">no</token>
<token t_id="77" sentence="2" number="4">leads</token>
<token t_id="78" sentence="2" number="5">at</token>
<token t_id="79" sentence="2" number="6">this</token>
<token t_id="80" sentence="2" number="7">time</token>
<token t_id="81" sentence="2" number="8">--</token>
<token t_id="82" sentence="2" number="9">and</token>
<token t_id="83" sentence="2" number="10">John</token>
<token t_id="84" sentence="2" number="11">McCain</token>
<token t_id="85" sentence="2" number="12">has</token>
<token t_id="86" sentence="2" number="13">not</token>
<token t_id="87" sentence="2" number="14">been</token>
<token t_id="88" sentence="2" number="15">named</token>
<token t_id="89" sentence="2" number="16">as</token>
<token t_id="90" sentence="2" number="17">a</token>
<token t_id="91" sentence="2" number="18">suspect</token>
<token t_id="92" sentence="2" number="19">.</token>
<Markables>
<ACTION_OCCURRENCE m_id="21"  >
  <token_anchor t_id="21"/>
</ACTION_OCCURRENCE>
<ACTION_OCCURRENCE m_id="23"  >
  <token_anchor t_id="27"/>
</ACTION_OCCURRENCE>
<ACTION_OCCURRENCE m_id="16"  >
  <token_anchor t_id="4"/>
</ACTION_OCCURRENCE>
<ACTION_OCCURRENCE m_id="17"  >
  <token_anchor t_id="13"/>
</ACTION_OCCURRENCE>
<ACTION_OCCURRENCE m_id="20"  >
  <token_anchor t_id="10"/>
</ACTION_OCCURRENCE>
<HUMAN_PART_PER m_id="13"  >
  <token_anchor t_id="1"/>
  <token_anchor t_id="2"/>
</HUMAN_PART_PER>
<HUMAN_PART_PER m_id="14"  >
  <token_anchor t_id="15"/>
</HUMAN_PART_PER>
<HUMAN_PART_PER m_id="15"  >
  <token_anchor t_id="19"/>
</HUMAN_PART_PER>
<HUMAN_PART_PER m_id="19"  >
  <token_anchor t_id="9"/>
</HUMAN_PART_PER>
<NON_HUMAN_PART m_id="22"  >
  <token_anchor t_id="22"/>
</NON_HUMAN_PART>


<NON_HUMAN_PART m_id="24" note="byCROMER" >
  <token_anchor t_id="6"/>
  <token_anchor t_id="7"/>
  <token_anchor t_id="8"/>
</NON_HUMAN_PART>


<HUMAN_PART_PER m_id="31" RELATED_TO="" TAG_DESCRIPTOR="t13b_arsonist" instance_id="HUM17476439289974733" />
<ACTION_OCCURRENCE m_id="30" RELATED_TO="" TAG_DESCRIPTOR="t13b_destroyed" instance_id="ACT17476241401707929" />
<ACTION_OCCURRENCE m_id="29" RELATED_TO="" TAG_DESCRIPTOR="t13b_attends" instance_id="ACT17476220205227381" />
<HUMAN_PART_PER m_id="28" RELATED_TO="" TAG_DESCRIPTOR="t13_palin" instance_id="HUM17474479699693914" />
<ACTION_OCCURRENCE m_id="27" RELATED_TO="" TAG_DESCRIPTOR="t13b_apologized" instance_id="ACT17476677068001771" />
<NON_HUMAN_PART m_id="26" RELATED_TO="" TAG_DESCRIPTOR="t13_wassila_church_building" instance_id="NON28318767695137921" />
<ACTION_OCCURRENCE m_id="25" RELATED_TO="" TAG_DESCRIPTOR="t13b_palins_campaign" instance_id="ACT27321188720934368" />
</Markables>

<Relations>
<CROSS_DOC_COREF r_id="33608" note="ACT27321188720934368" >
  <source m_id="23" />
  <target m_id="25" />
</CROSS_DOC_COREF>
<CROSS_DOC_COREF r_id="33609" note="NON28318767695137921" >
  <source m_id="24" />
  <target m_id="26" />
</CROSS_DOC_COREF>
<CROSS_DOC_COREF r_id="33610" note="ACT17476677068001771" >
  <source m_id="16" />
  <target m_id="27" />
</CROSS_DOC_COREF>
<CROSS_DOC_COREF r_id="33611" note="HUM17474479699693914" >
  <source m_id="13" />
  <source m_id="15" />
  <source m_id="19" />
  <target m_id="28" />
</CROSS_DOC_COREF>
<CROSS_DOC_COREF r_id="33612" note="ACT17476220205227381" >
  <source m_id="20" />
  <target m_id="29" />
</CROSS_DOC_COREF>
<CROSS_DOC_COREF r_id="33613" note="ACT17476241401707929" >
  <source m_id="17" />
  <target m_id="30" />
</CROSS_DOC_COREF>
<CROSS_DOC_COREF r_id="33614" note="HUM17476439289974733" >
  <source m_id="14" />
  <target m_id="31" />
</CROSS_DOC_COREF>

</Relations>
</Document>
