<Document doc_name="20_5ecb.xml" doc_id="DOC15654524597571006">
<token t_id="1" sentence="0" number="0">Iran</token>
<token t_id="2" sentence="0" number="1">'s</token>
<token t_id="3" sentence="0" number="2">state</token>
<token t_id="4" sentence="0" number="3">television</token>
<token t_id="5" sentence="0" number="4">says</token>
<token t_id="6" sentence="0" number="5">a</token>
<token t_id="7" sentence="0" number="6">magnitude-5.2</token>
<token t_id="8" sentence="0" number="7">quake</token>
<token t_id="9" sentence="0" number="8">has</token>
<token t_id="10" sentence="0" number="9">injured</token>
<token t_id="11" sentence="0" number="10">three</token>
<token t_id="12" sentence="0" number="11">people</token>
<token t_id="13" sentence="0" number="12">in</token>
<token t_id="14" sentence="0" number="13">the</token>
<token t_id="15" sentence="0" number="14">Persian</token>
<token t_id="16" sentence="0" number="15">Gulf</token>
<token t_id="17" sentence="0" number="16">Island</token>
<token t_id="18" sentence="0" number="17">of</token>
<token t_id="19" sentence="0" number="18">Qeshm</token>
<token t_id="20" sentence="0" number="19">.</token>
<token t_id="21" sentence="1" number="0">The</token>
<token t_id="22" sentence="1" number="1">report</token>
<token t_id="23" sentence="1" number="2">says</token>
<token t_id="24" sentence="1" number="3">the</token>
<token t_id="25" sentence="1" number="4">earthquake</token>
<token t_id="26" sentence="1" number="5">struck</token>
<token t_id="27" sentence="1" number="6">the</token>
<token t_id="28" sentence="1" number="7">island</token>
<token t_id="29" sentence="1" number="8">at</token>
<token t_id="30" sentence="1" number="9">5:11</token>
<token t_id="31" sentence="1" number="10">p.m.</token>
<token t_id="32" sentence="1" number="11">local</token>
<token t_id="33" sentence="1" number="12">time</token>
<token t_id="34" sentence="1" number="13">.</token>
<token t_id="35" sentence="2" number="0">The</token>
<token t_id="36" sentence="2" number="1">U.S.</token>
<token t_id="37" sentence="2" number="2">Geological</token>
<token t_id="38" sentence="2" number="3">Survey</token>
<token t_id="39" sentence="2" number="4">put</token>
<token t_id="40" sentence="2" number="5">the</token>
<token t_id="41" sentence="2" number="6">quake</token>
<token t_id="42" sentence="2" number="7">'s</token>
<token t_id="43" sentence="2" number="8">strength</token>
<token t_id="44" sentence="2" number="9">at</token>
<token t_id="45" sentence="2" number="10">magnitude-5.4</token>
<token t_id="46" sentence="2" number="11">.</token>
<token t_id="47" sentence="3" number="0">Monday</token>
<token t_id="48" sentence="3" number="1">'s</token>
<token t_id="49" sentence="3" number="2">earthquake</token>
<token t_id="50" sentence="3" number="3">was</token>
<token t_id="51" sentence="3" number="4">the</token>
<token t_id="52" sentence="3" number="5">second</token>
<token t_id="53" sentence="3" number="6">one</token>
<token t_id="54" sentence="3" number="7">to</token>
<token t_id="55" sentence="3" number="8">hit</token>
<token t_id="56" sentence="3" number="9">Qeshm</token>
<token t_id="57" sentence="3" number="10">in</token>
<token t_id="58" sentence="3" number="11">the</token>
<token t_id="59" sentence="3" number="12">past</token>
<token t_id="60" sentence="3" number="13">24</token>
<token t_id="61" sentence="3" number="14">hours</token>
<token t_id="62" sentence="3" number="15">.</token>
<token t_id="63" sentence="4" number="0">Earlier</token>
<token t_id="64" sentence="4" number="1">on</token>
<token t_id="65" sentence="4" number="2">Sunday</token>
<token t_id="66" sentence="4" number="3">a</token>
<token t_id="67" sentence="4" number="4">5.6</token>
<token t_id="68" sentence="4" number="5">quake</token>
<token t_id="69" sentence="4" number="6">jolted</token>
<token t_id="70" sentence="4" number="7">the</token>
<token t_id="71" sentence="4" number="8">island</token>
<token t_id="72" sentence="4" number="9">,</token>
<token t_id="73" sentence="4" number="10">some</token>
<token t_id="74" sentence="4" number="11">930</token>
<token t_id="75" sentence="4" number="12">miles</token>
<token t_id="76" sentence="4" number="13">south</token>
<token t_id="77" sentence="4" number="14">of</token>
<token t_id="78" sentence="4" number="15">the</token>
<token t_id="79" sentence="4" number="16">capital</token>
<token t_id="80" sentence="4" number="17">,</token>
<token t_id="81" sentence="4" number="18">Tehran</token>
<token t_id="82" sentence="4" number="19">.</token>
<Markables>
<ACTION_OCCURRENCE m_id="14"  >
  <token_anchor t_id="55"/>
</ACTION_OCCURRENCE>
<ACTION_OCCURRENCE m_id="15"  >
  <token_anchor t_id="68"/>
</ACTION_OCCURRENCE>
<ACTION_OCCURRENCE m_id="16"  >
  <token_anchor t_id="69"/>
</ACTION_OCCURRENCE>
<LOC_GEO m_id="19"  >
  <token_anchor t_id="56"/>
</LOC_GEO>
<LOC_GEO m_id="20"  >
  <token_anchor t_id="70"/>
  <token_anchor t_id="71"/>
  <token_anchor t_id="72"/>
  <token_anchor t_id="73"/>
  <token_anchor t_id="74"/>
  <token_anchor t_id="75"/>
  <token_anchor t_id="76"/>
  <token_anchor t_id="77"/>
  <token_anchor t_id="78"/>
  <token_anchor t_id="79"/>
  <token_anchor t_id="80"/>
  <token_anchor t_id="81"/>
</LOC_GEO>
<TIME_DATE m_id="13"  >
  <token_anchor t_id="47"/>
</TIME_DATE>
<TIME_DATE m_id="17"  >
  <token_anchor t_id="65"/>
</TIME_DATE>
<TIME_DURATION m_id="18"  >
  <token_anchor t_id="58"/>
  <token_anchor t_id="59"/>
  <token_anchor t_id="60"/>
  <token_anchor t_id="61"/>
</TIME_DURATION>


<NON_HUMAN_PART m_id="22" note="byCROMER" >
  <token_anchor t_id="67"/>
</NON_HUMAN_PART>


<ACTION_OCCURRENCE m_id="28" RELATED_TO="" TAG_DESCRIPTOR="t20b_jolted" instance_id="ACT18004375432735027" />
<ACTION_OCCURRENCE m_id="27" RELATED_TO="" TAG_DESCRIPTOR="t20b_earthquake" instance_id="ACT18004316983375265" />
<TIME_DATE m_id="26" RELATED_TO="" TAG_DESCRIPTOR="t20b_sunday" instance_id="TIM18004451072430437" />
<LOC_GEO m_id="25" RELATED_TO="" TAG_DESCRIPTOR="t20_qeshm" instance_id="LOC18002535573514489" />
<TIME_DATE m_id="24" RELATED_TO="" TAG_DESCRIPTOR="t20b_monday" instance_id="TIM18004465471245420" />
<NON_HUMAN_PART m_id="23" RELATED_TO="" TAG_DESCRIPTOR="t20b_magnitude5_6" instance_id="NON28373019649780113" />
</Markables>

<Relations>
<CROSS_DOC_COREF r_id="33076" note="NON28373019649780113" >
  <source m_id="22" />
  <target m_id="23" />
</CROSS_DOC_COREF>
<CROSS_DOC_COREF r_id="33077" note="TIM18004465471245420" >
  <source m_id="13" />
  <target m_id="24" />
</CROSS_DOC_COREF>
<CROSS_DOC_COREF r_id="33078" note="LOC18002535573514489" >
  <source m_id="19" />
  <source m_id="20" />
  <target m_id="25" />
</CROSS_DOC_COREF>
<CROSS_DOC_COREF r_id="33079" note="TIM18004451072430437" >
  <source m_id="17" />
  <target m_id="26" />
</CROSS_DOC_COREF>
<CROSS_DOC_COREF r_id="33080" note="ACT18004316983375265" >
  <source m_id="15" />
  <target m_id="27" />
</CROSS_DOC_COREF>
<CROSS_DOC_COREF r_id="33081" note="ACT18004375432735027" >
  <source m_id="16" />
  <source m_id="14" />
  <target m_id="28" />
</CROSS_DOC_COREF>

</Relations>
</Document>
