<Document doc_name="20_6ecbplus.xml" doc_id="DOC15646277773637841">
<token t_id="1" sentence="0" number="0">http</token>
<token t_id="2" sentence="0" number="1">:</token>
<token t_id="3" sentence="0" number="2">/</token>
<token t_id="4" sentence="0" number="3">/</token>
<token t_id="5" sentence="0" number="4">www</token>
<token t_id="6" sentence="0" number="5">.</token>
<token t_id="7" sentence="0" number="6">democraticunderground</token>
<token t_id="8" sentence="0" number="7">.</token>
<token t_id="9" sentence="0" number="8">com</token>
<token t_id="10" sentence="0" number="9">/</token>
<token t_id="11" sentence="0" number="10">discuss</token>
<token t_id="12" sentence="0" number="11">/</token>
<token t_id="13" sentence="0" number="12">duboard</token>
<token t_id="14" sentence="0" number="13">.</token>
<token t_id="15" sentence="0" number="14">php</token>
<token t_id="16" sentence="0" number="15">?</token>
<token t_id="17" sentence="0" number="16">az=view</token>
<token t_id="18" sentence="0" number="17">_</token>
<token t_id="19" sentence="0" number="18">all&amp;address=102x1949657</token>
<token t_id="20" sentence="1" number="0">'Several</token>
<token t_id="21" sentence="1" number="1">die'</token>
<token t_id="22" sentence="1" number="2">in</token>
<token t_id="23" sentence="1" number="3">south</token>
<token t_id="24" sentence="1" number="4">Iran</token>
<token t_id="25" sentence="1" number="5">quake</token>
<token t_id="26" sentence="2" number="0">Novemer</token>
<token t_id="27" sentence="2" number="1">27</token>
<token t_id="28" sentence="2" number="2">,</token>
<token t_id="29" sentence="2" number="3">2005</token>
<token t_id="30" sentence="3" number="0">A</token>
<token t_id="31" sentence="3" number="1">powerful</token>
<token t_id="32" sentence="3" number="2">earthquake</token>
<token t_id="33" sentence="3" number="3">has</token>
<token t_id="34" sentence="3" number="4">hit</token>
<token t_id="35" sentence="3" number="5">southern</token>
<token t_id="36" sentence="3" number="6">Iran</token>
<token t_id="37" sentence="3" number="7">,</token>
<token t_id="38" sentence="3" number="8">destroying</token>
<token t_id="39" sentence="3" number="9">several</token>
<token t_id="40" sentence="3" number="10">villages</token>
<token t_id="41" sentence="3" number="11">and</token>
<token t_id="42" sentence="3" number="12">killing</token>
<token t_id="43" sentence="3" number="13">at</token>
<token t_id="44" sentence="3" number="14">least</token>
<token t_id="45" sentence="3" number="15">three</token>
<token t_id="46" sentence="3" number="16">people</token>
<token t_id="47" sentence="3" number="17">and</token>
<token t_id="48" sentence="3" number="18">injuring</token>
<token t_id="49" sentence="3" number="19">others</token>
<token t_id="50" sentence="3" number="20">,</token>
<token t_id="51" sentence="3" number="21">according</token>
<token t_id="52" sentence="3" number="22">to</token>
<token t_id="53" sentence="3" number="23">reports</token>
<token t_id="54" sentence="3" number="24">.</token>
<token t_id="55" sentence="4" number="0">The</token>
<token t_id="56" sentence="4" number="1">5</token>
<token t_id="57" sentence="4" number="2">.</token>
<token t_id="58" sentence="4" number="3">9</token>
<token t_id="59" sentence="4" number="4">-</token>
<token t_id="60" sentence="4" number="5">magnitude</token>
<token t_id="61" sentence="4" number="6">quake</token>
<token t_id="62" sentence="4" number="7">struck</token>
<token t_id="63" sentence="4" number="8">Qeshm</token>
<token t_id="64" sentence="4" number="9">island</token>
<token t_id="65" sentence="4" number="10">,</token>
<token t_id="66" sentence="4" number="11">home</token>
<token t_id="67" sentence="4" number="12">to</token>
<token t_id="68" sentence="4" number="13">120</token>
<token t_id="69" sentence="4" number="14">,</token>
<token t_id="70" sentence="4" number="15">000</token>
<token t_id="71" sentence="4" number="16">people</token>
<token t_id="72" sentence="4" number="17">,</token>
<token t_id="73" sentence="4" number="18">and</token>
<token t_id="74" sentence="4" number="19">the</token>
<token t_id="75" sentence="4" number="20">city</token>
<token t_id="76" sentence="4" number="21">of</token>
<token t_id="77" sentence="4" number="22">Bandar</token>
<token t_id="78" sentence="4" number="23">Abbas</token>
<token t_id="79" sentence="4" number="24">,</token>
<token t_id="80" sentence="4" number="25">state</token>
<token t_id="81" sentence="4" number="26">media</token>
<token t_id="82" sentence="4" number="27">said</token>
<token t_id="83" sentence="4" number="28">.</token>
<token t_id="84" sentence="5" number="0">The</token>
<token t_id="85" sentence="5" number="1">governor</token>
<token t_id="86" sentence="5" number="2">of</token>
<token t_id="87" sentence="5" number="3">Qeshm</token>
<token t_id="88" sentence="5" number="4">island</token>
<token t_id="89" sentence="5" number="5">told</token>
<token t_id="90" sentence="5" number="6">the</token>
<token t_id="91" sentence="5" number="7">AFP</token>
<token t_id="92" sentence="5" number="8">news</token>
<token t_id="93" sentence="5" number="9">agency</token>
<token t_id="94" sentence="5" number="10">four</token>
<token t_id="95" sentence="5" number="11">villages</token>
<token t_id="96" sentence="5" number="12">had</token>
<token t_id="97" sentence="5" number="13">been</token>
<token t_id="98" sentence="5" number="14">destroyed</token>
<token t_id="99" sentence="5" number="15">and</token>
<token t_id="100" sentence="5" number="16">three</token>
<token t_id="101" sentence="5" number="17">people</token>
<token t_id="102" sentence="5" number="18">killed</token>
<token t_id="103" sentence="5" number="19">.</token>
<token t_id="104" sentence="6" number="0">The</token>
<token t_id="105" sentence="6" number="1">quake</token>
<token t_id="106" sentence="6" number="2">,</token>
<token t_id="107" sentence="6" number="3">which</token>
<token t_id="108" sentence="6" number="4">struck</token>
<token t_id="109" sentence="6" number="5">at</token>
<token t_id="110" sentence="6" number="6">1353</token>
<token t_id="111" sentence="6" number="7">(</token>
<token t_id="112" sentence="6" number="8">1023</token>
<token t_id="113" sentence="6" number="9">GMT</token>
<token t_id="114" sentence="6" number="10">)</token>
<token t_id="115" sentence="6" number="11">,</token>
<token t_id="116" sentence="6" number="12">was</token>
<token t_id="117" sentence="6" number="13">felt</token>
<token t_id="118" sentence="6" number="14">in</token>
<token t_id="119" sentence="6" number="15">the</token>
<token t_id="120" sentence="6" number="16">neighbouring</token>
<token t_id="121" sentence="6" number="17">Gulf</token>
<token t_id="122" sentence="6" number="18">states</token>
<token t_id="123" sentence="6" number="19">of</token>
<token t_id="124" sentence="6" number="20">Oman</token>
<token t_id="125" sentence="6" number="21">and</token>
<token t_id="126" sentence="6" number="22">the</token>
<token t_id="127" sentence="6" number="23">UAE</token>
<token t_id="128" sentence="6" number="24">.</token>
<Markables>
<ACTION_OCCURRENCE m_id="9"  >
  <token_anchor t_id="48"/>
</ACTION_OCCURRENCE>
<ACTION_OCCURRENCE m_id="10"  >
  <token_anchor t_id="61"/>
</ACTION_OCCURRENCE>
<ACTION_OCCURRENCE m_id="11"  >
  <token_anchor t_id="98"/>
</ACTION_OCCURRENCE>
<ACTION_OCCURRENCE m_id="12"  >
  <token_anchor t_id="102"/>
</ACTION_OCCURRENCE>
<ACTION_OCCURRENCE m_id="22"  >
  <token_anchor t_id="62"/>
</ACTION_OCCURRENCE>
<ACTION_OCCURRENCE m_id="3"  >
  <token_anchor t_id="25"/>
</ACTION_OCCURRENCE>
<ACTION_OCCURRENCE m_id="4"  >
  <token_anchor t_id="21"/>
</ACTION_OCCURRENCE>
<ACTION_OCCURRENCE m_id="5"  >
  <token_anchor t_id="32"/>
</ACTION_OCCURRENCE>
<ACTION_OCCURRENCE m_id="6"  >
  <token_anchor t_id="34"/>
</ACTION_OCCURRENCE>
<ACTION_OCCURRENCE m_id="7"  >
  <token_anchor t_id="38"/>
</ACTION_OCCURRENCE>
<ACTION_OCCURRENCE m_id="8"  >
  <token_anchor t_id="42"/>
</ACTION_OCCURRENCE>
<ACTION_REPORTING m_id="27"  >
  <token_anchor t_id="89"/>
</ACTION_REPORTING>
<ACTION_REPORTING m_id="28"  >
  <token_anchor t_id="82"/>
</ACTION_REPORTING>
<HUMAN_PART_ORG m_id="23"  >
  <token_anchor t_id="80"/>
  <token_anchor t_id="81"/>
</HUMAN_PART_ORG>
<HUMAN_PART_ORG m_id="24"  >
  <token_anchor t_id="91"/>
</HUMAN_PART_ORG>
<HUMAN_PART_PER m_id="18"  >
  <token_anchor t_id="20"/>
</HUMAN_PART_PER>
<HUMAN_PART_PER m_id="19"  >
  <token_anchor t_id="46"/>
</HUMAN_PART_PER>
<HUMAN_PART_PER m_id="20"  >
  <token_anchor t_id="49"/>
</HUMAN_PART_PER>
<HUMAN_PART_PER m_id="25"  >
  <token_anchor t_id="101"/>
</HUMAN_PART_PER>
<HUMAN_PART_PER m_id="26"  >
  <token_anchor t_id="85"/>
</HUMAN_PART_PER>
<LOC_GEO m_id="13"  >
  <token_anchor t_id="35"/>
  <token_anchor t_id="36"/>
</LOC_GEO>
<LOC_GEO m_id="15"  >
  <token_anchor t_id="63"/>
  <token_anchor t_id="64"/>
</LOC_GEO>
<LOC_GEO m_id="16"  >
  <token_anchor t_id="74"/>
  <token_anchor t_id="75"/>
  <token_anchor t_id="76"/>
  <token_anchor t_id="77"/>
  <token_anchor t_id="78"/>
</LOC_GEO>
<LOC_GEO m_id="1"  >
  <token_anchor t_id="23"/>
  <token_anchor t_id="24"/>
</LOC_GEO>
<NON_HUMAN_PART m_id="29"  >
  <token_anchor t_id="53"/>
</NON_HUMAN_PART>
<TIME_DATE m_id="2"  >
  <token_anchor t_id="26"/>
  <token_anchor t_id="27"/>
  <token_anchor t_id="28"/>
  <token_anchor t_id="29"/>
</TIME_DATE>


<NON_HUMAN_PART m_id="37" note="byCROMER" >
  <token_anchor t_id="95"/>
</NON_HUMAN_PART>
<NON_HUMAN_PART m_id="38" note="byCROMER" >
  <token_anchor t_id="56"/>
  <token_anchor t_id="57"/>
  <token_anchor t_id="58"/>
</NON_HUMAN_PART>
<NON_HUMAN_PART m_id="39" note="byCROMER" >
  <token_anchor t_id="39"/>
  <token_anchor t_id="40"/>
</NON_HUMAN_PART>


<ACTION_OCCURRENCE m_id="50" RELATED_TO="" TAG_DESCRIPTOR="t20_destroyed_villages" instance_id="ACT17822267297450810" />
<ACTION_REPORTING m_id="49" RELATED_TO="" TAG_DESCRIPTOR="t20_state_media_said" instance_id="ACT17822409769669335" />
<ACTION_OCCURRENCE m_id="48" RELATED_TO="" TAG_DESCRIPTOR="t20_earthquake" instance_id="ACT17821472137518203" />
<NON_HUMAN_PART m_id="47" RELATED_TO="" TAG_DESCRIPTOR="t20_villages" instance_id="NON18002560353210415" />
<HUMAN_PART_PER m_id="46" RELATED_TO="" TAG_DESCRIPTOR="t20_injured_people" instance_id="HUM18001993603753566" />
<HUMAN_PART_PER m_id="45" RELATED_TO="" TAG_DESCRIPTOR="t20_governer" instance_id="HUM18002851057738379" />
<ACTION_OCCURRENCE m_id="44" RELATED_TO="" TAG_DESCRIPTOR="t20_struck" instance_id="ACT17822303993286740" />
<ACTION_OCCURRENCE m_id="43" RELATED_TO="" TAG_DESCRIPTOR="t20_killed" instance_id="ACT17821802167919676" />
<LOC_GEO m_id="42" RELATED_TO="" TAG_DESCRIPTOR="t20_bandar_abbas" instance_id="LOC28373645517006867" />
<NON_HUMAN_PART m_id="41" RELATED_TO="" TAG_DESCRIPTOR="t20_magnitude_5_9" instance_id="NON28373037842248020" />
<HUMAN_PART_ORG m_id="40" RELATED_TO="" TAG_DESCRIPTOR="t20_state_media" instance_id="HUM18001976467500000" />
<ACTION_OCCURRENCE m_id="54" RELATED_TO="" TAG_DESCRIPTOR="t20_injured" instance_id="ACT17821791897870910" />
<HUMAN_PART_PER m_id="53" RELATED_TO="" TAG_DESCRIPTOR="t20_people_killed" instance_id="HUM18002010984170151" />
<LOC_GEO m_id="52" RELATED_TO="" TAG_DESCRIPTOR="t20_southern_iran" instance_id="LOC18003255740560286" />
<LOC_GEO m_id="51" RELATED_TO="" TAG_DESCRIPTOR="t20_qeshm" instance_id="LOC18002535573514489" />
</Markables>

<Relations>
<CROSS_DOC_COREF r_id="41276" note="HUM18001976467500000" >
  <source m_id="23" />
  <target m_id="40" />
</CROSS_DOC_COREF>
<CROSS_DOC_COREF r_id="41277" note="NON28373037842248020" >
  <source m_id="38" />
  <target m_id="41" />
</CROSS_DOC_COREF>
<CROSS_DOC_COREF r_id="41278" note="LOC28373645517006867" >
  <source m_id="16" />
  <target m_id="42" />
</CROSS_DOC_COREF>
<CROSS_DOC_COREF r_id="41279" note="ACT17821802167919676" >
  <source m_id="4" />
  <source m_id="8" />
  <source m_id="12" />
  <target m_id="43" />
</CROSS_DOC_COREF>
<CROSS_DOC_COREF r_id="41280" note="ACT17822303993286740" >
  <source m_id="6" />
  <source m_id="22" />
  <target m_id="44" />
</CROSS_DOC_COREF>
<CROSS_DOC_COREF r_id="41281" note="HUM18002851057738379" >
  <source m_id="26" />
  <target m_id="45" />
</CROSS_DOC_COREF>
<CROSS_DOC_COREF r_id="41282" note="HUM18001993603753566" >
  <source m_id="20" />
  <target m_id="46" />
</CROSS_DOC_COREF>
<CROSS_DOC_COREF r_id="41283" note="NON18002560353210415" >
  <source m_id="37" />
  <source m_id="39" />
  <target m_id="47" />
</CROSS_DOC_COREF>
<CROSS_DOC_COREF r_id="41284" note="ACT17821472137518203" >
  <source m_id="10" />
  <source m_id="3" />
  <source m_id="5" />
  <target m_id="48" />
</CROSS_DOC_COREF>
<CROSS_DOC_COREF r_id="41285" note="ACT17822409769669335" >
  <source m_id="28" />
  <target m_id="49" />
</CROSS_DOC_COREF>
<CROSS_DOC_COREF r_id="41286" note="ACT17822267297450810" >
  <source m_id="7" />
  <source m_id="11" />
  <target m_id="50" />
</CROSS_DOC_COREF>
<CROSS_DOC_COREF r_id="41287" note="LOC18002535573514489" >
  <source m_id="15" />
  <target m_id="51" />
</CROSS_DOC_COREF>
<CROSS_DOC_COREF r_id="41288" note="LOC18003255740560286" >
  <source m_id="13" />
  <source m_id="1" />
  <target m_id="52" />
</CROSS_DOC_COREF>
<CROSS_DOC_COREF r_id="41289" note="HUM18002010984170151" >
  <source m_id="18" />
  <source m_id="25" />
  <source m_id="19" />
  <target m_id="53" />
</CROSS_DOC_COREF>
<CROSS_DOC_COREF r_id="41290" note="ACT17821791897870910" >
  <source m_id="9" />
  <target m_id="54" />
</CROSS_DOC_COREF>

</Relations>
</Document>
