<Document doc_name="28_13ecb.xml" doc_id="DOC15654957043212972">
<token t_id="1" sentence="0" number="0">Mark</token>
<token t_id="2" sentence="0" number="1">'Deep</token>
<token t_id="3" sentence="0" number="2">Throat</token>
<token t_id="4" sentence="0" number="3">'</token>
<token t_id="5" sentence="0" number="4">Felt</token>
<token t_id="6" sentence="0" number="5">dead</token>
<token t_id="7" sentence="0" number="6">at</token>
<token t_id="8" sentence="0" number="7">95</token>
<token t_id="9" sentence="1" number="0">We</token>
<token t_id="10" sentence="1" number="1">'re</token>
<token t_id="11" sentence="1" number="2">all</token>
<token t_id="12" sentence="1" number="3">learning</token>
<token t_id="13" sentence="1" number="4">this</token>
<token t_id="14" sentence="1" number="5">morning</token>
<token t_id="15" sentence="1" number="6">of</token>
<token t_id="16" sentence="1" number="7">the</token>
<token t_id="17" sentence="1" number="8">death</token>
<token t_id="18" sentence="1" number="9">,</token>
<token t_id="19" sentence="1" number="10">at</token>
<token t_id="20" sentence="1" number="11">age</token>
<token t_id="21" sentence="1" number="12">95</token>
<token t_id="22" sentence="1" number="13">,</token>
<token t_id="23" sentence="1" number="14">of</token>
<token t_id="24" sentence="1" number="15">W.</token>
<token t_id="25" sentence="1" number="16">Mark</token>
<token t_id="26" sentence="1" number="17">Felt</token>
<token t_id="27" sentence="1" number="18">,</token>
<token t_id="28" sentence="1" number="19">who</token>
<token t_id="29" sentence="1" number="20">as</token>
<token t_id="30" sentence="1" number="21">a</token>
<token t_id="31" sentence="1" number="22">senior</token>
<token t_id="32" sentence="1" number="23">Federal</token>
<token t_id="33" sentence="1" number="24">Bureau</token>
<token t_id="34" sentence="1" number="25">of</token>
<token t_id="35" sentence="1" number="26">Investigation</token>
<token t_id="36" sentence="1" number="27">official</token>
<token t_id="37" sentence="1" number="28">,</token>
<token t_id="38" sentence="1" number="29">served</token>
<token t_id="39" sentence="1" number="30">as</token>
<token t_id="40" sentence="1" number="31">the</token>
<token t_id="41" sentence="1" number="32">shadowy</token>
<token t_id="42" sentence="1" number="33">source</token>
<token t_id="43" sentence="1" number="34">known</token>
<token t_id="44" sentence="1" number="35">as</token>
<token t_id="45" sentence="1" number="36">``</token>
<token t_id="46" sentence="1" number="37">Deep</token>
<token t_id="47" sentence="1" number="38">Throat</token>
<token t_id="48" sentence="1" number="39">''</token>
<token t_id="49" sentence="1" number="40">to</token>
<token t_id="50" sentence="1" number="41">reporter</token>
<token t_id="51" sentence="1" number="42">Bob</token>
<token t_id="52" sentence="1" number="43">Woodward</token>
<token t_id="53" sentence="1" number="44">in</token>
<token t_id="54" sentence="1" number="45">his</token>
<token t_id="55" sentence="1" number="46">investigation</token>
<token t_id="56" sentence="1" number="47">of</token>
<token t_id="57" sentence="1" number="48">the</token>
<token t_id="58" sentence="1" number="49">Watergate</token>
<token t_id="59" sentence="1" number="50">scandal</token>
<token t_id="60" sentence="1" number="51">that</token>
<token t_id="61" sentence="1" number="52">led</token>
<token t_id="62" sentence="1" number="53">to</token>
<token t_id="63" sentence="1" number="54">President</token>
<token t_id="64" sentence="1" number="55">Nixon</token>
<token t_id="65" sentence="1" number="56">'s</token>
<token t_id="66" sentence="1" number="57">resignation</token>
<token t_id="67" sentence="1" number="58">.</token>
<token t_id="68" sentence="2" number="0">As</token>
<token t_id="69" sentence="2" number="1">Johanna</token>
<token t_id="70" sentence="2" number="2">Neuman</token>
<token t_id="71" sentence="2" number="3">writes</token>
<token t_id="72" sentence="2" number="4">in</token>
<token t_id="73" sentence="2" number="5">a</token>
<token t_id="74" sentence="2" number="6">Los</token>
<token t_id="75" sentence="2" number="7">Angeles</token>
<token t_id="76" sentence="2" number="8">Times</token>
<token t_id="77" sentence="2" number="9">piece:</token>
<token t_id="78" sentence="3" number="0">A</token>
<token t_id="79" sentence="3" number="1">controversial</token>
<token t_id="80" sentence="3" number="2">figure</token>
<token t_id="81" sentence="3" number="3">who</token>
<token t_id="82" sentence="3" number="4">was</token>
<token t_id="83" sentence="3" number="5">later</token>
<token t_id="84" sentence="3" number="6">convicted</token>
<token t_id="85" sentence="3" number="7">of</token>
<token t_id="86" sentence="3" number="8">authorizing</token>
<token t_id="87" sentence="3" number="9">illegal</token>
<token t_id="88" sentence="3" number="10">activities</token>
<token t_id="89" sentence="3" number="11">in</token>
<token t_id="90" sentence="3" number="12">pursuit</token>
<token t_id="91" sentence="3" number="13">of</token>
<token t_id="92" sentence="3" number="14">members</token>
<token t_id="93" sentence="3" number="15">of</token>
<token t_id="94" sentence="3" number="16">the</token>
<token t_id="95" sentence="3" number="17">radical</token>
<token t_id="96" sentence="3" number="18">Weather</token>
<token t_id="97" sentence="3" number="19">Underground</token>
<token t_id="98" sentence="3" number="20">,</token>
<token t_id="99" sentence="3" number="21">Felt</token>
<token t_id="100" sentence="3" number="22">died</token>
<token t_id="101" sentence="3" number="23">of</token>
<token t_id="102" sentence="3" number="24">heart</token>
<token t_id="103" sentence="3" number="25">failure</token>
<token t_id="104" sentence="3" number="26">Thursday</token>
<token t_id="105" sentence="3" number="27">at</token>
<token t_id="106" sentence="3" number="28">his</token>
<token t_id="107" sentence="3" number="29">home</token>
<token t_id="108" sentence="3" number="30">in</token>
<token t_id="109" sentence="3" number="31">Santa</token>
<token t_id="110" sentence="3" number="32">Rosa</token>
<token t_id="111" sentence="3" number="33">,</token>
<token t_id="112" sentence="3" number="34">Calif.</token>
<token t_id="113" sentence="3" number="35">,</token>
<token t_id="114" sentence="3" number="36">his</token>
<token t_id="115" sentence="3" number="37">grandson</token>
<token t_id="116" sentence="3" number="38">Rob</token>
<token t_id="117" sentence="3" number="39">Jones</token>
<token t_id="118" sentence="3" number="40">said</token>
<token t_id="119" sentence="3" number="41">.</token>
<token t_id="120" sentence="4" number="0">Felt</token>
<token t_id="121" sentence="4" number="1">was</token>
<token t_id="122" sentence="4" number="2">deputy</token>
<token t_id="123" sentence="4" number="3">associate</token>
<token t_id="124" sentence="4" number="4">director</token>
<token t_id="125" sentence="4" number="5">of</token>
<token t_id="126" sentence="4" number="6">the</token>
<token t_id="127" sentence="4" number="7">FBI</token>
<token t_id="128" sentence="4" number="8">in</token>
<token t_id="129" sentence="4" number="9">1972</token>
<token t_id="130" sentence="4" number="10">when</token>
<token t_id="131" sentence="4" number="11">he</token>
<token t_id="132" sentence="4" number="12">began</token>
<token t_id="133" sentence="4" number="13">supplying</token>
<token t_id="134" sentence="4" number="14">information</token>
<token t_id="135" sentence="4" number="15">to</token>
<token t_id="136" sentence="4" number="16">Bob</token>
<token t_id="137" sentence="4" number="17">Woodward</token>
<token t_id="138" sentence="4" number="18">,</token>
<token t_id="139" sentence="4" number="19">who</token>
<token t_id="140" sentence="4" number="20">with</token>
<token t_id="141" sentence="4" number="21">Carl</token>
<token t_id="142" sentence="4" number="22">Bernstein</token>
<token t_id="143" sentence="4" number="23">made</token>
<token t_id="144" sentence="4" number="24">up</token>
<token t_id="145" sentence="4" number="25">The</token>
<token t_id="146" sentence="4" number="26">Post</token>
<token t_id="147" sentence="4" number="27">'s</token>
<token t_id="148" sentence="4" number="28">investigative</token>
<token t_id="149" sentence="4" number="29">duo</token>
<token t_id="150" sentence="4" number="30">who</token>
<token t_id="151" sentence="4" number="31">doggedly</token>
<token t_id="152" sentence="4" number="32">pursued</token>
<token t_id="153" sentence="4" number="33">the</token>
<token t_id="154" sentence="4" number="34">story</token>
<token t_id="155" sentence="4" number="35">of</token>
<token t_id="156" sentence="4" number="36">the</token>
<token t_id="157" sentence="4" number="37">Watergate</token>
<token t_id="158" sentence="4" number="38">break-in</token>
<token t_id="159" sentence="4" number="39">and</token>
<token t_id="160" sentence="4" number="40">a</token>
<token t_id="161" sentence="4" number="41">conspiracy</token>
<token t_id="162" sentence="4" number="42">that</token>
<token t_id="163" sentence="4" number="43">led</token>
<token t_id="164" sentence="4" number="44">directly</token>
<token t_id="165" sentence="4" number="45">to</token>
<token t_id="166" sentence="4" number="46">President</token>
<token t_id="167" sentence="4" number="47">Richard</token>
<token t_id="168" sentence="4" number="48">M.</token>
<token t_id="169" sentence="4" number="49">Nixon</token>
<token t_id="170" sentence="4" number="50">,</token>
<token t_id="171" sentence="4" number="51">who</token>
<token t_id="172" sentence="4" number="52">ultimately</token>
<token t_id="173" sentence="4" number="53">resigned</token>
<token t_id="174" sentence="4" number="54">.</token>
<token t_id="175" sentence="5" number="0">The</token>
<token t_id="176" sentence="5" number="1">reporters</token>
<token t_id="177" sentence="5" number="2">continued</token>
<token t_id="178" sentence="5" number="3">to</token>
<token t_id="179" sentence="5" number="4">keep</token>
<token t_id="180" sentence="5" number="5">Felt</token>
<token t_id="181" sentence="5" number="6">'s</token>
<token t_id="182" sentence="5" number="7">name</token>
<token t_id="183" sentence="5" number="8">a</token>
<token t_id="184" sentence="5" number="9">secret</token>
<token t_id="185" sentence="5" number="10">,</token>
<token t_id="186" sentence="5" number="11">but</token>
<token t_id="187" sentence="5" number="12">in</token>
<token t_id="188" sentence="5" number="13">2005</token>
<token t_id="189" sentence="5" number="14">,</token>
<token t_id="190" sentence="5" number="15">at</token>
<token t_id="191" sentence="5" number="16">the</token>
<token t_id="192" sentence="5" number="17">age</token>
<token t_id="193" sentence="5" number="18">of</token>
<token t_id="194" sentence="5" number="19">91</token>
<token t_id="195" sentence="5" number="20">,</token>
<token t_id="196" sentence="5" number="21">Felt</token>
<token t_id="197" sentence="5" number="22">told</token>
<token t_id="198" sentence="5" number="23">Vanity</token>
<token t_id="199" sentence="5" number="24">Fair</token>
<token t_id="200" sentence="5" number="25">magazine</token>
<token t_id="201" sentence="5" number="26">,</token>
<token t_id="202" sentence="5" number="27">``</token>
<token t_id="203" sentence="5" number="28">I</token>
<token t_id="204" sentence="5" number="29">'m</token>
<token t_id="205" sentence="5" number="30">the</token>
<token t_id="206" sentence="5" number="31">guy</token>
<token t_id="207" sentence="5" number="32">they</token>
<token t_id="208" sentence="5" number="33">used</token>
<token t_id="209" sentence="5" number="34">to</token>
<token t_id="210" sentence="5" number="35">call</token>
<token t_id="211" sentence="5" number="36">Deep</token>
<token t_id="212" sentence="5" number="37">Throat</token>
<token t_id="213" sentence="5" number="38">.</token>
<token t_id="214" sentence="5" number="39">''</token>
<token t_id="215" sentence="6" number="0">His</token>
<token t_id="216" sentence="6" number="1">disclosure</token>
<token t_id="217" sentence="6" number="2">ended</token>
<token t_id="218" sentence="6" number="3">a</token>
<token t_id="219" sentence="6" number="4">mystery</token>
<token t_id="220" sentence="6" number="5">that</token>
<token t_id="221" sentence="6" number="6">had</token>
<token t_id="222" sentence="6" number="7">intrigued</token>
<token t_id="223" sentence="6" number="8">Washington</token>
<token t_id="224" sentence="6" number="9">insiders</token>
<token t_id="225" sentence="6" number="10">and</token>
<token t_id="226" sentence="6" number="11">journalists</token>
<token t_id="227" sentence="6" number="12">for</token>
<token t_id="228" sentence="6" number="13">three</token>
<token t_id="229" sentence="6" number="14">decades</token>
<token t_id="230" sentence="6" number="15">and</token>
<token t_id="231" sentence="6" number="16">provided</token>
<token t_id="232" sentence="6" number="17">the</token>
<token t_id="233" sentence="6" number="18">grist</token>
<token t_id="234" sentence="6" number="19">for</token>
<token t_id="235" sentence="6" number="20">many</token>
<token t_id="236" sentence="6" number="21">hotly</token>
<token t_id="237" sentence="6" number="22">debated</token>
<token t_id="238" sentence="6" number="23">newspaper</token>
<token t_id="239" sentence="6" number="24">and</token>
<token t_id="240" sentence="6" number="25">magazine</token>
<token t_id="241" sentence="6" number="26">articles</token>
<token t_id="242" sentence="6" number="27">.</token>
<token t_id="243" sentence="7" number="0">While</token>
<token t_id="244" sentence="7" number="1">Felt</token>
<token t_id="245" sentence="7" number="2">'s</token>
<token t_id="246" sentence="7" number="3">name</token>
<token t_id="247" sentence="7" number="4">was</token>
<token t_id="248" sentence="7" number="5">raised</token>
<token t_id="249" sentence="7" number="6">as</token>
<token t_id="250" sentence="7" number="7">a</token>
<token t_id="251" sentence="7" number="8">suspect</token>
<token t_id="252" sentence="7" number="9">on</token>
<token t_id="253" sentence="7" number="10">several</token>
<token t_id="254" sentence="7" number="11">occasions</token>
<token t_id="255" sentence="7" number="12">,</token>
<token t_id="256" sentence="7" number="13">he</token>
<token t_id="257" sentence="7" number="14">always</token>
<token t_id="258" sentence="7" number="15">managed</token>
<token t_id="259" sentence="7" number="16">to</token>
<token t_id="260" sentence="7" number="17">deflect</token>
<token t_id="261" sentence="7" number="18">attention</token>
<token t_id="262" sentence="7" number="19">,</token>
<token t_id="263" sentence="7" number="20">usually</token>
<token t_id="264" sentence="7" number="21">by</token>
<token t_id="265" sentence="7" number="22">saying</token>
<token t_id="266" sentence="7" number="23">that</token>
<token t_id="267" sentence="7" number="24">if</token>
<token t_id="268" sentence="7" number="25">had</token>
<token t_id="269" sentence="7" number="26">been</token>
<token t_id="270" sentence="7" number="27">Deep</token>
<token t_id="271" sentence="7" number="28">Throat</token>
<token t_id="272" sentence="7" number="29">he</token>
<token t_id="273" sentence="7" number="30">would</token>
<token t_id="274" sentence="7" number="31">have</token>
<token t_id="275" sentence="7" number="32">done</token>
<token t_id="276" sentence="7" number="33">a</token>
<token t_id="277" sentence="7" number="34">better</token>
<token t_id="278" sentence="7" number="35">job</token>
<token t_id="279" sentence="7" number="36">of</token>
<token t_id="280" sentence="7" number="37">exposing</token>
<token t_id="281" sentence="7" number="38">the</token>
<token t_id="282" sentence="7" number="39">wrongdoings</token>
<token t_id="283" sentence="7" number="40">at</token>
<token t_id="284" sentence="7" number="41">the</token>
<token t_id="285" sentence="7" number="42">White</token>
<token t_id="286" sentence="7" number="43">House</token>
<token t_id="287" sentence="7" number="44">.</token>
<token t_id="288" sentence="8" number="0">His</token>
<token t_id="289" sentence="8" number="1">disclosure</token>
<token t_id="290" sentence="8" number="2">in</token>
<token t_id="291" sentence="8" number="3">a</token>
<token t_id="292" sentence="8" number="4">Vanity</token>
<token t_id="293" sentence="8" number="5">Fair</token>
<token t_id="294" sentence="8" number="6">article</token>
<token t_id="295" sentence="8" number="7">by</token>
<token t_id="296" sentence="8" number="8">his</token>
<token t_id="297" sentence="8" number="9">family</token>
<token t_id="298" sentence="8" number="10">'s</token>
<token t_id="299" sentence="8" number="11">lawyer</token>
<token t_id="300" sentence="8" number="12">,</token>
<token t_id="301" sentence="8" number="13">John</token>
<token t_id="302" sentence="8" number="14">D.</token>
<token t_id="303" sentence="8" number="15">O'Connor</token>
<token t_id="304" sentence="8" number="16">,</token>
<token t_id="305" sentence="8" number="17">provoked</token>
<token t_id="306" sentence="8" number="18">a</token>
<token t_id="307" sentence="8" number="19">national</token>
<token t_id="308" sentence="8" number="20">debate:</token>
<token t_id="309" sentence="9" number="0">Was</token>
<token t_id="310" sentence="9" number="1">he</token>
<token t_id="311" sentence="9" number="2">a</token>
<token t_id="312" sentence="9" number="3">hero</token>
<token t_id="313" sentence="9" number="4">who</token>
<token t_id="314" sentence="9" number="5">should</token>
<token t_id="315" sentence="9" number="6">be</token>
<token t_id="316" sentence="9" number="7">lauded</token>
<token t_id="317" sentence="9" number="8">for</token>
<token t_id="318" sentence="9" number="9">sparing</token>
<token t_id="319" sentence="9" number="10">the</token>
<token t_id="320" sentence="9" number="11">country</token>
<token t_id="321" sentence="9" number="12">the</token>
<token t_id="322" sentence="9" number="13">strain</token>
<token t_id="323" sentence="9" number="14">of</token>
<token t_id="324" sentence="9" number="15">further</token>
<token t_id="325" sentence="9" number="16">high</token>
<token t_id="326" sentence="9" number="17">crimes</token>
<token t_id="327" sentence="9" number="18">and</token>
<token t_id="328" sentence="9" number="19">misdemeanors</token>
<token t_id="329" sentence="9" number="20">by</token>
<token t_id="330" sentence="9" number="21">the</token>
<token t_id="331" sentence="9" number="22">Nixon</token>
<token t_id="332" sentence="9" number="23">White</token>
<token t_id="333" sentence="9" number="24">House</token>
<token t_id="334" sentence="9" number="25">?</token>
<token t_id="335" sentence="10" number="0">Or</token>
<token t_id="336" sentence="10" number="1">was</token>
<token t_id="337" sentence="10" number="2">he</token>
<token t_id="338" sentence="10" number="3">a</token>
<token t_id="339" sentence="10" number="4">traitor</token>
<token t_id="340" sentence="10" number="5">who</token>
<token t_id="341" sentence="10" number="6">betrayed</token>
<token t_id="342" sentence="10" number="7">not</token>
<token t_id="343" sentence="10" number="8">only</token>
<token t_id="344" sentence="10" number="9">his</token>
<token t_id="345" sentence="10" number="10">president</token>
<token t_id="346" sentence="10" number="11">but</token>
<token t_id="347" sentence="10" number="12">his</token>
<token t_id="348" sentence="10" number="13">oath</token>
<token t_id="349" sentence="10" number="14">of</token>
<token t_id="350" sentence="10" number="15">office</token>
<token t_id="351" sentence="10" number="16">by</token>
<token t_id="352" sentence="10" number="17">disclosing</token>
<token t_id="353" sentence="10" number="18">grand</token>
<token t_id="354" sentence="10" number="19">jury</token>
<token t_id="355" sentence="10" number="20">information</token>
<token t_id="356" sentence="10" number="21">and</token>
<token t_id="357" sentence="10" number="22">the</token>
<token t_id="358" sentence="10" number="23">contents</token>
<token t_id="359" sentence="10" number="24">of</token>
<token t_id="360" sentence="10" number="25">FBI</token>
<token t_id="361" sentence="10" number="26">files</token>
<token t_id="362" sentence="10" number="27">?</token>
<token t_id="363" sentence="11" number="0">For</token>
<token t_id="364" sentence="11" number="1">the</token>
<token t_id="365" sentence="11" number="2">most</token>
<token t_id="366" sentence="11" number="3">part</token>
<token t_id="367" sentence="11" number="4">,</token>
<token t_id="368" sentence="11" number="5">reaction</token>
<token t_id="369" sentence="11" number="6">split</token>
<token t_id="370" sentence="11" number="7">along</token>
<token t_id="371" sentence="11" number="8">political</token>
<token t_id="372" sentence="11" number="9">lines</token>
<token t_id="373" sentence="11" number="10">.</token>
<token t_id="374" sentence="12" number="0">``</token>
<token t_id="375" sentence="12" number="1">There</token>
<token t_id="376" sentence="12" number="2">'s</token>
<token t_id="377" sentence="12" number="3">nothing</token>
<token t_id="378" sentence="12" number="4">heroic</token>
<token t_id="379" sentence="12" number="5">about</token>
<token t_id="380" sentence="12" number="6">breaking</token>
<token t_id="381" sentence="12" number="7">faith</token>
<token t_id="382" sentence="12" number="8">with</token>
<token t_id="383" sentence="12" number="9">your</token>
<token t_id="384" sentence="12" number="10">people</token>
<token t_id="385" sentence="12" number="11">,</token>
<token t_id="386" sentence="12" number="12">''</token>
<token t_id="387" sentence="12" number="13">said</token>
<token t_id="388" sentence="12" number="14">commentator</token>
<token t_id="389" sentence="12" number="15">Patrick</token>
<token t_id="390" sentence="12" number="16">J.</token>
<token t_id="391" sentence="12" number="17">Buchanan</token>
<token t_id="392" sentence="12" number="18">,</token>
<token t_id="393" sentence="12" number="19">a</token>
<token t_id="394" sentence="12" number="20">former</token>
<token t_id="395" sentence="12" number="21">Nixon</token>
<token t_id="396" sentence="12" number="22">speechwriter</token>
<token t_id="397" sentence="12" number="23">.</token>
<token t_id="398" sentence="13" number="0">Felt</token>
<token t_id="399" sentence="13" number="1">``</token>
<token t_id="400" sentence="13" number="2">disgraced</token>
<token t_id="401" sentence="13" number="3">himself</token>
<token t_id="402" sentence="13" number="4">and</token>
<token t_id="403" sentence="13" number="5">dishonored</token>
<token t_id="404" sentence="13" number="6">everything</token>
<token t_id="405" sentence="13" number="7">an</token>
<token t_id="406" sentence="13" number="8">FBI</token>
<token t_id="407" sentence="13" number="9">agent</token>
<token t_id="408" sentence="13" number="10">should</token>
<token t_id="409" sentence="13" number="11">stand</token>
<token t_id="410" sentence="13" number="12">for</token>
<token t_id="411" sentence="13" number="13">.</token>
<token t_id="412" sentence="13" number="14">''</token>
<token t_id="413" sentence="14" number="0">But</token>
<token t_id="414" sentence="14" number="1">Richard</token>
<token t_id="415" sentence="14" number="2">Ben-Veniste</token>
<token t_id="416" sentence="14" number="3">,</token>
<token t_id="417" sentence="14" number="4">a</token>
<token t_id="418" sentence="14" number="5">key</token>
<token t_id="419" sentence="14" number="6">lawyer</token>
<token t_id="420" sentence="14" number="7">in</token>
<token t_id="421" sentence="14" number="8">the</token>
<token t_id="422" sentence="14" number="9">Watergate</token>
<token t_id="423" sentence="14" number="10">prosecution</token>
<token t_id="424" sentence="14" number="11">team</token>
<token t_id="425" sentence="14" number="12">,</token>
<token t_id="426" sentence="14" number="13">said</token>
<token t_id="427" sentence="14" number="14">Felt</token>
<token t_id="428" sentence="14" number="15">'s</token>
<token t_id="429" sentence="14" number="16">role</token>
<token t_id="430" sentence="14" number="17">showed</token>
<token t_id="431" sentence="14" number="18">that</token>
<token t_id="432" sentence="14" number="19">``</token>
<token t_id="433" sentence="14" number="20">the</token>
<token t_id="434" sentence="14" number="21">importance</token>
<token t_id="435" sentence="14" number="22">of</token>
<token t_id="436" sentence="14" number="23">whistle-blowers</token>
<token t_id="437" sentence="14" number="24">should</token>
<token t_id="438" sentence="14" number="25">n't</token>
<token t_id="439" sentence="14" number="26">be</token>
<token t_id="440" sentence="14" number="27">underestimated</token>
<token t_id="441" sentence="14" number="28">,</token>
<token t_id="442" sentence="14" number="29">particularly</token>
<token t_id="443" sentence="14" number="30">when</token>
<token t_id="444" sentence="14" number="31">there</token>
<token t_id="445" sentence="14" number="32">are</token>
<token t_id="446" sentence="14" number="33">excesses</token>
<token t_id="447" sentence="14" number="34">by</token>
<token t_id="448" sentence="14" number="35">the</token>
<token t_id="449" sentence="14" number="36">executive</token>
<token t_id="450" sentence="14" number="37">branch</token>
<token t_id="451" sentence="14" number="38">of</token>
<token t_id="452" sentence="14" number="39">government</token>
<token t_id="453" sentence="14" number="40">--</token>
<token t_id="454" sentence="14" number="41">which</token>
<token t_id="455" sentence="14" number="42">in</token>
<token t_id="456" sentence="14" number="43">this</token>
<token t_id="457" sentence="14" number="44">case</token>
<token t_id="458" sentence="14" number="45">went</token>
<token t_id="459" sentence="14" number="46">all</token>
<token t_id="460" sentence="14" number="47">the</token>
<token t_id="461" sentence="14" number="48">way</token>
<token t_id="462" sentence="14" number="49">to</token>
<token t_id="463" sentence="14" number="50">the</token>
<token t_id="464" sentence="14" number="51">executive</token>
<token t_id="465" sentence="14" number="52">office</token>
<token t_id="466" sentence="14" number="53">.</token>
<token t_id="467" sentence="14" number="54">''</token>
<Markables>
<ACTION_CAUSATIVE m_id="28"  >
  <token_anchor t_id="61"/>
</ACTION_CAUSATIVE>
<ACTION_OCCURRENCE m_id="24"  >
  <token_anchor t_id="12"/>
</ACTION_OCCURRENCE>
<ACTION_OCCURRENCE m_id="25"  >
  <token_anchor t_id="17"/>
</ACTION_OCCURRENCE>
<ACTION_OCCURRENCE m_id="26"  >
  <token_anchor t_id="55"/>
</ACTION_OCCURRENCE>
<ACTION_OCCURRENCE m_id="27"  >
  <token_anchor t_id="66"/>
</ACTION_OCCURRENCE>
<ACTION_OCCURRENCE m_id="31"  >
  <token_anchor t_id="43"/>
</ACTION_OCCURRENCE>
<ACTION_OCCURRENCE m_id="18"  >
  <token_anchor t_id="38"/>
</ACTION_OCCURRENCE>
<ACTION_OCCURRENCE m_id="20"  >
  <token_anchor t_id="58"/>
</ACTION_OCCURRENCE>
<HUMAN_PART_GENERIC m_id="32"  >
  <token_anchor t_id="9"/>
  <token_anchor t_id="10"/>
</HUMAN_PART_GENERIC>
<HUMAN_PART_ORG m_id="19"  >
  <token_anchor t_id="32"/>
  <token_anchor t_id="33"/>
  <token_anchor t_id="34"/>
  <token_anchor t_id="35"/>
</HUMAN_PART_ORG>
<HUMAN_PART_PER m_id="23"  >
  <token_anchor t_id="63"/>
  <token_anchor t_id="64"/>
</HUMAN_PART_PER>
<HUMAN_PART_PER m_id="29"  >
  <token_anchor t_id="42"/>
</HUMAN_PART_PER>
<HUMAN_PART_PER m_id="30"  >
  <token_anchor t_id="46"/>
  <token_anchor t_id="47"/>
</HUMAN_PART_PER>
<HUMAN_PART_PER m_id="16"  >
  <token_anchor t_id="24"/>
  <token_anchor t_id="25"/>
  <token_anchor t_id="26"/>
</HUMAN_PART_PER>
<HUMAN_PART_PER m_id="17"  >
  <token_anchor t_id="36"/>
</HUMAN_PART_PER>
<HUMAN_PART_PER m_id="21"  >
  <token_anchor t_id="51"/>
  <token_anchor t_id="52"/>
</HUMAN_PART_PER>
<HUMAN_PART_PER m_id="22"  >
  <token_anchor t_id="54"/>
</HUMAN_PART_PER>
<TIME_OF_THE_DAY m_id="15"  >
  <token_anchor t_id="13"/>
  <token_anchor t_id="14"/>
</TIME_OF_THE_DAY>




<HUMAN_PART_PER m_id="39" RELATED_TO="" TAG_DESCRIPTOR="t28b_reporter_bob_woodward" instance_id="HUM16762569506289095" />
<HUMAN_PART_PER m_id="38" RELATED_TO="" TAG_DESCRIPTOR="t28b_nixon" instance_id="HUM27379778521624645" />
<ACTION_OCCURRENCE m_id="37" RELATED_TO="" TAG_DESCRIPTOR="t28b_mark_felt_served" instance_id="ACT16972954304145501" />
<HUMAN_PART_PER m_id="36" RELATED_TO="" TAG_DESCRIPTOR="t28_deep_throat" instance_id="HUM16762545642473164" />
<HUMAN_PART_PER m_id="35" RELATED_TO="" TAG_DESCRIPTOR="t28b_mark_felt" instance_id="HUM16762554083083396" />
<ACTION_OCCURRENCE m_id="34" RELATED_TO="" TAG_DESCRIPTOR="t28b_bring_down_nixon" instance_id="ACT27379751006237079" />
<ACTION_OCCURRENCE m_id="33" RELATED_TO="" TAG_DESCRIPTOR="t28b_mark_felt_dies" instance_id="ACT16762501657378707" />
<ACTION_OCCURRENCE m_id="41" RELATED_TO="" TAG_DESCRIPTOR="t28_watergate_scandal" instance_id="ACT16762238189665929" />
<ACTION_OCCURRENCE m_id="40" RELATED_TO="" TAG_DESCRIPTOR="t28b_known_as" instance_id="ACT16974938297863649" />
</Markables>

<Relations>
<CROSS_DOC_COREF r_id="37227" note="ACT16762501657378707" >
  <source m_id="25" />
  <target m_id="33" />
</CROSS_DOC_COREF>
<CROSS_DOC_COREF r_id="37228" note="ACT27379751006237079" >
  <source m_id="27" />
  <target m_id="34" />
</CROSS_DOC_COREF>
<CROSS_DOC_COREF r_id="37229" note="HUM16762554083083396" >
  <source m_id="17" />
  <source m_id="16" />
  <target m_id="35" />
</CROSS_DOC_COREF>
<CROSS_DOC_COREF r_id="37230" note="HUM16762545642473164" >
  <source m_id="30" />
  <source m_id="29" />
  <target m_id="36" />
</CROSS_DOC_COREF>
<CROSS_DOC_COREF r_id="37231" note="ACT16972954304145501" >
  <source m_id="18" />
  <target m_id="37" />
</CROSS_DOC_COREF>
<CROSS_DOC_COREF r_id="37232" note="HUM27379778521624645" >
  <source m_id="23" />
  <target m_id="38" />
</CROSS_DOC_COREF>
<CROSS_DOC_COREF r_id="37233" note="HUM16762569506289095" >
  <source m_id="21" />
  <source m_id="22" />
  <target m_id="39" />
</CROSS_DOC_COREF>
<CROSS_DOC_COREF r_id="37234" note="ACT16974938297863649" >
  <source m_id="31" />
  <target m_id="40" />
</CROSS_DOC_COREF>
<CROSS_DOC_COREF r_id="37235" note="ACT16762238189665929" >
  <source m_id="20" />
  <target m_id="41" />
</CROSS_DOC_COREF>

</Relations>
</Document>
