<Document doc_name="28_3ecbplus.xml" doc_id="DOC15651712754958001">
<token t_id="1" sentence="0" number="0">http</token>
<token t_id="2" sentence="0" number="1">:</token>
<token t_id="3" sentence="0" number="2">/</token>
<token t_id="4" sentence="0" number="3">/</token>
<token t_id="5" sentence="0" number="4">www</token>
<token t_id="6" sentence="0" number="5">.</token>
<token t_id="7" sentence="0" number="6">nytimes</token>
<token t_id="8" sentence="0" number="7">.</token>
<token t_id="9" sentence="0" number="8">com</token>
<token t_id="10" sentence="0" number="9">/</token>
<token t_id="11" sentence="0" number="10">2004</token>
<token t_id="12" sentence="0" number="11">/</token>
<token t_id="13" sentence="0" number="12">07</token>
<token t_id="14" sentence="0" number="13">/</token>
<token t_id="15" sentence="0" number="14">29</token>
<token t_id="16" sentence="0" number="15">/</token>
<token t_id="17" sentence="0" number="16">politics</token>
<token t_id="18" sentence="0" number="17">/</token>
<token t_id="19" sentence="0" number="18">29larueobit</token>
<token t_id="20" sentence="0" number="19">.</token>
<token t_id="21" sentence="0" number="20">html</token>
<token t_id="22" sentence="1" number="0">Fred</token>
<token t_id="23" sentence="1" number="1">LaRue</token>
<token t_id="24" sentence="1" number="2">,</token>
<token t_id="25" sentence="1" number="3">Watergate</token>
<token t_id="26" sentence="1" number="4">Figure</token>
<token t_id="27" sentence="1" number="5">,</token>
<token t_id="28" sentence="1" number="6">Dies</token>
<token t_id="29" sentence="1" number="7">at</token>
<token t_id="30" sentence="1" number="8">75</token>
<token t_id="31" sentence="2" number="0">Published</token>
<token t_id="32" sentence="2" number="1">:</token>
<token t_id="33" sentence="2" number="2">July</token>
<token t_id="34" sentence="2" number="3">29</token>
<token t_id="35" sentence="2" number="4">,</token>
<token t_id="36" sentence="2" number="5">2004</token>
<token t_id="37" sentence="3" number="0">Frederick</token>
<token t_id="38" sentence="3" number="1">C</token>
<token t_id="39" sentence="3" number="2">.</token>
<token t_id="40" sentence="3" number="3">LaRue</token>
<token t_id="41" sentence="3" number="4">,</token>
<token t_id="42" sentence="3" number="5">a</token>
<token t_id="43" sentence="3" number="6">top</token>
<token t_id="44" sentence="3" number="7">Nixon</token>
<token t_id="45" sentence="3" number="8">campaign</token>
<token t_id="46" sentence="3" number="9">official</token>
<token t_id="47" sentence="3" number="10">who</token>
<token t_id="48" sentence="3" number="11">passed</token>
<token t_id="49" sentence="3" number="12">money</token>
<token t_id="50" sentence="3" number="13">from</token>
<token t_id="51" sentence="3" number="14">a</token>
<token t_id="52" sentence="3" number="15">secret</token>
<token t_id="53" sentence="3" number="16">White</token>
<token t_id="54" sentence="3" number="17">House</token>
<token t_id="55" sentence="3" number="18">fund</token>
<token t_id="56" sentence="3" number="19">to</token>
<token t_id="57" sentence="3" number="20">buy</token>
<token t_id="58" sentence="3" number="21">the</token>
<token t_id="59" sentence="3" number="22">silence</token>
<token t_id="60" sentence="3" number="23">of</token>
<token t_id="61" sentence="3" number="24">the</token>
<token t_id="62" sentence="3" number="25">Watergate</token>
<token t_id="63" sentence="3" number="26">burglars</token>
<token t_id="64" sentence="3" number="27">,</token>
<token t_id="65" sentence="3" number="28">died</token>
<token t_id="66" sentence="3" number="29">Saturday</token>
<token t_id="67" sentence="3" number="30">at</token>
<token t_id="68" sentence="3" number="31">a</token>
<token t_id="69" sentence="3" number="32">hotel</token>
<token t_id="70" sentence="3" number="33">in</token>
<token t_id="71" sentence="3" number="34">Biloxi</token>
<token t_id="72" sentence="3" number="35">,</token>
<token t_id="73" sentence="3" number="36">Miss</token>
<token t_id="74" sentence="3" number="37">.</token>
<token t_id="75" sentence="4" number="0">He</token>
<token t_id="76" sentence="4" number="1">was</token>
<token t_id="77" sentence="4" number="2">75</token>
<token t_id="78" sentence="4" number="3">.</token>
<token t_id="79" sentence="5" number="0">His</token>
<token t_id="80" sentence="5" number="1">heart</token>
<token t_id="81" sentence="5" number="2">failed</token>
<token t_id="82" sentence="5" number="3">while</token>
<token t_id="83" sentence="5" number="4">he</token>
<token t_id="84" sentence="5" number="5">was</token>
<token t_id="85" sentence="5" number="6">reading</token>
<token t_id="86" sentence="5" number="7">a</token>
<token t_id="87" sentence="5" number="8">book</token>
<token t_id="88" sentence="5" number="9">,</token>
<token t_id="89" sentence="5" number="10">his</token>
<token t_id="90" sentence="5" number="11">son</token>
<token t_id="91" sentence="5" number="12">,</token>
<token t_id="92" sentence="5" number="13">Ike</token>
<token t_id="93" sentence="5" number="14">LaRue</token>
<token t_id="94" sentence="5" number="15">III</token>
<token t_id="95" sentence="5" number="16">,</token>
<token t_id="96" sentence="5" number="17">said</token>
<token t_id="97" sentence="5" number="18">.</token>
<token t_id="98" sentence="6" number="0">He</token>
<token t_id="99" sentence="6" number="1">lived</token>
<token t_id="100" sentence="6" number="2">in</token>
<token t_id="101" sentence="6" number="3">Biloxi</token>
<token t_id="102" sentence="6" number="4">and</token>
<token t_id="103" sentence="6" number="5">Jackson</token>
<token t_id="104" sentence="6" number="6">,</token>
<token t_id="105" sentence="6" number="7">Miss</token>
<token t_id="106" sentence="6" number="8">.</token>
<token t_id="107" sentence="7" number="0">Fred</token>
<token t_id="108" sentence="7" number="1">LaRue's</token>
<token t_id="109" sentence="7" number="2">career</token>
<token t_id="110" sentence="7" number="3">was</token>
<token t_id="111" sentence="7" number="4">intertwined</token>
<token t_id="112" sentence="7" number="5">with</token>
<token t_id="113" sentence="7" number="6">that</token>
<token t_id="114" sentence="7" number="7">of</token>
<token t_id="115" sentence="7" number="8">Richard</token>
<token t_id="116" sentence="7" number="9">M</token>
<token t_id="117" sentence="7" number="10">.</token>
<token t_id="118" sentence="7" number="11">Nixon</token>
<token t_id="119" sentence="7" number="12">from</token>
<token t_id="120" sentence="7" number="13">the</token>
<token t_id="121" sentence="7" number="14">time</token>
<token t_id="122" sentence="7" number="15">he</token>
<token t_id="123" sentence="7" number="16">transferred</token>
<token t_id="124" sentence="7" number="17">his</token>
<token t_id="125" sentence="7" number="18">considerable</token>
<token t_id="126" sentence="7" number="19">financial</token>
<token t_id="127" sentence="7" number="20">support</token>
<token t_id="128" sentence="7" number="21">to</token>
<token t_id="129" sentence="7" number="22">Nixon</token>
<token t_id="130" sentence="7" number="23">from</token>
<token t_id="131" sentence="7" number="24">the</token>
<token t_id="132" sentence="7" number="25">defeated</token>
<token t_id="133" sentence="7" number="26">presidential</token>
<token t_id="134" sentence="7" number="27">candidate</token>
<token t_id="135" sentence="7" number="28">Barry</token>
<token t_id="136" sentence="7" number="29">Goldwater</token>
<token t_id="137" sentence="7" number="30">in</token>
<token t_id="138" sentence="7" number="31">1964</token>
<token t_id="139" sentence="7" number="32">.</token>
<token t_id="140" sentence="8" number="0">He</token>
<token t_id="141" sentence="8" number="1">was</token>
<token t_id="142" sentence="8" number="2">an</token>
<token t_id="143" sentence="8" number="3">architect</token>
<token t_id="144" sentence="8" number="4">of</token>
<token t_id="145" sentence="8" number="5">Nixon's</token>
<token t_id="146" sentence="8" number="6">successful</token>
<token t_id="147" sentence="8" number="7">strategy</token>
<token t_id="148" sentence="8" number="8">for</token>
<token t_id="149" sentence="8" number="9">capturing</token>
<token t_id="150" sentence="8" number="10">Southern</token>
<token t_id="151" sentence="8" number="11">votes</token>
<token t_id="152" sentence="8" number="12">and</token>
<token t_id="153" sentence="8" number="13">then</token>
<token t_id="154" sentence="8" number="14">a</token>
<token t_id="155" sentence="8" number="15">significant</token>
<token t_id="156" sentence="8" number="16">participant</token>
<token t_id="157" sentence="8" number="17">in</token>
<token t_id="158" sentence="8" number="18">the</token>
<token t_id="159" sentence="8" number="19">Watergate</token>
<token t_id="160" sentence="8" number="20">scandal</token>
<token t_id="161" sentence="8" number="21">.</token>
<token t_id="162" sentence="9" number="0">Mr</token>
<token t_id="163" sentence="9" number="1">.</token>
<token t_id="164" sentence="9" number="2">LaRue</token>
<token t_id="165" sentence="9" number="3">pleaded</token>
<token t_id="166" sentence="9" number="4">guilty</token>
<token t_id="167" sentence="9" number="5">to</token>
<token t_id="168" sentence="9" number="6">obstruction</token>
<token t_id="169" sentence="9" number="7">of</token>
<token t_id="170" sentence="9" number="8">justice</token>
<token t_id="171" sentence="9" number="9">in</token>
<token t_id="172" sentence="9" number="10">July</token>
<token t_id="173" sentence="9" number="11">1973</token>
<token t_id="174" sentence="9" number="12">.</token>
<token t_id="175" sentence="10" number="0">He</token>
<token t_id="176" sentence="10" number="1">served</token>
<token t_id="177" sentence="10" number="2">a</token>
<token t_id="178" sentence="10" number="3">reduced</token>
<token t_id="179" sentence="10" number="4">sentence</token>
<token t_id="180" sentence="10" number="5">of</token>
<token t_id="181" sentence="10" number="6">four</token>
<token t_id="182" sentence="10" number="7">and</token>
<token t_id="183" sentence="10" number="8">a</token>
<token t_id="184" sentence="10" number="9">half</token>
<token t_id="185" sentence="10" number="10">months</token>
<token t_id="186" sentence="10" number="11">in</token>
<token t_id="187" sentence="10" number="12">federal</token>
<token t_id="188" sentence="10" number="13">prison</token>
<token t_id="189" sentence="10" number="14">in</token>
<token t_id="190" sentence="10" number="15">return</token>
<token t_id="191" sentence="10" number="16">for</token>
<token t_id="192" sentence="10" number="17">cooperating</token>
<token t_id="193" sentence="10" number="18">with</token>
<token t_id="194" sentence="10" number="19">prosecutors</token>
<token t_id="195" sentence="10" number="20">investigating</token>
<token t_id="196" sentence="10" number="21">the</token>
<token t_id="197" sentence="10" number="22">break</token>
<token t_id="198" sentence="10" number="23">-</token>
<token t_id="199" sentence="10" number="24">in</token>
<token t_id="200" sentence="10" number="25">at</token>
<token t_id="201" sentence="10" number="26">the</token>
<token t_id="202" sentence="10" number="27">Watergate</token>
<token t_id="203" sentence="10" number="28">complex</token>
<token t_id="204" sentence="10" number="29">,</token>
<token t_id="205" sentence="10" number="30">which</token>
<token t_id="206" sentence="10" number="31">housed</token>
<token t_id="207" sentence="10" number="32">the</token>
<token t_id="208" sentence="10" number="33">headquarters</token>
<token t_id="209" sentence="10" number="34">of</token>
<token t_id="210" sentence="10" number="35">the</token>
<token t_id="211" sentence="10" number="36">Democratic</token>
<token t_id="212" sentence="10" number="37">National</token>
<token t_id="213" sentence="10" number="38">Committee</token>
<token t_id="214" sentence="10" number="39">,</token>
<token t_id="215" sentence="10" number="40">on</token>
<token t_id="216" sentence="10" number="41">June</token>
<token t_id="217" sentence="10" number="42">17</token>
<token t_id="218" sentence="10" number="43">,</token>
<token t_id="219" sentence="10" number="44">1972</token>
<token t_id="220" sentence="10" number="45">.</token>
<token t_id="221" sentence="11" number="0">He</token>
<token t_id="222" sentence="11" number="1">was</token>
<token t_id="223" sentence="11" number="2">at</token>
<token t_id="224" sentence="11" number="3">the</token>
<token t_id="225" sentence="11" number="4">meeting</token>
<token t_id="226" sentence="11" number="5">in</token>
<token t_id="227" sentence="11" number="6">Key</token>
<token t_id="228" sentence="11" number="7">Biscayne</token>
<token t_id="229" sentence="11" number="8">,</token>
<token t_id="230" sentence="11" number="9">Fla</token>
<token t_id="231" sentence="11" number="10">.</token>
<token t_id="232" sentence="11" number="11">,</token>
<token t_id="233" sentence="11" number="12">on</token>
<token t_id="234" sentence="11" number="13">March</token>
<token t_id="235" sentence="11" number="14">30</token>
<token t_id="236" sentence="11" number="15">,</token>
<token t_id="237" sentence="11" number="16">1972</token>
<token t_id="238" sentence="11" number="17">,</token>
<token t_id="239" sentence="11" number="18">where</token>
<token t_id="240" sentence="11" number="19">John</token>
<token t_id="241" sentence="11" number="20">N</token>
<token t_id="242" sentence="11" number="21">.</token>
<token t_id="243" sentence="11" number="22">Mitchell</token>
<token t_id="244" sentence="11" number="23">,</token>
<token t_id="245" sentence="11" number="24">the</token>
<token t_id="246" sentence="11" number="25">former</token>
<token t_id="247" sentence="11" number="26">attorney</token>
<token t_id="248" sentence="11" number="27">general</token>
<token t_id="249" sentence="11" number="28">who</token>
<token t_id="250" sentence="11" number="29">became</token>
<token t_id="251" sentence="11" number="30">head</token>
<token t_id="252" sentence="11" number="31">of</token>
<token t_id="253" sentence="11" number="32">Nixon's</token>
<token t_id="254" sentence="11" number="33">re</token>
<token t_id="255" sentence="11" number="34">-</token>
<token t_id="256" sentence="11" number="35">election</token>
<token t_id="257" sentence="11" number="36">campaign</token>
<token t_id="258" sentence="11" number="37">committee</token>
<token t_id="259" sentence="11" number="38">,</token>
<token t_id="260" sentence="11" number="39">and</token>
<token t_id="261" sentence="11" number="40">Jeb</token>
<token t_id="262" sentence="11" number="41">Stuart</token>
<token t_id="263" sentence="11" number="42">Magruder</token>
<token t_id="264" sentence="11" number="43">,</token>
<token t_id="265" sentence="11" number="44">Mr</token>
<token t_id="266" sentence="11" number="45">.</token>
<token t_id="267" sentence="11" number="46">Mitchell's</token>
<token t_id="268" sentence="11" number="47">deputy</token>
<token t_id="269" sentence="11" number="48">,</token>
<token t_id="270" sentence="11" number="49">approved</token>
<token t_id="271" sentence="11" number="50">a</token>
<token t_id="272" sentence="11" number="51">"dirty</token>
<token t_id="273" sentence="11" number="52">tricks"</token>
<token t_id="274" sentence="11" number="53">campaign</token>
<token t_id="275" sentence="11" number="54">,</token>
<token t_id="276" sentence="11" number="55">including</token>
<token t_id="277" sentence="11" number="56">the</token>
<token t_id="278" sentence="11" number="57">Watergate</token>
<token t_id="279" sentence="11" number="58">break</token>
<token t_id="280" sentence="11" number="59">-</token>
<token t_id="281" sentence="11" number="60">in</token>
<token t_id="282" sentence="11" number="61">.</token>
<token t_id="283" sentence="12" number="0">Mr</token>
<token t_id="284" sentence="12" number="1">.</token>
<token t_id="285" sentence="12" number="2">LaRue</token>
<token t_id="286" sentence="12" number="3">was</token>
<token t_id="287" sentence="12" number="4">also</token>
<token t_id="288" sentence="12" number="5">at</token>
<token t_id="289" sentence="12" number="6">the</token>
<token t_id="290" sentence="12" number="7">meeting</token>
<token t_id="291" sentence="12" number="8">after</token>
<token t_id="292" sentence="12" number="9">the</token>
<token t_id="293" sentence="12" number="10">break</token>
<token t_id="294" sentence="12" number="11">-</token>
<token t_id="295" sentence="12" number="12">in</token>
<token t_id="296" sentence="12" number="13">at</token>
<token t_id="297" sentence="12" number="14">which</token>
<token t_id="298" sentence="12" number="15">some</token>
<token t_id="299" sentence="12" number="16">of</token>
<token t_id="300" sentence="12" number="17">the</token>
<token t_id="301" sentence="12" number="18">same</token>
<token t_id="302" sentence="12" number="19">officials</token>
<token t_id="303" sentence="12" number="20">scurried</token>
<token t_id="304" sentence="12" number="21">to</token>
<token t_id="305" sentence="12" number="22">come</token>
<token t_id="306" sentence="12" number="23">up</token>
<token t_id="307" sentence="12" number="24">with</token>
<token t_id="308" sentence="12" number="25">money</token>
<token t_id="309" sentence="12" number="26">for</token>
<token t_id="310" sentence="12" number="27">the</token>
<token t_id="311" sentence="12" number="28">burglars</token>
<token t_id="312" sentence="12" number="29">.</token>
<token t_id="313" sentence="13" number="0">Mr</token>
<token t_id="314" sentence="13" number="1">.</token>
<token t_id="315" sentence="13" number="2">LaRue</token>
<token t_id="316" sentence="13" number="3">personally</token>
<token t_id="317" sentence="13" number="4">delivered</token>
<token t_id="318" sentence="13" number="5">payments</token>
<token t_id="319" sentence="13" number="6">.</token>
<token t_id="320" sentence="14" number="0">Nixon</token>
<token t_id="321" sentence="14" number="1">acknowledged</token>
<token t_id="322" sentence="14" number="2">his</token>
<token t_id="323" sentence="14" number="3">own</token>
<token t_id="324" sentence="14" number="4">involvement</token>
<token t_id="325" sentence="14" number="5">in</token>
<token t_id="326" sentence="14" number="6">the</token>
<token t_id="327" sentence="14" number="7">cover</token>
<token t_id="328" sentence="14" number="8">-</token>
<token t_id="329" sentence="14" number="9">up</token>
<token t_id="330" sentence="14" number="10">,</token>
<token t_id="331" sentence="14" number="11">but</token>
<token t_id="332" sentence="14" number="12">always</token>
<token t_id="333" sentence="14" number="13">denied</token>
<token t_id="334" sentence="14" number="14">advance</token>
<token t_id="335" sentence="14" number="15">knowledge</token>
<token t_id="336" sentence="14" number="16">of</token>
<token t_id="337" sentence="14" number="17">the</token>
<token t_id="338" sentence="14" number="18">break</token>
<token t_id="339" sentence="14" number="19">-</token>
<token t_id="340" sentence="14" number="20">in</token>
<token t_id="341" sentence="14" number="21">.</token>
<token t_id="342" sentence="15" number="0">In</token>
<token t_id="343" sentence="15" number="1">a</token>
<token t_id="344" sentence="15" number="2">heated</token>
<token t_id="345" sentence="15" number="3">exchange</token>
<token t_id="346" sentence="15" number="4">with</token>
<token t_id="347" sentence="15" number="5">Mr</token>
<token t_id="348" sentence="15" number="6">.</token>
<token t_id="349" sentence="15" number="7">Magruder</token>
<token t_id="350" sentence="15" number="8">in</token>
<token t_id="351" sentence="15" number="9">2003</token>
<token t_id="352" sentence="15" number="10">,</token>
<token t_id="353" sentence="15" number="11">Mr</token>
<token t_id="354" sentence="15" number="12">.</token>
<token t_id="355" sentence="15" number="13">LaRue</token>
<token t_id="356" sentence="15" number="14">supported</token>
<token t_id="357" sentence="15" number="15">Nixon's</token>
<token t_id="358" sentence="15" number="16">claim</token>
<token t_id="359" sentence="15" number="17">of</token>
<token t_id="360" sentence="15" number="18">ignorance</token>
<token t_id="361" sentence="15" number="19">of</token>
<token t_id="362" sentence="15" number="20">the</token>
<token t_id="363" sentence="15" number="21">initial</token>
<token t_id="364" sentence="15" number="22">burglary</token>
<token t_id="365" sentence="15" number="23">.</token>
<token t_id="366" sentence="16" number="0">Mr</token>
<token t_id="367" sentence="16" number="1">.</token>
<token t_id="368" sentence="16" number="2">LaRue's</token>
<token t_id="369" sentence="16" number="3">main</token>
<token t_id="370" sentence="16" number="4">argument</token>
<token t_id="371" sentence="16" number="5">was</token>
<token t_id="372" sentence="16" number="6">that</token>
<token t_id="373" sentence="16" number="7">he</token>
<token t_id="374" sentence="16" number="8">had</token>
<token t_id="375" sentence="16" number="9">been</token>
<token t_id="376" sentence="16" number="10">in</token>
<token t_id="377" sentence="16" number="11">charge</token>
<token t_id="378" sentence="16" number="12">of</token>
<token t_id="379" sentence="16" number="13">the</token>
<token t_id="380" sentence="16" number="14">phone</token>
<token t_id="381" sentence="16" number="15">at</token>
<token t_id="382" sentence="16" number="16">a</token>
<token t_id="383" sentence="16" number="17">Florida</token>
<token t_id="384" sentence="16" number="18">meeting</token>
<token t_id="385" sentence="16" number="19">of</token>
<token t_id="386" sentence="16" number="20">the</token>
<token t_id="387" sentence="16" number="21">top</token>
<token t_id="388" sentence="16" number="22">campaign</token>
<token t_id="389" sentence="16" number="23">staff</token>
<token t_id="390" sentence="16" number="24">where</token>
<token t_id="391" sentence="16" number="25">the</token>
<token t_id="392" sentence="16" number="26">break</token>
<token t_id="393" sentence="16" number="27">-</token>
<token t_id="394" sentence="16" number="28">in</token>
<token t_id="395" sentence="16" number="29">was</token>
<token t_id="396" sentence="16" number="30">planned</token>
<token t_id="397" sentence="16" number="31">and</token>
<token t_id="398" sentence="16" number="32">was</token>
<token t_id="399" sentence="16" number="33">monitoring</token>
<token t_id="400" sentence="16" number="34">all</token>
<token t_id="401" sentence="16" number="35">calls</token>
<token t_id="402" sentence="16" number="36">.</token>
<token t_id="403" sentence="17" number="0">Nixon</token>
<token t_id="404" sentence="17" number="1">never</token>
<token t_id="405" sentence="17" number="2">called</token>
<token t_id="406" sentence="17" number="3">,</token>
<token t_id="407" sentence="17" number="4">he</token>
<token t_id="408" sentence="17" number="5">said</token>
<token t_id="409" sentence="17" number="6">in</token>
<token t_id="410" sentence="17" number="7">an</token>
<token t_id="411" sentence="17" number="8">interview</token>
<token t_id="412" sentence="17" number="9">with</token>
<token t_id="413" sentence="17" number="10">The</token>
<token t_id="414" sentence="17" number="11">Sun</token>
<token t_id="415" sentence="17" number="12">Herald</token>
<token t_id="416" sentence="17" number="13">,</token>
<token t_id="417" sentence="17" number="14">a</token>
<token t_id="418" sentence="17" number="15">Biloxi</token>
<token t_id="419" sentence="17" number="16">newspaper</token>
<token t_id="420" sentence="17" number="17">.</token>
<token t_id="421" sentence="18" number="0">Also</token>
<token t_id="422" sentence="18" number="1">,</token>
<token t_id="423" sentence="18" number="2">he</token>
<token t_id="424" sentence="18" number="3">said</token>
<token t_id="425" sentence="18" number="4">his</token>
<token t_id="426" sentence="18" number="5">personal</token>
<token t_id="427" sentence="18" number="6">relationship</token>
<token t_id="428" sentence="18" number="7">with</token>
<token t_id="429" sentence="18" number="8">Mitchell</token>
<token t_id="430" sentence="18" number="9">was</token>
<token t_id="431" sentence="18" number="10">so</token>
<token t_id="432" sentence="18" number="11">close</token>
<token t_id="433" sentence="18" number="12">that</token>
<token t_id="434" sentence="18" number="13">Mitchell</token>
<token t_id="435" sentence="18" number="14">would</token>
<token t_id="436" sentence="18" number="15">certainly</token>
<token t_id="437" sentence="18" number="16">have</token>
<token t_id="438" sentence="18" number="17">told</token>
<token t_id="439" sentence="18" number="18">him</token>
<token t_id="440" sentence="18" number="19">.</token>
<token t_id="441" sentence="19" number="0">Mr</token>
<token t_id="442" sentence="19" number="1">.</token>
<token t_id="443" sentence="19" number="2">LaRue</token>
<token t_id="444" sentence="19" number="3">denied</token>
<token t_id="445" sentence="19" number="4">suggestions</token>
<token t_id="446" sentence="19" number="5">that</token>
<token t_id="447" sentence="19" number="6">he</token>
<token t_id="448" sentence="19" number="7">was</token>
<token t_id="449" sentence="19" number="8">"Deep</token>
<token t_id="450" sentence="19" number="9">Throat</token>
<token t_id="451" sentence="19" number="10">,</token>
<token t_id="452" sentence="19" number="11">"</token>
<token t_id="453" sentence="19" number="12">the</token>
<token t_id="454" sentence="19" number="13">secret</token>
<token t_id="455" sentence="19" number="14">Watergate</token>
<token t_id="456" sentence="19" number="15">source</token>
<token t_id="457" sentence="19" number="16">used</token>
<token t_id="458" sentence="19" number="17">by</token>
<token t_id="459" sentence="19" number="18">Bob</token>
<token t_id="460" sentence="19" number="19">Woodward</token>
<token t_id="461" sentence="19" number="20">in</token>
<token t_id="462" sentence="19" number="21">his</token>
<token t_id="463" sentence="19" number="22">joint</token>
<token t_id="464" sentence="19" number="23">coverage</token>
<token t_id="465" sentence="19" number="24">of</token>
<token t_id="466" sentence="19" number="25">the</token>
<token t_id="467" sentence="19" number="26">scandal</token>
<token t_id="468" sentence="19" number="27">with</token>
<token t_id="469" sentence="19" number="28">Carl</token>
<token t_id="470" sentence="19" number="29">Bernstein</token>
<token t_id="471" sentence="19" number="30">for</token>
<token t_id="472" sentence="19" number="31">The</token>
<token t_id="473" sentence="19" number="32">Washington</token>
<token t_id="474" sentence="19" number="33">Post</token>
<token t_id="475" sentence="19" number="34">.</token>
<token t_id="476" sentence="20" number="0">Mr</token>
<token t_id="477" sentence="20" number="1">.</token>
<token t_id="478" sentence="20" number="2">LaRue</token>
<token t_id="479" sentence="20" number="3">said</token>
<token t_id="480" sentence="20" number="4">he</token>
<token t_id="481" sentence="20" number="5">believed</token>
<token t_id="482" sentence="20" number="6">the</token>
<token t_id="483" sentence="20" number="7">secret</token>
<token t_id="484" sentence="20" number="8">informer</token>
<token t_id="485" sentence="20" number="9">was</token>
<token t_id="486" sentence="20" number="10">an</token>
<token t_id="487" sentence="20" number="11">amalgam</token>
<token t_id="488" sentence="20" number="12">of</token>
<token t_id="489" sentence="20" number="13">several</token>
<token t_id="490" sentence="20" number="14">people</token>
<token t_id="491" sentence="20" number="15">,</token>
<token t_id="492" sentence="20" number="16">but</token>
<token t_id="493" sentence="20" number="17">Mr</token>
<token t_id="494" sentence="20" number="18">.</token>
<token t_id="495" sentence="20" number="19">Woodward</token>
<token t_id="496" sentence="20" number="20">has</token>
<token t_id="497" sentence="20" number="21">said</token>
<token t_id="498" sentence="20" number="22">that</token>
<token t_id="499" sentence="20" number="23">it</token>
<token t_id="500" sentence="20" number="24">is</token>
<token t_id="501" sentence="20" number="25">one</token>
<token t_id="502" sentence="20" number="26">person</token>
<token t_id="503" sentence="20" number="27">and</token>
<token t_id="504" sentence="20" number="28">that</token>
<token t_id="505" sentence="20" number="29">he</token>
<token t_id="506" sentence="20" number="30">will</token>
<token t_id="507" sentence="20" number="31">reveal</token>
<token t_id="508" sentence="20" number="32">that</token>
<token t_id="509" sentence="20" number="33">person's</token>
<token t_id="510" sentence="20" number="34">identity</token>
<token t_id="511" sentence="20" number="35">after</token>
<token t_id="512" sentence="20" number="36">his</token>
<token t_id="513" sentence="20" number="37">death</token>
<token t_id="514" sentence="20" number="38">.</token>
<token t_id="515" sentence="21" number="0">Mr</token>
<token t_id="516" sentence="21" number="1">.</token>
<token t_id="517" sentence="21" number="2">LaRue</token>
<token t_id="518" sentence="21" number="3">,</token>
<token t_id="519" sentence="21" number="4">whose</token>
<token t_id="520" sentence="21" number="5">family</token>
<token t_id="521" sentence="21" number="6">amassed</token>
<token t_id="522" sentence="21" number="7">a</token>
<token t_id="523" sentence="21" number="8">fortune</token>
<token t_id="524" sentence="21" number="9">in</token>
<token t_id="525" sentence="21" number="10">the</token>
<token t_id="526" sentence="21" number="11">oil</token>
<token t_id="527" sentence="21" number="12">business</token>
<token t_id="528" sentence="21" number="13">,</token>
<token t_id="529" sentence="21" number="14">played</token>
<token t_id="530" sentence="21" number="15">an</token>
<token t_id="531" sentence="21" number="16">important</token>
<token t_id="532" sentence="21" number="17">role</token>
<token t_id="533" sentence="21" number="18">with</token>
<token t_id="534" sentence="21" number="19">Nixon</token>
<token t_id="535" sentence="21" number="20">many</token>
<token t_id="536" sentence="21" number="21">years</token>
<token t_id="537" sentence="21" number="22">before</token>
<token t_id="538" sentence="21" number="23">Watergate</token>
<token t_id="539" sentence="21" number="24">.</token>
<token t_id="540" sentence="22" number="0">After</token>
<token t_id="541" sentence="22" number="1">contributing</token>
<token t_id="542" sentence="22" number="2">heavily</token>
<token t_id="543" sentence="22" number="3">to</token>
<token t_id="544" sentence="22" number="4">Goldwater's</token>
<token t_id="545" sentence="22" number="5">losing</token>
<token t_id="546" sentence="22" number="6">presidential</token>
<token t_id="547" sentence="22" number="7">campaign</token>
<token t_id="548" sentence="22" number="8">in</token>
<token t_id="549" sentence="22" number="9">1964</token>
<token t_id="550" sentence="22" number="10">,</token>
<token t_id="551" sentence="22" number="11">he</token>
<token t_id="552" sentence="22" number="12">became</token>
<token t_id="553" sentence="22" number="13">a</token>
<token t_id="554" sentence="22" number="14">leading</token>
<token t_id="555" sentence="22" number="15">supporter</token>
<token t_id="556" sentence="22" number="16">of</token>
<token t_id="557" sentence="22" number="17">Nixon</token>
<token t_id="558" sentence="22" number="18">.</token>
<token t_id="559" sentence="23" number="0">In</token>
<token t_id="560" sentence="23" number="1">particular</token>
<token t_id="561" sentence="23" number="2">,</token>
<token t_id="562" sentence="23" number="3">he</token>
<token t_id="563" sentence="23" number="4">helped</token>
<token t_id="564" sentence="23" number="5">develop</token>
<token t_id="565" sentence="23" number="6">a</token>
<token t_id="566" sentence="23" number="7">"Southern</token>
<token t_id="567" sentence="23" number="8">strategy"</token>
<token t_id="568" sentence="23" number="9">for</token>
<token t_id="569" sentence="23" number="10">the</token>
<token t_id="570" sentence="23" number="11">Republicans</token>
<token t_id="571" sentence="23" number="12">to</token>
<token t_id="572" sentence="23" number="13">recapture</token>
<token t_id="573" sentence="23" number="14">Southern</token>
<token t_id="574" sentence="23" number="15">states</token>
<token t_id="575" sentence="23" number="16">from</token>
<token t_id="576" sentence="23" number="17">the</token>
<token t_id="577" sentence="23" number="18">Democrats</token>
<token t_id="578" sentence="23" number="19">.</token>
<token t_id="579" sentence="24" number="0">After</token>
<token t_id="580" sentence="24" number="1">Nixon's</token>
<token t_id="581" sentence="24" number="2">election</token>
<token t_id="582" sentence="24" number="3">in</token>
<token t_id="583" sentence="24" number="4">1968</token>
<token t_id="584" sentence="24" number="5">,</token>
<token t_id="585" sentence="24" number="6">Mr</token>
<token t_id="586" sentence="24" number="7">.</token>
<token t_id="587" sentence="24" number="8">LaRue</token>
<token t_id="588" sentence="24" number="9">worked</token>
<token t_id="589" sentence="24" number="10">in</token>
<token t_id="590" sentence="24" number="11">the</token>
<token t_id="591" sentence="24" number="12">White</token>
<token t_id="592" sentence="24" number="13">House</token>
<token t_id="593" sentence="24" number="14">without</token>
<token t_id="594" sentence="24" number="15">title</token>
<token t_id="595" sentence="24" number="16">or</token>
<token t_id="596" sentence="24" number="17">salary</token>
<token t_id="597" sentence="24" number="18">.</token>
<token t_id="598" sentence="25" number="0">Partly</token>
<token t_id="599" sentence="25" number="1">through</token>
<token t_id="600" sentence="25" number="2">his</token>
<token t_id="601" sentence="25" number="3">friendship</token>
<token t_id="602" sentence="25" number="4">with</token>
<token t_id="603" sentence="25" number="5">Senator</token>
<token t_id="604" sentence="25" number="6">James</token>
<token t_id="605" sentence="25" number="7">O</token>
<token t_id="606" sentence="25" number="8">.</token>
<token t_id="607" sentence="25" number="9">Eastland</token>
<token t_id="608" sentence="25" number="10">,</token>
<token t_id="609" sentence="25" number="11">the</token>
<token t_id="610" sentence="25" number="12">Mississippi</token>
<token t_id="611" sentence="25" number="13">Democrat</token>
<token t_id="612" sentence="25" number="14">who</token>
<token t_id="613" sentence="25" number="15">was</token>
<token t_id="614" sentence="25" number="16">chairman</token>
<token t_id="615" sentence="25" number="17">of</token>
<token t_id="616" sentence="25" number="18">the</token>
<token t_id="617" sentence="25" number="19">Judiciary</token>
<token t_id="618" sentence="25" number="20">Committee</token>
<token t_id="619" sentence="25" number="21">,</token>
<token t_id="620" sentence="25" number="22">Mr</token>
<token t_id="621" sentence="25" number="23">.</token>
<token t_id="622" sentence="25" number="24">LaRue</token>
<token t_id="623" sentence="25" number="25">helped</token>
<token t_id="624" sentence="25" number="26">to</token>
<token t_id="625" sentence="25" number="27">win</token>
<token t_id="626" sentence="25" number="28">confirmation</token>
<token t_id="627" sentence="25" number="29">for</token>
<token t_id="628" sentence="25" number="30">Nixon's</token>
<token t_id="629" sentence="25" number="31">nominees</token>
<token t_id="630" sentence="25" number="32">to</token>
<token t_id="631" sentence="25" number="33">the</token>
<token t_id="632" sentence="25" number="34">federal</token>
<token t_id="633" sentence="25" number="35">bench</token>
<token t_id="634" sentence="25" number="36">.</token>
<token t_id="635" sentence="26" number="0">"He</token>
<token t_id="636" sentence="26" number="1">was</token>
<token t_id="637" sentence="26" number="2">an</token>
<token t_id="638" sentence="26" number="3">elusive</token>
<token t_id="639" sentence="26" number="4">,</token>
<token t_id="640" sentence="26" number="5">anonymous</token>
<token t_id="641" sentence="26" number="6">,</token>
<token t_id="642" sentence="26" number="7">secret</token>
<token t_id="643" sentence="26" number="8">operator</token>
<token t_id="644" sentence="26" number="9">at</token>
<token t_id="645" sentence="26" number="10">the</token>
<token t_id="646" sentence="26" number="11">highest</token>
<token t_id="647" sentence="26" number="12">levels</token>
<token t_id="648" sentence="26" number="13">of</token>
<token t_id="649" sentence="26" number="14">the</token>
<token t_id="650" sentence="26" number="15">shattered</token>
<token t_id="651" sentence="26" number="16">Nixon</token>
<token t_id="652" sentence="26" number="17">power</token>
<token t_id="653" sentence="26" number="18">structure</token>
<token t_id="654" sentence="26" number="19">,</token>
<token t_id="655" sentence="26" number="20">"</token>
<token t_id="656" sentence="26" number="21">The</token>
<token t_id="657" sentence="26" number="22">New</token>
<token t_id="658" sentence="26" number="23">York</token>
<token t_id="659" sentence="26" number="24">Times</token>
<token t_id="660" sentence="26" number="25">reported</token>
<token t_id="661" sentence="26" number="26">in</token>
<token t_id="662" sentence="26" number="27">1973</token>
<token t_id="663" sentence="26" number="28">.</token>
<token t_id="664" sentence="27" number="0">"He</token>
<token t_id="665" sentence="27" number="1">is</token>
<token t_id="666" sentence="27" number="2">a</token>
<token t_id="667" sentence="27" number="3">man</token>
<token t_id="668" sentence="27" number="4">of</token>
<token t_id="669" sentence="27" number="5">personal</token>
<token t_id="670" sentence="27" number="6">mystery</token>
<token t_id="671" sentence="27" number="7">,</token>
<token t_id="672" sentence="27" number="8">too</token>
<token t_id="673" sentence="27" number="9">-</token>
<token t_id="674" sentence="27" number="10">a</token>
<token t_id="675" sentence="27" number="11">latter</token>
<token t_id="676" sentence="27" number="12">-</token>
<token t_id="677" sentence="27" number="13">day</token>
<token t_id="678" sentence="27" number="14">character</token>
<token t_id="679" sentence="27" number="15">,</token>
<token t_id="680" sentence="27" number="16">it</token>
<token t_id="681" sentence="27" number="17">sometimes</token>
<token t_id="682" sentence="27" number="18">seemed</token>
<token t_id="683" sentence="27" number="19">,</token>
<token t_id="684" sentence="27" number="20">out</token>
<token t_id="685" sentence="27" number="21">of</token>
<token t_id="686" sentence="27" number="22">a</token>
<token t_id="687" sentence="27" number="23">Southern</token>
<token t_id="688" sentence="27" number="24">gothic</token>
<token t_id="689" sentence="27" number="25">novel</token>
<token t_id="690" sentence="27" number="26">.</token>
<token t_id="691" sentence="27" number="27">"</token>
<token t_id="692" sentence="28" number="0">Frederick</token>
<token t_id="693" sentence="28" number="1">Cheney</token>
<token t_id="694" sentence="28" number="2">LaRue</token>
<token t_id="695" sentence="28" number="3">was</token>
<token t_id="696" sentence="28" number="4">born</token>
<token t_id="697" sentence="28" number="5">Oct</token>
<token t_id="698" sentence="28" number="6">.</token>
<token t_id="699" sentence="28" number="7">11</token>
<token t_id="700" sentence="28" number="8">,</token>
<token t_id="701" sentence="28" number="9">1928</token>
<token t_id="702" sentence="28" number="10">,</token>
<token t_id="703" sentence="28" number="11">in</token>
<token t_id="704" sentence="28" number="12">Athens</token>
<token t_id="705" sentence="28" number="13">,</token>
<token t_id="706" sentence="28" number="14">Tex</token>
<token t_id="707" sentence="28" number="15">.</token>
<token t_id="708" sentence="29" number="0">His</token>
<token t_id="709" sentence="29" number="1">father</token>
<token t_id="710" sentence="29" number="2">,</token>
<token t_id="711" sentence="29" number="3">Ike</token>
<token t_id="712" sentence="29" number="4">Parsons</token>
<token t_id="713" sentence="29" number="5">LaRue</token>
<token t_id="714" sentence="29" number="6">Sr</token>
<token t_id="715" sentence="29" number="7">.</token>
<token t_id="716" sentence="29" number="8">,</token>
<token t_id="717" sentence="29" number="9">whom</token>
<token t_id="718" sentence="29" number="10">Fred</token>
<token t_id="719" sentence="29" number="11">LaRue</token>
<token t_id="720" sentence="29" number="12">shot</token>
<token t_id="721" sentence="29" number="13">and</token>
<token t_id="722" sentence="29" number="14">killed</token>
<token t_id="723" sentence="29" number="15">in</token>
<token t_id="724" sentence="29" number="16">a</token>
<token t_id="725" sentence="29" number="17">Canadian</token>
<token t_id="726" sentence="29" number="18">duck</token>
<token t_id="727" sentence="29" number="19">-</token>
<token t_id="728" sentence="29" number="20">hunting</token>
<token t_id="729" sentence="29" number="21">accident</token>
<token t_id="730" sentence="29" number="22">in</token>
<token t_id="731" sentence="29" number="23">1957</token>
<token t_id="732" sentence="29" number="24">,</token>
<token t_id="733" sentence="29" number="25">was</token>
<token t_id="734" sentence="29" number="26">a</token>
<token t_id="735" sentence="29" number="27">first</token>
<token t_id="736" sentence="29" number="28">cousin</token>
<token t_id="737" sentence="29" number="29">of</token>
<token t_id="738" sentence="29" number="30">Sid</token>
<token t_id="739" sentence="29" number="31">Richardson</token>
<token t_id="740" sentence="29" number="32">,</token>
<token t_id="741" sentence="29" number="33">the</token>
<token t_id="742" sentence="29" number="34">Texas</token>
<token t_id="743" sentence="29" number="35">oil</token>
<token t_id="744" sentence="29" number="36">and</token>
<token t_id="745" sentence="29" number="37">ranching</token>
<token t_id="746" sentence="29" number="38">tycoon</token>
<token t_id="747" sentence="29" number="39">.</token>
<token t_id="748" sentence="30" number="0">The</token>
<token t_id="749" sentence="30" number="1">elder</token>
<token t_id="750" sentence="30" number="2">Mr</token>
<token t_id="751" sentence="30" number="3">.</token>
<token t_id="752" sentence="30" number="4">LaRue</token>
<token t_id="753" sentence="30" number="5">had</token>
<token t_id="754" sentence="30" number="6">gone</token>
<token t_id="755" sentence="30" number="7">to</token>
<token t_id="756" sentence="30" number="8">jail</token>
<token t_id="757" sentence="30" number="9">for</token>
<token t_id="758" sentence="30" number="10">banking</token>
<token t_id="759" sentence="30" number="11">violations</token>
<token t_id="760" sentence="30" number="12">and</token>
<token t_id="761" sentence="30" number="13">moved</token>
<token t_id="762" sentence="30" number="14">to</token>
<token t_id="763" sentence="30" number="15">Mississippi</token>
<token t_id="764" sentence="30" number="16">to</token>
<token t_id="765" sentence="30" number="17">look</token>
<token t_id="766" sentence="30" number="18">for</token>
<token t_id="767" sentence="30" number="19">oil</token>
<token t_id="768" sentence="30" number="20">.</token>
<token t_id="769" sentence="31" number="0">His</token>
<token t_id="770" sentence="31" number="1">company</token>
<token t_id="771" sentence="31" number="2">discovered</token>
<token t_id="772" sentence="31" number="3">the</token>
<token t_id="773" sentence="31" number="4">giant</token>
<token t_id="774" sentence="31" number="5">Bolton</token>
<token t_id="775" sentence="31" number="6">field</token>
<token t_id="776" sentence="31" number="7">,</token>
<token t_id="777" sentence="31" number="8">which</token>
<token t_id="778" sentence="31" number="9">Fred's</token>
<token t_id="779" sentence="31" number="10">generation</token>
<token t_id="780" sentence="31" number="11">sold</token>
<token t_id="781" sentence="31" number="12">for</token>
<token t_id="782" sentence="31" number="13">$30</token>
<token t_id="783" sentence="31" number="14">million</token>
<token t_id="784" sentence="31" number="15">in</token>
<token t_id="785" sentence="31" number="16">1967</token>
<token t_id="786" sentence="31" number="17">.</token>
<token t_id="787" sentence="32" number="0">Fred</token>
<token t_id="788" sentence="32" number="1">LaRue</token>
<token t_id="789" sentence="32" number="2">spread</token>
<token t_id="790" sentence="32" number="3">money</token>
<token t_id="791" sentence="32" number="4">to</token>
<token t_id="792" sentence="32" number="5">local</token>
<token t_id="793" sentence="32" number="6">and</token>
<token t_id="794" sentence="32" number="7">national</token>
<token t_id="795" sentence="32" number="8">politicians</token>
<token t_id="796" sentence="32" number="9">,</token>
<token t_id="797" sentence="32" number="10">and</token>
<token t_id="798" sentence="32" number="11">,</token>
<token t_id="799" sentence="32" number="12">despite</token>
<token t_id="800" sentence="32" number="13">his</token>
<token t_id="801" sentence="32" number="14">shyness</token>
<token t_id="802" sentence="32" number="15">,</token>
<token t_id="803" sentence="32" number="16">acquired</token>
<token t_id="804" sentence="32" number="17">the</token>
<token t_id="805" sentence="32" number="18">nickname</token>
<token t_id="806" sentence="32" number="19">Bubba</token>
<token t_id="807" sentence="32" number="20">.</token>
<token t_id="808" sentence="33" number="0">He</token>
<token t_id="809" sentence="33" number="1">became</token>
<token t_id="810" sentence="33" number="2">a</token>
<token t_id="811" sentence="33" number="3">Republican</token>
<token t_id="812" sentence="33" number="4">national</token>
<token t_id="813" sentence="33" number="5">committeeman</token>
<token t_id="814" sentence="33" number="6">.</token>
<token t_id="815" sentence="34" number="0">In</token>
<token t_id="816" sentence="34" number="1">the</token>
<token t_id="817" sentence="34" number="2">end</token>
<token t_id="818" sentence="34" number="3">,</token>
<token t_id="819" sentence="34" number="4">Mr</token>
<token t_id="820" sentence="34" number="5">.</token>
<token t_id="821" sentence="34" number="6">LaRue</token>
<token t_id="822" sentence="34" number="7">was</token>
<token t_id="823" sentence="34" number="8">one</token>
<token t_id="824" sentence="34" number="9">of</token>
<token t_id="825" sentence="34" number="10">the</token>
<token t_id="826" sentence="34" number="11">first</token>
<token t_id="827" sentence="34" number="12">top</token>
<token t_id="828" sentence="34" number="13">Nixon</token>
<token t_id="829" sentence="34" number="14">aides</token>
<token t_id="830" sentence="34" number="15">to</token>
<token t_id="831" sentence="34" number="16">cooperate</token>
<token t_id="832" sentence="34" number="17">with</token>
<token t_id="833" sentence="34" number="18">prosecutors</token>
<token t_id="834" sentence="34" number="19">.</token>
<token t_id="835" sentence="35" number="0">"LaRue</token>
<token t_id="836" sentence="35" number="1">had</token>
<token t_id="837" sentence="35" number="2">stressed</token>
<token t_id="838" sentence="35" number="3">that</token>
<token t_id="839" sentence="35" number="4">it</token>
<token t_id="840" sentence="35" number="5">was</token>
<token t_id="841" sentence="35" number="6">time</token>
<token t_id="842" sentence="35" number="7">for</token>
<token t_id="843" sentence="35" number="8">both</token>
<token t_id="844" sentence="35" number="9">of</token>
<token t_id="845" sentence="35" number="10">us</token>
<token t_id="846" sentence="35" number="11">to</token>
<token t_id="847" sentence="35" number="12">think</token>
<token t_id="848" sentence="35" number="13">about</token>
<token t_id="849" sentence="35" number="14">protecting</token>
<token t_id="850" sentence="35" number="15">ourselves</token>
<token t_id="851" sentence="35" number="16">and</token>
<token t_id="852" sentence="35" number="17">our</token>
<token t_id="853" sentence="35" number="18">families</token>
<token t_id="854" sentence="35" number="19">instead</token>
<token t_id="855" sentence="35" number="20">of</token>
<token t_id="856" sentence="35" number="21">continuing</token>
<token t_id="857" sentence="35" number="22">to</token>
<token t_id="858" sentence="35" number="23">worry</token>
<token t_id="859" sentence="35" number="24">about</token>
<token t_id="860" sentence="35" number="25">protecting</token>
<token t_id="861" sentence="35" number="26">Mitchell</token>
<token t_id="862" sentence="35" number="27">and</token>
<token t_id="863" sentence="35" number="28">the</token>
<token t_id="864" sentence="35" number="29">president</token>
<token t_id="865" sentence="35" number="30">,</token>
<token t_id="866" sentence="35" number="31">"</token>
<token t_id="867" sentence="35" number="32">Mr</token>
<token t_id="868" sentence="35" number="33">.</token>
<token t_id="869" sentence="35" number="34">Magruder</token>
<token t_id="870" sentence="35" number="35">wrote</token>
<token t_id="871" sentence="35" number="36">in</token>
<token t_id="872" sentence="35" number="37">his</token>
<token t_id="873" sentence="35" number="38">1974</token>
<token t_id="874" sentence="35" number="39">book</token>
<token t_id="875" sentence="35" number="40">,</token>
<token t_id="876" sentence="35" number="41">"An</token>
<token t_id="877" sentence="35" number="42">American</token>
<token t_id="878" sentence="35" number="43">Life</token>
<token t_id="879" sentence="35" number="44">:</token>
<token t_id="880" sentence="35" number="45">One</token>
<token t_id="881" sentence="35" number="46">Man's</token>
<token t_id="882" sentence="35" number="47">Road</token>
<token t_id="883" sentence="35" number="48">to</token>
<token t_id="884" sentence="35" number="49">Watergate</token>
<token t_id="885" sentence="35" number="50">.</token>
<token t_id="886" sentence="35" number="51">"</token>
<token t_id="887" sentence="36" number="0">Mr</token>
<token t_id="888" sentence="36" number="1">.</token>
<token t_id="889" sentence="36" number="2">LaRue</token>
<token t_id="890" sentence="36" number="3">is</token>
<token t_id="891" sentence="36" number="4">survived</token>
<token t_id="892" sentence="36" number="5">by</token>
<token t_id="893" sentence="36" number="6">his</token>
<token t_id="894" sentence="36" number="7">wife</token>
<token t_id="895" sentence="36" number="8">,</token>
<token t_id="896" sentence="36" number="9">Joyce</token>
<token t_id="897" sentence="36" number="10">Burleson</token>
<token t_id="898" sentence="36" number="11">LaRue</token>
<token t_id="899" sentence="36" number="12">;</token>
<token t_id="900" sentence="36" number="13">his</token>
<token t_id="901" sentence="36" number="14">sons</token>
<token t_id="902" sentence="36" number="15">Ike</token>
<token t_id="903" sentence="36" number="16">III</token>
<token t_id="904" sentence="36" number="17">,</token>
<token t_id="905" sentence="36" number="18">of</token>
<token t_id="906" sentence="36" number="19">Jackson</token>
<token t_id="907" sentence="36" number="20">,</token>
<token t_id="908" sentence="36" number="21">and</token>
<token t_id="909" sentence="36" number="22">Fred</token>
<token t_id="910" sentence="36" number="23">Jr</token>
<token t_id="911" sentence="36" number="24">.</token>
<token t_id="912" sentence="36" number="25">,</token>
<token t_id="913" sentence="36" number="26">of</token>
<token t_id="914" sentence="36" number="27">Brandon</token>
<token t_id="915" sentence="36" number="28">,</token>
<token t_id="916" sentence="36" number="29">Miss</token>
<token t_id="917" sentence="36" number="30">.</token>
<token t_id="918" sentence="36" number="31">;</token>
<token t_id="919" sentence="36" number="32">his</token>
<token t_id="920" sentence="36" number="33">daughters</token>
<token t_id="921" sentence="36" number="34">Patricia</token>
<token t_id="922" sentence="36" number="35">LaRue</token>
<token t_id="923" sentence="36" number="36">of</token>
<token t_id="924" sentence="36" number="37">Arlington</token>
<token t_id="925" sentence="36" number="38">,</token>
<token t_id="926" sentence="36" number="39">Tex</token>
<token t_id="927" sentence="36" number="40">.</token>
<token t_id="928" sentence="36" number="41">,</token>
<token t_id="929" sentence="36" number="42">Leslie</token>
<token t_id="930" sentence="36" number="43">LaRue</token>
<token t_id="931" sentence="36" number="44">of</token>
<token t_id="932" sentence="36" number="45">Manhattan</token>
<token t_id="933" sentence="36" number="46">,</token>
<token t_id="934" sentence="36" number="47">Grace</token>
<token t_id="935" sentence="36" number="48">Burleson</token>
<token t_id="936" sentence="36" number="49">LaRue</token>
<token t_id="937" sentence="36" number="50">of</token>
<token t_id="938" sentence="36" number="51">Crystal</token>
<token t_id="939" sentence="36" number="52">Springs</token>
<token t_id="940" sentence="36" number="53">,</token>
<token t_id="941" sentence="36" number="54">Miss</token>
<token t_id="942" sentence="36" number="55">.</token>
<token t_id="943" sentence="36" number="56">;</token>
<token t_id="944" sentence="36" number="57">his</token>
<token t_id="945" sentence="36" number="58">brother</token>
<token t_id="946" sentence="36" number="59">,</token>
<token t_id="947" sentence="36" number="60">Ike</token>
<token t_id="948" sentence="36" number="61">Jr</token>
<token t_id="949" sentence="36" number="62">.</token>
<token t_id="950" sentence="36" number="63">;</token>
<token t_id="951" sentence="36" number="64">his</token>
<token t_id="952" sentence="36" number="65">sister</token>
<token t_id="953" sentence="36" number="66">,</token>
<token t_id="954" sentence="36" number="67">Ruthie</token>
<token t_id="955" sentence="36" number="68">LaRue</token>
<token t_id="956" sentence="36" number="69">Owen</token>
<token t_id="957" sentence="36" number="70">of</token>
<token t_id="958" sentence="36" number="71">Jackson</token>
<token t_id="959" sentence="36" number="72">;</token>
<token t_id="960" sentence="36" number="73">and</token>
<token t_id="961" sentence="36" number="74">nine</token>
<token t_id="962" sentence="36" number="75">grandchildren</token>
<token t_id="963" sentence="36" number="76">.</token>
<token t_id="964" sentence="37" number="0">In</token>
<token t_id="965" sentence="37" number="1">the</token>
<token t_id="966" sentence="37" number="2">interview</token>
<token t_id="967" sentence="37" number="3">with</token>
<token t_id="968" sentence="37" number="4">The</token>
<token t_id="969" sentence="37" number="5">Sun</token>
<token t_id="970" sentence="37" number="6">Herald</token>
<token t_id="971" sentence="37" number="7">,</token>
<token t_id="972" sentence="37" number="8">Mr</token>
<token t_id="973" sentence="37" number="9">.</token>
<token t_id="974" sentence="37" number="10">LaRue</token>
<token t_id="975" sentence="37" number="11">guessed</token>
<token t_id="976" sentence="37" number="12">that</token>
<token t_id="977" sentence="37" number="13">the</token>
<token t_id="978" sentence="37" number="14">healthy</token>
<token t_id="979" sentence="37" number="15">regimen</token>
<token t_id="980" sentence="37" number="16">of</token>
<token t_id="981" sentence="37" number="17">his</token>
<token t_id="982" sentence="37" number="18">months</token>
<token t_id="983" sentence="37" number="19">in</token>
<token t_id="984" sentence="37" number="20">prison</token>
<token t_id="985" sentence="37" number="21">added</token>
<token t_id="986" sentence="37" number="22">10</token>
<token t_id="987" sentence="37" number="23">years</token>
<token t_id="988" sentence="37" number="24">to</token>
<token t_id="989" sentence="37" number="25">his</token>
<token t_id="990" sentence="37" number="26">life</token>
<token t_id="991" sentence="37" number="27">.</token>
<token t_id="992" sentence="38" number="0">"The</token>
<token t_id="993" sentence="38" number="1">warden</token>
<token t_id="994" sentence="38" number="2">let</token>
<token t_id="995" sentence="38" number="3">me</token>
<token t_id="996" sentence="38" number="4">make</token>
<token t_id="997" sentence="38" number="5">a</token>
<token t_id="998" sentence="38" number="6">badminton</token>
<token t_id="999" sentence="38" number="7">court</token>
<token t_id="1000" sentence="38" number="8">out</token>
<token t_id="1001" sentence="38" number="9">of</token>
<token t_id="1002" sentence="38" number="10">the</token>
<token t_id="1003" sentence="38" number="11">volleyball</token>
<token t_id="1004" sentence="38" number="12">court</token>
<token t_id="1005" sentence="38" number="13">,</token>
<token t_id="1006" sentence="38" number="14">"</token>
<token t_id="1007" sentence="38" number="15">he</token>
<token t_id="1008" sentence="38" number="16">said</token>
<token t_id="1009" sentence="38" number="17">.</token>
<token t_id="1010" sentence="39" number="0">"We</token>
<token t_id="1011" sentence="39" number="1">had</token>
<token t_id="1012" sentence="39" number="2">some</token>
<token t_id="1013" sentence="39" number="3">of</token>
<token t_id="1014" sentence="39" number="4">the</token>
<token t_id="1015" sentence="39" number="5">best</token>
<token t_id="1016" sentence="39" number="6">badminton</token>
<token t_id="1017" sentence="39" number="7">players</token>
<token t_id="1018" sentence="39" number="8">in</token>
<token t_id="1019" sentence="39" number="9">the</token>
<token t_id="1020" sentence="39" number="10">country</token>
<token t_id="1021" sentence="39" number="11">.</token>
<token t_id="1022" sentence="39" number="12">"</token>
<Markables>
<ACTION_OCCURRENCE m_id="41"  >
  <token_anchor t_id="85"/>
</ACTION_OCCURRENCE>
<ACTION_OCCURRENCE m_id="73"  >
  <token_anchor t_id="457"/>
</ACTION_OCCURRENCE>
<ACTION_OCCURRENCE m_id="42"  >
  <token_anchor t_id="111"/>
</ACTION_OCCURRENCE>
<ACTION_OCCURRENCE m_id="74"  >
  <token_anchor t_id="464"/>
</ACTION_OCCURRENCE>
<ACTION_OCCURRENCE m_id="43"  >
  <token_anchor t_id="123"/>
</ACTION_OCCURRENCE>
<ACTION_OCCURRENCE m_id="75"  >
  <token_anchor t_id="467"/>
</ACTION_OCCURRENCE>
<ACTION_OCCURRENCE m_id="45"  >
  <token_anchor t_id="149"/>
</ACTION_OCCURRENCE>
<ACTION_OCCURRENCE m_id="46"  >
  <token_anchor t_id="159"/>
  <token_anchor t_id="160"/>
</ACTION_OCCURRENCE>
<ACTION_OCCURRENCE m_id="47"  >
  <token_anchor t_id="165"/>
</ACTION_OCCURRENCE>
<ACTION_OCCURRENCE m_id="48"  >
  <token_anchor t_id="168"/>
</ACTION_OCCURRENCE>
<ACTION_OCCURRENCE m_id="81"  >
  <token_anchor t_id="455"/>
</ACTION_OCCURRENCE>
<ACTION_OCCURRENCE m_id="49"  >
  <token_anchor t_id="176"/>
</ACTION_OCCURRENCE>
<ACTION_OCCURRENCE m_id="50"  >
  <token_anchor t_id="192"/>
</ACTION_OCCURRENCE>
<ACTION_OCCURRENCE m_id="51"  >
  <token_anchor t_id="195"/>
</ACTION_OCCURRENCE>
<ACTION_OCCURRENCE m_id="84"  >
  <token_anchor t_id="327"/>
  <token_anchor t_id="328"/>
  <token_anchor t_id="329"/>
</ACTION_OCCURRENCE>
<ACTION_OCCURRENCE m_id="52"  >
  <token_anchor t_id="197"/>
  <token_anchor t_id="198"/>
  <token_anchor t_id="199"/>
</ACTION_OCCURRENCE>
<ACTION_OCCURRENCE m_id="85"  >
  <token_anchor t_id="364"/>
</ACTION_OCCURRENCE>
<ACTION_OCCURRENCE m_id="53"  >
  <token_anchor t_id="206"/>
</ACTION_OCCURRENCE>
<ACTION_OCCURRENCE m_id="86"  >
  <token_anchor t_id="356"/>
</ACTION_OCCURRENCE>
<ACTION_OCCURRENCE m_id="54"  >
  <token_anchor t_id="225"/>
</ACTION_OCCURRENCE>
<ACTION_OCCURRENCE m_id="87"  >
  <token_anchor t_id="345"/>
</ACTION_OCCURRENCE>
<ACTION_OCCURRENCE m_id="122"  >
  <token_anchor t_id="278"/>
  <token_anchor t_id="279"/>
  <token_anchor t_id="280"/>
  <token_anchor t_id="281"/>
</ACTION_OCCURRENCE>
<ACTION_OCCURRENCE m_id="55"  >
  <token_anchor t_id="257"/>
</ACTION_OCCURRENCE>
<ACTION_OCCURRENCE m_id="56"  >
  <token_anchor t_id="254"/>
  <token_anchor t_id="255"/>
  <token_anchor t_id="256"/>
</ACTION_OCCURRENCE>
<ACTION_OCCURRENCE m_id="57"  >
  <token_anchor t_id="270"/>
</ACTION_OCCURRENCE>
<ACTION_OCCURRENCE m_id="58"  >
  <token_anchor t_id="274"/>
</ACTION_OCCURRENCE>
<ACTION_OCCURRENCE m_id="59"  >
  <token_anchor t_id="272"/>
  <token_anchor t_id="273"/>
</ACTION_OCCURRENCE>
<ACTION_OCCURRENCE m_id="60"  >
  <token_anchor t_id="290"/>
</ACTION_OCCURRENCE>
<ACTION_OCCURRENCE m_id="61"  >
  <token_anchor t_id="293"/>
  <token_anchor t_id="294"/>
  <token_anchor t_id="295"/>
</ACTION_OCCURRENCE>
<ACTION_OCCURRENCE m_id="62"  >
  <token_anchor t_id="303"/>
</ACTION_OCCURRENCE>
<ACTION_OCCURRENCE m_id="63"  >
  <token_anchor t_id="305"/>
  <token_anchor t_id="306"/>
  <token_anchor t_id="307"/>
</ACTION_OCCURRENCE>
<ACTION_OCCURRENCE m_id="64"  >
  <token_anchor t_id="317"/>
</ACTION_OCCURRENCE>
<ACTION_OCCURRENCE m_id="65"  >
  <token_anchor t_id="318"/>
</ACTION_OCCURRENCE>
<ACTION_OCCURRENCE m_id="34"  >
  <token_anchor t_id="25"/>
</ACTION_OCCURRENCE>
<ACTION_OCCURRENCE m_id="66"  >
  <token_anchor t_id="321"/>
</ACTION_OCCURRENCE>
<ACTION_OCCURRENCE m_id="35"  >
  <token_anchor t_id="28"/>
</ACTION_OCCURRENCE>
<ACTION_OCCURRENCE m_id="67"  >
  <token_anchor t_id="324"/>
</ACTION_OCCURRENCE>
<ACTION_OCCURRENCE m_id="36"  >
  <token_anchor t_id="48"/>
</ACTION_OCCURRENCE>
<ACTION_OCCURRENCE m_id="68"  >
  <token_anchor t_id="338"/>
  <token_anchor t_id="339"/>
  <token_anchor t_id="340"/>
</ACTION_OCCURRENCE>
<ACTION_OCCURRENCE m_id="37"  >
  <token_anchor t_id="57"/>
</ACTION_OCCURRENCE>
<ACTION_OCCURRENCE m_id="38"  >
  <token_anchor t_id="62"/>
</ACTION_OCCURRENCE>
<ACTION_OCCURRENCE m_id="39"  >
  <token_anchor t_id="65"/>
</ACTION_OCCURRENCE>
<ACTION_OCCURRENCE m_id="40"  >
  <token_anchor t_id="81"/>
</ACTION_OCCURRENCE>
<ACTION_OCCURRENCE m_id="72"  >
  <token_anchor t_id="445"/>
</ACTION_OCCURRENCE>
<ACTION_REPORTING m_id="125"  >
  <token_anchor t_id="96"/>
</ACTION_REPORTING>
<ACTION_REPORTING m_id="70"  >
  <token_anchor t_id="438"/>
</ACTION_REPORTING>
<ACTION_REPORTING m_id="71"  >
  <token_anchor t_id="424"/>
</ACTION_REPORTING>
<ACTION_STATE m_id="111"  >
  <token_anchor t_id="166"/>
</ACTION_STATE>
<ACTION_STATE m_id="88"  >
  <token_anchor t_id="432"/>
</ACTION_STATE>
<ACTION_STATE m_id="89"  >
  <token_anchor t_id="360"/>
</ACTION_STATE>
<ACTION_STATE m_id="126"  >
  <token_anchor t_id="59"/>
</ACTION_STATE>
<HUMAN_PART_ORG m_id="105"  >
  <token_anchor t_id="211"/>
  <token_anchor t_id="212"/>
  <token_anchor t_id="213"/>
</HUMAN_PART_ORG>
<HUMAN_PART_ORG m_id="76"  >
  <token_anchor t_id="472"/>
  <token_anchor t_id="473"/>
  <token_anchor t_id="474"/>
</HUMAN_PART_ORG>
<HUMAN_PART_ORG m_id="104"  >
  <token_anchor t_id="258"/>
</HUMAN_PART_ORG>
<HUMAN_PART_PER m_id="9"  >
  <token_anchor t_id="135"/>
  <token_anchor t_id="136"/>
</HUMAN_PART_PER>
<HUMAN_PART_PER m_id="10"  >
  <token_anchor t_id="140"/>
</HUMAN_PART_PER>
<HUMAN_PART_PER m_id="11"  >
  <token_anchor t_id="156"/>
</HUMAN_PART_PER>
<HUMAN_PART_PER m_id="12"  >
  <token_anchor t_id="145"/>
</HUMAN_PART_PER>
<HUMAN_PART_PER m_id="13"  >
  <token_anchor t_id="162"/>
  <token_anchor t_id="163"/>
  <token_anchor t_id="164"/>
</HUMAN_PART_PER>
<HUMAN_PART_PER m_id="77"  >
  <token_anchor t_id="459"/>
  <token_anchor t_id="460"/>
</HUMAN_PART_PER>
<HUMAN_PART_PER m_id="14"  >
  <token_anchor t_id="175"/>
</HUMAN_PART_PER>
<HUMAN_PART_PER m_id="78"  >
  <token_anchor t_id="469"/>
  <token_anchor t_id="470"/>
</HUMAN_PART_PER>
<HUMAN_PART_PER m_id="15"  >
  <token_anchor t_id="194"/>
</HUMAN_PART_PER>
<HUMAN_PART_PER m_id="79"  >
  <token_anchor t_id="449"/>
  <token_anchor t_id="450"/>
</HUMAN_PART_PER>
<HUMAN_PART_PER m_id="16"  >
  <token_anchor t_id="221"/>
</HUMAN_PART_PER>
<HUMAN_PART_PER m_id="80"  >
  <token_anchor t_id="456"/>
</HUMAN_PART_PER>
<HUMAN_PART_PER m_id="17"  >
  <token_anchor t_id="240"/>
  <token_anchor t_id="241"/>
  <token_anchor t_id="242"/>
  <token_anchor t_id="243"/>
</HUMAN_PART_PER>
<HUMAN_PART_PER m_id="113"  >
  <token_anchor t_id="143"/>
</HUMAN_PART_PER>
<HUMAN_PART_PER m_id="18"  >
  <token_anchor t_id="253"/>
</HUMAN_PART_PER>
<HUMAN_PART_PER m_id="19"  >
  <token_anchor t_id="261"/>
  <token_anchor t_id="262"/>
  <token_anchor t_id="263"/>
</HUMAN_PART_PER>
<HUMAN_PART_PER m_id="20"  >
  <token_anchor t_id="283"/>
  <token_anchor t_id="284"/>
  <token_anchor t_id="285"/>
</HUMAN_PART_PER>
<HUMAN_PART_PER m_id="21"  >
  <token_anchor t_id="313"/>
  <token_anchor t_id="314"/>
  <token_anchor t_id="315"/>
</HUMAN_PART_PER>
<HUMAN_PART_PER m_id="118"  >
  <token_anchor t_id="63"/>
</HUMAN_PART_PER>
<HUMAN_PART_PER m_id="22"  >
  <token_anchor t_id="302"/>
</HUMAN_PART_PER>
<HUMAN_PART_PER m_id="119"  >
  <token_anchor t_id="47"/>
</HUMAN_PART_PER>
<HUMAN_PART_PER m_id="23"  >
  <token_anchor t_id="311"/>
</HUMAN_PART_PER>
<HUMAN_PART_PER m_id="24"  >
  <token_anchor t_id="320"/>
</HUMAN_PART_PER>
<HUMAN_PART_PER m_id="123"  >
  <token_anchor t_id="79"/>
</HUMAN_PART_PER>
<HUMAN_PART_PER m_id="25"  >
  <token_anchor t_id="347"/>
  <token_anchor t_id="348"/>
  <token_anchor t_id="349"/>
</HUMAN_PART_PER>
<HUMAN_PART_PER m_id="26"  >
  <token_anchor t_id="352"/>
  <token_anchor t_id="353"/>
  <token_anchor t_id="354"/>
  <token_anchor t_id="355"/>
</HUMAN_PART_PER>
<HUMAN_PART_PER m_id="27"  >
  <token_anchor t_id="357"/>
</HUMAN_PART_PER>
<HUMAN_PART_PER m_id="28"  >
  <token_anchor t_id="423"/>
</HUMAN_PART_PER>
<HUMAN_PART_PER m_id="29"  >
  <token_anchor t_id="429"/>
</HUMAN_PART_PER>
<HUMAN_PART_PER m_id="30"  >
  <token_anchor t_id="434"/>
</HUMAN_PART_PER>
<HUMAN_PART_PER m_id="31"  >
  <token_anchor t_id="439"/>
</HUMAN_PART_PER>
<HUMAN_PART_PER m_id="32"  >
  <token_anchor t_id="441"/>
  <token_anchor t_id="442"/>
  <token_anchor t_id="443"/>
</HUMAN_PART_PER>
<HUMAN_PART_PER m_id="1"  >
  <token_anchor t_id="22"/>
  <token_anchor t_id="23"/>
</HUMAN_PART_PER>
<HUMAN_PART_PER m_id="33"  >
  <token_anchor t_id="447"/>
</HUMAN_PART_PER>
<HUMAN_PART_PER m_id="2"  >
  <token_anchor t_id="37"/>
  <token_anchor t_id="38"/>
  <token_anchor t_id="39"/>
  <token_anchor t_id="40"/>
</HUMAN_PART_PER>
<HUMAN_PART_PER m_id="3"  >
  <token_anchor t_id="75"/>
</HUMAN_PART_PER>
<HUMAN_PART_PER m_id="4"  >
  <token_anchor t_id="83"/>
</HUMAN_PART_PER>
<HUMAN_PART_PER m_id="5"  >
  <token_anchor t_id="92"/>
  <token_anchor t_id="93"/>
  <token_anchor t_id="94"/>
</HUMAN_PART_PER>
<HUMAN_PART_PER m_id="6"  >
  <token_anchor t_id="115"/>
  <token_anchor t_id="116"/>
  <token_anchor t_id="117"/>
  <token_anchor t_id="118"/>
</HUMAN_PART_PER>
<HUMAN_PART_PER m_id="7"  >
  <token_anchor t_id="122"/>
</HUMAN_PART_PER>
<HUMAN_PART_PER m_id="8"  >
  <token_anchor t_id="129"/>
</HUMAN_PART_PER>
<LOC_FAC m_id="98"  >
  <token_anchor t_id="67"/>
  <token_anchor t_id="68"/>
  <token_anchor t_id="69"/>
  <token_anchor t_id="70"/>
  <token_anchor t_id="71"/>
  <token_anchor t_id="72"/>
  <token_anchor t_id="73"/>
  <token_anchor t_id="74"/>
</LOC_FAC>
<LOC_FAC m_id="99"  >
  <token_anchor t_id="186"/>
  <token_anchor t_id="187"/>
  <token_anchor t_id="188"/>
</LOC_FAC>
<LOC_FAC m_id="100"  >
  <token_anchor t_id="200"/>
  <token_anchor t_id="201"/>
  <token_anchor t_id="202"/>
  <token_anchor t_id="203"/>
</LOC_FAC>
<LOC_FAC m_id="101"  >
  <token_anchor t_id="208"/>
</LOC_FAC>
<LOC_FAC m_id="102"  >
  <token_anchor t_id="226"/>
  <token_anchor t_id="227"/>
  <token_anchor t_id="228"/>
  <token_anchor t_id="229"/>
  <token_anchor t_id="230"/>
  <token_anchor t_id="231"/>
</LOC_FAC>
<NEG_ACTION_OCCURRENCE m_id="69"  >
  <token_anchor t_id="333"/>
</NEG_ACTION_OCCURRENCE>
<NON_HUMAN_PART m_id="106"  >
  <token_anchor t_id="109"/>
</NON_HUMAN_PART>
<NON_HUMAN_PART m_id="107"  >
  <token_anchor t_id="150"/>
  <token_anchor t_id="151"/>
</NON_HUMAN_PART>
<NON_HUMAN_PART m_id="108"  >
  <token_anchor t_id="147"/>
</NON_HUMAN_PART>
<NON_HUMAN_PART m_id="44"  >
  <token_anchor t_id="126"/>
  <token_anchor t_id="127"/>
</NON_HUMAN_PART>
<NON_HUMAN_PART m_id="109"  >
  <token_anchor t_id="179"/>
</NON_HUMAN_PART>
<NON_HUMAN_PART m_id="82"  >
  <token_anchor t_id="427"/>
</NON_HUMAN_PART>
<NON_HUMAN_PART m_id="114"  >
  <token_anchor t_id="87"/>
</NON_HUMAN_PART>
<NON_HUMAN_PART m_id="83"  >
  <token_anchor t_id="335"/>
</NON_HUMAN_PART>
<NON_HUMAN_PART m_id="115"  >
  <token_anchor t_id="80"/>
</NON_HUMAN_PART>
<NON_HUMAN_PART m_id="116"  >
  <token_anchor t_id="53"/>
  <token_anchor t_id="54"/>
  <token_anchor t_id="55"/>
</NON_HUMAN_PART>
<NON_HUMAN_PART m_id="103"  >
  <token_anchor t_id="308"/>
</NON_HUMAN_PART>
<NON_HUMAN_PART_GENERIC m_id="112"  >
  <token_anchor t_id="170"/>
</NON_HUMAN_PART_GENERIC>
<TIME_DATE m_id="91"  >
  <token_anchor t_id="215"/>
  <token_anchor t_id="216"/>
  <token_anchor t_id="217"/>
  <token_anchor t_id="218"/>
  <token_anchor t_id="219"/>
</TIME_DATE>
<TIME_DATE m_id="92"  >
  <token_anchor t_id="171"/>
  <token_anchor t_id="172"/>
  <token_anchor t_id="173"/>
</TIME_DATE>
<TIME_DATE m_id="93"  >
  <token_anchor t_id="233"/>
  <token_anchor t_id="234"/>
  <token_anchor t_id="235"/>
  <token_anchor t_id="236"/>
  <token_anchor t_id="237"/>
</TIME_DATE>
<TIME_DATE m_id="94"  >
  <token_anchor t_id="350"/>
  <token_anchor t_id="351"/>
</TIME_DATE>
<TIME_DATE m_id="95"  >
  <token_anchor t_id="33"/>
  <token_anchor t_id="34"/>
  <token_anchor t_id="35"/>
  <token_anchor t_id="36"/>
</TIME_DATE>
<TIME_DATE m_id="96"  >
  <token_anchor t_id="66"/>
</TIME_DATE>
<TIME_DATE m_id="97"  >
  <token_anchor t_id="137"/>
  <token_anchor t_id="138"/>
</TIME_DATE>
<TIME_DURATION m_id="90"  >
  <token_anchor t_id="181"/>
  <token_anchor t_id="182"/>
  <token_anchor t_id="183"/>
  <token_anchor t_id="184"/>
  <token_anchor t_id="185"/>
</TIME_DURATION>


<ACTION_OCCURRENCE m_id="127" note="byCROMER" >
  <token_anchor t_id="49"/>
</ACTION_OCCURRENCE>


<ACTION_OCCURRENCE m_id="137" RELATED_TO="" TAG_DESCRIPTOR="t28_watergate_scandal" instance_id="ACT16762238189665929" />
<HUMAN_PART_PER m_id="136" RELATED_TO="" TAG_DESCRIPTOR="t28_fred_larue" instance_id="HUM16762375448415764" />
<HUMAN_PART_PER m_id="135" RELATED_TO="" TAG_DESCRIPTOR="t28_watergate_participants" instance_id="HUM16762430272744760" />
<ACTION_OCCURRENCE m_id="134" RELATED_TO="" TAG_DESCRIPTOR="t28_delivered_payoffs" instance_id="ACT16762284053814531" />
<ACTION_STATE m_id="133" RELATED_TO="" TAG_DESCRIPTOR="t28_silence" instance_id="ACT16762352965495333" />
<ACTION_OCCURRENCE m_id="132" RELATED_TO="" TAG_DESCRIPTOR="t28_larue_dies" instance_id="ACT16762189251591291" />
<TIME_DATE m_id="131" RELATED_TO="" TAG_DESCRIPTOR="t28_saturday_25_july_2004" instance_id="TIM16762450584630828" />
<ACTION_OCCURRENCE m_id="129" RELATED_TO="" TAG_DESCRIPTOR="t28_payoffs" instance_id="ACT16762330085377933" />
<ACTION_OCCURRENCE m_id="128" RELATED_TO="" TAG_DESCRIPTOR="t28_ensure_silence" instance_id="ACT16762344913470305" />
<LOC_FAC m_id="130" RELATED_TO="" TAG_DESCRIPTOR="t28_hotel_room_biloxi" instance_id="LOC16762474499152487" />
</Markables>

<Relations>
<CROSS_DOC_COREF r_id="37684" note="ACT16762344913470305" >
  <source m_id="37" />
  <target m_id="128" />
</CROSS_DOC_COREF>
<CROSS_DOC_COREF r_id="37685" note="ACT16762330085377933" >
  <source m_id="127" />
  <target m_id="129" />
</CROSS_DOC_COREF>
<CROSS_DOC_COREF r_id="37686" note="LOC16762474499152487" >
  <source m_id="98" />
  <target m_id="130" />
</CROSS_DOC_COREF>
<CROSS_DOC_COREF r_id="37687" note="TIM16762450584630828" >
  <source m_id="96" />
  <target m_id="131" />
</CROSS_DOC_COREF>
<CROSS_DOC_COREF r_id="37688" note="ACT16762189251591291" >
  <source m_id="35" />
  <source m_id="39" />
  <target m_id="132" />
</CROSS_DOC_COREF>
<CROSS_DOC_COREF r_id="37689" note="ACT16762352965495333" >
  <source m_id="126" />
  <target m_id="133" />
</CROSS_DOC_COREF>
<CROSS_DOC_COREF r_id="37690" note="ACT16762284053814531" >
  <source m_id="36" />
  <target m_id="134" />
</CROSS_DOC_COREF>
<CROSS_DOC_COREF r_id="37691" note="HUM16762430272744760" >
  <source m_id="118" />
  <target m_id="135" />
</CROSS_DOC_COREF>
<CROSS_DOC_COREF r_id="37692" note="HUM16762375448415764" >
  <source m_id="123" />
  <source m_id="119" />
  <source m_id="2" />
  <source m_id="4" />
  <source m_id="1" />
  <target m_id="136" />
</CROSS_DOC_COREF>
<CROSS_DOC_COREF r_id="37693" note="ACT16762238189665929" >
  <source m_id="34" />
  <source m_id="38" />
  <target m_id="137" />
</CROSS_DOC_COREF>

</Relations>
</Document>
