<Document doc_name="28_3ecb.xml" doc_id="DOC15654957806735322">
<token t_id="1" sentence="0" number="0">Mark</token>
<token t_id="2" sentence="0" number="1">Felt</token>
<token t_id="3" sentence="0" number="2">,</token>
<token t_id="4" sentence="0" number="3">Watergate</token>
<token t_id="5" sentence="0" number="4">'s</token>
<token t_id="6" sentence="0" number="5">`Deep</token>
<token t_id="7" sentence="0" number="6">Throat</token>
<token t_id="8" sentence="0" number="7">,</token>
<token t_id="9" sentence="0" number="8">'</token>
<token t_id="10" sentence="0" number="9">dies</token>
<token t_id="11" sentence="0" number="10">at</token>
<token t_id="12" sentence="0" number="11">95</token>
<token t_id="13" sentence="1" number="0">W.</token>
<token t_id="14" sentence="1" number="1">Mark</token>
<token t_id="15" sentence="1" number="2">Felt</token>
<token t_id="16" sentence="1" number="3">,</token>
<token t_id="17" sentence="1" number="4">the</token>
<token t_id="18" sentence="1" number="5">former</token>
<token t_id="19" sentence="1" number="6">FBI</token>
<token t_id="20" sentence="1" number="7">second-in-command</token>
<token t_id="21" sentence="1" number="8">who</token>
<token t_id="22" sentence="1" number="9">revealed</token>
<token t_id="23" sentence="1" number="10">himself</token>
<token t_id="24" sentence="1" number="11">as</token>
<token t_id="25" sentence="1" number="12">``</token>
<token t_id="26" sentence="1" number="13">Deep</token>
<token t_id="27" sentence="1" number="14">Throat</token>
<token t_id="28" sentence="1" number="15">''</token>
<token t_id="29" sentence="1" number="16">30</token>
<token t_id="30" sentence="1" number="17">years</token>
<token t_id="31" sentence="1" number="18">after</token>
<token t_id="32" sentence="1" number="19">he</token>
<token t_id="33" sentence="1" number="20">tipped</token>
<token t_id="34" sentence="1" number="21">off</token>
<token t_id="35" sentence="1" number="22">reporters</token>
<token t_id="36" sentence="1" number="23">to</token>
<token t_id="37" sentence="1" number="24">the</token>
<token t_id="38" sentence="1" number="25">Watergate</token>
<token t_id="39" sentence="1" number="26">scandal</token>
<token t_id="40" sentence="1" number="27">that</token>
<token t_id="41" sentence="1" number="28">toppled</token>
<token t_id="42" sentence="1" number="29">a</token>
<token t_id="43" sentence="1" number="30">president</token>
<token t_id="44" sentence="1" number="31">,</token>
<token t_id="45" sentence="1" number="32">has</token>
<token t_id="46" sentence="1" number="33">died</token>
<token t_id="47" sentence="1" number="34">.</token>
<token t_id="48" sentence="2" number="0">He</token>
<token t_id="49" sentence="2" number="1">was</token>
<token t_id="50" sentence="2" number="2">95</token>
<token t_id="51" sentence="2" number="3">.</token>
<token t_id="52" sentence="3" number="0">Felt</token>
<token t_id="53" sentence="3" number="1">died</token>
<token t_id="54" sentence="3" number="2">Thursday</token>
<token t_id="55" sentence="3" number="3">in</token>
<token t_id="56" sentence="3" number="4">Santa</token>
<token t_id="57" sentence="3" number="5">Rosa</token>
<token t_id="58" sentence="3" number="6">after</token>
<token t_id="59" sentence="3" number="7">suffering</token>
<token t_id="60" sentence="3" number="8">from</token>
<token t_id="61" sentence="3" number="9">congestive</token>
<token t_id="62" sentence="3" number="10">heart</token>
<token t_id="63" sentence="3" number="11">failure</token>
<token t_id="64" sentence="3" number="12">for</token>
<token t_id="65" sentence="3" number="13">several</token>
<token t_id="66" sentence="3" number="14">months</token>
<token t_id="67" sentence="3" number="15">,</token>
<token t_id="68" sentence="3" number="16">said</token>
<token t_id="69" sentence="3" number="17">family</token>
<token t_id="70" sentence="3" number="18">friend</token>
<token t_id="71" sentence="3" number="19">John</token>
<token t_id="72" sentence="3" number="20">D.</token>
<token t_id="73" sentence="3" number="21">O'Connor</token>
<token t_id="74" sentence="3" number="22">,</token>
<token t_id="75" sentence="3" number="23">who</token>
<token t_id="76" sentence="3" number="24">wrote</token>
<token t_id="77" sentence="3" number="25">the</token>
<token t_id="78" sentence="3" number="26">2005</token>
<token t_id="79" sentence="3" number="27">Vanity</token>
<token t_id="80" sentence="3" number="28">Fair</token>
<token t_id="81" sentence="3" number="29">article</token>
<token t_id="82" sentence="3" number="30">uncovering</token>
<token t_id="83" sentence="3" number="31">Felt</token>
<token t_id="84" sentence="3" number="32">'s</token>
<token t_id="85" sentence="3" number="33">secret</token>
<token t_id="86" sentence="3" number="34">.</token>
<token t_id="87" sentence="4" number="0">The</token>
<token t_id="88" sentence="4" number="1">shadowy</token>
<token t_id="89" sentence="4" number="2">central</token>
<token t_id="90" sentence="4" number="3">figure</token>
<token t_id="91" sentence="4" number="4">in</token>
<token t_id="92" sentence="4" number="5">the</token>
<token t_id="93" sentence="4" number="6">one</token>
<token t_id="94" sentence="4" number="7">of</token>
<token t_id="95" sentence="4" number="8">the</token>
<token t_id="96" sentence="4" number="9">most</token>
<token t_id="97" sentence="4" number="10">gripping</token>
<token t_id="98" sentence="4" number="11">political</token>
<token t_id="99" sentence="4" number="12">dramas</token>
<token t_id="100" sentence="4" number="13">of</token>
<token t_id="101" sentence="4" number="14">the</token>
<token t_id="102" sentence="4" number="15">20th</token>
<token t_id="103" sentence="4" number="16">century</token>
<token t_id="104" sentence="4" number="17">,</token>
<token t_id="105" sentence="4" number="18">Felt</token>
<token t_id="106" sentence="4" number="19">insisted</token>
<token t_id="107" sentence="4" number="20">his</token>
<token t_id="108" sentence="4" number="21">alter</token>
<token t_id="109" sentence="4" number="22">ego</token>
<token t_id="110" sentence="4" number="23">be</token>
<token t_id="111" sentence="4" number="24">kept</token>
<token t_id="112" sentence="4" number="25">secret</token>
<token t_id="113" sentence="4" number="26">when</token>
<token t_id="114" sentence="4" number="27">he</token>
<token t_id="115" sentence="4" number="28">leaked</token>
<token t_id="116" sentence="4" number="29">damaging</token>
<token t_id="117" sentence="4" number="30">information</token>
<token t_id="118" sentence="4" number="31">about</token>
<token t_id="119" sentence="4" number="32">President</token>
<token t_id="120" sentence="4" number="33">Richard</token>
<token t_id="121" sentence="4" number="34">Nixon</token>
<token t_id="122" sentence="4" number="35">and</token>
<token t_id="123" sentence="4" number="36">his</token>
<token t_id="124" sentence="4" number="37">aides</token>
<token t_id="125" sentence="4" number="38">to</token>
<token t_id="126" sentence="4" number="39">Washington</token>
<token t_id="127" sentence="4" number="40">Post</token>
<token t_id="128" sentence="4" number="41">reporter</token>
<token t_id="129" sentence="4" number="42">Bob</token>
<token t_id="130" sentence="4" number="43">Woodward</token>
<token t_id="131" sentence="4" number="44">.</token>
<token t_id="132" sentence="5" number="0">While</token>
<token t_id="133" sentence="5" number="1">some</token>
<token t_id="134" sentence="5" number="2">-</token>
<token t_id="135" sentence="5" number="3">including</token>
<token t_id="136" sentence="5" number="4">Nixon</token>
<token t_id="137" sentence="5" number="5">and</token>
<token t_id="138" sentence="5" number="6">his</token>
<token t_id="139" sentence="5" number="7">aides</token>
<token t_id="140" sentence="5" number="8">-</token>
<token t_id="141" sentence="5" number="9">speculated</token>
<token t_id="142" sentence="5" number="10">that</token>
<token t_id="143" sentence="5" number="11">Felt</token>
<token t_id="144" sentence="5" number="12">was</token>
<token t_id="145" sentence="5" number="13">the</token>
<token t_id="146" sentence="5" number="14">source</token>
<token t_id="147" sentence="5" number="15">who</token>
<token t_id="148" sentence="5" number="16">connected</token>
<token t_id="149" sentence="5" number="17">the</token>
<token t_id="150" sentence="5" number="18">White</token>
<token t_id="151" sentence="5" number="19">House</token>
<token t_id="152" sentence="5" number="20">to</token>
<token t_id="153" sentence="5" number="21">the</token>
<token t_id="154" sentence="5" number="22">June</token>
<token t_id="155" sentence="5" number="23">1972</token>
<token t_id="156" sentence="5" number="24">break-in</token>
<token t_id="157" sentence="5" number="25">at</token>
<token t_id="158" sentence="5" number="26">the</token>
<token t_id="159" sentence="5" number="27">headquarters</token>
<token t_id="160" sentence="5" number="28">of</token>
<token t_id="161" sentence="5" number="29">the</token>
<token t_id="162" sentence="5" number="30">Democratic</token>
<token t_id="163" sentence="5" number="31">National</token>
<token t_id="164" sentence="5" number="32">Committee</token>
<token t_id="165" sentence="5" number="33">,</token>
<token t_id="166" sentence="5" number="34">he</token>
<token t_id="167" sentence="5" number="35">steadfastly</token>
<token t_id="168" sentence="5" number="36">denied</token>
<token t_id="169" sentence="5" number="37">the</token>
<token t_id="170" sentence="5" number="38">accusations</token>
<token t_id="171" sentence="5" number="39">until</token>
<token t_id="172" sentence="5" number="40">finally</token>
<token t_id="173" sentence="5" number="41">coming</token>
<token t_id="174" sentence="5" number="42">forward</token>
<token t_id="175" sentence="5" number="43">in</token>
<token t_id="176" sentence="5" number="44">May</token>
<token t_id="177" sentence="5" number="45">2005</token>
<token t_id="178" sentence="5" number="46">.</token>
<token t_id="179" sentence="6" number="0">``</token>
<token t_id="180" sentence="6" number="1">I</token>
<token t_id="181" sentence="6" number="2">'m</token>
<token t_id="182" sentence="6" number="3">the</token>
<token t_id="183" sentence="6" number="4">guy</token>
<token t_id="184" sentence="6" number="5">they</token>
<token t_id="185" sentence="6" number="6">used</token>
<token t_id="186" sentence="6" number="7">to</token>
<token t_id="187" sentence="6" number="8">call</token>
<token t_id="188" sentence="6" number="9">Deep</token>
<token t_id="189" sentence="6" number="10">Throat</token>
<token t_id="190" sentence="6" number="11">,</token>
<token t_id="191" sentence="6" number="12">''</token>
<token t_id="192" sentence="6" number="13">Felt</token>
<token t_id="193" sentence="6" number="14">told</token>
<token t_id="194" sentence="6" number="15">O'Connor</token>
<token t_id="195" sentence="6" number="16">for</token>
<token t_id="196" sentence="6" number="17">the</token>
<token t_id="197" sentence="6" number="18">Vanity</token>
<token t_id="198" sentence="6" number="19">Fair</token>
<token t_id="199" sentence="6" number="20">article</token>
<token t_id="200" sentence="6" number="21">,</token>
<token t_id="201" sentence="6" number="22">creating</token>
<token t_id="202" sentence="6" number="23">a</token>
<token t_id="203" sentence="6" number="24">whirlwind</token>
<token t_id="204" sentence="6" number="25">of</token>
<token t_id="205" sentence="6" number="26">media</token>
<token t_id="206" sentence="6" number="27">attention</token>
<token t_id="207" sentence="6" number="28">.</token>
<token t_id="208" sentence="7" number="0">Weakened</token>
<token t_id="209" sentence="7" number="1">by</token>
<token t_id="210" sentence="7" number="2">a</token>
<token t_id="211" sentence="7" number="3">stroke</token>
<token t_id="212" sentence="7" number="4">,</token>
<token t_id="213" sentence="7" number="5">the</token>
<token t_id="214" sentence="7" number="6">man</token>
<token t_id="215" sentence="7" number="7">who</token>
<token t_id="216" sentence="7" number="8">had</token>
<token t_id="217" sentence="7" number="9">kept</token>
<token t_id="218" sentence="7" number="10">his</token>
<token t_id="219" sentence="7" number="11">secret</token>
<token t_id="220" sentence="7" number="12">for</token>
<token t_id="221" sentence="7" number="13">decades</token>
<token t_id="222" sentence="7" number="14">was</token>
<token t_id="223" sentence="7" number="15">n't</token>
<token t_id="224" sentence="7" number="16">doing</token>
<token t_id="225" sentence="7" number="17">much</token>
<token t_id="226" sentence="7" number="18">talking</token>
<token t_id="227" sentence="7" number="19">-</token>
<token t_id="228" sentence="7" number="20">he</token>
<token t_id="229" sentence="7" number="21">merely</token>
<token t_id="230" sentence="7" number="22">waved</token>
<token t_id="231" sentence="7" number="23">to</token>
<token t_id="232" sentence="7" number="24">the</token>
<token t_id="233" sentence="7" number="25">media</token>
<token t_id="234" sentence="7" number="26">from</token>
<token t_id="235" sentence="7" number="27">the</token>
<token t_id="236" sentence="7" number="28">front</token>
<token t_id="237" sentence="7" number="29">door</token>
<token t_id="238" sentence="7" number="30">of</token>
<token t_id="239" sentence="7" number="31">his</token>
<token t_id="240" sentence="7" number="32">daughter</token>
<token t_id="241" sentence="7" number="33">'s</token>
<token t_id="242" sentence="7" number="34">Santa</token>
<token t_id="243" sentence="7" number="35">Rosa</token>
<token t_id="244" sentence="7" number="36">home</token>
<token t_id="245" sentence="7" number="37">.</token>
<token t_id="246" sentence="8" number="0">Critics</token>
<token t_id="247" sentence="8" number="1">,</token>
<token t_id="248" sentence="8" number="2">including</token>
<token t_id="249" sentence="8" number="3">those</token>
<token t_id="250" sentence="8" number="4">who</token>
<token t_id="251" sentence="8" number="5">went</token>
<token t_id="252" sentence="8" number="6">to</token>
<token t_id="253" sentence="8" number="7">prison</token>
<token t_id="254" sentence="8" number="8">for</token>
<token t_id="255" sentence="8" number="9">the</token>
<token t_id="256" sentence="8" number="10">Watergate</token>
<token t_id="257" sentence="8" number="11">scandal</token>
<token t_id="258" sentence="8" number="12">,</token>
<token t_id="259" sentence="8" number="13">called</token>
<token t_id="260" sentence="8" number="14">him</token>
<token t_id="261" sentence="8" number="15">a</token>
<token t_id="262" sentence="8" number="16">traitor</token>
<token t_id="263" sentence="8" number="17">for</token>
<token t_id="264" sentence="8" number="18">betraying</token>
<token t_id="265" sentence="8" number="19">the</token>
<token t_id="266" sentence="8" number="20">commander</token>
<token t_id="267" sentence="8" number="21">in</token>
<token t_id="268" sentence="8" number="22">chief</token>
<token t_id="269" sentence="8" number="23">.</token>
<token t_id="270" sentence="9" number="0">Supporters</token>
<token t_id="271" sentence="9" number="1">hailed</token>
<token t_id="272" sentence="9" number="2">him</token>
<token t_id="273" sentence="9" number="3">as</token>
<token t_id="274" sentence="9" number="4">a</token>
<token t_id="275" sentence="9" number="5">hero</token>
<token t_id="276" sentence="9" number="6">for</token>
<token t_id="277" sentence="9" number="7">blowing</token>
<token t_id="278" sentence="9" number="8">the</token>
<token t_id="279" sentence="9" number="9">whistle</token>
<token t_id="280" sentence="9" number="10">on</token>
<token t_id="281" sentence="9" number="11">a</token>
<token t_id="282" sentence="9" number="12">corrupt</token>
<token t_id="283" sentence="9" number="13">administration</token>
<token t_id="284" sentence="9" number="14">trying</token>
<token t_id="285" sentence="9" number="15">to</token>
<token t_id="286" sentence="9" number="16">cover</token>
<token t_id="287" sentence="9" number="17">up</token>
<token t_id="288" sentence="9" number="18">attempts</token>
<token t_id="289" sentence="9" number="19">to</token>
<token t_id="290" sentence="9" number="20">sabotage</token>
<token t_id="291" sentence="9" number="21">opponents</token>
<token t_id="292" sentence="9" number="22">.</token>
<token t_id="293" sentence="10" number="0">Felt</token>
<token t_id="294" sentence="10" number="1">grappled</token>
<token t_id="295" sentence="10" number="2">with</token>
<token t_id="296" sentence="10" number="3">his</token>
<token t_id="297" sentence="10" number="4">place</token>
<token t_id="298" sentence="10" number="5">in</token>
<token t_id="299" sentence="10" number="6">history</token>
<token t_id="300" sentence="10" number="7">,</token>
<token t_id="301" sentence="10" number="8">arguing</token>
<token t_id="302" sentence="10" number="9">with</token>
<token t_id="303" sentence="10" number="10">his</token>
<token t_id="304" sentence="10" number="11">children</token>
<token t_id="305" sentence="10" number="12">over</token>
<token t_id="306" sentence="10" number="13">whether</token>
<token t_id="307" sentence="10" number="14">to</token>
<token t_id="308" sentence="10" number="15">reveal</token>
<token t_id="309" sentence="10" number="16">his</token>
<token t_id="310" sentence="10" number="17">identity</token>
<token t_id="311" sentence="10" number="18">or</token>
<token t_id="312" sentence="10" number="19">to</token>
<token t_id="313" sentence="10" number="20">take</token>
<token t_id="314" sentence="10" number="21">his</token>
<token t_id="315" sentence="10" number="22">secret</token>
<token t_id="316" sentence="10" number="23">to</token>
<token t_id="317" sentence="10" number="24">the</token>
<token t_id="318" sentence="10" number="25">grave</token>
<token t_id="319" sentence="10" number="26">,</token>
<token t_id="320" sentence="10" number="27">O'Connor</token>
<token t_id="321" sentence="10" number="28">said</token>
<token t_id="322" sentence="10" number="29">.</token>
<token t_id="323" sentence="11" number="0">He</token>
<token t_id="324" sentence="11" number="1">agonized</token>
<token t_id="325" sentence="11" number="2">about</token>
<token t_id="326" sentence="11" number="3">what</token>
<token t_id="327" sentence="11" number="4">revealing</token>
<token t_id="328" sentence="11" number="5">his</token>
<token t_id="329" sentence="11" number="6">identity</token>
<token t_id="330" sentence="11" number="7">would</token>
<token t_id="331" sentence="11" number="8">do</token>
<token t_id="332" sentence="11" number="9">to</token>
<token t_id="333" sentence="11" number="10">his</token>
<token t_id="334" sentence="11" number="11">reputation</token>
<token t_id="335" sentence="11" number="12">.</token>
<token t_id="336" sentence="12" number="0">Would</token>
<token t_id="337" sentence="12" number="1">he</token>
<token t_id="338" sentence="12" number="2">be</token>
<token t_id="339" sentence="12" number="3">seen</token>
<token t_id="340" sentence="12" number="4">as</token>
<token t_id="341" sentence="12" number="5">a</token>
<token t_id="342" sentence="12" number="6">turncoat</token>
<token t_id="343" sentence="12" number="7">or</token>
<token t_id="344" sentence="12" number="8">a</token>
<token t_id="345" sentence="12" number="9">man</token>
<token t_id="346" sentence="12" number="10">of</token>
<token t_id="347" sentence="12" number="11">honor</token>
<token t_id="348" sentence="12" number="12">?</token>
<token t_id="349" sentence="13" number="0">``</token>
<token t_id="350" sentence="13" number="1">People</token>
<token t_id="351" sentence="13" number="2">will</token>
<token t_id="352" sentence="13" number="3">debate</token>
<token t_id="353" sentence="13" number="4">for</token>
<token t_id="354" sentence="13" number="5">a</token>
<token t_id="355" sentence="13" number="6">long</token>
<token t_id="356" sentence="13" number="7">time</token>
<token t_id="357" sentence="13" number="8">whether</token>
<token t_id="358" sentence="13" number="9">I</token>
<token t_id="359" sentence="13" number="10">did</token>
<token t_id="360" sentence="13" number="11">the</token>
<token t_id="361" sentence="13" number="12">right</token>
<token t_id="362" sentence="13" number="13">thing</token>
<token t_id="363" sentence="13" number="14">by</token>
<token t_id="364" sentence="13" number="15">helping</token>
<token t_id="365" sentence="13" number="16">Woodward</token>
<token t_id="366" sentence="13" number="17">,</token>
<token t_id="367" sentence="13" number="18">''</token>
<token t_id="368" sentence="13" number="19">Felt</token>
<token t_id="369" sentence="13" number="20">wrote</token>
<token t_id="370" sentence="13" number="21">in</token>
<token t_id="371" sentence="13" number="22">his</token>
<token t_id="372" sentence="13" number="23">2006</token>
<token t_id="373" sentence="13" number="24">memoir</token>
<token t_id="374" sentence="13" number="25">,</token>
<token t_id="375" sentence="13" number="26">``</token>
<token t_id="376" sentence="13" number="27">A</token>
<token t_id="377" sentence="13" number="28">G-Man</token>
<token t_id="378" sentence="13" number="29">'s</token>
<token t_id="379" sentence="13" number="30">Life</token>
<token t_id="380" sentence="13" number="31">:</token>
<token t_id="381" sentence="13" number="32">The</token>
<token t_id="382" sentence="13" number="33">FBI</token>
<token t_id="383" sentence="13" number="34">,</token>
<token t_id="384" sentence="13" number="35">`Deep</token>
<token t_id="385" sentence="13" number="36">Throat</token>
<token t_id="386" sentence="13" number="37">'</token>
<token t_id="387" sentence="13" number="38">and</token>
<token t_id="388" sentence="13" number="39">the</token>
<token t_id="389" sentence="13" number="40">Struggle</token>
<token t_id="390" sentence="13" number="41">for</token>
<token t_id="391" sentence="13" number="42">Honor</token>
<token t_id="392" sentence="13" number="43">in</token>
<token t_id="393" sentence="13" number="44">Washington</token>
<token t_id="394" sentence="13" number="45">.</token>
<token t_id="395" sentence="13" number="46">''</token>
<token t_id="396" sentence="14" number="0">``</token>
<token t_id="397" sentence="14" number="1">The</token>
<token t_id="398" sentence="14" number="2">bottom</token>
<token t_id="399" sentence="14" number="3">line</token>
<token t_id="400" sentence="14" number="4">is</token>
<token t_id="401" sentence="14" number="5">that</token>
<token t_id="402" sentence="14" number="6">we</token>
<token t_id="403" sentence="14" number="7">did</token>
<token t_id="404" sentence="14" number="8">get</token>
<token t_id="405" sentence="14" number="9">the</token>
<token t_id="406" sentence="14" number="10">whole</token>
<token t_id="407" sentence="14" number="11">truth</token>
<token t_id="408" sentence="14" number="12">out</token>
<token t_id="409" sentence="14" number="13">,</token>
<token t_id="410" sentence="14" number="14">and</token>
<token t_id="411" sentence="14" number="15">is</token>
<token t_id="412" sentence="14" number="16">n't</token>
<token t_id="413" sentence="14" number="17">that</token>
<token t_id="414" sentence="14" number="18">what</token>
<token t_id="415" sentence="14" number="19">the</token>
<token t_id="416" sentence="14" number="20">FBI</token>
<token t_id="417" sentence="14" number="21">is</token>
<token t_id="418" sentence="14" number="22">supposed</token>
<token t_id="419" sentence="14" number="23">to</token>
<token t_id="420" sentence="14" number="24">do</token>
<token t_id="421" sentence="14" number="25">?</token>
<token t_id="422" sentence="14" number="26">''</token>
<token t_id="423" sentence="15" number="0">Ultimately</token>
<token t_id="424" sentence="15" number="1">,</token>
<token t_id="425" sentence="15" number="2">his</token>
<token t_id="426" sentence="15" number="3">daughter</token>
<token t_id="427" sentence="15" number="4">,</token>
<token t_id="428" sentence="15" number="5">Joan</token>
<token t_id="429" sentence="15" number="6">,</token>
<token t_id="430" sentence="15" number="7">persuaded</token>
<token t_id="431" sentence="15" number="8">him</token>
<token t_id="432" sentence="15" number="9">to</token>
<token t_id="433" sentence="15" number="10">go</token>
<token t_id="434" sentence="15" number="11">public</token>
<token t_id="435" sentence="15" number="12">;</token>
<token t_id="436" sentence="16" number="0">after</token>
<token t_id="437" sentence="16" number="1">all</token>
<token t_id="438" sentence="16" number="2">,</token>
<token t_id="439" sentence="16" number="3">Woodward</token>
<token t_id="440" sentence="16" number="4">was</token>
<token t_id="441" sentence="16" number="5">sure</token>
<token t_id="442" sentence="16" number="6">to</token>
<token t_id="443" sentence="16" number="7">profit</token>
<token t_id="444" sentence="16" number="8">by</token>
<token t_id="445" sentence="16" number="9">revealing</token>
<token t_id="446" sentence="16" number="10">the</token>
<token t_id="447" sentence="16" number="11">secret</token>
<token t_id="448" sentence="16" number="12">after</token>
<token t_id="449" sentence="16" number="13">Felt</token>
<token t_id="450" sentence="16" number="14">died</token>
<token t_id="451" sentence="16" number="15">.</token>
<token t_id="452" sentence="17" number="0">``</token>
<token t_id="453" sentence="17" number="1">We</token>
<token t_id="454" sentence="17" number="2">could</token>
<token t_id="455" sentence="17" number="3">make</token>
<token t_id="456" sentence="17" number="4">at</token>
<token t_id="457" sentence="17" number="5">least</token>
<token t_id="458" sentence="17" number="6">enough</token>
<token t_id="459" sentence="17" number="7">money</token>
<token t_id="460" sentence="17" number="8">to</token>
<token t_id="461" sentence="17" number="9">pay</token>
<token t_id="462" sentence="17" number="10">some</token>
<token t_id="463" sentence="17" number="11">bills</token>
<token t_id="464" sentence="17" number="12">,</token>
<token t_id="465" sentence="17" number="13">like</token>
<token t_id="466" sentence="17" number="14">the</token>
<token t_id="467" sentence="17" number="15">debt</token>
<token t_id="468" sentence="17" number="16">I</token>
<token t_id="469" sentence="17" number="17">'ve</token>
<token t_id="470" sentence="17" number="18">run</token>
<token t_id="471" sentence="17" number="19">up</token>
<token t_id="472" sentence="17" number="20">for</token>
<token t_id="473" sentence="17" number="21">the</token>
<token t_id="474" sentence="17" number="22">kids</token>
<token t_id="475" sentence="17" number="23">'</token>
<token t_id="476" sentence="17" number="24">education</token>
<token t_id="477" sentence="17" number="25">,</token>
<token t_id="478" sentence="17" number="26">''</token>
<token t_id="479" sentence="17" number="27">she</token>
<token t_id="480" sentence="17" number="28">told</token>
<token t_id="481" sentence="17" number="29">her</token>
<token t_id="482" sentence="17" number="30">father</token>
<token t_id="483" sentence="17" number="31">,</token>
<token t_id="484" sentence="17" number="32">according</token>
<token t_id="485" sentence="17" number="33">to</token>
<token t_id="486" sentence="17" number="34">the</token>
<token t_id="487" sentence="17" number="35">Vanity</token>
<token t_id="488" sentence="17" number="36">Fair</token>
<token t_id="489" sentence="17" number="37">article</token>
<token t_id="490" sentence="17" number="38">.</token>
<token t_id="491" sentence="18" number="0">``</token>
<token t_id="492" sentence="18" number="1">Let</token>
<token t_id="493" sentence="18" number="2">'s</token>
<token t_id="494" sentence="18" number="3">do</token>
<token t_id="495" sentence="18" number="4">it</token>
<token t_id="496" sentence="18" number="5">for</token>
<token t_id="497" sentence="18" number="6">the</token>
<token t_id="498" sentence="18" number="7">family</token>
<token t_id="499" sentence="18" number="8">.</token>
<token t_id="500" sentence="18" number="9">''</token>
<token t_id="501" sentence="19" number="0">The</token>
<token t_id="502" sentence="19" number="1">revelation</token>
<token t_id="503" sentence="19" number="2">capped</token>
<token t_id="504" sentence="19" number="3">a</token>
<token t_id="505" sentence="19" number="4">Washington</token>
<token t_id="506" sentence="19" number="5">whodunnit</token>
<token t_id="507" sentence="19" number="6">that</token>
<token t_id="508" sentence="19" number="7">spanned</token>
<token t_id="509" sentence="19" number="8">more</token>
<token t_id="510" sentence="19" number="9">than</token>
<token t_id="511" sentence="19" number="10">three</token>
<token t_id="512" sentence="19" number="11">decades</token>
<token t_id="513" sentence="19" number="12">and</token>
<token t_id="514" sentence="19" number="13">seven</token>
<token t_id="515" sentence="19" number="14">presidents</token>
<token t_id="516" sentence="19" number="15">.</token>
<token t_id="517" sentence="20" number="0">It</token>
<token t_id="518" sentence="20" number="1">was</token>
<token t_id="519" sentence="20" number="2">the</token>
<token t_id="520" sentence="20" number="3">final</token>
<token t_id="521" sentence="20" number="4">mystery</token>
<token t_id="522" sentence="20" number="5">of</token>
<token t_id="523" sentence="20" number="6">Watergate</token>
<token t_id="524" sentence="20" number="7">,</token>
<token t_id="525" sentence="20" number="8">the</token>
<token t_id="526" sentence="20" number="9">subject</token>
<token t_id="527" sentence="20" number="10">of</token>
<token t_id="528" sentence="20" number="11">the</token>
<token t_id="529" sentence="20" number="12">best-selling</token>
<token t_id="530" sentence="20" number="13">book</token>
<token t_id="531" sentence="20" number="14">and</token>
<token t_id="532" sentence="20" number="15">hit</token>
<token t_id="533" sentence="20" number="16">movie</token>
<token t_id="534" sentence="20" number="17">``</token>
<token t_id="535" sentence="20" number="18">All</token>
<token t_id="536" sentence="20" number="19">the</token>
<token t_id="537" sentence="20" number="20">President</token>
<token t_id="538" sentence="20" number="21">'s</token>
<token t_id="539" sentence="20" number="22">Men</token>
<token t_id="540" sentence="20" number="23">,</token>
<token t_id="541" sentence="20" number="24">''</token>
<token t_id="542" sentence="20" number="25">which</token>
<token t_id="543" sentence="20" number="26">inspired</token>
<token t_id="544" sentence="20" number="27">a</token>
<token t_id="545" sentence="20" number="28">generation</token>
<token t_id="546" sentence="20" number="29">of</token>
<token t_id="547" sentence="20" number="30">college</token>
<token t_id="548" sentence="20" number="31">students</token>
<token t_id="549" sentence="20" number="32">to</token>
<token t_id="550" sentence="20" number="33">pursue</token>
<token t_id="551" sentence="20" number="34">journalism</token>
<token t_id="552" sentence="20" number="35">.</token>
<token t_id="553" sentence="21" number="0">It</token>
<token t_id="554" sentence="21" number="1">was</token>
<token t_id="555" sentence="21" number="2">by</token>
<token t_id="556" sentence="21" number="3">chance</token>
<token t_id="557" sentence="21" number="4">that</token>
<token t_id="558" sentence="21" number="5">Felt</token>
<token t_id="559" sentence="21" number="6">came</token>
<token t_id="560" sentence="21" number="7">to</token>
<token t_id="561" sentence="21" number="8">play</token>
<token t_id="562" sentence="21" number="9">a</token>
<token t_id="563" sentence="21" number="10">pivotal</token>
<token t_id="564" sentence="21" number="11">role</token>
<token t_id="565" sentence="21" number="12">in</token>
<token t_id="566" sentence="21" number="13">the</token>
<token t_id="567" sentence="21" number="14">drama</token>
<token t_id="568" sentence="21" number="15">.</token>
<token t_id="569" sentence="22" number="0">Back</token>
<token t_id="570" sentence="22" number="1">in</token>
<token t_id="571" sentence="22" number="2">1970</token>
<token t_id="572" sentence="22" number="3">,</token>
<token t_id="573" sentence="22" number="4">Woodward</token>
<token t_id="574" sentence="22" number="5">struck</token>
<token t_id="575" sentence="22" number="6">up</token>
<token t_id="576" sentence="22" number="7">a</token>
<token t_id="577" sentence="22" number="8">conversation</token>
<token t_id="578" sentence="22" number="9">with</token>
<token t_id="579" sentence="22" number="10">Felt</token>
<token t_id="580" sentence="22" number="11">while</token>
<token t_id="581" sentence="22" number="12">both</token>
<token t_id="582" sentence="22" number="13">were</token>
<token t_id="583" sentence="22" number="14">waiting</token>
<token t_id="584" sentence="22" number="15">in</token>
<token t_id="585" sentence="22" number="16">a</token>
<token t_id="586" sentence="22" number="17">White</token>
<token t_id="587" sentence="22" number="18">House</token>
<token t_id="588" sentence="22" number="19">hallway</token>
<token t_id="589" sentence="22" number="20">.</token>
<token t_id="590" sentence="23" number="0">Felt</token>
<token t_id="591" sentence="23" number="1">apparently</token>
<token t_id="592" sentence="23" number="2">took</token>
<token t_id="593" sentence="23" number="3">a</token>
<token t_id="594" sentence="23" number="4">liking</token>
<token t_id="595" sentence="23" number="5">to</token>
<token t_id="596" sentence="23" number="6">the</token>
<token t_id="597" sentence="23" number="7">young</token>
<token t_id="598" sentence="23" number="8">Woodward</token>
<token t_id="599" sentence="23" number="9">,</token>
<token t_id="600" sentence="23" number="10">then</token>
<token t_id="601" sentence="23" number="11">a</token>
<token t_id="602" sentence="23" number="12">Navy</token>
<token t_id="603" sentence="23" number="13">courier</token>
<token t_id="604" sentence="23" number="14">,</token>
<token t_id="605" sentence="23" number="15">and</token>
<token t_id="606" sentence="23" number="16">Woodward</token>
<token t_id="607" sentence="23" number="17">kept</token>
<token t_id="608" sentence="23" number="18">the</token>
<token t_id="609" sentence="23" number="19">relationship</token>
<token t_id="610" sentence="23" number="20">going</token>
<token t_id="611" sentence="23" number="21">,</token>
<token t_id="612" sentence="23" number="22">treating</token>
<token t_id="613" sentence="23" number="23">Felt</token>
<token t_id="614" sentence="23" number="24">as</token>
<token t_id="615" sentence="23" number="25">a</token>
<token t_id="616" sentence="23" number="26">mentor</token>
<token t_id="617" sentence="23" number="27">as</token>
<token t_id="618" sentence="23" number="28">he</token>
<token t_id="619" sentence="23" number="29">tried</token>
<token t_id="620" sentence="23" number="30">to</token>
<token t_id="621" sentence="23" number="31">figure</token>
<token t_id="622" sentence="23" number="32">out</token>
<token t_id="623" sentence="23" number="33">the</token>
<token t_id="624" sentence="23" number="34">ways</token>
<token t_id="625" sentence="23" number="35">of</token>
<token t_id="626" sentence="23" number="36">Washington</token>
<token t_id="627" sentence="23" number="37">.</token>
<token t_id="628" sentence="24" number="0">Later</token>
<token t_id="629" sentence="24" number="1">,</token>
<token t_id="630" sentence="24" number="2">while</token>
<token t_id="631" sentence="24" number="3">Woodward</token>
<token t_id="632" sentence="24" number="4">and</token>
<token t_id="633" sentence="24" number="5">partner</token>
<token t_id="634" sentence="24" number="6">Carl</token>
<token t_id="635" sentence="24" number="7">Bernstein</token>
<token t_id="636" sentence="24" number="8">relied</token>
<token t_id="637" sentence="24" number="9">on</token>
<token t_id="638" sentence="24" number="10">various</token>
<token t_id="639" sentence="24" number="11">unnamed</token>
<token t_id="640" sentence="24" number="12">sources</token>
<token t_id="641" sentence="24" number="13">in</token>
<token t_id="642" sentence="24" number="14">reporting</token>
<token t_id="643" sentence="24" number="15">on</token>
<token t_id="644" sentence="24" number="16">Watergate</token>
<token t_id="645" sentence="24" number="17">,</token>
<token t_id="646" sentence="24" number="18">the</token>
<token t_id="647" sentence="24" number="19">man</token>
<token t_id="648" sentence="24" number="20">their</token>
<token t_id="649" sentence="24" number="21">editor</token>
<token t_id="650" sentence="24" number="22">dubbed</token>
<token t_id="651" sentence="24" number="23">``</token>
<token t_id="652" sentence="24" number="24">Deep</token>
<token t_id="653" sentence="24" number="25">Throat</token>
<token t_id="654" sentence="24" number="26">''</token>
<token t_id="655" sentence="24" number="27">helped</token>
<token t_id="656" sentence="24" number="28">to</token>
<token t_id="657" sentence="24" number="29">keep</token>
<token t_id="658" sentence="24" number="30">them</token>
<token t_id="659" sentence="24" number="31">on</token>
<token t_id="660" sentence="24" number="32">track</token>
<token t_id="661" sentence="24" number="33">and</token>
<token t_id="662" sentence="24" number="34">confirm</token>
<token t_id="663" sentence="24" number="35">vital</token>
<token t_id="664" sentence="24" number="36">information</token>
<token t_id="665" sentence="24" number="37">.</token>
<token t_id="666" sentence="25" number="0">The</token>
<token t_id="667" sentence="25" number="1">Post</token>
<token t_id="668" sentence="25" number="2">won</token>
<token t_id="669" sentence="25" number="3">a</token>
<token t_id="670" sentence="25" number="4">Pulitzer</token>
<token t_id="671" sentence="25" number="5">Prize</token>
<token t_id="672" sentence="25" number="6">for</token>
<token t_id="673" sentence="25" number="7">its</token>
<token t_id="674" sentence="25" number="8">Watergate</token>
<token t_id="675" sentence="25" number="9">coverage</token>
<token t_id="676" sentence="25" number="10">.</token>
<token t_id="677" sentence="26" number="0">Within</token>
<token t_id="678" sentence="26" number="1">days</token>
<token t_id="679" sentence="26" number="2">of</token>
<token t_id="680" sentence="26" number="3">the</token>
<token t_id="681" sentence="26" number="4">burglary</token>
<token t_id="682" sentence="26" number="5">at</token>
<token t_id="683" sentence="26" number="6">Watergate</token>
<token t_id="684" sentence="26" number="7">that</token>
<token t_id="685" sentence="26" number="8">launched</token>
<token t_id="686" sentence="26" number="9">the</token>
<token t_id="687" sentence="26" number="10">Post</token>
<token t_id="688" sentence="26" number="11">'s</token>
<token t_id="689" sentence="26" number="12">investigative</token>
<token t_id="690" sentence="26" number="13">series</token>
<token t_id="691" sentence="26" number="14">,</token>
<token t_id="692" sentence="26" number="15">Woodward</token>
<token t_id="693" sentence="26" number="16">phoned</token>
<token t_id="694" sentence="26" number="17">Felt</token>
<token t_id="695" sentence="26" number="18">.</token>
<token t_id="696" sentence="27" number="0">``</token>
<token t_id="697" sentence="27" number="1">He</token>
<token t_id="698" sentence="27" number="2">reminded</token>
<token t_id="699" sentence="27" number="3">me</token>
<token t_id="700" sentence="27" number="4">how</token>
<token t_id="701" sentence="27" number="5">he</token>
<token t_id="702" sentence="27" number="6">disliked</token>
<token t_id="703" sentence="27" number="7">phone</token>
<token t_id="704" sentence="27" number="8">calls</token>
<token t_id="705" sentence="27" number="9">at</token>
<token t_id="706" sentence="27" number="10">the</token>
<token t_id="707" sentence="27" number="11">office</token>
<token t_id="708" sentence="27" number="12">but</token>
<token t_id="709" sentence="27" number="13">said</token>
<token t_id="710" sentence="27" number="14">that</token>
<token t_id="711" sentence="27" number="15">the</token>
<token t_id="712" sentence="27" number="16">Watergate</token>
<token t_id="713" sentence="27" number="17">burglary</token>
<token t_id="714" sentence="27" number="18">case</token>
<token t_id="715" sentence="27" number="19">was</token>
<token t_id="716" sentence="27" number="20">going</token>
<token t_id="717" sentence="27" number="21">to</token>
<token t_id="718" sentence="27" number="22">`heat</token>
<token t_id="719" sentence="27" number="23">up</token>
<token t_id="720" sentence="27" number="24">'</token>
<token t_id="721" sentence="27" number="25">for</token>
<token t_id="722" sentence="27" number="26">reasons</token>
<token t_id="723" sentence="27" number="27">he</token>
<token t_id="724" sentence="27" number="28">could</token>
<token t_id="725" sentence="27" number="29">not</token>
<token t_id="726" sentence="27" number="30">explain</token>
<token t_id="727" sentence="27" number="31">,</token>
<token t_id="728" sentence="27" number="32">''</token>
<token t_id="729" sentence="27" number="33">Woodward</token>
<token t_id="730" sentence="27" number="34">wrote</token>
<token t_id="731" sentence="27" number="35">after</token>
<token t_id="732" sentence="27" number="36">Felt</token>
<token t_id="733" sentence="27" number="37">was</token>
<token t_id="734" sentence="27" number="38">named</token>
<token t_id="735" sentence="27" number="39">.</token>
<token t_id="736" sentence="28" number="0">``</token>
<token t_id="737" sentence="28" number="1">He</token>
<token t_id="738" sentence="28" number="2">then</token>
<token t_id="739" sentence="28" number="3">hung</token>
<token t_id="740" sentence="28" number="4">up</token>
<token t_id="741" sentence="28" number="5">abruptly</token>
<token t_id="742" sentence="28" number="6">.</token>
<token t_id="743" sentence="28" number="7">''</token>
<token t_id="744" sentence="29" number="0">Felt</token>
<token t_id="745" sentence="29" number="1">helped</token>
<token t_id="746" sentence="29" number="2">Woodward</token>
<token t_id="747" sentence="29" number="3">link</token>
<token t_id="748" sentence="29" number="4">former</token>
<token t_id="749" sentence="29" number="5">CIA</token>
<token t_id="750" sentence="29" number="6">man</token>
<token t_id="751" sentence="29" number="7">Howard</token>
<token t_id="752" sentence="29" number="8">Hunt</token>
<token t_id="753" sentence="29" number="9">to</token>
<token t_id="754" sentence="29" number="10">the</token>
<token t_id="755" sentence="29" number="11">break-in</token>
<token t_id="756" sentence="29" number="12">.</token>
<token t_id="757" sentence="30" number="0">He</token>
<token t_id="758" sentence="30" number="1">said</token>
<token t_id="759" sentence="30" number="2">the</token>
<token t_id="760" sentence="30" number="3">reporter</token>
<token t_id="761" sentence="30" number="4">could</token>
<token t_id="762" sentence="30" number="5">accurately</token>
<token t_id="763" sentence="30" number="6">write</token>
<token t_id="764" sentence="30" number="7">that</token>
<token t_id="765" sentence="30" number="8">Hunt</token>
<token t_id="766" sentence="30" number="9">,</token>
<token t_id="767" sentence="30" number="10">whose</token>
<token t_id="768" sentence="30" number="11">name</token>
<token t_id="769" sentence="30" number="12">was</token>
<token t_id="770" sentence="30" number="13">found</token>
<token t_id="771" sentence="30" number="14">in</token>
<token t_id="772" sentence="30" number="15">the</token>
<token t_id="773" sentence="30" number="16">address</token>
<token t_id="774" sentence="30" number="17">book</token>
<token t_id="775" sentence="30" number="18">of</token>
<token t_id="776" sentence="30" number="19">one</token>
<token t_id="777" sentence="30" number="20">of</token>
<token t_id="778" sentence="30" number="21">the</token>
<token t_id="779" sentence="30" number="22">burglars</token>
<token t_id="780" sentence="30" number="23">,</token>
<token t_id="781" sentence="30" number="24">was</token>
<token t_id="782" sentence="30" number="25">a</token>
<token t_id="783" sentence="30" number="26">suspect</token>
<token t_id="784" sentence="30" number="27">.</token>
<token t_id="785" sentence="31" number="0">But</token>
<token t_id="786" sentence="31" number="1">Felt</token>
<token t_id="787" sentence="31" number="2">told</token>
<token t_id="788" sentence="31" number="3">him</token>
<token t_id="789" sentence="31" number="4">off</token>
<token t_id="790" sentence="31" number="5">the</token>
<token t_id="791" sentence="31" number="6">record</token>
<token t_id="792" sentence="31" number="7">,</token>
<token t_id="793" sentence="31" number="8">insisting</token>
<token t_id="794" sentence="31" number="9">that</token>
<token t_id="795" sentence="31" number="10">their</token>
<token t_id="796" sentence="31" number="11">relationship</token>
<token t_id="797" sentence="31" number="12">and</token>
<token t_id="798" sentence="31" number="13">Felt</token>
<token t_id="799" sentence="31" number="14">'s</token>
<token t_id="800" sentence="31" number="15">identity</token>
<token t_id="801" sentence="31" number="16">remain</token>
<token t_id="802" sentence="31" number="17">secret</token>
<token t_id="803" sentence="31" number="18">.</token>
<token t_id="804" sentence="32" number="0">Worried</token>
<token t_id="805" sentence="32" number="1">that</token>
<token t_id="806" sentence="32" number="2">phones</token>
<token t_id="807" sentence="32" number="3">were</token>
<token t_id="808" sentence="32" number="4">being</token>
<token t_id="809" sentence="32" number="5">tapped</token>
<token t_id="810" sentence="32" number="6">,</token>
<token t_id="811" sentence="32" number="7">Felt</token>
<token t_id="812" sentence="32" number="8">arranged</token>
<token t_id="813" sentence="32" number="9">clandestine</token>
<token t_id="814" sentence="32" number="10">meetings</token>
<token t_id="815" sentence="32" number="11">worthy</token>
<token t_id="816" sentence="32" number="12">of</token>
<token t_id="817" sentence="32" number="13">a</token>
<token t_id="818" sentence="32" number="14">spy</token>
<token t_id="819" sentence="32" number="15">novel</token>
<token t_id="820" sentence="32" number="16">.</token>
<token t_id="821" sentence="33" number="0">Woodward</token>
<token t_id="822" sentence="33" number="1">would</token>
<token t_id="823" sentence="33" number="2">move</token>
<token t_id="824" sentence="33" number="3">a</token>
<token t_id="825" sentence="33" number="4">flower</token>
<token t_id="826" sentence="33" number="5">pot</token>
<token t_id="827" sentence="33" number="6">with</token>
<token t_id="828" sentence="33" number="7">a</token>
<token t_id="829" sentence="33" number="8">red</token>
<token t_id="830" sentence="33" number="9">flag</token>
<token t_id="831" sentence="33" number="10">on</token>
<token t_id="832" sentence="33" number="11">his</token>
<token t_id="833" sentence="33" number="12">balcony</token>
<token t_id="834" sentence="33" number="13">if</token>
<token t_id="835" sentence="33" number="14">he</token>
<token t_id="836" sentence="33" number="15">needed</token>
<token t_id="837" sentence="33" number="16">to</token>
<token t_id="838" sentence="33" number="17">meet</token>
<token t_id="839" sentence="33" number="18">Felt</token>
<token t_id="840" sentence="33" number="19">.</token>
<token t_id="841" sentence="34" number="0">The</token>
<token t_id="842" sentence="34" number="1">G-man</token>
<token t_id="843" sentence="34" number="2">would</token>
<token t_id="844" sentence="34" number="3">scrawl</token>
<token t_id="845" sentence="34" number="4">a</token>
<token t_id="846" sentence="34" number="5">time</token>
<token t_id="847" sentence="34" number="6">to</token>
<token t_id="848" sentence="34" number="7">meet</token>
<token t_id="849" sentence="34" number="8">on</token>
<token t_id="850" sentence="34" number="9">page</token>
<token t_id="851" sentence="34" number="10">20</token>
<token t_id="852" sentence="34" number="11">of</token>
<token t_id="853" sentence="34" number="12">Woodward</token>
<token t_id="854" sentence="34" number="13">'s</token>
<token t_id="855" sentence="34" number="14">copy</token>
<token t_id="856" sentence="34" number="15">of</token>
<token t_id="857" sentence="34" number="16">The</token>
<token t_id="858" sentence="34" number="17">New</token>
<token t_id="859" sentence="34" number="18">York</token>
<token t_id="860" sentence="34" number="19">Times</token>
<token t_id="861" sentence="34" number="20">and</token>
<token t_id="862" sentence="34" number="21">they</token>
<token t_id="863" sentence="34" number="22">would</token>
<token t_id="864" sentence="34" number="23">rendezvous</token>
<token t_id="865" sentence="34" number="24">in</token>
<token t_id="866" sentence="34" number="25">a</token>
<token t_id="867" sentence="34" number="26">suburban</token>
<token t_id="868" sentence="34" number="27">Virginia</token>
<token t_id="869" sentence="34" number="28">parking</token>
<token t_id="870" sentence="34" number="29">garage</token>
<token t_id="871" sentence="34" number="30">in</token>
<token t_id="872" sentence="34" number="31">the</token>
<token t_id="873" sentence="34" number="32">dead</token>
<token t_id="874" sentence="34" number="33">of</token>
<token t_id="875" sentence="34" number="34">night</token>
<token t_id="876" sentence="34" number="35">.</token>
<token t_id="877" sentence="35" number="0">In</token>
<token t_id="878" sentence="35" number="1">the</token>
<token t_id="879" sentence="35" number="2">movie</token>
<token t_id="880" sentence="35" number="3">,</token>
<token t_id="881" sentence="35" number="4">the</token>
<token t_id="882" sentence="35" number="5">enduring</token>
<token t_id="883" sentence="35" number="6">image</token>
<token t_id="884" sentence="35" number="7">of</token>
<token t_id="885" sentence="35" number="8">Deep</token>
<token t_id="886" sentence="35" number="9">Throat</token>
<token t_id="887" sentence="35" number="10">-</token>
<token t_id="888" sentence="35" number="11">a</token>
<token t_id="889" sentence="35" number="12">name</token>
<token t_id="890" sentence="35" number="13">borrowed</token>
<token t_id="891" sentence="35" number="14">from</token>
<token t_id="892" sentence="35" number="15">a</token>
<token t_id="893" sentence="35" number="16">1972</token>
<token t_id="894" sentence="35" number="17">porn</token>
<token t_id="895" sentence="35" number="18">movie</token>
<token t_id="896" sentence="35" number="19">-</token>
<token t_id="897" sentence="35" number="20">is</token>
<token t_id="898" sentence="35" number="21">of</token>
<token t_id="899" sentence="35" number="22">a</token>
<token t_id="900" sentence="35" number="23">testy</token>
<token t_id="901" sentence="35" number="24">,</token>
<token t_id="902" sentence="35" number="25">chain-smoking</token>
<token t_id="903" sentence="35" number="26">Hal</token>
<token t_id="904" sentence="35" number="27">Holbrook</token>
<token t_id="905" sentence="35" number="28">telling</token>
<token t_id="906" sentence="35" number="29">Woodward</token>
<token t_id="907" sentence="35" number="30">,</token>
<token t_id="908" sentence="35" number="31">played</token>
<token t_id="909" sentence="35" number="32">by</token>
<token t_id="910" sentence="35" number="33">Robert</token>
<token t_id="911" sentence="35" number="34">Redford</token>
<token t_id="912" sentence="35" number="35">,</token>
<token t_id="913" sentence="35" number="36">to</token>
<token t_id="914" sentence="35" number="37">``</token>
<token t_id="915" sentence="35" number="38">follow</token>
<token t_id="916" sentence="35" number="39">the</token>
<token t_id="917" sentence="35" number="40">money</token>
<token t_id="918" sentence="35" number="41">.</token>
<token t_id="919" sentence="35" number="42">''</token>
<token t_id="920" sentence="36" number="0">In</token>
<token t_id="921" sentence="36" number="1">a</token>
<token t_id="922" sentence="36" number="2">memoir</token>
<token t_id="923" sentence="36" number="3">published</token>
<token t_id="924" sentence="36" number="4">in</token>
<token t_id="925" sentence="36" number="5">April</token>
<token t_id="926" sentence="36" number="6">2006</token>
<token t_id="927" sentence="36" number="7">,</token>
<token t_id="928" sentence="36" number="8">Felt</token>
<token t_id="929" sentence="36" number="9">said</token>
<token t_id="930" sentence="36" number="10">he</token>
<token t_id="931" sentence="36" number="11">saw</token>
<token t_id="932" sentence="36" number="12">himself</token>
<token t_id="933" sentence="36" number="13">as</token>
<token t_id="934" sentence="36" number="14">a</token>
<token t_id="935" sentence="36" number="15">``</token>
<token t_id="936" sentence="36" number="16">Lone</token>
<token t_id="937" sentence="36" number="17">Ranger</token>
<token t_id="938" sentence="36" number="18">''</token>
<token t_id="939" sentence="36" number="19">who</token>
<token t_id="940" sentence="36" number="20">could</token>
<token t_id="941" sentence="36" number="21">help</token>
<token t_id="942" sentence="36" number="22">derail</token>
<token t_id="943" sentence="36" number="23">a</token>
<token t_id="944" sentence="36" number="24">White</token>
<token t_id="945" sentence="36" number="25">House</token>
<token t_id="946" sentence="36" number="26">cover-up</token>
<token t_id="947" sentence="36" number="27">.</token>
<token t_id="948" sentence="37" number="0">Felt</token>
<token t_id="949" sentence="37" number="1">wrote</token>
<token t_id="950" sentence="37" number="2">that</token>
<token t_id="951" sentence="37" number="3">he</token>
<token t_id="952" sentence="37" number="4">was</token>
<token t_id="953" sentence="37" number="5">upset</token>
<token t_id="954" sentence="37" number="6">by</token>
<token t_id="955" sentence="37" number="7">the</token>
<token t_id="956" sentence="37" number="8">slow</token>
<token t_id="957" sentence="37" number="9">pace</token>
<token t_id="958" sentence="37" number="10">of</token>
<token t_id="959" sentence="37" number="11">the</token>
<token t_id="960" sentence="37" number="12">FBI</token>
<token t_id="961" sentence="37" number="13">investigation</token>
<token t_id="962" sentence="37" number="14">into</token>
<token t_id="963" sentence="37" number="15">the</token>
<token t_id="964" sentence="37" number="16">Watergate</token>
<token t_id="965" sentence="37" number="17">break-in</token>
<token t_id="966" sentence="37" number="18">and</token>
<token t_id="967" sentence="37" number="19">believed</token>
<token t_id="968" sentence="37" number="20">the</token>
<token t_id="969" sentence="37" number="21">press</token>
<token t_id="970" sentence="37" number="22">could</token>
<token t_id="971" sentence="37" number="23">pressure</token>
<token t_id="972" sentence="37" number="24">the</token>
<token t_id="973" sentence="37" number="25">administration</token>
<token t_id="974" sentence="37" number="26">to</token>
<token t_id="975" sentence="37" number="27">cooperate</token>
<token t_id="976" sentence="37" number="28">.</token>
<token t_id="977" sentence="38" number="0">``</token>
<token t_id="978" sentence="38" number="1">From</token>
<token t_id="979" sentence="38" number="2">the</token>
<token t_id="980" sentence="38" number="3">start</token>
<token t_id="981" sentence="38" number="4">,</token>
<token t_id="982" sentence="38" number="5">it</token>
<token t_id="983" sentence="38" number="6">was</token>
<token t_id="984" sentence="38" number="7">clear</token>
<token t_id="985" sentence="38" number="8">that</token>
<token t_id="986" sentence="38" number="9">senior</token>
<token t_id="987" sentence="38" number="10">administration</token>
<token t_id="988" sentence="38" number="11">officials</token>
<token t_id="989" sentence="38" number="12">were</token>
<token t_id="990" sentence="38" number="13">up</token>
<token t_id="991" sentence="38" number="14">to</token>
<token t_id="992" sentence="38" number="15">their</token>
<token t_id="993" sentence="38" number="16">necks</token>
<token t_id="994" sentence="38" number="17">in</token>
<token t_id="995" sentence="38" number="18">this</token>
<token t_id="996" sentence="38" number="19">mess</token>
<token t_id="997" sentence="38" number="20">,</token>
<token t_id="998" sentence="38" number="21">and</token>
<token t_id="999" sentence="38" number="22">that</token>
<token t_id="1000" sentence="38" number="23">they</token>
<token t_id="1001" sentence="38" number="24">would</token>
<token t_id="1002" sentence="38" number="25">stop</token>
<token t_id="1003" sentence="38" number="26">at</token>
<token t_id="1004" sentence="38" number="27">nothing</token>
<token t_id="1005" sentence="38" number="28">to</token>
<token t_id="1006" sentence="38" number="29">sabotage</token>
<token t_id="1007" sentence="38" number="30">our</token>
<token t_id="1008" sentence="38" number="31">investigation</token>
<token t_id="1009" sentence="38" number="32">,</token>
<token t_id="1010" sentence="38" number="33">''</token>
<token t_id="1011" sentence="38" number="34">Felt</token>
<token t_id="1012" sentence="38" number="35">wrote</token>
<token t_id="1013" sentence="38" number="36">in</token>
<token t_id="1014" sentence="38" number="37">his</token>
<token t_id="1015" sentence="38" number="38">memoir</token>
<token t_id="1016" sentence="38" number="39">.</token>
<token t_id="1017" sentence="39" number="0">Some</token>
<token t_id="1018" sentence="39" number="1">critics</token>
<token t_id="1019" sentence="39" number="2">said</token>
<token t_id="1020" sentence="39" number="3">Felt</token>
<token t_id="1021" sentence="39" number="4">,</token>
<token t_id="1022" sentence="39" number="5">a</token>
<token t_id="1023" sentence="39" number="6">J.</token>
<token t_id="1024" sentence="39" number="7">Edgar</token>
<token t_id="1025" sentence="39" number="8">Hoover</token>
<token t_id="1026" sentence="39" number="9">loyalist</token>
<token t_id="1027" sentence="39" number="10">,</token>
<token t_id="1028" sentence="39" number="11">was</token>
<token t_id="1029" sentence="39" number="12">bitter</token>
<token t_id="1030" sentence="39" number="13">at</token>
<token t_id="1031" sentence="39" number="14">being</token>
<token t_id="1032" sentence="39" number="15">passed</token>
<token t_id="1033" sentence="39" number="16">over</token>
<token t_id="1034" sentence="39" number="17">when</token>
<token t_id="1035" sentence="39" number="18">Nixon</token>
<token t_id="1036" sentence="39" number="19">appointed</token>
<token t_id="1037" sentence="39" number="20">an</token>
<token t_id="1038" sentence="39" number="21">FBI</token>
<token t_id="1039" sentence="39" number="22">outsider</token>
<token t_id="1040" sentence="39" number="23">and</token>
<token t_id="1041" sentence="39" number="24">confidante</token>
<token t_id="1042" sentence="39" number="25">,</token>
<token t_id="1043" sentence="39" number="26">L.</token>
<token t_id="1044" sentence="39" number="27">Patrick</token>
<token t_id="1045" sentence="39" number="28">Gray</token>
<token t_id="1046" sentence="39" number="29">,</token>
<token t_id="1047" sentence="39" number="30">to</token>
<token t_id="1048" sentence="39" number="31">lead</token>
<token t_id="1049" sentence="39" number="32">the</token>
<token t_id="1050" sentence="39" number="33">FBI</token>
<token t_id="1051" sentence="39" number="34">after</token>
<token t_id="1052" sentence="39" number="35">Hoover</token>
<token t_id="1053" sentence="39" number="36">'s</token>
<token t_id="1054" sentence="39" number="37">death</token>
<token t_id="1055" sentence="39" number="38">.</token>
<token t_id="1056" sentence="40" number="0">Gray</token>
<token t_id="1057" sentence="40" number="1">was</token>
<token t_id="1058" sentence="40" number="2">later</token>
<token t_id="1059" sentence="40" number="3">implicated</token>
<token t_id="1060" sentence="40" number="4">in</token>
<token t_id="1061" sentence="40" number="5">Watergate</token>
<token t_id="1062" sentence="40" number="6">abuses</token>
<token t_id="1063" sentence="40" number="7">.</token>
<token t_id="1064" sentence="41" number="0">``</token>
<token t_id="1065" sentence="41" number="1">We</token>
<token t_id="1066" sentence="41" number="2">had</token>
<token t_id="1067" sentence="41" number="3">no</token>
<token t_id="1068" sentence="41" number="4">idea</token>
<token t_id="1069" sentence="41" number="5">of</token>
<token t_id="1070" sentence="41" number="6">his</token>
<token t_id="1071" sentence="41" number="7">motivations</token>
<token t_id="1072" sentence="41" number="8">,</token>
<token t_id="1073" sentence="41" number="9">and</token>
<token t_id="1074" sentence="41" number="10">even</token>
<token t_id="1075" sentence="41" number="11">now</token>
<token t_id="1076" sentence="41" number="12">some</token>
<token t_id="1077" sentence="41" number="13">of</token>
<token t_id="1078" sentence="41" number="14">his</token>
<token t_id="1079" sentence="41" number="15">motivations</token>
<token t_id="1080" sentence="41" number="16">are</token>
<token t_id="1081" sentence="41" number="17">unclear</token>
<token t_id="1082" sentence="41" number="18">,</token>
<token t_id="1083" sentence="41" number="19">''</token>
<token t_id="1084" sentence="41" number="20">Bernstein</token>
<token t_id="1085" sentence="41" number="21">said</token>
<token t_id="1086" sentence="41" number="22">.</token>
<token t_id="1087" sentence="42" number="0">Felt</token>
<token t_id="1088" sentence="42" number="1">wrote</token>
<token t_id="1089" sentence="42" number="2">that</token>
<token t_id="1090" sentence="42" number="3">he</token>
<token t_id="1091" sentence="42" number="4">was</token>
<token t_id="1092" sentence="42" number="5">n't</token>
<token t_id="1093" sentence="42" number="6">motivated</token>
<token t_id="1094" sentence="42" number="7">by</token>
<token t_id="1095" sentence="42" number="8">anger</token>
<token t_id="1096" sentence="42" number="9">.</token>
<token t_id="1097" sentence="43" number="0">``</token>
<token t_id="1098" sentence="43" number="1">It</token>
<token t_id="1099" sentence="43" number="2">is</token>
<token t_id="1100" sentence="43" number="3">true</token>
<token t_id="1101" sentence="43" number="4">that</token>
<token t_id="1102" sentence="43" number="5">I</token>
<token t_id="1103" sentence="43" number="6">would</token>
<token t_id="1104" sentence="43" number="7">have</token>
<token t_id="1105" sentence="43" number="8">welcomed</token>
<token t_id="1106" sentence="43" number="9">an</token>
<token t_id="1107" sentence="43" number="10">appointment</token>
<token t_id="1108" sentence="43" number="11">as</token>
<token t_id="1109" sentence="43" number="12">FBI</token>
<token t_id="1110" sentence="43" number="13">director</token>
<token t_id="1111" sentence="43" number="14">when</token>
<token t_id="1112" sentence="43" number="15">Hoover</token>
<token t_id="1113" sentence="43" number="16">died</token>
<token t_id="1114" sentence="43" number="17">.</token>
<token t_id="1115" sentence="44" number="0">It</token>
<token t_id="1116" sentence="44" number="1">is</token>
<token t_id="1117" sentence="44" number="2">not</token>
<token t_id="1118" sentence="44" number="3">true</token>
<token t_id="1119" sentence="44" number="4">that</token>
<token t_id="1120" sentence="44" number="5">I</token>
<token t_id="1121" sentence="44" number="6">was</token>
<token t_id="1122" sentence="44" number="7">jealous</token>
<token t_id="1123" sentence="44" number="8">of</token>
<token t_id="1124" sentence="44" number="9">Gray</token>
<token t_id="1125" sentence="44" number="10">,</token>
<token t_id="1126" sentence="44" number="11">''</token>
<token t_id="1127" sentence="44" number="12">he</token>
<token t_id="1128" sentence="44" number="13">wrote</token>
<token t_id="1129" sentence="44" number="14">.</token>
<token t_id="1130" sentence="45" number="0">Felt</token>
<token t_id="1131" sentence="45" number="1">was</token>
<token t_id="1132" sentence="45" number="2">born</token>
<token t_id="1133" sentence="45" number="3">in</token>
<token t_id="1134" sentence="45" number="4">Twin</token>
<token t_id="1135" sentence="45" number="5">Falls</token>
<token t_id="1136" sentence="45" number="6">,</token>
<token t_id="1137" sentence="45" number="7">Idaho</token>
<token t_id="1138" sentence="45" number="8">,</token>
<token t_id="1139" sentence="45" number="9">and</token>
<token t_id="1140" sentence="45" number="10">worked</token>
<token t_id="1141" sentence="45" number="11">for</token>
<token t_id="1142" sentence="45" number="12">an</token>
<token t_id="1143" sentence="45" number="13">Idaho</token>
<token t_id="1144" sentence="45" number="14">senator</token>
<token t_id="1145" sentence="45" number="15">during</token>
<token t_id="1146" sentence="45" number="16">graduate</token>
<token t_id="1147" sentence="45" number="17">school</token>
<token t_id="1148" sentence="45" number="18">.</token>
<token t_id="1149" sentence="46" number="0">After</token>
<token t_id="1150" sentence="46" number="1">law</token>
<token t_id="1151" sentence="46" number="2">school</token>
<token t_id="1152" sentence="46" number="3">at</token>
<token t_id="1153" sentence="46" number="4">George</token>
<token t_id="1154" sentence="46" number="5">Washington</token>
<token t_id="1155" sentence="46" number="6">University</token>
<token t_id="1156" sentence="46" number="7">he</token>
<token t_id="1157" sentence="46" number="8">spent</token>
<token t_id="1158" sentence="46" number="9">a</token>
<token t_id="1159" sentence="46" number="10">year</token>
<token t_id="1160" sentence="46" number="11">at</token>
<token t_id="1161" sentence="46" number="12">the</token>
<token t_id="1162" sentence="46" number="13">Federal</token>
<token t_id="1163" sentence="46" number="14">Trade</token>
<token t_id="1164" sentence="46" number="15">Commission</token>
<token t_id="1165" sentence="46" number="16">.</token>
<token t_id="1166" sentence="47" number="0">Felt</token>
<token t_id="1167" sentence="47" number="1">joined</token>
<token t_id="1168" sentence="47" number="2">the</token>
<token t_id="1169" sentence="47" number="3">FBI</token>
<token t_id="1170" sentence="47" number="4">in</token>
<token t_id="1171" sentence="47" number="5">1942</token>
<token t_id="1172" sentence="47" number="6">and</token>
<token t_id="1173" sentence="47" number="7">worked</token>
<token t_id="1174" sentence="47" number="8">as</token>
<token t_id="1175" sentence="47" number="9">a</token>
<token t_id="1176" sentence="47" number="10">Nazi</token>
<token t_id="1177" sentence="47" number="11">hunter</token>
<token t_id="1178" sentence="47" number="12">during</token>
<token t_id="1179" sentence="47" number="13">World</token>
<token t_id="1180" sentence="47" number="14">War</token>
<token t_id="1181" sentence="47" number="15">II</token>
<token t_id="1182" sentence="47" number="16">.</token>
<token t_id="1183" sentence="48" number="0">Ironically</token>
<token t_id="1184" sentence="48" number="1">,</token>
<token t_id="1185" sentence="48" number="2">while</token>
<token t_id="1186" sentence="48" number="3">providing</token>
<token t_id="1187" sentence="48" number="4">crucial</token>
<token t_id="1188" sentence="48" number="5">information</token>
<token t_id="1189" sentence="48" number="6">to</token>
<token t_id="1190" sentence="48" number="7">the</token>
<token t_id="1191" sentence="48" number="8">Post</token>
<token t_id="1192" sentence="48" number="9">,</token>
<token t_id="1193" sentence="48" number="10">Felt</token>
<token t_id="1194" sentence="48" number="11">also</token>
<token t_id="1195" sentence="48" number="12">was</token>
<token t_id="1196" sentence="48" number="13">assigned</token>
<token t_id="1197" sentence="48" number="14">to</token>
<token t_id="1198" sentence="48" number="15">ferret</token>
<token t_id="1199" sentence="48" number="16">out</token>
<token t_id="1200" sentence="48" number="17">the</token>
<token t_id="1201" sentence="48" number="18">newspaper</token>
<token t_id="1202" sentence="48" number="19">'s</token>
<token t_id="1203" sentence="48" number="20">source</token>
<token t_id="1204" sentence="48" number="21">.</token>
<token t_id="1205" sentence="49" number="0">The</token>
<token t_id="1206" sentence="49" number="1">investigation</token>
<token t_id="1207" sentence="49" number="2">never</token>
<token t_id="1208" sentence="49" number="3">went</token>
<token t_id="1209" sentence="49" number="4">anywhere</token>
<token t_id="1210" sentence="49" number="5">,</token>
<token t_id="1211" sentence="49" number="6">but</token>
<token t_id="1212" sentence="49" number="7">plenty</token>
<token t_id="1213" sentence="49" number="8">of</token>
<token t_id="1214" sentence="49" number="9">people</token>
<token t_id="1215" sentence="49" number="10">,</token>
<token t_id="1216" sentence="49" number="11">including</token>
<token t_id="1217" sentence="49" number="12">those</token>
<token t_id="1218" sentence="49" number="13">in</token>
<token t_id="1219" sentence="49" number="14">the</token>
<token t_id="1220" sentence="49" number="15">White</token>
<token t_id="1221" sentence="49" number="16">House</token>
<token t_id="1222" sentence="49" number="17">at</token>
<token t_id="1223" sentence="49" number="18">the</token>
<token t_id="1224" sentence="49" number="19">time</token>
<token t_id="1225" sentence="49" number="20">,</token>
<token t_id="1226" sentence="49" number="21">guessed</token>
<token t_id="1227" sentence="49" number="22">that</token>
<token t_id="1228" sentence="49" number="23">Felt</token>
<token t_id="1229" sentence="49" number="24">,</token>
<token t_id="1230" sentence="49" number="25">who</token>
<token t_id="1231" sentence="49" number="26">was</token>
<token t_id="1232" sentence="49" number="27">leading</token>
<token t_id="1233" sentence="49" number="28">the</token>
<token t_id="1234" sentence="49" number="29">investigation</token>
<token t_id="1235" sentence="49" number="30">into</token>
<token t_id="1236" sentence="49" number="31">Watergate</token>
<token t_id="1237" sentence="49" number="32">,</token>
<token t_id="1238" sentence="49" number="33">may</token>
<token t_id="1239" sentence="49" number="34">have</token>
<token t_id="1240" sentence="49" number="35">been</token>
<token t_id="1241" sentence="49" number="36">acting</token>
<token t_id="1242" sentence="49" number="37">as</token>
<token t_id="1243" sentence="49" number="38">a</token>
<token t_id="1244" sentence="49" number="39">double</token>
<token t_id="1245" sentence="49" number="40">agent</token>
<token t_id="1246" sentence="49" number="41">.</token>
<token t_id="1247" sentence="50" number="0">The</token>
<token t_id="1248" sentence="50" number="1">Watergate</token>
<token t_id="1249" sentence="50" number="2">tapes</token>
<token t_id="1250" sentence="50" number="3">captured</token>
<token t_id="1251" sentence="50" number="4">White</token>
<token t_id="1252" sentence="50" number="5">House</token>
<token t_id="1253" sentence="50" number="6">chief</token>
<token t_id="1254" sentence="50" number="7">of</token>
<token t_id="1255" sentence="50" number="8">staff</token>
<token t_id="1256" sentence="50" number="9">H.R.</token>
<token t_id="1257" sentence="50" number="10">Haldeman</token>
<token t_id="1258" sentence="50" number="11">telling</token>
<token t_id="1259" sentence="50" number="12">Nixon</token>
<token t_id="1260" sentence="50" number="13">that</token>
<token t_id="1261" sentence="50" number="14">Felt</token>
<token t_id="1262" sentence="50" number="15">was</token>
<token t_id="1263" sentence="50" number="16">the</token>
<token t_id="1264" sentence="50" number="17">source</token>
<token t_id="1265" sentence="50" number="18">,</token>
<token t_id="1266" sentence="50" number="19">but</token>
<token t_id="1267" sentence="50" number="20">they</token>
<token t_id="1268" sentence="50" number="21">were</token>
<token t_id="1269" sentence="50" number="22">afraid</token>
<token t_id="1270" sentence="50" number="23">to</token>
<token t_id="1271" sentence="50" number="24">stop</token>
<token t_id="1272" sentence="50" number="25">him</token>
<token t_id="1273" sentence="50" number="26">.</token>
<token t_id="1274" sentence="51" number="0">Nixon</token>
<token t_id="1275" sentence="51" number="1">asks</token>
<token t_id="1276" sentence="51" number="2">:</token>
<token t_id="1277" sentence="51" number="3">``</token>
<token t_id="1278" sentence="51" number="4">Somebody</token>
<token t_id="1279" sentence="51" number="5">in</token>
<token t_id="1280" sentence="51" number="6">the</token>
<token t_id="1281" sentence="51" number="7">FBI</token>
<token t_id="1282" sentence="51" number="8">?</token>
<token t_id="1283" sentence="51" number="9">''</token>
<token t_id="1284" sentence="52" number="0">Haldeman</token>
<token t_id="1285" sentence="52" number="1">:</token>
<token t_id="1286" sentence="52" number="2">``</token>
<token t_id="1287" sentence="52" number="3">Yes</token>
<token t_id="1288" sentence="52" number="4">,</token>
<token t_id="1289" sentence="52" number="5">sir.</token>
<token t_id="1290" sentence="52" number="6">Mark</token>
<token t_id="1291" sentence="52" number="7">Felt</token>
<token t_id="1292" sentence="52" number="8">...</token>
<token t_id="1293" sentence="53" number="0">If</token>
<token t_id="1294" sentence="53" number="1">we</token>
<token t_id="1295" sentence="53" number="2">move</token>
<token t_id="1296" sentence="53" number="3">on</token>
<token t_id="1297" sentence="53" number="4">him</token>
<token t_id="1298" sentence="53" number="5">,</token>
<token t_id="1299" sentence="53" number="6">he</token>
<token t_id="1300" sentence="53" number="7">'ll</token>
<token t_id="1301" sentence="53" number="8">go</token>
<token t_id="1302" sentence="53" number="9">out</token>
<token t_id="1303" sentence="53" number="10">and</token>
<token t_id="1304" sentence="53" number="11">unload</token>
<token t_id="1305" sentence="53" number="12">everything</token>
<token t_id="1306" sentence="53" number="13">.</token>
<token t_id="1307" sentence="54" number="0">He</token>
<token t_id="1308" sentence="54" number="1">knows</token>
<token t_id="1309" sentence="54" number="2">everything</token>
<token t_id="1310" sentence="54" number="3">that</token>
<token t_id="1311" sentence="54" number="4">'s</token>
<token t_id="1312" sentence="54" number="5">to</token>
<token t_id="1313" sentence="54" number="6">be</token>
<token t_id="1314" sentence="54" number="7">known</token>
<token t_id="1315" sentence="54" number="8">in</token>
<token t_id="1316" sentence="54" number="9">the</token>
<token t_id="1317" sentence="54" number="10">FBI</token>
<token t_id="1318" sentence="54" number="11">.</token>
<token t_id="1319" sentence="54" number="12">''</token>
<token t_id="1320" sentence="55" number="0">Felt</token>
<token t_id="1321" sentence="55" number="1">left</token>
<token t_id="1322" sentence="55" number="2">the</token>
<token t_id="1323" sentence="55" number="3">FBI</token>
<token t_id="1324" sentence="55" number="4">in</token>
<token t_id="1325" sentence="55" number="5">1973</token>
<token t_id="1326" sentence="55" number="6">for</token>
<token t_id="1327" sentence="55" number="7">the</token>
<token t_id="1328" sentence="55" number="8">lecture</token>
<token t_id="1329" sentence="55" number="9">circuit</token>
<token t_id="1330" sentence="55" number="10">.</token>
<token t_id="1331" sentence="56" number="0">Five</token>
<token t_id="1332" sentence="56" number="1">years</token>
<token t_id="1333" sentence="56" number="2">later</token>
<token t_id="1334" sentence="56" number="3">he</token>
<token t_id="1335" sentence="56" number="4">was</token>
<token t_id="1336" sentence="56" number="5">indicted</token>
<token t_id="1337" sentence="56" number="6">on</token>
<token t_id="1338" sentence="56" number="7">charges</token>
<token t_id="1339" sentence="56" number="8">of</token>
<token t_id="1340" sentence="56" number="9">authorizing</token>
<token t_id="1341" sentence="56" number="10">FBI</token>
<token t_id="1342" sentence="56" number="11">break-ins</token>
<token t_id="1343" sentence="56" number="12">at</token>
<token t_id="1344" sentence="56" number="13">homes</token>
<token t_id="1345" sentence="56" number="14">associated</token>
<token t_id="1346" sentence="56" number="15">with</token>
<token t_id="1347" sentence="56" number="16">suspected</token>
<token t_id="1348" sentence="56" number="17">bombers</token>
<token t_id="1349" sentence="56" number="18">from</token>
<token t_id="1350" sentence="56" number="19">the</token>
<token t_id="1351" sentence="56" number="20">1960s</token>
<token t_id="1352" sentence="56" number="21">radical</token>
<token t_id="1353" sentence="56" number="22">group</token>
<token t_id="1354" sentence="56" number="23">the</token>
<token t_id="1355" sentence="56" number="24">Weather</token>
<token t_id="1356" sentence="56" number="25">Underground</token>
<token t_id="1357" sentence="56" number="26">.</token>
<token t_id="1358" sentence="57" number="0">President</token>
<token t_id="1359" sentence="57" number="1">Ronald</token>
<token t_id="1360" sentence="57" number="2">Reagan</token>
<token t_id="1361" sentence="57" number="3">pardoned</token>
<token t_id="1362" sentence="57" number="4">Felt</token>
<token t_id="1363" sentence="57" number="5">in</token>
<token t_id="1364" sentence="57" number="6">1981</token>
<token t_id="1365" sentence="57" number="7">while</token>
<token t_id="1366" sentence="57" number="8">the</token>
<token t_id="1367" sentence="57" number="9">case</token>
<token t_id="1368" sentence="57" number="10">was</token>
<token t_id="1369" sentence="57" number="11">on</token>
<token t_id="1370" sentence="57" number="12">appeal</token>
<token t_id="1371" sentence="57" number="13">-</token>
<token t_id="1372" sentence="57" number="14">a</token>
<token t_id="1373" sentence="57" number="15">move</token>
<token t_id="1374" sentence="57" number="16">applauded</token>
<token t_id="1375" sentence="57" number="17">by</token>
<token t_id="1376" sentence="57" number="18">Nixon</token>
<token t_id="1377" sentence="57" number="19">.</token>
<token t_id="1378" sentence="58" number="0">Woodward</token>
<token t_id="1379" sentence="58" number="1">and</token>
<token t_id="1380" sentence="58" number="2">Bernstein</token>
<token t_id="1381" sentence="58" number="3">said</token>
<token t_id="1382" sentence="58" number="4">they</token>
<token t_id="1383" sentence="58" number="5">would</token>
<token t_id="1384" sentence="58" number="6">n't</token>
<token t_id="1385" sentence="58" number="7">reveal</token>
<token t_id="1386" sentence="58" number="8">the</token>
<token t_id="1387" sentence="58" number="9">source</token>
<token t_id="1388" sentence="58" number="10">'s</token>
<token t_id="1389" sentence="58" number="11">identity</token>
<token t_id="1390" sentence="58" number="12">until</token>
<token t_id="1391" sentence="58" number="13">he</token>
<token t_id="1392" sentence="58" number="14">or</token>
<token t_id="1393" sentence="58" number="15">she</token>
<token t_id="1394" sentence="58" number="16">died</token>
<token t_id="1395" sentence="58" number="17">,</token>
<token t_id="1396" sentence="58" number="18">and</token>
<token t_id="1397" sentence="58" number="19">finally</token>
<token t_id="1398" sentence="58" number="20">confirmed</token>
<token t_id="1399" sentence="58" number="21">Felt</token>
<token t_id="1400" sentence="58" number="22">'s</token>
<token t_id="1401" sentence="58" number="23">role</token>
<token t_id="1402" sentence="58" number="24">only</token>
<token t_id="1403" sentence="58" number="25">after</token>
<token t_id="1404" sentence="58" number="26">he</token>
<token t_id="1405" sentence="58" number="27">came</token>
<token t_id="1406" sentence="58" number="28">forward</token>
<token t_id="1407" sentence="58" number="29">.</token>
<token t_id="1408" sentence="59" number="0">O'Connor</token>
<token t_id="1409" sentence="59" number="1">said</token>
<token t_id="1410" sentence="59" number="2">Thursday</token>
<token t_id="1411" sentence="59" number="3">his</token>
<token t_id="1412" sentence="59" number="4">friend</token>
<token t_id="1413" sentence="59" number="5">appeared</token>
<token t_id="1414" sentence="59" number="6">to</token>
<token t_id="1415" sentence="59" number="7">be</token>
<token t_id="1416" sentence="59" number="8">at</token>
<token t_id="1417" sentence="59" number="9">peace</token>
<token t_id="1418" sentence="59" number="10">since</token>
<token t_id="1419" sentence="59" number="11">the</token>
<token t_id="1420" sentence="59" number="12">revelation</token>
<token t_id="1421" sentence="59" number="13">.</token>
<token t_id="1422" sentence="60" number="0">``</token>
<token t_id="1423" sentence="60" number="1">What</token>
<token t_id="1424" sentence="60" number="2">I</token>
<token t_id="1425" sentence="60" number="3">saw</token>
<token t_id="1426" sentence="60" number="4">was</token>
<token t_id="1427" sentence="60" number="5">a</token>
<token t_id="1428" sentence="60" number="6">person</token>
<token t_id="1429" sentence="60" number="7">that</token>
<token t_id="1430" sentence="60" number="8">went</token>
<token t_id="1431" sentence="60" number="9">from</token>
<token t_id="1432" sentence="60" number="10">a</token>
<token t_id="1433" sentence="60" number="11">divided</token>
<token t_id="1434" sentence="60" number="12">personality</token>
<token t_id="1435" sentence="60" number="13">that</token>
<token t_id="1436" sentence="60" number="14">carried</token>
<token t_id="1437" sentence="60" number="15">around</token>
<token t_id="1438" sentence="60" number="16">this</token>
<token t_id="1439" sentence="60" number="17">heavy</token>
<token t_id="1440" sentence="60" number="18">secret</token>
<token t_id="1441" sentence="60" number="19">to</token>
<token t_id="1442" sentence="60" number="20">a</token>
<token t_id="1443" sentence="60" number="21">completely</token>
<token t_id="1444" sentence="60" number="22">integrated</token>
<token t_id="1445" sentence="60" number="23">and</token>
<token t_id="1446" sentence="60" number="24">glowing</token>
<token t_id="1447" sentence="60" number="25">personality</token>
<token t_id="1448" sentence="60" number="26">over</token>
<token t_id="1449" sentence="60" number="27">these</token>
<token t_id="1450" sentence="60" number="28">past</token>
<token t_id="1451" sentence="60" number="29">few</token>
<token t_id="1452" sentence="60" number="30">years</token>
<token t_id="1453" sentence="60" number="31">once</token>
<token t_id="1454" sentence="60" number="32">he</token>
<token t_id="1455" sentence="60" number="33">let</token>
<token t_id="1456" sentence="60" number="34">the</token>
<token t_id="1457" sentence="60" number="35">secret</token>
<token t_id="1458" sentence="60" number="36">out</token>
<token t_id="1459" sentence="60" number="37">,</token>
<token t_id="1460" sentence="60" number="38">''</token>
<token t_id="1461" sentence="60" number="39">he</token>
<token t_id="1462" sentence="60" number="40">said</token>
<token t_id="1463" sentence="60" number="41">.</token>
<token t_id="1464" sentence="61" number="0">Felt</token>
<token t_id="1465" sentence="61" number="1">is</token>
<token t_id="1466" sentence="61" number="2">survived</token>
<token t_id="1467" sentence="61" number="3">by</token>
<token t_id="1468" sentence="61" number="4">two</token>
<token t_id="1469" sentence="61" number="5">children</token>
<token t_id="1470" sentence="61" number="6">,</token>
<token t_id="1471" sentence="61" number="7">Joan</token>
<token t_id="1472" sentence="61" number="8">Felt</token>
<token t_id="1473" sentence="61" number="9">and</token>
<token t_id="1474" sentence="61" number="10">Mark</token>
<token t_id="1475" sentence="61" number="11">Felt</token>
<token t_id="1476" sentence="61" number="12">Jr.</token>
<token t_id="1477" sentence="61" number="13">,</token>
<token t_id="1478" sentence="61" number="14">and</token>
<token t_id="1479" sentence="61" number="15">four</token>
<token t_id="1480" sentence="61" number="16">grandchildren</token>
<token t_id="1481" sentence="61" number="17">.</token>
<token t_id="1482" sentence="62" number="0">His</token>
<token t_id="1483" sentence="62" number="1">wife</token>
<token t_id="1484" sentence="62" number="2">,</token>
<token t_id="1485" sentence="62" number="3">Audrey</token>
<token t_id="1486" sentence="62" number="4">Felt</token>
<token t_id="1487" sentence="62" number="5">,</token>
<token t_id="1488" sentence="62" number="6">died</token>
<token t_id="1489" sentence="62" number="7">in</token>
<token t_id="1490" sentence="62" number="8">1984</token>
<token t_id="1491" sentence="62" number="9">.</token>
<Markables>
<ACTION_OCCURRENCE m_id="40"  >
  <token_anchor t_id="61"/>
  <token_anchor t_id="62"/>
  <token_anchor t_id="63"/>
</ACTION_OCCURRENCE>
<ACTION_OCCURRENCE m_id="41"  >
  <token_anchor t_id="46"/>
</ACTION_OCCURRENCE>
<ACTION_OCCURRENCE m_id="42"  >
  <token_anchor t_id="53"/>
</ACTION_OCCURRENCE>
<ACTION_OCCURRENCE m_id="43"  >
  <token_anchor t_id="76"/>
</ACTION_OCCURRENCE>
<ACTION_OCCURRENCE m_id="44"  >
  <token_anchor t_id="41"/>
</ACTION_OCCURRENCE>
<ACTION_OCCURRENCE m_id="51"  >
  <token_anchor t_id="33"/>
  <token_anchor t_id="34"/>
</ACTION_OCCURRENCE>
<ACTION_OCCURRENCE m_id="58"  >
  <token_anchor t_id="22"/>
</ACTION_OCCURRENCE>
<ACTION_OCCURRENCE m_id="59"  >
  <token_anchor t_id="82"/>
</ACTION_OCCURRENCE>
<ACTION_OCCURRENCE m_id="31"  >
  <token_anchor t_id="38"/>
</ACTION_OCCURRENCE>
<ACTION_OCCURRENCE m_id="35"  >
  <token_anchor t_id="59"/>
</ACTION_OCCURRENCE>
<ACTION_REPORTING m_id="46"  >
  <token_anchor t_id="68"/>
</ACTION_REPORTING>
<HUMAN_PART_ORG m_id="50"  >
  <token_anchor t_id="19"/>
</HUMAN_PART_ORG>
<HUMAN_PART_PER m_id="47"  >
  <token_anchor t_id="43"/>
</HUMAN_PART_PER>
<HUMAN_PART_PER m_id="48"  >
  <token_anchor t_id="75"/>
</HUMAN_PART_PER>
<HUMAN_PART_PER m_id="49"  >
  <token_anchor t_id="35"/>
</HUMAN_PART_PER>
<HUMAN_PART_PER m_id="52"  >
  <token_anchor t_id="20"/>
</HUMAN_PART_PER>
<HUMAN_PART_PER m_id="53"  >
  <token_anchor t_id="23"/>
</HUMAN_PART_PER>
<HUMAN_PART_PER m_id="54"  >
  <token_anchor t_id="26"/>
  <token_anchor t_id="27"/>
</HUMAN_PART_PER>
<HUMAN_PART_PER m_id="55"  >
  <token_anchor t_id="32"/>
</HUMAN_PART_PER>
<HUMAN_PART_PER m_id="56"  >
  <token_anchor t_id="52"/>
</HUMAN_PART_PER>
<HUMAN_PART_PER m_id="57"  >
  <token_anchor t_id="83"/>
</HUMAN_PART_PER>
<HUMAN_PART_PER m_id="29"  >
  <token_anchor t_id="13"/>
  <token_anchor t_id="14"/>
  <token_anchor t_id="15"/>
</HUMAN_PART_PER>
<HUMAN_PART_PER m_id="32"  >
  <token_anchor t_id="71"/>
  <token_anchor t_id="72"/>
  <token_anchor t_id="73"/>
</HUMAN_PART_PER>
<NON_HUMAN_PART m_id="37"  >
  <token_anchor t_id="79"/>
  <token_anchor t_id="80"/>
</NON_HUMAN_PART>
<NON_HUMAN_PART m_id="45"  >
  <token_anchor t_id="85"/>
</NON_HUMAN_PART>
<NON_HUMAN_PART m_id="33"  >
  <token_anchor t_id="81"/>
</NON_HUMAN_PART>
<TIME_DATE m_id="38"  >
  <token_anchor t_id="78"/>
</TIME_DATE>
<TIME_DATE m_id="39"  >
  <token_anchor t_id="54"/>
</TIME_DATE>
<TIME_DATE m_id="30"  >
  <token_anchor t_id="29"/>
  <token_anchor t_id="30"/>
  <token_anchor t_id="31"/>
</TIME_DATE>
<TIME_DURATION m_id="36"  >
  <token_anchor t_id="64"/>
  <token_anchor t_id="65"/>
  <token_anchor t_id="66"/>
</TIME_DURATION>


<LOC_FAC m_id="60" note="byCROMER" >
  <token_anchor t_id="55"/>
  <token_anchor t_id="56"/>
  <token_anchor t_id="57"/>
</LOC_FAC>


<UNKNOWN_INSTANCE_TAG m_id="23" RELATED_TO="" TAG_DESCRIPTOR="" />
<ACTION_OCCURRENCE m_id="70" RELATED_TO="" TAG_DESCRIPTOR="t28_watergate_scandal" instance_id="ACT16762238189665929" />
<HUMAN_PART_PER m_id="69" RELATED_TO="" TAG_DESCRIPTOR="t28b_nixon" instance_id="HUM27379778521624645" />
<LOC_FAC m_id="68" RELATED_TO="" TAG_DESCRIPTOR="t28b_his_home" instance_id="LOC16942449552455123" />
<ACTION_OCCURRENCE m_id="67" RELATED_TO="" TAG_DESCRIPTOR="t28b_heart_failure" instance_id="ACT16762512442913619" />
<TIME_DATE m_id="66" RELATED_TO="" TAG_DESCRIPTOR="t28b_thursday" instance_id="TIM16942369985815303" />
<HUMAN_PART_PER m_id="65" RELATED_TO="" TAG_DESCRIPTOR="t28_deep_throat" instance_id="HUM16762545642473164" />
<HUMAN_PART_PER m_id="64" RELATED_TO="" TAG_DESCRIPTOR="t28b_mark_felt" instance_id="HUM16762554083083396" />
<ACTION_OCCURRENCE m_id="63" RELATED_TO="" TAG_DESCRIPTOR="t28b_revealed" instance_id="ACT16975385765195368" />
<ACTION_OCCURRENCE m_id="62" RELATED_TO="" TAG_DESCRIPTOR="t28b_bring_down_nixon" instance_id="ACT27379751006237079" />
<ACTION_OCCURRENCE m_id="61" RELATED_TO="" TAG_DESCRIPTOR="t28b_mark_felt_dies" instance_id="ACT16762501657378707" />
</Markables>

<Relations>
<INTRA_DOC_COREF r_id="37081" >
<source m_id="32" />
<source m_id="48" />
<target m_id="23" />
</INTRA_DOC_COREF>
<CROSS_DOC_COREF r_id="37097" note="ACT16762501657378707" >
  <source m_id="41" />
  <source m_id="42" />
  <target m_id="61" />
</CROSS_DOC_COREF>
<CROSS_DOC_COREF r_id="37098" note="ACT27379751006237079" >
  <source m_id="44" />
  <target m_id="62" />
</CROSS_DOC_COREF>
<CROSS_DOC_COREF r_id="37099" note="ACT16975385765195368" >
  <source m_id="58" />
  <target m_id="63" />
</CROSS_DOC_COREF>
<CROSS_DOC_COREF r_id="37100" note="HUM16762554083083396" >
  <source m_id="53" />
  <source m_id="29" />
  <source m_id="52" />
  <source m_id="55" />
  <source m_id="56" />
  <source m_id="57" />
  <target m_id="64" />
</CROSS_DOC_COREF>
<CROSS_DOC_COREF r_id="37101" note="HUM16762545642473164" >
  <source m_id="54" />
  <target m_id="65" />
</CROSS_DOC_COREF>
<CROSS_DOC_COREF r_id="37102" note="TIM16942369985815303" >
  <source m_id="39" />
  <target m_id="66" />
</CROSS_DOC_COREF>
<CROSS_DOC_COREF r_id="37103" note="ACT16762512442913619" >
  <source m_id="40" />
  <target m_id="67" />
</CROSS_DOC_COREF>
<CROSS_DOC_COREF r_id="37104" note="LOC16942449552455123" >
  <source m_id="60" />
  <target m_id="68" />
</CROSS_DOC_COREF>
<CROSS_DOC_COREF r_id="37105" note="HUM27379778521624645" >
  <source m_id="47" />
  <target m_id="69" />
</CROSS_DOC_COREF>
<CROSS_DOC_COREF r_id="37106" note="ACT16762238189665929" >
  <source m_id="31" />
  <target m_id="70" />
</CROSS_DOC_COREF>

</Relations>
</Document>
