<Document doc_name="28_6ecb.xml" doc_id="DOC15654957394544653">
<token t_id="1" sentence="0" number="0">The</token>
<token t_id="2" sentence="0" number="1">former</token>
<token t_id="3" sentence="0" number="2">FBI</token>
<token t_id="4" sentence="0" number="3">second-in-command</token>
<token t_id="5" sentence="0" number="4">who</token>
<token t_id="6" sentence="0" number="5">revealed</token>
<token t_id="7" sentence="0" number="6">himself</token>
<token t_id="8" sentence="0" number="7">as</token>
<token t_id="9" sentence="0" number="8">``</token>
<token t_id="10" sentence="0" number="9">Deep</token>
<token t_id="11" sentence="0" number="10">Throat</token>
<token t_id="12" sentence="0" number="11">''</token>
<token t_id="13" sentence="0" number="12">30</token>
<token t_id="14" sentence="0" number="13">years</token>
<token t_id="15" sentence="0" number="14">after</token>
<token t_id="16" sentence="0" number="15">he</token>
<token t_id="17" sentence="0" number="16">tipped</token>
<token t_id="18" sentence="0" number="17">off</token>
<token t_id="19" sentence="0" number="18">reporters</token>
<token t_id="20" sentence="0" number="19">to</token>
<token t_id="21" sentence="0" number="20">the</token>
<token t_id="22" sentence="0" number="21">Watergate</token>
<token t_id="23" sentence="0" number="22">scandal</token>
<token t_id="24" sentence="0" number="23">that</token>
<token t_id="25" sentence="0" number="24">toppled</token>
<token t_id="26" sentence="0" number="25">a</token>
<token t_id="27" sentence="0" number="26">president</token>
<token t_id="28" sentence="0" number="27">has</token>
<token t_id="29" sentence="0" number="28">died</token>
<token t_id="30" sentence="0" number="29">.</token>
<token t_id="31" sentence="1" number="0">Mark</token>
<token t_id="32" sentence="1" number="1">Felt</token>
<token t_id="33" sentence="1" number="2">was</token>
<token t_id="34" sentence="1" number="3">95.</token>
<token t_id="35" sentence="1" number="4">John</token>
<token t_id="36" sentence="1" number="5">D.</token>
<token t_id="37" sentence="1" number="6">O'Connor</token>
<token t_id="38" sentence="1" number="7">,</token>
<token t_id="39" sentence="1" number="8">a</token>
<token t_id="40" sentence="1" number="9">family</token>
<token t_id="41" sentence="1" number="10">friend</token>
<token t_id="42" sentence="1" number="11">who</token>
<token t_id="43" sentence="1" number="12">wrote</token>
<token t_id="44" sentence="1" number="13">the</token>
<token t_id="45" sentence="1" number="14">2005</token>
<token t_id="46" sentence="1" number="15">Vanity</token>
<token t_id="47" sentence="1" number="16">Fair</token>
<token t_id="48" sentence="1" number="17">article</token>
<token t_id="49" sentence="1" number="18">uncovering</token>
<token t_id="50" sentence="1" number="19">Felt</token>
<token t_id="51" sentence="1" number="20">'s</token>
<token t_id="52" sentence="1" number="21">secret</token>
<token t_id="53" sentence="1" number="22">,</token>
<token t_id="54" sentence="1" number="23">says</token>
<token t_id="55" sentence="1" number="24">he</token>
<token t_id="56" sentence="1" number="25">died</token>
<token t_id="57" sentence="1" number="26">Thursday</token>
<token t_id="58" sentence="1" number="27">.</token>
<token t_id="59" sentence="2" number="0">The</token>
<token t_id="60" sentence="2" number="1">shadowy</token>
<token t_id="61" sentence="2" number="2">central</token>
<token t_id="62" sentence="2" number="3">figure</token>
<token t_id="63" sentence="2" number="4">in</token>
<token t_id="64" sentence="2" number="5">one</token>
<token t_id="65" sentence="2" number="6">of</token>
<token t_id="66" sentence="2" number="7">the</token>
<token t_id="67" sentence="2" number="8">most</token>
<token t_id="68" sentence="2" number="9">gripping</token>
<token t_id="69" sentence="2" number="10">political</token>
<token t_id="70" sentence="2" number="11">dramas</token>
<token t_id="71" sentence="2" number="12">of</token>
<token t_id="72" sentence="2" number="13">the</token>
<token t_id="73" sentence="2" number="14">20th</token>
<token t_id="74" sentence="2" number="15">century</token>
<token t_id="75" sentence="2" number="16">,</token>
<token t_id="76" sentence="2" number="17">Felt</token>
<token t_id="77" sentence="2" number="18">insisted</token>
<token t_id="78" sentence="2" number="19">his</token>
<token t_id="79" sentence="2" number="20">alter</token>
<token t_id="80" sentence="2" number="21">ego</token>
<token t_id="81" sentence="2" number="22">be</token>
<token t_id="82" sentence="2" number="23">kept</token>
<token t_id="83" sentence="2" number="24">secret</token>
<token t_id="84" sentence="2" number="25">when</token>
<token t_id="85" sentence="2" number="26">he</token>
<token t_id="86" sentence="2" number="27">leaked</token>
<token t_id="87" sentence="2" number="28">damaging</token>
<token t_id="88" sentence="2" number="29">information</token>
<token t_id="89" sentence="2" number="30">about</token>
<token t_id="90" sentence="2" number="31">President</token>
<token t_id="91" sentence="2" number="32">Richard</token>
<token t_id="92" sentence="2" number="33">Nixon</token>
<token t_id="93" sentence="2" number="34">and</token>
<token t_id="94" sentence="2" number="35">his</token>
<token t_id="95" sentence="2" number="36">aides</token>
<token t_id="96" sentence="2" number="37">to</token>
<token t_id="97" sentence="2" number="38">The</token>
<token t_id="98" sentence="2" number="39">Washington</token>
<token t_id="99" sentence="2" number="40">Post</token>
<token t_id="100" sentence="2" number="41">.</token>
<token t_id="101" sentence="3" number="0">Some</token>
<token t_id="102" sentence="3" number="1">speculated</token>
<token t_id="103" sentence="3" number="2">that</token>
<token t_id="104" sentence="3" number="3">Felt</token>
<token t_id="105" sentence="3" number="4">was</token>
<token t_id="106" sentence="3" number="5">the</token>
<token t_id="107" sentence="3" number="6">source</token>
<token t_id="108" sentence="3" number="7">who</token>
<token t_id="109" sentence="3" number="8">connected</token>
<token t_id="110" sentence="3" number="9">the</token>
<token t_id="111" sentence="3" number="10">White</token>
<token t_id="112" sentence="3" number="11">House</token>
<token t_id="113" sentence="3" number="12">to</token>
<token t_id="114" sentence="3" number="13">the</token>
<token t_id="115" sentence="3" number="14">June</token>
<token t_id="116" sentence="3" number="15">1972</token>
<token t_id="117" sentence="3" number="16">break-in</token>
<token t_id="118" sentence="3" number="17">at</token>
<token t_id="119" sentence="3" number="18">the</token>
<token t_id="120" sentence="3" number="19">headquarters</token>
<token t_id="121" sentence="3" number="20">of</token>
<token t_id="122" sentence="3" number="21">the</token>
<token t_id="123" sentence="3" number="22">Democratic</token>
<token t_id="124" sentence="3" number="23">National</token>
<token t_id="125" sentence="3" number="24">Committee</token>
<token t_id="126" sentence="3" number="25">.</token>
<token t_id="127" sentence="4" number="0">He</token>
<token t_id="128" sentence="4" number="1">steadfastly</token>
<token t_id="129" sentence="4" number="2">denied</token>
<token t_id="130" sentence="4" number="3">the</token>
<token t_id="131" sentence="4" number="4">accusations</token>
<token t_id="132" sentence="4" number="5">until</token>
<token t_id="133" sentence="4" number="6">finally</token>
<token t_id="134" sentence="4" number="7">coming</token>
<token t_id="135" sentence="4" number="8">forward</token>
<token t_id="136" sentence="4" number="9">in</token>
<token t_id="137" sentence="4" number="10">May</token>
<token t_id="138" sentence="4" number="11">2005</token>
<token t_id="139" sentence="4" number="12">.</token>
<token t_id="140" sentence="5" number="0">In</token>
<token t_id="141" sentence="5" number="1">the</token>
<token t_id="142" sentence="5" number="2">last</token>
<token t_id="143" sentence="5" number="3">week</token>
<token t_id="144" sentence="5" number="4">of</token>
<token t_id="145" sentence="5" number="5">November</token>
<token t_id="146" sentence="5" number="6">,</token>
<token t_id="147" sentence="5" number="7">the</token>
<token t_id="148" sentence="5" number="8">National</token>
<token t_id="149" sentence="5" number="9">Archives</token>
<token t_id="150" sentence="5" number="10">released</token>
<token t_id="151" sentence="5" number="11">more</token>
<token t_id="152" sentence="5" number="12">than</token>
<token t_id="153" sentence="5" number="13">10,000</token>
<token t_id="154" sentence="5" number="14">pages</token>
<token t_id="155" sentence="5" number="15">of</token>
<token t_id="156" sentence="5" number="16">documents</token>
<token t_id="157" sentence="5" number="17">from</token>
<token t_id="158" sentence="5" number="18">the</token>
<token t_id="159" sentence="5" number="19">Nixon</token>
<token t_id="160" sentence="5" number="20">presidency</token>
<token t_id="161" sentence="5" number="21">,</token>
<token t_id="162" sentence="5" number="22">among</token>
<token t_id="163" sentence="5" number="23">them</token>
<token t_id="164" sentence="5" number="24">were</token>
<token t_id="165" sentence="5" number="25">the</token>
<token t_id="166" sentence="5" number="26">urgings</token>
<token t_id="167" sentence="5" number="27">of</token>
<token t_id="168" sentence="5" number="28">past</token>
<token t_id="169" sentence="5" number="29">and</token>
<token t_id="170" sentence="5" number="30">present</token>
<token t_id="171" sentence="5" number="31">FBI</token>
<token t_id="172" sentence="5" number="32">agents</token>
<token t_id="173" sentence="5" number="33">and</token>
<token t_id="174" sentence="5" number="34">other</token>
<token t_id="175" sentence="5" number="35">interested</token>
<token t_id="176" sentence="5" number="36">citizens</token>
<token t_id="177" sentence="5" number="37">to</token>
<token t_id="178" sentence="5" number="38">appoint</token>
<token t_id="179" sentence="5" number="39">Felt</token>
<token t_id="180" sentence="5" number="40">,</token>
<token t_id="181" sentence="5" number="41">then</token>
<token t_id="182" sentence="5" number="42">the</token>
<token t_id="183" sentence="5" number="43">No.</token>
<token t_id="184" sentence="5" number="44">2</token>
<token t_id="185" sentence="5" number="45">FBI</token>
<token t_id="186" sentence="5" number="46">official</token>
<token t_id="187" sentence="5" number="47">,</token>
<token t_id="188" sentence="5" number="48">as</token>
<token t_id="189" sentence="5" number="49">director</token>
<token t_id="190" sentence="5" number="50">.</token>
<token t_id="191" sentence="6" number="0">Associates</token>
<token t_id="192" sentence="6" number="1">described</token>
<token t_id="193" sentence="6" number="2">his</token>
<token t_id="194" sentence="6" number="3">``</token>
<token t_id="195" sentence="6" number="4">outstanding</token>
<token t_id="196" sentence="6" number="5">loyalty</token>
<token t_id="197" sentence="6" number="6">.</token>
<token t_id="198" sentence="6" number="7">''</token>
<token t_id="199" sentence="7" number="0">Nixon</token>
<token t_id="200" sentence="7" number="1">did</token>
<token t_id="201" sentence="7" number="2">not</token>
<token t_id="202" sentence="7" number="3">take</token>
<token t_id="203" sentence="7" number="4">the</token>
<token t_id="204" sentence="7" number="5">advice</token>
<token t_id="205" sentence="7" number="6">.</token>
<token t_id="206" sentence="8" number="0">Ultimately</token>
<token t_id="207" sentence="8" number="1">,</token>
<token t_id="208" sentence="8" number="2">Felt</token>
<token t_id="209" sentence="8" number="3">'s</token>
<token t_id="210" sentence="8" number="4">devastating</token>
<token t_id="211" sentence="8" number="5">leaks</token>
<token t_id="212" sentence="8" number="6">as</token>
<token t_id="213" sentence="8" number="7">The</token>
<token t_id="214" sentence="8" number="8">Washington</token>
<token t_id="215" sentence="8" number="9">Post</token>
<token t_id="216" sentence="8" number="10">'s</token>
<token t_id="217" sentence="8" number="11">secret</token>
<token t_id="218" sentence="8" number="12">Watergate</token>
<token t_id="219" sentence="8" number="13">source</token>
<token t_id="220" sentence="8" number="14">helped</token>
<token t_id="221" sentence="8" number="15">undermine</token>
<token t_id="222" sentence="8" number="16">Nixon</token>
<token t_id="223" sentence="8" number="17">'s</token>
<token t_id="224" sentence="8" number="18">presidency</token>
<token t_id="225" sentence="8" number="19">.</token>
<token t_id="226" sentence="9" number="0">Nixon</token>
<token t_id="227" sentence="9" number="1">,</token>
<token t_id="228" sentence="9" number="2">soon</token>
<token t_id="229" sentence="9" number="3">to</token>
<token t_id="230" sentence="9" number="4">be</token>
<token t_id="231" sentence="9" number="5">consumed</token>
<token t_id="232" sentence="9" number="6">by</token>
<token t_id="233" sentence="9" number="7">the</token>
<token t_id="234" sentence="9" number="8">Watergate</token>
<token t_id="235" sentence="9" number="9">investigation</token>
<token t_id="236" sentence="9" number="10">,</token>
<token t_id="237" sentence="9" number="11">passed</token>
<token t_id="238" sentence="9" number="12">over</token>
<token t_id="239" sentence="9" number="13">career</token>
<token t_id="240" sentence="9" number="14">agents</token>
<token t_id="241" sentence="9" number="15">including</token>
<token t_id="242" sentence="9" number="16">Felt</token>
<token t_id="243" sentence="9" number="17">when</token>
<token t_id="244" sentence="9" number="18">he</token>
<token t_id="245" sentence="9" number="19">selected</token>
<token t_id="246" sentence="9" number="20">loyalist</token>
<token t_id="247" sentence="9" number="21">L.</token>
<token t_id="248" sentence="9" number="22">Patrick</token>
<token t_id="249" sentence="9" number="23">Gray</token>
<token t_id="250" sentence="9" number="24">as</token>
<token t_id="251" sentence="9" number="25">FBI</token>
<token t_id="252" sentence="9" number="26">chief</token>
<token t_id="253" sentence="9" number="27">after</token>
<token t_id="254" sentence="9" number="28">the</token>
<token t_id="255" sentence="9" number="29">J.</token>
<token t_id="256" sentence="9" number="30">Edgar</token>
<token t_id="257" sentence="9" number="31">Hoover</token>
<token t_id="258" sentence="9" number="32">'s</token>
<token t_id="259" sentence="9" number="33">death</token>
<token t_id="260" sentence="9" number="34">in</token>
<token t_id="261" sentence="9" number="35">1972</token>
<token t_id="262" sentence="9" number="36">,</token>
<token t_id="263" sentence="9" number="37">just</token>
<token t_id="264" sentence="9" number="38">weeks</token>
<token t_id="265" sentence="9" number="39">before</token>
<token t_id="266" sentence="9" number="40">the</token>
<token t_id="267" sentence="9" number="41">Watergate</token>
<token t_id="268" sentence="9" number="42">break-in</token>
<token t_id="269" sentence="9" number="43">.</token>
<token t_id="270" sentence="10" number="0">Gray</token>
<token t_id="271" sentence="10" number="1">resigned</token>
<token t_id="272" sentence="10" number="2">the</token>
<token t_id="273" sentence="10" number="3">next</token>
<token t_id="274" sentence="10" number="4">year</token>
<token t_id="275" sentence="10" number="5">because</token>
<token t_id="276" sentence="10" number="6">of</token>
<token t_id="277" sentence="10" number="7">allegations</token>
<token t_id="278" sentence="10" number="8">he</token>
<token t_id="279" sentence="10" number="9">had</token>
<token t_id="280" sentence="10" number="10">destroyed</token>
<token t_id="281" sentence="10" number="11">Watergate</token>
<token t_id="282" sentence="10" number="12">documents</token>
<token t_id="283" sentence="10" number="13">.</token>
<token t_id="284" sentence="11" number="0">Felt</token>
<token t_id="285" sentence="11" number="1">'s</token>
<token t_id="286" sentence="11" number="2">supporters</token>
<token t_id="287" sentence="11" number="3">weighed</token>
<token t_id="288" sentence="11" number="4">in</token>
<token t_id="289" sentence="11" number="5">,</token>
<token t_id="290" sentence="11" number="6">with</token>
<token t_id="291" sentence="11" number="7">letters</token>
<token t_id="292" sentence="11" number="8">,</token>
<token t_id="293" sentence="11" number="9">telegrams</token>
<token t_id="294" sentence="11" number="10">and</token>
<token t_id="295" sentence="11" number="11">cards</token>
<token t_id="296" sentence="11" number="12">that</token>
<token t_id="297" sentence="11" number="13">have</token>
<token t_id="298" sentence="11" number="14">been</token>
<token t_id="299" sentence="11" number="15">in</token>
<token t_id="300" sentence="11" number="16">Nixon</token>
<token t_id="301" sentence="11" number="17">'s</token>
<token t_id="302" sentence="11" number="18">White</token>
<token t_id="303" sentence="11" number="19">House</token>
<token t_id="304" sentence="11" number="20">files</token>
<token t_id="305" sentence="11" number="21">all</token>
<token t_id="306" sentence="11" number="22">these</token>
<token t_id="307" sentence="11" number="23">years</token>
<token t_id="308" sentence="11" number="24">.</token>
<token t_id="309" sentence="12" number="0">``</token>
<token t_id="310" sentence="12" number="1">He</token>
<token t_id="311" sentence="12" number="2">has</token>
<token t_id="312" sentence="12" number="3">the</token>
<token t_id="313" sentence="12" number="4">integrity</token>
<token t_id="314" sentence="12" number="5">,</token>
<token t_id="315" sentence="12" number="6">the</token>
<token t_id="316" sentence="12" number="7">ability</token>
<token t_id="317" sentence="12" number="8">,</token>
<token t_id="318" sentence="12" number="9">the</token>
<token t_id="319" sentence="12" number="10">experience</token>
<token t_id="320" sentence="12" number="11">and</token>
<token t_id="321" sentence="12" number="12">the</token>
<token t_id="322" sentence="12" number="13">image</token>
<token t_id="323" sentence="12" number="14">to</token>
<token t_id="324" sentence="12" number="15">insure</token>
<token t_id="325" sentence="12" number="16">that</token>
<token t_id="326" sentence="12" number="17">our</token>
<token t_id="327" sentence="12" number="18">FBI</token>
<token t_id="328" sentence="12" number="19">will</token>
<token t_id="329" sentence="12" number="20">continue</token>
<token t_id="330" sentence="12" number="21">to</token>
<token t_id="331" sentence="12" number="22">deserve</token>
<token t_id="332" sentence="12" number="23">and</token>
<token t_id="333" sentence="12" number="24">maintain</token>
<token t_id="334" sentence="12" number="25">world</token>
<token t_id="335" sentence="12" number="26">esteem</token>
<token t_id="336" sentence="12" number="27">,</token>
<token t_id="337" sentence="12" number="28">''</token>
<token t_id="338" sentence="12" number="29">Harold</token>
<token t_id="339" sentence="12" number="30">L.</token>
<token t_id="340" sentence="12" number="31">Child</token>
<token t_id="341" sentence="12" number="32">Jr.</token>
<token t_id="342" sentence="12" number="33">,</token>
<token t_id="343" sentence="12" number="34">legal</token>
<token t_id="344" sentence="12" number="35">attache</token>
<token t_id="345" sentence="12" number="36">to</token>
<token t_id="346" sentence="12" number="37">the</token>
<token t_id="347" sentence="12" number="38">embassy</token>
<token t_id="348" sentence="12" number="39">in</token>
<token t_id="349" sentence="12" number="40">Japan</token>
<token t_id="350" sentence="12" number="41">and</token>
<token t_id="351" sentence="12" number="42">a</token>
<token t_id="352" sentence="12" number="43">30-year</token>
<token t_id="353" sentence="12" number="44">FBI</token>
<token t_id="354" sentence="12" number="45">veteran</token>
<token t_id="355" sentence="12" number="46">,</token>
<token t_id="356" sentence="12" number="47">told</token>
<token t_id="357" sentence="12" number="48">Nixon</token>
<token t_id="358" sentence="12" number="49">in</token>
<token t_id="359" sentence="12" number="50">an</token>
<token t_id="360" sentence="12" number="51">April</token>
<token t_id="361" sentence="12" number="52">1973</token>
<token t_id="362" sentence="12" number="53">letter</token>
<token t_id="363" sentence="12" number="54">.</token>
<token t_id="364" sentence="13" number="0">Efton</token>
<token t_id="365" sentence="13" number="1">A.</token>
<token t_id="366" sentence="13" number="2">Stanfield</token>
<token t_id="367" sentence="13" number="3">,</token>
<token t_id="368" sentence="13" number="4">a</token>
<token t_id="369" sentence="13" number="5">former</token>
<token t_id="370" sentence="13" number="6">FBI</token>
<token t_id="371" sentence="13" number="7">special</token>
<token t_id="372" sentence="13" number="8">agent</token>
<token t_id="373" sentence="13" number="9">who</token>
<token t_id="374" sentence="13" number="10">was</token>
<token t_id="375" sentence="13" number="11">then</token>
<token t_id="376" sentence="13" number="12">an</token>
<token t_id="377" sentence="13" number="13">executive</token>
<token t_id="378" sentence="13" number="14">of</token>
<token t_id="379" sentence="13" number="15">the</token>
<token t_id="380" sentence="13" number="16">electrical</token>
<token t_id="381" sentence="13" number="17">contractors</token>
<token t_id="382" sentence="13" number="18">'</token>
<token t_id="383" sentence="13" number="19">association</token>
<token t_id="384" sentence="13" number="20">,</token>
<token t_id="385" sentence="13" number="21">asked</token>
<token t_id="386" sentence="13" number="22">Nixon</token>
<token t_id="387" sentence="13" number="23">in</token>
<token t_id="388" sentence="13" number="24">a</token>
<token t_id="389" sentence="13" number="25">telegram</token>
<token t_id="390" sentence="13" number="26">to</token>
<token t_id="391" sentence="13" number="27">turn</token>
<token t_id="392" sentence="13" number="28">to</token>
<token t_id="393" sentence="13" number="29">the</token>
<token t_id="394" sentence="13" number="30">career</token>
<token t_id="395" sentence="13" number="31">professional</token>
<token t_id="396" sentence="13" number="32">to</token>
<token t_id="397" sentence="13" number="33">replace</token>
<token t_id="398" sentence="13" number="34">Gray</token>
<token t_id="399" sentence="13" number="35">.</token>
<token t_id="400" sentence="14" number="0">``</token>
<token t_id="401" sentence="14" number="1">Mr.</token>
<token t_id="402" sentence="14" number="2">Felt</token>
<token t_id="403" sentence="14" number="3">is</token>
<token t_id="404" sentence="14" number="4">a</token>
<token t_id="405" sentence="14" number="5">man</token>
<token t_id="406" sentence="14" number="6">of</token>
<token t_id="407" sentence="14" number="7">outstanding</token>
<token t_id="408" sentence="14" number="8">loyalty</token>
<token t_id="409" sentence="14" number="9">,</token>
<token t_id="410" sentence="14" number="10">character</token>
<token t_id="411" sentence="14" number="11">,</token>
<token t_id="412" sentence="14" number="12">reputation</token>
<token t_id="413" sentence="14" number="13">,</token>
<token t_id="414" sentence="14" number="14">habits</token>
<token t_id="415" sentence="14" number="15">,</token>
<token t_id="416" sentence="14" number="16">''</token>
<token t_id="417" sentence="14" number="17">he</token>
<token t_id="418" sentence="14" number="18">said</token>
<token t_id="419" sentence="14" number="19">.</token>
<token t_id="420" sentence="15" number="0">The</token>
<token t_id="421" sentence="15" number="1">``</token>
<token t_id="422" sentence="15" number="2">fidelity</token>
<token t_id="423" sentence="15" number="3">,</token>
<token t_id="424" sentence="15" number="4">bravery</token>
<token t_id="425" sentence="15" number="5">,</token>
<token t_id="426" sentence="15" number="6">and</token>
<token t_id="427" sentence="15" number="7">integrity</token>
<token t_id="428" sentence="15" number="8">of</token>
<token t_id="429" sentence="15" number="9">Mr.</token>
<token t_id="430" sentence="15" number="10">Felt</token>
<token t_id="431" sentence="15" number="11">are</token>
<token t_id="432" sentence="15" number="12">unquestioned</token>
<token t_id="433" sentence="15" number="13">.</token>
<token t_id="434" sentence="15" number="14">''</token>
<token t_id="435" sentence="16" number="0">Felt</token>
<token t_id="436" sentence="16" number="1">himself</token>
<token t_id="437" sentence="16" number="2">was</token>
<token t_id="438" sentence="16" number="3">the</token>
<token t_id="439" sentence="16" number="4">lead</token>
<token t_id="440" sentence="16" number="5">agent</token>
<token t_id="441" sentence="16" number="6">in</token>
<token t_id="442" sentence="16" number="7">a</token>
<token t_id="443" sentence="16" number="8">telegram</token>
<token t_id="444" sentence="16" number="9">sent</token>
<token t_id="445" sentence="16" number="10">to</token>
<token t_id="446" sentence="16" number="11">the</token>
<token t_id="447" sentence="16" number="12">White</token>
<token t_id="448" sentence="16" number="13">House</token>
<token t_id="449" sentence="16" number="14">by</token>
<token t_id="450" sentence="16" number="15">a</token>
<token t_id="451" sentence="16" number="16">group</token>
<token t_id="452" sentence="16" number="17">of</token>
<token t_id="453" sentence="16" number="18">agents</token>
<token t_id="454" sentence="16" number="19">asking</token>
<token t_id="455" sentence="16" number="20">that</token>
<token t_id="456" sentence="16" number="21">a</token>
<token t_id="457" sentence="16" number="22">highly</token>
<token t_id="458" sentence="16" number="23">qualified</token>
<token t_id="459" sentence="16" number="24">professional</token>
<token t_id="460" sentence="16" number="25">be</token>
<token t_id="461" sentence="16" number="26">nominated</token>
<token t_id="462" sentence="16" number="27">.</token>
<token t_id="463" sentence="17" number="0">The</token>
<token t_id="464" sentence="17" number="1">police</token>
<token t_id="465" sentence="17" number="2">chief</token>
<token t_id="466" sentence="17" number="3">in</token>
<token t_id="467" sentence="17" number="4">Kodiak</token>
<token t_id="468" sentence="17" number="5">,</token>
<token t_id="469" sentence="17" number="6">Alaska</token>
<token t_id="470" sentence="17" number="7">,</token>
<token t_id="471" sentence="17" number="8">made</token>
<token t_id="472" sentence="17" number="9">the</token>
<token t_id="473" sentence="17" number="10">case</token>
<token t_id="474" sentence="17" number="11">for</token>
<token t_id="475" sentence="17" number="12">Felt</token>
<token t_id="476" sentence="17" number="13">,</token>
<token t_id="477" sentence="17" number="14">and</token>
<token t_id="478" sentence="17" number="15">so</token>
<token t_id="479" sentence="17" number="16">did</token>
<token t_id="480" sentence="17" number="17">ordinary</token>
<token t_id="481" sentence="17" number="18">citizens</token>
<token t_id="482" sentence="17" number="19">.</token>
<token t_id="483" sentence="18" number="0">Writing</token>
<token t_id="484" sentence="18" number="1">from</token>
<token t_id="485" sentence="18" number="2">Brooklyn</token>
<token t_id="486" sentence="18" number="3">,</token>
<token t_id="487" sentence="18" number="4">N.Y.</token>
<token t_id="488" sentence="18" number="5">,</token>
<token t_id="489" sentence="18" number="6">Viena</token>
<token t_id="490" sentence="18" number="7">K.</token>
<token t_id="491" sentence="18" number="8">Neaville</token>
<token t_id="492" sentence="18" number="9">told</token>
<token t_id="493" sentence="18" number="10">Nixon</token>
<token t_id="494" sentence="18" number="11">that</token>
<token t_id="495" sentence="18" number="12">choosing</token>
<token t_id="496" sentence="18" number="13">Felt</token>
<token t_id="497" sentence="18" number="14">would</token>
<token t_id="498" sentence="18" number="15">be</token>
<token t_id="499" sentence="18" number="16">good</token>
<token t_id="500" sentence="18" number="17">for</token>
<token t_id="501" sentence="18" number="18">him</token>
<token t_id="502" sentence="18" number="19">because</token>
<token t_id="503" sentence="18" number="20">,</token>
<token t_id="504" sentence="18" number="21">``</token>
<token t_id="505" sentence="18" number="22">You</token>
<token t_id="506" sentence="18" number="23">would</token>
<token t_id="507" sentence="18" number="24">be</token>
<token t_id="508" sentence="18" number="25">spared</token>
<token t_id="509" sentence="18" number="26">the</token>
<token t_id="510" sentence="18" number="27">tremendous</token>
<token t_id="511" sentence="18" number="28">aggravation</token>
<token t_id="512" sentence="18" number="29">to</token>
<token t_id="513" sentence="18" number="30">which</token>
<token t_id="514" sentence="18" number="31">you</token>
<token t_id="515" sentence="18" number="32">are</token>
<token t_id="516" sentence="18" number="33">subjected</token>
<token t_id="517" sentence="18" number="34">by</token>
<token t_id="518" sentence="18" number="35">so</token>
<token t_id="519" sentence="18" number="36">many</token>
<token t_id="520" sentence="18" number="37">factions</token>
<token t_id="521" sentence="18" number="38">.</token>
<token t_id="522" sentence="18" number="39">''</token>
<token t_id="523" sentence="19" number="0">Nixon</token>
<token t_id="524" sentence="19" number="1">was</token>
<token t_id="525" sentence="19" number="2">spared</token>
<token t_id="526" sentence="19" number="3">no</token>
<token t_id="527" sentence="19" number="4">grief</token>
<token t_id="528" sentence="19" number="5">.</token>
<token t_id="529" sentence="20" number="0">He</token>
<token t_id="530" sentence="20" number="1">eventually</token>
<token t_id="531" sentence="20" number="2">chose</token>
<token t_id="532" sentence="20" number="3">William</token>
<token t_id="533" sentence="20" number="4">Ruckelshaus</token>
<token t_id="534" sentence="20" number="5">,</token>
<token t_id="535" sentence="20" number="6">who</token>
<token t_id="536" sentence="20" number="7">served</token>
<token t_id="537" sentence="20" number="8">at</token>
<token t_id="538" sentence="20" number="9">FBI</token>
<token t_id="539" sentence="20" number="10">only</token>
<token t_id="540" sentence="20" number="11">briefly</token>
<token t_id="541" sentence="20" number="12">.</token>
<token t_id="542" sentence="21" number="0">Deep</token>
<token t_id="543" sentence="21" number="1">Throat</token>
<token t_id="544" sentence="21" number="2">'s</token>
<token t_id="545" sentence="21" number="3">identity</token>
<token t_id="546" sentence="21" number="4">remained</token>
<token t_id="547" sentence="21" number="5">a</token>
<token t_id="548" sentence="21" number="6">mystery</token>
<token t_id="549" sentence="21" number="7">until</token>
<token t_id="550" sentence="21" number="8">Felt</token>
<token t_id="551" sentence="21" number="9">stepped</token>
<token t_id="552" sentence="21" number="10">forward</token>
<token t_id="553" sentence="21" number="11">in</token>
<token t_id="554" sentence="21" number="12">2005</token>
<token t_id="555" sentence="21" number="13">to</token>
<token t_id="556" sentence="21" number="14">acknowledge</token>
<token t_id="557" sentence="21" number="15">his</token>
<token t_id="558" sentence="21" number="16">clandestine</token>
<token t_id="559" sentence="21" number="17">role</token>
<token t_id="560" sentence="21" number="18">in</token>
<token t_id="561" sentence="21" number="19">bringing</token>
<token t_id="562" sentence="21" number="20">down</token>
<token t_id="563" sentence="21" number="21">Nixon</token>
<token t_id="564" sentence="21" number="22">.</token>
<token t_id="565" sentence="22" number="0">Bob</token>
<token t_id="566" sentence="22" number="1">Woodward</token>
<token t_id="567" sentence="22" number="2">of</token>
<token t_id="568" sentence="22" number="3">The</token>
<token t_id="569" sentence="22" number="4">Washington</token>
<token t_id="570" sentence="22" number="5">Post</token>
<token t_id="571" sentence="22" number="6">said</token>
<token t_id="572" sentence="22" number="7">he</token>
<token t_id="573" sentence="22" number="8">first</token>
<token t_id="574" sentence="22" number="9">spoke</token>
<token t_id="575" sentence="22" number="10">with</token>
<token t_id="576" sentence="22" number="11">Felt</token>
<token t_id="577" sentence="22" number="12">about</token>
<token t_id="578" sentence="22" number="13">Watergate</token>
<token t_id="579" sentence="22" number="14">two</token>
<token t_id="580" sentence="22" number="15">days</token>
<token t_id="581" sentence="22" number="16">after</token>
<token t_id="582" sentence="22" number="17">the</token>
<token t_id="583" sentence="22" number="18">break-in</token>
<token t_id="584" sentence="22" number="19">.</token>
<Markables>
<ACTION_OCCURRENCE m_id="21"  >
  <token_anchor t_id="6"/>
</ACTION_OCCURRENCE>
<ACTION_OCCURRENCE m_id="23"  >
  <token_anchor t_id="17"/>
  <token_anchor t_id="18"/>
</ACTION_OCCURRENCE>
<ACTION_OCCURRENCE m_id="26"  >
  <token_anchor t_id="24"/>
</ACTION_OCCURRENCE>
<ACTION_OCCURRENCE m_id="18"  >
  <token_anchor t_id="22"/>
</ACTION_OCCURRENCE>
<ACTION_OCCURRENCE m_id="19"  >
  <token_anchor t_id="29"/>
</ACTION_OCCURRENCE>
<ACTION_OCCURRENCE m_id="20"  >
  <token_anchor t_id="25"/>
</ACTION_OCCURRENCE>
<HUMAN_PART_ORG m_id="25"  >
  <token_anchor t_id="3"/>
</HUMAN_PART_ORG>
<HUMAN_PART_PER m_id="22"  >
  <token_anchor t_id="27"/>
</HUMAN_PART_PER>
<HUMAN_PART_PER m_id="24"  >
  <token_anchor t_id="19"/>
</HUMAN_PART_PER>
<HUMAN_PART_PER m_id="13"  >
  <token_anchor t_id="4"/>
</HUMAN_PART_PER>
<HUMAN_PART_PER m_id="14"  >
  <token_anchor t_id="10"/>
  <token_anchor t_id="11"/>
</HUMAN_PART_PER>
<HUMAN_PART_PER m_id="15"  >
  <token_anchor t_id="7"/>
</HUMAN_PART_PER>
<HUMAN_PART_PER m_id="17"  >
  <token_anchor t_id="16"/>
</HUMAN_PART_PER>
<TIME_DATE m_id="16"  >
  <token_anchor t_id="13"/>
  <token_anchor t_id="14"/>
  <token_anchor t_id="15"/>
</TIME_DATE>




<ACTION_OCCURRENCE m_id="33" RELATED_TO="" TAG_DESCRIPTOR="t28_watergate_scandal" instance_id="ACT16762238189665929" />
<HUMAN_PART_PER m_id="32" RELATED_TO="" TAG_DESCRIPTOR="t28b_nixon" instance_id="HUM27379778521624645" />
<HUMAN_PART_PER m_id="31" RELATED_TO="" TAG_DESCRIPTOR="t28_deep_throat" instance_id="HUM16762545642473164" />
<HUMAN_PART_PER m_id="30" RELATED_TO="" TAG_DESCRIPTOR="t28b_mark_felt" instance_id="HUM16762554083083396" />
<ACTION_OCCURRENCE m_id="29" RELATED_TO="" TAG_DESCRIPTOR="t28b_revealed" instance_id="ACT16975385765195368" />
<ACTION_OCCURRENCE m_id="28" RELATED_TO="" TAG_DESCRIPTOR="t28b_bring_down_nixon" instance_id="ACT27379751006237079" />
<ACTION_OCCURRENCE m_id="27" RELATED_TO="" TAG_DESCRIPTOR="t28b_mark_felt_dies" instance_id="ACT16762501657378707" />
</Markables>

<Relations>
<CROSS_DOC_COREF r_id="37131" note="ACT16762501657378707" >
  <source m_id="19" />
  <target m_id="27" />
</CROSS_DOC_COREF>
<CROSS_DOC_COREF r_id="37132" note="ACT27379751006237079" >
  <source m_id="20" />
  <target m_id="28" />
</CROSS_DOC_COREF>
<CROSS_DOC_COREF r_id="37133" note="ACT16975385765195368" >
  <source m_id="21" />
  <target m_id="29" />
</CROSS_DOC_COREF>
<CROSS_DOC_COREF r_id="37134" note="HUM16762554083083396" >
  <source m_id="15" />
  <source m_id="13" />
  <source m_id="17" />
  <target m_id="30" />
</CROSS_DOC_COREF>
<CROSS_DOC_COREF r_id="37135" note="HUM16762545642473164" >
  <source m_id="14" />
  <target m_id="31" />
</CROSS_DOC_COREF>
<CROSS_DOC_COREF r_id="37136" note="HUM27379778521624645" >
  <source m_id="22" />
  <target m_id="32" />
</CROSS_DOC_COREF>
<CROSS_DOC_COREF r_id="37137" note="ACT16762238189665929" >
  <source m_id="18" />
  <source m_id="26" />
  <target m_id="33" />
</CROSS_DOC_COREF>

</Relations>
</Document>
