<Document doc_name="28_7ecb.xml" doc_id="DOC15654958076236101">
<token t_id="1" sentence="0" number="0">Mark</token>
<token t_id="2" sentence="0" number="1">Felt</token>
<token t_id="3" sentence="0" number="2">,</token>
<token t_id="4" sentence="0" number="3">FBI</token>
<token t_id="5" sentence="0" number="4">official</token>
<token t_id="6" sentence="0" number="5">who</token>
<token t_id="7" sentence="0" number="6">became</token>
<token t_id="8" sentence="0" number="7">'Deep</token>
<token t_id="9" sentence="0" number="8">Throat</token>
<token t_id="10" sentence="0" number="9">,</token>
<token t_id="11" sentence="0" number="10">'</token>
<token t_id="12" sentence="0" number="11">dead</token>
<token t_id="13" sentence="0" number="12">at</token>
<token t_id="14" sentence="0" number="13">95</token>
<token t_id="15" sentence="1" number="0">W.</token>
<token t_id="16" sentence="1" number="1">Mark</token>
<token t_id="17" sentence="1" number="2">Felt</token>
<token t_id="18" sentence="1" number="3">,</token>
<token t_id="19" sentence="1" number="4">who</token>
<token t_id="20" sentence="1" number="5">was</token>
<token t_id="21" sentence="1" number="6">the</token>
<token t_id="22" sentence="1" number="7">No.</token>
<token t_id="23" sentence="1" number="8">2</token>
<token t_id="24" sentence="1" number="9">official</token>
<token t_id="25" sentence="1" number="10">at</token>
<token t_id="26" sentence="1" number="11">the</token>
<token t_id="27" sentence="1" number="12">FBI</token>
<token t_id="28" sentence="1" number="13">when</token>
<token t_id="29" sentence="1" number="14">he</token>
<token t_id="30" sentence="1" number="15">helped</token>
<token t_id="31" sentence="1" number="16">bring</token>
<token t_id="32" sentence="1" number="17">down</token>
<token t_id="33" sentence="1" number="18">President</token>
<token t_id="34" sentence="1" number="19">Richard</token>
<token t_id="35" sentence="1" number="20">M.</token>
<token t_id="36" sentence="1" number="21">Nixon</token>
<token t_id="37" sentence="1" number="22">by</token>
<token t_id="38" sentence="1" number="23">resisting</token>
<token t_id="39" sentence="1" number="24">the</token>
<token t_id="40" sentence="1" number="25">Watergate</token>
<token t_id="41" sentence="1" number="26">cover-up</token>
<token t_id="42" sentence="1" number="27">and</token>
<token t_id="43" sentence="1" number="28">becoming</token>
<token t_id="44" sentence="1" number="29">Deep</token>
<token t_id="45" sentence="1" number="30">Throat</token>
<token t_id="46" sentence="1" number="31">,</token>
<token t_id="47" sentence="1" number="32">the</token>
<token t_id="48" sentence="1" number="33">most</token>
<token t_id="49" sentence="1" number="34">famous</token>
<token t_id="50" sentence="1" number="35">anonymous</token>
<token t_id="51" sentence="1" number="36">source</token>
<token t_id="52" sentence="1" number="37">in</token>
<token t_id="53" sentence="1" number="38">American</token>
<token t_id="54" sentence="1" number="39">history</token>
<token t_id="55" sentence="1" number="40">,</token>
<token t_id="56" sentence="1" number="41">died</token>
<token t_id="57" sentence="1" number="42">on</token>
<token t_id="58" sentence="1" number="43">Thursday</token>
<token t_id="59" sentence="1" number="44">.</token>
<token t_id="60" sentence="2" number="0">He</token>
<token t_id="61" sentence="2" number="1">was</token>
<token t_id="62" sentence="2" number="2">95</token>
<token t_id="63" sentence="2" number="3">and</token>
<token t_id="64" sentence="2" number="4">lived</token>
<token t_id="65" sentence="2" number="5">in</token>
<token t_id="66" sentence="2" number="6">Santa</token>
<token t_id="67" sentence="2" number="7">Rosa</token>
<token t_id="68" sentence="2" number="8">.</token>
<token t_id="69" sentence="3" number="0">His</token>
<token t_id="70" sentence="3" number="1">death</token>
<token t_id="71" sentence="3" number="2">was</token>
<token t_id="72" sentence="3" number="3">confirmed</token>
<token t_id="73" sentence="3" number="4">by</token>
<token t_id="74" sentence="3" number="5">Rob</token>
<token t_id="75" sentence="3" number="6">Jones</token>
<token t_id="76" sentence="3" number="7">,</token>
<token t_id="77" sentence="3" number="8">his</token>
<token t_id="78" sentence="3" number="9">grandson</token>
<token t_id="79" sentence="3" number="10">.</token>
<token t_id="80" sentence="4" number="0">In</token>
<token t_id="81" sentence="4" number="1">2005</token>
<token t_id="82" sentence="4" number="2">,</token>
<token t_id="83" sentence="4" number="3">Felt</token>
<token t_id="84" sentence="4" number="4">revealed</token>
<token t_id="85" sentence="4" number="5">that</token>
<token t_id="86" sentence="4" number="6">he</token>
<token t_id="87" sentence="4" number="7">was</token>
<token t_id="88" sentence="4" number="8">the</token>
<token t_id="89" sentence="4" number="9">source</token>
<token t_id="90" sentence="4" number="10">who</token>
<token t_id="91" sentence="4" number="11">had</token>
<token t_id="92" sentence="4" number="12">secretly</token>
<token t_id="93" sentence="4" number="13">supplied</token>
<token t_id="94" sentence="4" number="14">Bob</token>
<token t_id="95" sentence="4" number="15">Woodward</token>
<token t_id="96" sentence="4" number="16">of</token>
<token t_id="97" sentence="4" number="17">The</token>
<token t_id="98" sentence="4" number="18">Washington</token>
<token t_id="99" sentence="4" number="19">Post</token>
<token t_id="100" sentence="4" number="20">with</token>
<token t_id="101" sentence="4" number="21">crucial</token>
<token t_id="102" sentence="4" number="22">leads</token>
<token t_id="103" sentence="4" number="23">in</token>
<token t_id="104" sentence="4" number="24">the</token>
<token t_id="105" sentence="4" number="25">Watergate</token>
<token t_id="106" sentence="4" number="26">affair</token>
<token t_id="107" sentence="4" number="27">in</token>
<token t_id="108" sentence="4" number="28">the</token>
<token t_id="109" sentence="4" number="29">early</token>
<token t_id="110" sentence="4" number="30">nineteen</token>
<token t_id="111" sentence="4" number="31">seventies</token>
<token t_id="112" sentence="4" number="32">.</token>
<token t_id="113" sentence="5" number="0">His</token>
<token t_id="114" sentence="5" number="1">decision</token>
<token t_id="115" sentence="5" number="2">to</token>
<token t_id="116" sentence="5" number="3">unmask</token>
<token t_id="117" sentence="5" number="4">himself</token>
<token t_id="118" sentence="5" number="5">,</token>
<token t_id="119" sentence="5" number="6">in</token>
<token t_id="120" sentence="5" number="7">an</token>
<token t_id="121" sentence="5" number="8">article</token>
<token t_id="122" sentence="5" number="9">in</token>
<token t_id="123" sentence="5" number="10">Vanity</token>
<token t_id="124" sentence="5" number="11">Fair</token>
<token t_id="125" sentence="5" number="12">,</token>
<token t_id="126" sentence="5" number="13">ended</token>
<token t_id="127" sentence="5" number="14">a</token>
<token t_id="128" sentence="5" number="15">guessing</token>
<token t_id="129" sentence="5" number="16">game</token>
<token t_id="130" sentence="5" number="17">that</token>
<token t_id="131" sentence="5" number="18">had</token>
<token t_id="132" sentence="5" number="19">gone</token>
<token t_id="133" sentence="5" number="20">on</token>
<token t_id="134" sentence="5" number="21">for</token>
<token t_id="135" sentence="5" number="22">more</token>
<token t_id="136" sentence="5" number="23">than</token>
<token t_id="137" sentence="5" number="24">30</token>
<token t_id="138" sentence="5" number="25">years</token>
<token t_id="139" sentence="5" number="26">.</token>
<token t_id="140" sentence="6" number="0">The</token>
<token t_id="141" sentence="6" number="1">disclosure</token>
<token t_id="142" sentence="6" number="2">even</token>
<token t_id="143" sentence="6" number="3">surprised</token>
<token t_id="144" sentence="6" number="4">Woodward</token>
<token t_id="145" sentence="6" number="5">and</token>
<token t_id="146" sentence="6" number="6">his</token>
<token t_id="147" sentence="6" number="7">partner</token>
<token t_id="148" sentence="6" number="8">on</token>
<token t_id="149" sentence="6" number="9">the</token>
<token t_id="150" sentence="6" number="10">Watergate</token>
<token t_id="151" sentence="6" number="11">story</token>
<token t_id="152" sentence="6" number="12">,</token>
<token t_id="153" sentence="6" number="13">Carl</token>
<token t_id="154" sentence="6" number="14">Bernstein</token>
<token t_id="155" sentence="6" number="15">.</token>
<token t_id="156" sentence="7" number="0">They</token>
<token t_id="157" sentence="7" number="1">had</token>
<token t_id="158" sentence="7" number="2">kept</token>
<token t_id="159" sentence="7" number="3">their</token>
<token t_id="160" sentence="7" number="4">promise</token>
<token t_id="161" sentence="7" number="5">not</token>
<token t_id="162" sentence="7" number="6">to</token>
<token t_id="163" sentence="7" number="7">reveal</token>
<token t_id="164" sentence="7" number="8">his</token>
<token t_id="165" sentence="7" number="9">identity</token>
<token t_id="166" sentence="7" number="10">until</token>
<token t_id="167" sentence="7" number="11">after</token>
<token t_id="168" sentence="7" number="12">his</token>
<token t_id="169" sentence="7" number="13">death</token>
<token t_id="170" sentence="7" number="14">.</token>
<token t_id="171" sentence="8" number="0">Indeed</token>
<token t_id="172" sentence="8" number="1">,</token>
<token t_id="173" sentence="8" number="2">Woodward</token>
<token t_id="174" sentence="8" number="3">was</token>
<token t_id="175" sentence="8" number="4">so</token>
<token t_id="176" sentence="8" number="5">scrupulous</token>
<token t_id="177" sentence="8" number="6">about</token>
<token t_id="178" sentence="8" number="7">shielding</token>
<token t_id="179" sentence="8" number="8">Felt</token>
<token t_id="180" sentence="8" number="9">that</token>
<token t_id="181" sentence="8" number="10">he</token>
<token t_id="182" sentence="8" number="11">did</token>
<token t_id="183" sentence="8" number="12">not</token>
<token t_id="184" sentence="8" number="13">introduce</token>
<token t_id="185" sentence="8" number="14">him</token>
<token t_id="186" sentence="8" number="15">to</token>
<token t_id="187" sentence="8" number="16">Bernstein</token>
<token t_id="188" sentence="8" number="17">until</token>
<token t_id="189" sentence="8" number="18">this</token>
<token t_id="190" sentence="8" number="19">year</token>
<token t_id="191" sentence="8" number="20">,</token>
<token t_id="192" sentence="8" number="21">36</token>
<token t_id="193" sentence="8" number="22">years</token>
<token t_id="194" sentence="8" number="23">after</token>
<token t_id="195" sentence="8" number="24">they</token>
<token t_id="196" sentence="8" number="25">cracked</token>
<token t_id="197" sentence="8" number="26">the</token>
<token t_id="198" sentence="8" number="27">scandal</token>
<token t_id="199" sentence="8" number="28">.</token>
<token t_id="200" sentence="9" number="0">The</token>
<token t_id="201" sentence="9" number="1">three</token>
<token t_id="202" sentence="9" number="2">met</token>
<token t_id="203" sentence="9" number="3">for</token>
<token t_id="204" sentence="9" number="4">two</token>
<token t_id="205" sentence="9" number="5">hours</token>
<token t_id="206" sentence="9" number="6">one</token>
<token t_id="207" sentence="9" number="7">afternoon</token>
<token t_id="208" sentence="9" number="8">in</token>
<token t_id="209" sentence="9" number="9">November</token>
<token t_id="210" sentence="9" number="10">in</token>
<token t_id="211" sentence="9" number="11">Santa</token>
<token t_id="212" sentence="9" number="12">Rosa</token>
<token t_id="213" sentence="9" number="13">,</token>
<token t_id="214" sentence="9" number="14">where</token>
<token t_id="215" sentence="9" number="15">Felt</token>
<token t_id="216" sentence="9" number="16">had</token>
<token t_id="217" sentence="9" number="17">retired</token>
<token t_id="218" sentence="9" number="18">.</token>
<token t_id="219" sentence="10" number="0">The</token>
<token t_id="220" sentence="10" number="1">reporters</token>
<token t_id="221" sentence="10" number="2">likened</token>
<token t_id="222" sentence="10" number="3">it</token>
<token t_id="223" sentence="10" number="4">to</token>
<token t_id="224" sentence="10" number="5">a</token>
<token t_id="225" sentence="10" number="6">family</token>
<token t_id="226" sentence="10" number="7">reunion</token>
<token t_id="227" sentence="10" number="8">.</token>
<token t_id="228" sentence="11" number="0">Felt</token>
<token t_id="229" sentence="11" number="1">played</token>
<token t_id="230" sentence="11" number="2">a</token>
<token t_id="231" sentence="11" number="3">dual</token>
<token t_id="232" sentence="11" number="4">role</token>
<token t_id="233" sentence="11" number="5">in</token>
<token t_id="234" sentence="11" number="6">Nixon</token>
<token t_id="235" sentence="11" number="7">'s</token>
<token t_id="236" sentence="11" number="8">downfall</token>
<token t_id="237" sentence="11" number="9">.</token>
<token t_id="238" sentence="12" number="0">As</token>
<token t_id="239" sentence="12" number="1">a</token>
<token t_id="240" sentence="12" number="2">secret</token>
<token t_id="241" sentence="12" number="3">informant</token>
<token t_id="242" sentence="12" number="4">,</token>
<token t_id="243" sentence="12" number="5">he</token>
<token t_id="244" sentence="12" number="6">kept</token>
<token t_id="245" sentence="12" number="7">the</token>
<token t_id="246" sentence="12" number="8">story</token>
<token t_id="247" sentence="12" number="9">alive</token>
<token t_id="248" sentence="12" number="10">in</token>
<token t_id="249" sentence="12" number="11">the</token>
<token t_id="250" sentence="12" number="12">press</token>
<token t_id="251" sentence="12" number="13">.</token>
<token t_id="252" sentence="13" number="0">As</token>
<token t_id="253" sentence="13" number="1">associate</token>
<token t_id="254" sentence="13" number="2">director</token>
<token t_id="255" sentence="13" number="3">of</token>
<token t_id="256" sentence="13" number="4">the</token>
<token t_id="257" sentence="13" number="5">FBI</token>
<token t_id="258" sentence="13" number="6">,</token>
<token t_id="259" sentence="13" number="7">he</token>
<token t_id="260" sentence="13" number="8">fought</token>
<token t_id="261" sentence="13" number="9">the</token>
<token t_id="262" sentence="13" number="10">president</token>
<token t_id="263" sentence="13" number="11">'s</token>
<token t_id="264" sentence="13" number="12">efforts</token>
<token t_id="265" sentence="13" number="13">to</token>
<token t_id="266" sentence="13" number="14">obstruct</token>
<token t_id="267" sentence="13" number="15">the</token>
<token t_id="268" sentence="13" number="16">FBI</token>
<token t_id="269" sentence="13" number="17">'s</token>
<token t_id="270" sentence="13" number="18">investigation</token>
<token t_id="271" sentence="13" number="19">of</token>
<token t_id="272" sentence="13" number="20">the</token>
<token t_id="273" sentence="13" number="21">Watergate</token>
<token t_id="274" sentence="13" number="22">break-in</token>
<token t_id="275" sentence="13" number="23">.</token>
<token t_id="276" sentence="14" number="0">Felt</token>
<token t_id="277" sentence="14" number="1">later</token>
<token t_id="278" sentence="14" number="2">said</token>
<token t_id="279" sentence="14" number="3">he</token>
<token t_id="280" sentence="14" number="4">believed</token>
<token t_id="281" sentence="14" number="5">that</token>
<token t_id="282" sentence="14" number="6">Nixon</token>
<token t_id="283" sentence="14" number="7">had</token>
<token t_id="284" sentence="14" number="8">been</token>
<token t_id="285" sentence="14" number="9">misusing</token>
<token t_id="286" sentence="14" number="10">the</token>
<token t_id="287" sentence="14" number="11">FBI</token>
<token t_id="288" sentence="14" number="12">for</token>
<token t_id="289" sentence="14" number="13">political</token>
<token t_id="290" sentence="14" number="14">advantage</token>
<token t_id="291" sentence="14" number="15">.</token>
<token t_id="292" sentence="15" number="0">He</token>
<token t_id="293" sentence="15" number="1">knew</token>
<token t_id="294" sentence="15" number="2">that</token>
<token t_id="295" sentence="15" number="3">Nixon</token>
<token t_id="296" sentence="15" number="4">wanted</token>
<token t_id="297" sentence="15" number="5">the</token>
<token t_id="298" sentence="15" number="6">Watergate</token>
<token t_id="299" sentence="15" number="7">affair</token>
<token t_id="300" sentence="15" number="8">to</token>
<token t_id="301" sentence="15" number="9">vanish</token>
<token t_id="302" sentence="15" number="10">.</token>
<token t_id="303" sentence="16" number="0">He</token>
<token t_id="304" sentence="16" number="1">knew</token>
<token t_id="305" sentence="16" number="2">that</token>
<token t_id="306" sentence="16" number="3">the</token>
<token t_id="307" sentence="16" number="4">White</token>
<token t_id="308" sentence="16" number="5">House</token>
<token t_id="309" sentence="16" number="6">had</token>
<token t_id="310" sentence="16" number="7">ordered</token>
<token t_id="311" sentence="16" number="8">the</token>
<token t_id="312" sentence="16" number="9">CIA</token>
<token t_id="313" sentence="16" number="10">to</token>
<token t_id="314" sentence="16" number="11">tell</token>
<token t_id="315" sentence="16" number="12">the</token>
<token t_id="316" sentence="16" number="13">bureau</token>
<token t_id="317" sentence="16" number="14">,</token>
<token t_id="318" sentence="16" number="15">on</token>
<token t_id="319" sentence="16" number="16">grounds</token>
<token t_id="320" sentence="16" number="17">of</token>
<token t_id="321" sentence="16" number="18">national</token>
<token t_id="322" sentence="16" number="19">security</token>
<token t_id="323" sentence="16" number="20">,</token>
<token t_id="324" sentence="16" number="21">to</token>
<token t_id="325" sentence="16" number="22">stand</token>
<token t_id="326" sentence="16" number="23">down</token>
<token t_id="327" sentence="16" number="24">in</token>
<token t_id="328" sentence="16" number="25">its</token>
<token t_id="329" sentence="16" number="26">felony</token>
<token t_id="330" sentence="16" number="27">investigation</token>
<token t_id="331" sentence="16" number="28">of</token>
<token t_id="332" sentence="16" number="29">the</token>
<token t_id="333" sentence="16" number="30">June</token>
<token t_id="334" sentence="16" number="31">1972</token>
<token t_id="335" sentence="16" number="32">break-in</token>
<token t_id="336" sentence="16" number="33">.</token>
<token t_id="337" sentence="17" number="0">He</token>
<token t_id="338" sentence="17" number="1">saw</token>
<token t_id="339" sentence="17" number="2">that</token>
<token t_id="340" sentence="17" number="3">order</token>
<token t_id="341" sentence="17" number="4">as</token>
<token t_id="342" sentence="17" number="5">an</token>
<token t_id="343" sentence="17" number="6">effort</token>
<token t_id="344" sentence="17" number="7">to</token>
<token t_id="345" sentence="17" number="8">obstruct</token>
<token t_id="346" sentence="17" number="9">justice</token>
<token t_id="347" sentence="17" number="10">,</token>
<token t_id="348" sentence="17" number="11">and</token>
<token t_id="349" sentence="17" number="12">he</token>
<token t_id="350" sentence="17" number="13">rejected</token>
<token t_id="351" sentence="17" number="14">it</token>
<token t_id="352" sentence="17" number="15">.</token>
<token t_id="353" sentence="18" number="0">That</token>
<token t_id="354" sentence="18" number="1">resistance</token>
<token t_id="355" sentence="18" number="2">led</token>
<token t_id="356" sentence="18" number="3">indirectly</token>
<token t_id="357" sentence="18" number="4">to</token>
<token t_id="358" sentence="18" number="5">Nixon</token>
<token t_id="359" sentence="18" number="6">'s</token>
<token t_id="360" sentence="18" number="7">resignation</token>
<token t_id="361" sentence="18" number="8">.</token>
<token t_id="362" sentence="19" number="0">Passed</token>
<token t_id="363" sentence="19" number="1">up</token>
<token t_id="364" sentence="19" number="2">for</token>
<token t_id="365" sentence="19" number="3">promotion</token>
<token t_id="366" sentence="20" number="0">Felt</token>
<token t_id="367" sentence="20" number="1">had</token>
<token t_id="368" sentence="20" number="2">expected</token>
<token t_id="369" sentence="20" number="3">to</token>
<token t_id="370" sentence="20" number="4">be</token>
<token t_id="371" sentence="20" number="5">named</token>
<token t_id="372" sentence="20" number="6">to</token>
<token t_id="373" sentence="20" number="7">succeed</token>
<token t_id="374" sentence="20" number="8">J.</token>
<token t_id="375" sentence="20" number="9">Edgar</token>
<token t_id="376" sentence="20" number="10">Hoover</token>
<token t_id="377" sentence="20" number="11">,</token>
<token t_id="378" sentence="20" number="12">who</token>
<token t_id="379" sentence="20" number="13">had</token>
<token t_id="380" sentence="20" number="14">run</token>
<token t_id="381" sentence="20" number="15">the</token>
<token t_id="382" sentence="20" number="16">bureau</token>
<token t_id="383" sentence="20" number="17">for</token>
<token t_id="384" sentence="20" number="18">48</token>
<token t_id="385" sentence="20" number="19">years</token>
<token t_id="386" sentence="20" number="20">and</token>
<token t_id="387" sentence="20" number="21">died</token>
<token t_id="388" sentence="20" number="22">in</token>
<token t_id="389" sentence="20" number="23">May</token>
<token t_id="390" sentence="20" number="24">1972</token>
<token t_id="391" sentence="20" number="25">.</token>
<token t_id="392" sentence="21" number="0">The</token>
<token t_id="393" sentence="21" number="1">president</token>
<token t_id="394" sentence="21" number="2">instead</token>
<token t_id="395" sentence="21" number="3">chose</token>
<token t_id="396" sentence="21" number="4">a</token>
<token t_id="397" sentence="21" number="5">politically</token>
<token t_id="398" sentence="21" number="6">loyal</token>
<token t_id="399" sentence="21" number="7">Justice</token>
<token t_id="400" sentence="21" number="8">Department</token>
<token t_id="401" sentence="21" number="9">official</token>
<token t_id="402" sentence="21" number="10">,</token>
<token t_id="403" sentence="21" number="11">L.</token>
<token t_id="404" sentence="21" number="12">Patrick</token>
<token t_id="405" sentence="21" number="13">Gray</token>
<token t_id="406" sentence="21" number="14">,</token>
<token t_id="407" sentence="21" number="15">who</token>
<token t_id="408" sentence="21" number="16">later</token>
<token t_id="409" sentence="21" number="17">followed</token>
<token t_id="410" sentence="21" number="18">orders</token>
<token t_id="411" sentence="21" number="19">from</token>
<token t_id="412" sentence="21" number="20">the</token>
<token t_id="413" sentence="21" number="21">White</token>
<token t_id="414" sentence="21" number="22">House</token>
<token t_id="415" sentence="21" number="23">to</token>
<token t_id="416" sentence="21" number="24">destroy</token>
<token t_id="417" sentence="21" number="25">documents</token>
<token t_id="418" sentence="21" number="26">in</token>
<token t_id="419" sentence="21" number="27">the</token>
<token t_id="420" sentence="21" number="28">case</token>
<token t_id="421" sentence="21" number="29">.</token>
<token t_id="422" sentence="22" number="0">The</token>
<token t_id="423" sentence="22" number="1">choice</token>
<token t_id="424" sentence="22" number="2">infuriated</token>
<token t_id="425" sentence="22" number="3">Felt</token>
<token t_id="426" sentence="22" number="4">.</token>
<token t_id="427" sentence="23" number="0">He</token>
<token t_id="428" sentence="23" number="1">later</token>
<token t_id="429" sentence="23" number="2">wrote</token>
<token t_id="430" sentence="23" number="3">that</token>
<token t_id="431" sentence="23" number="4">the</token>
<token t_id="432" sentence="23" number="5">president</token>
<token t_id="433" sentence="23" number="6">``</token>
<token t_id="434" sentence="23" number="7">wanted</token>
<token t_id="435" sentence="23" number="8">a</token>
<token t_id="436" sentence="23" number="9">politician</token>
<token t_id="437" sentence="23" number="10">in</token>
<token t_id="438" sentence="23" number="11">J.</token>
<token t_id="439" sentence="23" number="12">Edgar</token>
<token t_id="440" sentence="23" number="13">Hoover</token>
<token t_id="441" sentence="23" number="14">'s</token>
<token t_id="442" sentence="23" number="15">position</token>
<token t_id="443" sentence="23" number="16">who</token>
<token t_id="444" sentence="23" number="17">would</token>
<token t_id="445" sentence="23" number="18">convert</token>
<token t_id="446" sentence="23" number="19">the</token>
<token t_id="447" sentence="23" number="20">bureau</token>
<token t_id="448" sentence="23" number="21">into</token>
<token t_id="449" sentence="23" number="22">an</token>
<token t_id="450" sentence="23" number="23">adjunct</token>
<token t_id="451" sentence="23" number="24">of</token>
<token t_id="452" sentence="23" number="25">the</token>
<token t_id="453" sentence="23" number="26">White</token>
<token t_id="454" sentence="23" number="27">House</token>
<token t_id="455" sentence="23" number="28">machine</token>
<token t_id="456" sentence="23" number="29">.</token>
<token t_id="457" sentence="23" number="30">''</token>
<token t_id="458" sentence="24" number="0">Hoover</token>
<token t_id="459" sentence="24" number="1">had</token>
<token t_id="460" sentence="24" number="2">sworn</token>
<token t_id="461" sentence="24" number="3">off</token>
<token t_id="462" sentence="24" number="4">break-ins</token>
<token t_id="463" sentence="24" number="5">without</token>
<token t_id="464" sentence="24" number="6">warrants</token>
<token t_id="465" sentence="24" number="7">-</token>
<token t_id="466" sentence="24" number="8">``</token>
<token t_id="467" sentence="24" number="9">black</token>
<token t_id="468" sentence="24" number="10">bag</token>
<token t_id="469" sentence="24" number="11">jobs</token>
<token t_id="470" sentence="24" number="12">,</token>
<token t_id="471" sentence="24" number="13">''</token>
<token t_id="472" sentence="24" number="14">he</token>
<token t_id="473" sentence="24" number="15">called</token>
<token t_id="474" sentence="24" number="16">them</token>
<token t_id="475" sentence="24" number="17">-</token>
<token t_id="476" sentence="24" number="18">in</token>
<token t_id="477" sentence="24" number="19">1966</token>
<token t_id="478" sentence="24" number="20">,</token>
<token t_id="479" sentence="24" number="21">after</token>
<token t_id="480" sentence="24" number="22">carrying</token>
<token t_id="481" sentence="24" number="23">them</token>
<token t_id="482" sentence="24" number="24">out</token>
<token t_id="483" sentence="24" number="25">at</token>
<token t_id="484" sentence="24" number="26">the</token>
<token t_id="485" sentence="24" number="27">FBI</token>
<token t_id="486" sentence="24" number="28">for</token>
<token t_id="487" sentence="24" number="29">four</token>
<token t_id="488" sentence="24" number="30">decades</token>
<token t_id="489" sentence="24" number="31">.</token>
<token t_id="490" sentence="25" number="0">The</token>
<token t_id="491" sentence="25" number="1">Nixon</token>
<token t_id="492" sentence="25" number="2">White</token>
<token t_id="493" sentence="25" number="3">House</token>
<token t_id="494" sentence="25" number="4">hired</token>
<token t_id="495" sentence="25" number="5">its</token>
<token t_id="496" sentence="25" number="6">own</token>
<token t_id="497" sentence="25" number="7">operatives</token>
<token t_id="498" sentence="25" number="8">to</token>
<token t_id="499" sentence="25" number="9">steal</token>
<token t_id="500" sentence="25" number="10">information</token>
<token t_id="501" sentence="25" number="11">,</token>
<token t_id="502" sentence="25" number="12">plant</token>
<token t_id="503" sentence="25" number="13">eavesdropping</token>
<token t_id="504" sentence="25" number="14">equipment</token>
<token t_id="505" sentence="25" number="15">and</token>
<token t_id="506" sentence="25" number="16">hunt</token>
<token t_id="507" sentence="25" number="17">down</token>
<token t_id="508" sentence="25" number="18">the</token>
<token t_id="509" sentence="25" number="19">sources</token>
<token t_id="510" sentence="25" number="20">of</token>
<token t_id="511" sentence="25" number="21">leaks</token>
<token t_id="512" sentence="25" number="22">.</token>
<token t_id="513" sentence="26" number="0">The</token>
<token t_id="514" sentence="26" number="1">Watergate</token>
<token t_id="515" sentence="26" number="2">break-in</token>
<token t_id="516" sentence="26" number="3">took</token>
<token t_id="517" sentence="26" number="4">place</token>
<token t_id="518" sentence="26" number="5">six</token>
<token t_id="519" sentence="26" number="6">weeks</token>
<token t_id="520" sentence="26" number="7">after</token>
<token t_id="521" sentence="26" number="8">Hoover</token>
<token t_id="522" sentence="26" number="9">died</token>
<token t_id="523" sentence="26" number="10">.</token>
<token t_id="524" sentence="27" number="0">While</token>
<token t_id="525" sentence="27" number="1">Watergate</token>
<token t_id="526" sentence="27" number="2">was</token>
<token t_id="527" sentence="27" number="3">seething</token>
<token t_id="528" sentence="27" number="4">,</token>
<token t_id="529" sentence="27" number="5">Felt</token>
<token t_id="530" sentence="27" number="6">authorized</token>
<token t_id="531" sentence="27" number="7">nine</token>
<token t_id="532" sentence="27" number="8">illegal</token>
<token t_id="533" sentence="27" number="9">break-ins</token>
<token t_id="534" sentence="27" number="10">at</token>
<token t_id="535" sentence="27" number="11">the</token>
<token t_id="536" sentence="27" number="12">homes</token>
<token t_id="537" sentence="27" number="13">of</token>
<token t_id="538" sentence="27" number="14">friends</token>
<token t_id="539" sentence="27" number="15">and</token>
<token t_id="540" sentence="27" number="16">relatives</token>
<token t_id="541" sentence="27" number="17">of</token>
<token t_id="542" sentence="27" number="18">members</token>
<token t_id="543" sentence="27" number="19">of</token>
<token t_id="544" sentence="27" number="20">the</token>
<token t_id="545" sentence="27" number="21">Weather</token>
<token t_id="546" sentence="27" number="22">Underground</token>
<token t_id="547" sentence="27" number="23">,</token>
<token t_id="548" sentence="27" number="24">a</token>
<token t_id="549" sentence="27" number="25">violent</token>
<token t_id="550" sentence="27" number="26">left-wing</token>
<token t_id="551" sentence="27" number="27">splinter</token>
<token t_id="552" sentence="27" number="28">group</token>
<token t_id="553" sentence="27" number="29">.</token>
<token t_id="554" sentence="28" number="0">The</token>
<token t_id="555" sentence="28" number="1">people</token>
<token t_id="556" sentence="28" number="2">he</token>
<token t_id="557" sentence="28" number="3">chose</token>
<token t_id="558" sentence="28" number="4">as</token>
<token t_id="559" sentence="28" number="5">targets</token>
<token t_id="560" sentence="28" number="6">had</token>
<token t_id="561" sentence="28" number="7">committed</token>
<token t_id="562" sentence="28" number="8">no</token>
<token t_id="563" sentence="28" number="9">crimes</token>
<token t_id="564" sentence="28" number="10">.</token>
<token t_id="565" sentence="29" number="0">The</token>
<token t_id="566" sentence="29" number="1">FBI</token>
<token t_id="567" sentence="29" number="2">had</token>
<token t_id="568" sentence="29" number="3">no</token>
<token t_id="569" sentence="29" number="4">search</token>
<token t_id="570" sentence="29" number="5">warrants</token>
<token t_id="571" sentence="29" number="6">.</token>
<token t_id="572" sentence="30" number="0">He</token>
<token t_id="573" sentence="30" number="1">later</token>
<token t_id="574" sentence="30" number="2">said</token>
<token t_id="575" sentence="30" number="3">he</token>
<token t_id="576" sentence="30" number="4">ordered</token>
<token t_id="577" sentence="30" number="5">the</token>
<token t_id="578" sentence="30" number="6">break-ins</token>
<token t_id="579" sentence="30" number="7">because</token>
<token t_id="580" sentence="30" number="8">he</token>
<token t_id="581" sentence="30" number="9">felt</token>
<token t_id="582" sentence="30" number="10">national</token>
<token t_id="583" sentence="30" number="11">security</token>
<token t_id="584" sentence="30" number="12">required</token>
<token t_id="585" sentence="30" number="13">it</token>
<token t_id="586" sentence="30" number="14">.</token>
<token t_id="587" sentence="31" number="0">In</token>
<token t_id="588" sentence="31" number="1">a</token>
<token t_id="589" sentence="31" number="2">criminal</token>
<token t_id="590" sentence="31" number="3">trial</token>
<token t_id="591" sentence="31" number="4">,</token>
<token t_id="592" sentence="31" number="5">Felt</token>
<token t_id="593" sentence="31" number="6">was</token>
<token t_id="594" sentence="31" number="7">convicted</token>
<token t_id="595" sentence="31" number="8">in</token>
<token t_id="596" sentence="31" number="9">November</token>
<token t_id="597" sentence="31" number="10">1980</token>
<token t_id="598" sentence="31" number="11">of</token>
<token t_id="599" sentence="31" number="12">conspiring</token>
<token t_id="600" sentence="31" number="13">to</token>
<token t_id="601" sentence="31" number="14">violate</token>
<token t_id="602" sentence="31" number="15">the</token>
<token t_id="603" sentence="31" number="16">constitutional</token>
<token t_id="604" sentence="31" number="17">rights</token>
<token t_id="605" sentence="31" number="18">of</token>
<token t_id="606" sentence="31" number="19">Americans</token>
<token t_id="607" sentence="31" number="20">.</token>
<token t_id="608" sentence="32" number="0">Nixon</token>
<token t_id="609" sentence="32" number="1">,</token>
<token t_id="610" sentence="32" number="2">who</token>
<token t_id="611" sentence="32" number="3">had</token>
<token t_id="612" sentence="32" number="4">denounced</token>
<token t_id="613" sentence="32" number="5">him</token>
<token t_id="614" sentence="32" number="6">in</token>
<token t_id="615" sentence="32" number="7">private</token>
<token t_id="616" sentence="32" number="8">for</token>
<token t_id="617" sentence="32" number="9">leaking</token>
<token t_id="618" sentence="32" number="10">Watergate</token>
<token t_id="619" sentence="32" number="11">secrets</token>
<token t_id="620" sentence="32" number="12">,</token>
<token t_id="621" sentence="32" number="13">testified</token>
<token t_id="622" sentence="32" number="14">on</token>
<token t_id="623" sentence="32" number="15">his</token>
<token t_id="624" sentence="32" number="16">behalf</token>
<token t_id="625" sentence="32" number="17">.</token>
<token t_id="626" sentence="33" number="0">Called</token>
<token t_id="627" sentence="33" number="1">by</token>
<token t_id="628" sentence="33" number="2">the</token>
<token t_id="629" sentence="33" number="3">prosecution</token>
<token t_id="630" sentence="33" number="4">,</token>
<token t_id="631" sentence="33" number="5">he</token>
<token t_id="632" sentence="33" number="6">told</token>
<token t_id="633" sentence="33" number="7">the</token>
<token t_id="634" sentence="33" number="8">jury</token>
<token t_id="635" sentence="33" number="9">that</token>
<token t_id="636" sentence="33" number="10">presidents</token>
<token t_id="637" sentence="33" number="11">and</token>
<token t_id="638" sentence="33" number="12">by</token>
<token t_id="639" sentence="33" number="13">extension</token>
<token t_id="640" sentence="33" number="14">their</token>
<token t_id="641" sentence="33" number="15">officers</token>
<token t_id="642" sentence="33" number="16">had</token>
<token t_id="643" sentence="33" number="17">an</token>
<token t_id="644" sentence="33" number="18">inherent</token>
<token t_id="645" sentence="33" number="19">right</token>
<token t_id="646" sentence="33" number="20">to</token>
<token t_id="647" sentence="33" number="21">conduct</token>
<token t_id="648" sentence="33" number="22">illegal</token>
<token t_id="649" sentence="33" number="23">searches</token>
<token t_id="650" sentence="33" number="24">in</token>
<token t_id="651" sentence="33" number="25">the</token>
<token t_id="652" sentence="33" number="26">name</token>
<token t_id="653" sentence="33" number="27">of</token>
<token t_id="654" sentence="33" number="28">national</token>
<token t_id="655" sentence="33" number="29">security</token>
<token t_id="656" sentence="33" number="30">.</token>
<token t_id="657" sentence="34" number="0">``</token>
<token t_id="658" sentence="34" number="1">As</token>
<token t_id="659" sentence="34" number="2">Deep</token>
<token t_id="660" sentence="34" number="3">Throat</token>
<token t_id="661" sentence="34" number="4">,</token>
<token t_id="662" sentence="34" number="5">Felt</token>
<token t_id="663" sentence="34" number="6">helped</token>
<token t_id="664" sentence="34" number="7">establish</token>
<token t_id="665" sentence="34" number="8">the</token>
<token t_id="666" sentence="34" number="9">principle</token>
<token t_id="667" sentence="34" number="10">that</token>
<token t_id="668" sentence="34" number="11">our</token>
<token t_id="669" sentence="34" number="12">highest</token>
<token t_id="670" sentence="34" number="13">government</token>
<token t_id="671" sentence="34" number="14">officials</token>
<token t_id="672" sentence="34" number="15">are</token>
<token t_id="673" sentence="34" number="16">subject</token>
<token t_id="674" sentence="34" number="17">to</token>
<token t_id="675" sentence="34" number="18">the</token>
<token t_id="676" sentence="34" number="19">Constitution</token>
<token t_id="677" sentence="34" number="20">and</token>
<token t_id="678" sentence="34" number="21">the</token>
<token t_id="679" sentence="34" number="22">laws</token>
<token t_id="680" sentence="34" number="23">of</token>
<token t_id="681" sentence="34" number="24">the</token>
<token t_id="682" sentence="34" number="25">land</token>
<token t_id="683" sentence="34" number="26">,</token>
<token t_id="684" sentence="34" number="27">''</token>
<token t_id="685" sentence="34" number="28">the</token>
<token t_id="686" sentence="34" number="29">prosecutor</token>
<token t_id="687" sentence="34" number="30">,</token>
<token t_id="688" sentence="34" number="31">John</token>
<token t_id="689" sentence="34" number="32">W.</token>
<token t_id="690" sentence="34" number="33">Nields</token>
<token t_id="691" sentence="34" number="34">,</token>
<token t_id="692" sentence="34" number="35">wrote</token>
<token t_id="693" sentence="34" number="36">in</token>
<token t_id="694" sentence="34" number="37">The</token>
<token t_id="695" sentence="34" number="38">Washington</token>
<token t_id="696" sentence="34" number="39">Post</token>
<token t_id="697" sentence="34" number="40">in</token>
<token t_id="698" sentence="34" number="41">2005</token>
<token t_id="699" sentence="34" number="42">.</token>
<token t_id="700" sentence="35" number="0">``</token>
<token t_id="701" sentence="35" number="1">Yet</token>
<token t_id="702" sentence="35" number="2">when</token>
<token t_id="703" sentence="35" number="3">it</token>
<token t_id="704" sentence="35" number="4">came</token>
<token t_id="705" sentence="35" number="5">to</token>
<token t_id="706" sentence="35" number="6">the</token>
<token t_id="707" sentence="35" number="7">Weather</token>
<token t_id="708" sentence="35" number="8">Underground</token>
<token t_id="709" sentence="35" number="9">bag</token>
<token t_id="710" sentence="35" number="10">jobs</token>
<token t_id="711" sentence="35" number="11">,</token>
<token t_id="712" sentence="35" number="12">he</token>
<token t_id="713" sentence="35" number="13">seems</token>
<token t_id="714" sentence="35" number="14">not</token>
<token t_id="715" sentence="35" number="15">to</token>
<token t_id="716" sentence="35" number="16">have</token>
<token t_id="717" sentence="35" number="17">been</token>
<token t_id="718" sentence="35" number="18">aware</token>
<token t_id="719" sentence="35" number="19">that</token>
<token t_id="720" sentence="35" number="20">this</token>
<token t_id="721" sentence="35" number="21">same</token>
<token t_id="722" sentence="35" number="22">principle</token>
<token t_id="723" sentence="35" number="23">applied</token>
<token t_id="724" sentence="35" number="24">to</token>
<token t_id="725" sentence="35" number="25">him</token>
<token t_id="726" sentence="35" number="26">.</token>
<token t_id="727" sentence="35" number="27">''</token>
<token t_id="728" sentence="36" number="0">Seven</token>
<token t_id="729" sentence="36" number="1">months</token>
<token t_id="730" sentence="36" number="2">after</token>
<token t_id="731" sentence="36" number="3">the</token>
<token t_id="732" sentence="36" number="4">conviction</token>
<token t_id="733" sentence="36" number="5">,</token>
<token t_id="734" sentence="36" number="6">President</token>
<token t_id="735" sentence="36" number="7">Ronald</token>
<token t_id="736" sentence="36" number="8">Reagan</token>
<token t_id="737" sentence="36" number="9">pardoned</token>
<token t_id="738" sentence="36" number="10">Felt</token>
<token t_id="739" sentence="36" number="11">.</token>
<token t_id="740" sentence="37" number="0">Then</token>
<token t_id="741" sentence="37" number="1">67</token>
<token t_id="742" sentence="37" number="2">,</token>
<token t_id="743" sentence="37" number="3">Felt</token>
<token t_id="744" sentence="37" number="4">celebrated</token>
<token t_id="745" sentence="37" number="5">the</token>
<token t_id="746" sentence="37" number="6">decision</token>
<token t_id="747" sentence="37" number="7">as</token>
<token t_id="748" sentence="37" number="8">one</token>
<token t_id="749" sentence="37" number="9">of</token>
<token t_id="750" sentence="37" number="10">great</token>
<token t_id="751" sentence="37" number="11">symbolic</token>
<token t_id="752" sentence="37" number="12">value</token>
<token t_id="753" sentence="37" number="13">.</token>
<token t_id="754" sentence="38" number="0">``</token>
<token t_id="755" sentence="38" number="1">This</token>
<token t_id="756" sentence="38" number="2">is</token>
<token t_id="757" sentence="38" number="3">going</token>
<token t_id="758" sentence="38" number="4">to</token>
<token t_id="759" sentence="38" number="5">be</token>
<token t_id="760" sentence="38" number="6">the</token>
<token t_id="761" sentence="38" number="7">biggest</token>
<token t_id="762" sentence="38" number="8">shot</token>
<token t_id="763" sentence="38" number="9">in</token>
<token t_id="764" sentence="38" number="10">the</token>
<token t_id="765" sentence="38" number="11">arm</token>
<token t_id="766" sentence="38" number="12">for</token>
<token t_id="767" sentence="38" number="13">the</token>
<token t_id="768" sentence="38" number="14">intelligence</token>
<token t_id="769" sentence="38" number="15">community</token>
<token t_id="770" sentence="38" number="16">for</token>
<token t_id="771" sentence="38" number="17">a</token>
<token t_id="772" sentence="38" number="18">long</token>
<token t_id="773" sentence="38" number="19">time</token>
<token t_id="774" sentence="38" number="20">,</token>
<token t_id="775" sentence="38" number="21">''</token>
<token t_id="776" sentence="38" number="22">he</token>
<token t_id="777" sentence="38" number="23">said</token>
<token t_id="778" sentence="38" number="24">.</token>
<token t_id="779" sentence="39" number="0">After</token>
<token t_id="780" sentence="39" number="1">the</token>
<token t_id="781" sentence="39" number="2">pardon</token>
<token t_id="782" sentence="39" number="3">,</token>
<token t_id="783" sentence="39" number="4">Nixon</token>
<token t_id="784" sentence="39" number="5">sent</token>
<token t_id="785" sentence="39" number="6">him</token>
<token t_id="786" sentence="39" number="7">a</token>
<token t_id="787" sentence="39" number="8">congratulatory</token>
<token t_id="788" sentence="39" number="9">bottle</token>
<token t_id="789" sentence="39" number="10">of</token>
<token t_id="790" sentence="39" number="11">champagne</token>
<token t_id="791" sentence="39" number="12">.</token>
<token t_id="792" sentence="40" number="0">Felt</token>
<token t_id="793" sentence="40" number="1">then</token>
<token t_id="794" sentence="40" number="2">disappeared</token>
<token t_id="795" sentence="40" number="3">from</token>
<token t_id="796" sentence="40" number="4">public</token>
<token t_id="797" sentence="40" number="5">view</token>
<token t_id="798" sentence="40" number="6">for</token>
<token t_id="799" sentence="40" number="7">a</token>
<token t_id="800" sentence="40" number="8">quarter</token>
<token t_id="801" sentence="40" number="9">of</token>
<token t_id="802" sentence="40" number="10">a</token>
<token t_id="803" sentence="40" number="11">century</token>
<token t_id="804" sentence="40" number="12">,</token>
<token t_id="805" sentence="40" number="13">denying</token>
<token t_id="806" sentence="40" number="14">unequivocally</token>
<token t_id="807" sentence="40" number="15">,</token>
<token t_id="808" sentence="40" number="16">time</token>
<token t_id="809" sentence="40" number="17">and</token>
<token t_id="810" sentence="40" number="18">again</token>
<token t_id="811" sentence="40" number="19">,</token>
<token t_id="812" sentence="40" number="20">that</token>
<token t_id="813" sentence="40" number="21">he</token>
<token t_id="814" sentence="40" number="22">had</token>
<token t_id="815" sentence="40" number="23">been</token>
<token t_id="816" sentence="40" number="24">Deep</token>
<token t_id="817" sentence="40" number="25">Throat</token>
<token t_id="818" sentence="40" number="26">.</token>
<token t_id="819" sentence="41" number="0">It</token>
<token t_id="820" sentence="41" number="1">was</token>
<token t_id="821" sentence="41" number="2">a</token>
<token t_id="822" sentence="41" number="3">lie</token>
<token t_id="823" sentence="41" number="4">he</token>
<token t_id="824" sentence="41" number="5">told</token>
<token t_id="825" sentence="41" number="6">to</token>
<token t_id="826" sentence="41" number="7">serve</token>
<token t_id="827" sentence="41" number="8">what</token>
<token t_id="828" sentence="41" number="9">he</token>
<token t_id="829" sentence="41" number="10">believed</token>
<token t_id="830" sentence="41" number="11">to</token>
<token t_id="831" sentence="41" number="12">be</token>
<token t_id="832" sentence="41" number="13">a</token>
<token t_id="833" sentence="41" number="14">higher</token>
<token t_id="834" sentence="41" number="15">truth</token>
<token t_id="835" sentence="41" number="16">.</token>
<token t_id="836" sentence="42" number="0">William</token>
<token t_id="837" sentence="42" number="1">Mark</token>
<token t_id="838" sentence="42" number="2">Felt</token>
<token t_id="839" sentence="42" number="3">was</token>
<token t_id="840" sentence="42" number="4">born</token>
<token t_id="841" sentence="42" number="5">in</token>
<token t_id="842" sentence="42" number="6">Twin</token>
<token t_id="843" sentence="42" number="7">Falls</token>
<token t_id="844" sentence="42" number="8">,</token>
<token t_id="845" sentence="42" number="9">Idaho</token>
<token t_id="846" sentence="42" number="10">,</token>
<token t_id="847" sentence="42" number="11">on</token>
<token t_id="848" sentence="42" number="12">Aug.</token>
<token t_id="849" sentence="42" number="13">17</token>
<token t_id="850" sentence="42" number="14">,</token>
<token t_id="851" sentence="42" number="15">1913</token>
<token t_id="852" sentence="42" number="16">.</token>
<token t_id="853" sentence="43" number="0">After</token>
<token t_id="854" sentence="43" number="1">graduating</token>
<token t_id="855" sentence="43" number="2">from</token>
<token t_id="856" sentence="43" number="3">the</token>
<token t_id="857" sentence="43" number="4">University</token>
<token t_id="858" sentence="43" number="5">of</token>
<token t_id="859" sentence="43" number="6">Idaho</token>
<token t_id="860" sentence="43" number="7">,</token>
<token t_id="861" sentence="43" number="8">he</token>
<token t_id="862" sentence="43" number="9">was</token>
<token t_id="863" sentence="43" number="10">drawn</token>
<token t_id="864" sentence="43" number="11">to</token>
<token t_id="865" sentence="43" number="12">public</token>
<token t_id="866" sentence="43" number="13">service</token>
<token t_id="867" sentence="43" number="14">in</token>
<token t_id="868" sentence="43" number="15">Washington</token>
<token t_id="869" sentence="43" number="16">and</token>
<token t_id="870" sentence="43" number="17">went</token>
<token t_id="871" sentence="43" number="18">to</token>
<token t_id="872" sentence="43" number="19">work</token>
<token t_id="873" sentence="43" number="20">for</token>
<token t_id="874" sentence="43" number="21">Sen.</token>
<token t_id="875" sentence="43" number="22">James</token>
<token t_id="876" sentence="43" number="23">P.</token>
<token t_id="877" sentence="43" number="24">Pope</token>
<token t_id="878" sentence="43" number="25">,</token>
<token t_id="879" sentence="43" number="26">D-Idaho</token>
<token t_id="880" sentence="43" number="27">.</token>
<token t_id="881" sentence="44" number="0">In</token>
<token t_id="882" sentence="44" number="1">1938</token>
<token t_id="883" sentence="44" number="2">,</token>
<token t_id="884" sentence="44" number="3">he</token>
<token t_id="885" sentence="44" number="4">married</token>
<token t_id="886" sentence="44" number="5">his</token>
<token t_id="887" sentence="44" number="6">college</token>
<token t_id="888" sentence="44" number="7">sweetheart</token>
<token t_id="889" sentence="44" number="8">,</token>
<token t_id="890" sentence="44" number="9">Audrey</token>
<token t_id="891" sentence="44" number="10">Robinson</token>
<token t_id="892" sentence="44" number="11">,</token>
<token t_id="893" sentence="44" number="12">in</token>
<token t_id="894" sentence="44" number="13">Washington</token>
<token t_id="895" sentence="44" number="14">.</token>
<token t_id="896" sentence="45" number="0">They</token>
<token t_id="897" sentence="45" number="1">were</token>
<token t_id="898" sentence="45" number="2">wed</token>
<token t_id="899" sentence="45" number="3">by</token>
<token t_id="900" sentence="45" number="4">the</token>
<token t_id="901" sentence="45" number="5">chaplain</token>
<token t_id="902" sentence="45" number="6">of</token>
<token t_id="903" sentence="45" number="7">the</token>
<token t_id="904" sentence="45" number="8">House</token>
<token t_id="905" sentence="45" number="9">of</token>
<token t_id="906" sentence="45" number="10">Representatives</token>
<token t_id="907" sentence="45" number="11">.</token>
<token t_id="908" sentence="46" number="0">She</token>
<token t_id="909" sentence="46" number="1">died</token>
<token t_id="910" sentence="46" number="2">in</token>
<token t_id="911" sentence="46" number="3">1984</token>
<token t_id="912" sentence="46" number="4">.</token>
<token t_id="913" sentence="47" number="0">The</token>
<token t_id="914" sentence="47" number="1">couple</token>
<token t_id="915" sentence="47" number="2">had</token>
<token t_id="916" sentence="47" number="3">a</token>
<token t_id="917" sentence="47" number="4">daughter</token>
<token t_id="918" sentence="47" number="5">,</token>
<token t_id="919" sentence="47" number="6">Joan</token>
<token t_id="920" sentence="47" number="7">,</token>
<token t_id="921" sentence="47" number="8">and</token>
<token t_id="922" sentence="47" number="9">a</token>
<token t_id="923" sentence="47" number="10">son</token>
<token t_id="924" sentence="47" number="11">,</token>
<token t_id="925" sentence="47" number="12">Mark</token>
<token t_id="926" sentence="47" number="13">.</token>
<token t_id="927" sentence="48" number="0">They</token>
<token t_id="928" sentence="48" number="1">and</token>
<token t_id="929" sentence="48" number="2">four</token>
<token t_id="930" sentence="48" number="3">grandsons</token>
<token t_id="931" sentence="48" number="4">survive</token>
<token t_id="932" sentence="48" number="5">Felt</token>
<token t_id="933" sentence="48" number="6">.</token>
<token t_id="934" sentence="49" number="0">Days</token>
<token t_id="935" sentence="49" number="1">before</token>
<token t_id="936" sentence="49" number="2">Pearl</token>
<token t_id="937" sentence="49" number="3">Harbor</token>
<token t_id="938" sentence="49" number="4">,</token>
<token t_id="939" sentence="49" number="5">after</token>
<token t_id="940" sentence="49" number="6">earning</token>
<token t_id="941" sentence="49" number="7">a</token>
<token t_id="942" sentence="49" number="8">law</token>
<token t_id="943" sentence="49" number="9">degree</token>
<token t_id="944" sentence="49" number="10">in</token>
<token t_id="945" sentence="49" number="11">night</token>
<token t_id="946" sentence="49" number="12">classes</token>
<token t_id="947" sentence="49" number="13">at</token>
<token t_id="948" sentence="49" number="14">George</token>
<token t_id="949" sentence="49" number="15">Washington</token>
<token t_id="950" sentence="49" number="16">University</token>
<token t_id="951" sentence="49" number="17">,</token>
<token t_id="952" sentence="49" number="18">Felt</token>
<token t_id="953" sentence="49" number="19">applied</token>
<token t_id="954" sentence="49" number="20">to</token>
<token t_id="955" sentence="49" number="21">the</token>
<token t_id="956" sentence="49" number="22">FBI</token>
<token t_id="957" sentence="49" number="23">and</token>
<token t_id="958" sentence="49" number="24">joined</token>
<token t_id="959" sentence="49" number="25">it</token>
<token t_id="960" sentence="49" number="26">in</token>
<token t_id="961" sentence="49" number="27">January</token>
<token t_id="962" sentence="49" number="28">1942</token>
<token t_id="963" sentence="49" number="29">.</token>
<token t_id="964" sentence="50" number="0">He</token>
<token t_id="965" sentence="50" number="1">spent</token>
<token t_id="966" sentence="50" number="2">most</token>
<token t_id="967" sentence="50" number="3">of</token>
<token t_id="968" sentence="50" number="4">World</token>
<token t_id="969" sentence="50" number="5">War</token>
<token t_id="970" sentence="50" number="6">II</token>
<token t_id="971" sentence="50" number="7">hunting</token>
<token t_id="972" sentence="50" number="8">German</token>
<token t_id="973" sentence="50" number="9">spies</token>
<token t_id="974" sentence="50" number="10">.</token>
<token t_id="975" sentence="51" number="0">After</token>
<token t_id="976" sentence="51" number="1">stints</token>
<token t_id="977" sentence="51" number="2">in</token>
<token t_id="978" sentence="51" number="3">Seattle</token>
<token t_id="979" sentence="51" number="4">,</token>
<token t_id="980" sentence="51" number="5">New</token>
<token t_id="981" sentence="51" number="6">Orleans</token>
<token t_id="982" sentence="51" number="7">and</token>
<token t_id="983" sentence="51" number="8">Los</token>
<token t_id="984" sentence="51" number="9">Angeles</token>
<token t_id="985" sentence="51" number="10">,</token>
<token t_id="986" sentence="51" number="11">Hoover</token>
<token t_id="987" sentence="51" number="12">named</token>
<token t_id="988" sentence="51" number="13">him</token>
<token t_id="989" sentence="51" number="14">special</token>
<token t_id="990" sentence="51" number="15">agent</token>
<token t_id="991" sentence="51" number="16">in</token>
<token t_id="992" sentence="51" number="17">charge</token>
<token t_id="993" sentence="51" number="18">of</token>
<token t_id="994" sentence="51" number="19">the</token>
<token t_id="995" sentence="51" number="20">Salt</token>
<token t_id="996" sentence="51" number="21">Lake</token>
<token t_id="997" sentence="51" number="22">City</token>
<token t_id="998" sentence="51" number="23">and</token>
<token t_id="999" sentence="51" number="24">Kansas</token>
<token t_id="1000" sentence="51" number="25">City</token>
<token t_id="1001" sentence="51" number="26">offices</token>
<token t_id="1002" sentence="51" number="27">in</token>
<token t_id="1003" sentence="51" number="28">the</token>
<token t_id="1004" sentence="51" number="29">late</token>
<token t_id="1005" sentence="51" number="30">nineteen</token>
<token t_id="1006" sentence="51" number="31">fifties</token>
<token t_id="1007" sentence="51" number="32">.</token>
<token t_id="1008" sentence="52" number="0">Rising</token>
<token t_id="1009" sentence="52" number="1">to</token>
<token t_id="1010" sentence="52" number="2">high</token>
<token t_id="1011" sentence="52" number="3">positions</token>
<token t_id="1012" sentence="52" number="4">at</token>
<token t_id="1013" sentence="52" number="5">the</token>
<token t_id="1014" sentence="52" number="6">headquarters</token>
<token t_id="1015" sentence="52" number="7">in</token>
<token t_id="1016" sentence="52" number="8">the</token>
<token t_id="1017" sentence="52" number="9">1960s</token>
<token t_id="1018" sentence="52" number="10">,</token>
<token t_id="1019" sentence="52" number="11">he</token>
<token t_id="1020" sentence="52" number="12">oversaw</token>
<token t_id="1021" sentence="52" number="13">the</token>
<token t_id="1022" sentence="52" number="14">training</token>
<token t_id="1023" sentence="52" number="15">of</token>
<token t_id="1024" sentence="52" number="16">FBI</token>
<token t_id="1025" sentence="52" number="17">agents</token>
<token t_id="1026" sentence="52" number="18">and</token>
<token t_id="1027" sentence="52" number="19">conducted</token>
<token t_id="1028" sentence="52" number="20">internal</token>
<token t_id="1029" sentence="52" number="21">investigations</token>
<token t_id="1030" sentence="52" number="22">as</token>
<token t_id="1031" sentence="52" number="23">chief</token>
<token t_id="1032" sentence="52" number="24">of</token>
<token t_id="1033" sentence="52" number="25">the</token>
<token t_id="1034" sentence="52" number="26">inspection</token>
<token t_id="1035" sentence="52" number="27">division</token>
<token t_id="1036" sentence="52" number="28">.</token>
<token t_id="1037" sentence="53" number="0">In</token>
<token t_id="1038" sentence="53" number="1">early</token>
<token t_id="1039" sentence="53" number="2">1970</token>
<token t_id="1040" sentence="53" number="3">,</token>
<token t_id="1041" sentence="53" number="4">while</token>
<token t_id="1042" sentence="53" number="5">waiting</token>
<token t_id="1043" sentence="53" number="6">in</token>
<token t_id="1044" sentence="53" number="7">an</token>
<token t_id="1045" sentence="53" number="8">anteroom</token>
<token t_id="1046" sentence="53" number="9">of</token>
<token t_id="1047" sentence="53" number="10">the</token>
<token t_id="1048" sentence="53" number="11">West</token>
<token t_id="1049" sentence="53" number="12">Wing</token>
<token t_id="1050" sentence="53" number="13">of</token>
<token t_id="1051" sentence="53" number="14">the</token>
<token t_id="1052" sentence="53" number="15">White</token>
<token t_id="1053" sentence="53" number="16">House</token>
<token t_id="1054" sentence="53" number="17">,</token>
<token t_id="1055" sentence="53" number="18">Felt</token>
<token t_id="1056" sentence="53" number="19">chanced</token>
<token t_id="1057" sentence="53" number="20">to</token>
<token t_id="1058" sentence="53" number="21">meet</token>
<token t_id="1059" sentence="53" number="22">a</token>
<token t_id="1060" sentence="53" number="23">Navy</token>
<token t_id="1061" sentence="53" number="24">lieutenant</token>
<token t_id="1062" sentence="53" number="25">delivering</token>
<token t_id="1063" sentence="53" number="26">classified</token>
<token t_id="1064" sentence="53" number="27">messages</token>
<token t_id="1065" sentence="53" number="28">to</token>
<token t_id="1066" sentence="53" number="29">the</token>
<token t_id="1067" sentence="53" number="30">National</token>
<token t_id="1068" sentence="53" number="31">Security</token>
<token t_id="1069" sentence="53" number="32">Council</token>
<token t_id="1070" sentence="53" number="33">staff</token>
<token t_id="1071" sentence="53" number="34">.</token>
<token t_id="1072" sentence="54" number="0">The</token>
<token t_id="1073" sentence="54" number="1">young</token>
<token t_id="1074" sentence="54" number="2">man</token>
<token t_id="1075" sentence="54" number="3">in</token>
<token t_id="1076" sentence="54" number="4">dress</token>
<token t_id="1077" sentence="54" number="5">blues</token>
<token t_id="1078" sentence="54" number="6">was</token>
<token t_id="1079" sentence="54" number="7">Bob</token>
<token t_id="1080" sentence="54" number="8">Woodward</token>
<token t_id="1081" sentence="54" number="9">.</token>
<token t_id="1082" sentence="55" number="0">By</token>
<token t_id="1083" sentence="55" number="1">his</token>
<token t_id="1084" sentence="55" number="2">own</token>
<token t_id="1085" sentence="55" number="3">description</token>
<token t_id="1086" sentence="55" number="4">fiercely</token>
<token t_id="1087" sentence="55" number="5">ambitious</token>
<token t_id="1088" sentence="55" number="6">and</token>
<token t_id="1089" sentence="55" number="7">in</token>
<token t_id="1090" sentence="55" number="8">need</token>
<token t_id="1091" sentence="55" number="9">of</token>
<token t_id="1092" sentence="55" number="10">adult</token>
<token t_id="1093" sentence="55" number="11">guidance</token>
<token t_id="1094" sentence="55" number="12">,</token>
<token t_id="1095" sentence="55" number="13">Woodward</token>
<token t_id="1096" sentence="55" number="14">tried</token>
<token t_id="1097" sentence="55" number="15">to</token>
<token t_id="1098" sentence="55" number="16">wring</token>
<token t_id="1099" sentence="55" number="17">career</token>
<token t_id="1100" sentence="55" number="18">counseling</token>
<token t_id="1101" sentence="55" number="19">from</token>
<token t_id="1102" sentence="55" number="20">his</token>
<token t_id="1103" sentence="55" number="21">elder</token>
<token t_id="1104" sentence="55" number="22">.</token>
<token t_id="1105" sentence="56" number="0">He</token>
<token t_id="1106" sentence="56" number="1">left</token>
<token t_id="1107" sentence="56" number="2">the</token>
<token t_id="1108" sentence="56" number="3">White</token>
<token t_id="1109" sentence="56" number="4">House</token>
<token t_id="1110" sentence="56" number="5">with</token>
<token t_id="1111" sentence="56" number="6">the</token>
<token t_id="1112" sentence="56" number="7">number</token>
<token t_id="1113" sentence="56" number="8">to</token>
<token t_id="1114" sentence="56" number="9">Felt</token>
<token t_id="1115" sentence="56" number="10">'s</token>
<token t_id="1116" sentence="56" number="11">direct</token>
<token t_id="1117" sentence="56" number="12">line</token>
<token t_id="1118" sentence="56" number="13">at</token>
<token t_id="1119" sentence="56" number="14">the</token>
<token t_id="1120" sentence="56" number="15">FBI</token>
<token t_id="1121" sentence="57" number="0">On</token>
<token t_id="1122" sentence="57" number="1">July</token>
<token t_id="1123" sentence="57" number="2">1</token>
<token t_id="1124" sentence="57" number="3">,</token>
<token t_id="1125" sentence="57" number="4">1971</token>
<token t_id="1126" sentence="57" number="5">,</token>
<token t_id="1127" sentence="57" number="6">Hoover</token>
<token t_id="1128" sentence="57" number="7">promoted</token>
<token t_id="1129" sentence="57" number="8">Felt</token>
<token t_id="1130" sentence="57" number="9">to</token>
<token t_id="1131" sentence="57" number="10">deputy</token>
<token t_id="1132" sentence="57" number="11">associate</token>
<token t_id="1133" sentence="57" number="12">director</token>
<token t_id="1134" sentence="57" number="13">,</token>
<token t_id="1135" sentence="57" number="14">the</token>
<token t_id="1136" sentence="57" number="15">third</token>
<token t_id="1137" sentence="57" number="16">in</token>
<token t_id="1138" sentence="57" number="17">command</token>
<token t_id="1139" sentence="57" number="18">at</token>
<token t_id="1140" sentence="57" number="19">the</token>
<token t_id="1141" sentence="57" number="20">headquarters</token>
<token t_id="1142" sentence="57" number="21">,</token>
<token t_id="1143" sentence="57" number="22">beneath</token>
<token t_id="1144" sentence="57" number="23">Hoover</token>
<token t_id="1145" sentence="57" number="24">'s</token>
<token t_id="1146" sentence="57" number="25">right-hand</token>
<token t_id="1147" sentence="57" number="26">man</token>
<token t_id="1148" sentence="57" number="27">and</token>
<token t_id="1149" sentence="57" number="28">longtime</token>
<token t_id="1150" sentence="57" number="29">companion</token>
<token t_id="1151" sentence="57" number="30">,</token>
<token t_id="1152" sentence="57" number="31">Clyde</token>
<token t_id="1153" sentence="57" number="32">A.</token>
<token t_id="1154" sentence="57" number="33">Tolson</token>
<token t_id="1155" sentence="57" number="34">.</token>
<token t_id="1156" sentence="58" number="0">With</token>
<token t_id="1157" sentence="58" number="1">both</token>
<token t_id="1158" sentence="58" number="2">of</token>
<token t_id="1159" sentence="58" number="3">his</token>
<token t_id="1160" sentence="58" number="4">superiors</token>
<token t_id="1161" sentence="58" number="5">in</token>
<token t_id="1162" sentence="58" number="6">poor</token>
<token t_id="1163" sentence="58" number="7">health</token>
<token t_id="1164" sentence="58" number="8">,</token>
<token t_id="1165" sentence="58" number="9">Felt</token>
<token t_id="1166" sentence="58" number="10">increasingly</token>
<token t_id="1167" sentence="58" number="11">took</token>
<token t_id="1168" sentence="58" number="12">effective</token>
<token t_id="1169" sentence="58" number="13">command</token>
<token t_id="1170" sentence="58" number="14">of</token>
<token t_id="1171" sentence="58" number="15">the</token>
<token t_id="1172" sentence="58" number="16">daily</token>
<token t_id="1173" sentence="58" number="17">work</token>
<token t_id="1174" sentence="58" number="18">of</token>
<token t_id="1175" sentence="58" number="19">the</token>
<token t_id="1176" sentence="58" number="20">FBI</token>
<token t_id="1177" sentence="58" number="21">.</token>
<token t_id="1178" sentence="59" number="0">When</token>
<token t_id="1179" sentence="59" number="1">Hoover</token>
<token t_id="1180" sentence="59" number="2">died</token>
<token t_id="1181" sentence="59" number="3">and</token>
<token t_id="1182" sentence="59" number="4">Tolson</token>
<token t_id="1183" sentence="59" number="5">retired</token>
<token t_id="1184" sentence="59" number="6">,</token>
<token t_id="1185" sentence="59" number="7">he</token>
<token t_id="1186" sentence="59" number="8">saw</token>
<token t_id="1187" sentence="59" number="9">his</token>
<token t_id="1188" sentence="59" number="10">path</token>
<token t_id="1189" sentence="59" number="11">to</token>
<token t_id="1190" sentence="59" number="12">power</token>
<token t_id="1191" sentence="59" number="13">cleared</token>
<token t_id="1192" sentence="59" number="14">.</token>
<token t_id="1193" sentence="60" number="0">But</token>
<token t_id="1194" sentence="60" number="1">Nixon</token>
<token t_id="1195" sentence="60" number="2">denied</token>
<token t_id="1196" sentence="60" number="3">him</token>
<token t_id="1197" sentence="60" number="4">,</token>
<token t_id="1198" sentence="60" number="5">and</token>
<token t_id="1199" sentence="60" number="6">he</token>
<token t_id="1200" sentence="60" number="7">seethed</token>
<token t_id="1201" sentence="60" number="8">with</token>
<token t_id="1202" sentence="60" number="9">frustrated</token>
<token t_id="1203" sentence="60" number="10">ambition</token>
<token t_id="1204" sentence="60" number="11">in</token>
<token t_id="1205" sentence="60" number="12">summer</token>
<token t_id="1206" sentence="60" number="13">1972</token>
<token t_id="1207" sentence="60" number="14">.</token>
<token t_id="1208" sentence="61" number="0">Breaking</token>
<token t_id="1209" sentence="61" number="1">Watergate</token>
<token t_id="1210" sentence="62" number="0">One</token>
<token t_id="1211" sentence="62" number="1">evening</token>
<token t_id="1212" sentence="62" number="2">that</token>
<token t_id="1213" sentence="62" number="3">summer</token>
<token t_id="1214" sentence="62" number="4">,</token>
<token t_id="1215" sentence="62" number="5">a</token>
<token t_id="1216" sentence="62" number="6">few</token>
<token t_id="1217" sentence="62" number="7">weeks</token>
<token t_id="1218" sentence="62" number="8">after</token>
<token t_id="1219" sentence="62" number="9">the</token>
<token t_id="1220" sentence="62" number="10">Watergate</token>
<token t_id="1221" sentence="62" number="11">break-in</token>
<token t_id="1222" sentence="62" number="12">,</token>
<token t_id="1223" sentence="62" number="13">Woodward</token>
<token t_id="1224" sentence="62" number="14">,</token>
<token t_id="1225" sentence="62" number="15">then</token>
<token t_id="1226" sentence="62" number="16">a</token>
<token t_id="1227" sentence="62" number="17">neophyte</token>
<token t_id="1228" sentence="62" number="18">newspaperman</token>
<token t_id="1229" sentence="62" number="19">,</token>
<token t_id="1230" sentence="62" number="20">knocked</token>
<token t_id="1231" sentence="62" number="21">on</token>
<token t_id="1232" sentence="62" number="22">Felt</token>
<token t_id="1233" sentence="62" number="23">'s</token>
<token t_id="1234" sentence="62" number="24">door</token>
<token t_id="1235" sentence="62" number="25">in</token>
<token t_id="1236" sentence="62" number="26">pursuit</token>
<token t_id="1237" sentence="62" number="27">of</token>
<token t_id="1238" sentence="62" number="28">the</token>
<token t_id="1239" sentence="62" number="29">story</token>
<token t_id="1240" sentence="62" number="30">.</token>
<token t_id="1241" sentence="63" number="0">Felt</token>
<token t_id="1242" sentence="63" number="1">decided</token>
<token t_id="1243" sentence="63" number="2">to</token>
<token t_id="1244" sentence="63" number="3">cooperate</token>
<token t_id="1245" sentence="63" number="4">with</token>
<token t_id="1246" sentence="63" number="5">him</token>
<token t_id="1247" sentence="63" number="6">and</token>
<token t_id="1248" sentence="63" number="7">set</token>
<token t_id="1249" sentence="63" number="8">up</token>
<token t_id="1250" sentence="63" number="9">an</token>
<token t_id="1251" sentence="63" number="10">elaborate</token>
<token t_id="1252" sentence="63" number="11">system</token>
<token t_id="1253" sentence="63" number="12">of</token>
<token t_id="1254" sentence="63" number="13">espionage</token>
<token t_id="1255" sentence="63" number="14">techniques</token>
<token t_id="1256" sentence="63" number="15">for</token>
<token t_id="1257" sentence="63" number="16">clandestine</token>
<token t_id="1258" sentence="63" number="17">meetings</token>
<token t_id="1259" sentence="63" number="18">with</token>
<token t_id="1260" sentence="63" number="19">Woodward</token>
<token t_id="1261" sentence="63" number="20">.</token>
<token t_id="1262" sentence="64" number="0">If</token>
<token t_id="1263" sentence="64" number="1">Woodward</token>
<token t_id="1264" sentence="64" number="2">needed</token>
<token t_id="1265" sentence="64" number="3">to</token>
<token t_id="1266" sentence="64" number="4">talk</token>
<token t_id="1267" sentence="64" number="5">,</token>
<token t_id="1268" sentence="64" number="6">he</token>
<token t_id="1269" sentence="64" number="7">would</token>
<token t_id="1270" sentence="64" number="8">move</token>
<token t_id="1271" sentence="64" number="9">a</token>
<token t_id="1272" sentence="64" number="10">flowerpot</token>
<token t_id="1273" sentence="64" number="11">planted</token>
<token t_id="1274" sentence="64" number="12">with</token>
<token t_id="1275" sentence="64" number="13">a</token>
<token t_id="1276" sentence="64" number="14">red</token>
<token t_id="1277" sentence="64" number="15">flag</token>
<token t_id="1278" sentence="64" number="16">on</token>
<token t_id="1279" sentence="64" number="17">the</token>
<token t_id="1280" sentence="64" number="18">balcony</token>
<token t_id="1281" sentence="64" number="19">of</token>
<token t_id="1282" sentence="64" number="20">his</token>
<token t_id="1283" sentence="64" number="21">apartment</token>
<token t_id="1284" sentence="64" number="22">on</token>
<token t_id="1285" sentence="64" number="23">P</token>
<token t_id="1286" sentence="64" number="24">Street</token>
<token t_id="1287" sentence="64" number="25">in</token>
<token t_id="1288" sentence="64" number="26">Washington</token>
<token t_id="1289" sentence="64" number="27">.</token>
<token t_id="1290" sentence="65" number="0">If</token>
<token t_id="1291" sentence="65" number="1">Felt</token>
<token t_id="1292" sentence="65" number="2">had</token>
<token t_id="1293" sentence="65" number="3">a</token>
<token t_id="1294" sentence="65" number="4">message</token>
<token t_id="1295" sentence="65" number="5">,</token>
<token t_id="1296" sentence="65" number="6">Woodward</token>
<token t_id="1297" sentence="65" number="7">'s</token>
<token t_id="1298" sentence="65" number="8">home-delivered</token>
<token t_id="1299" sentence="65" number="9">New</token>
<token t_id="1300" sentence="65" number="10">York</token>
<token t_id="1301" sentence="65" number="11">Times</token>
<token t_id="1302" sentence="65" number="12">would</token>
<token t_id="1303" sentence="65" number="13">arrive</token>
<token t_id="1304" sentence="65" number="14">with</token>
<token t_id="1305" sentence="65" number="15">an</token>
<token t_id="1306" sentence="65" number="16">inked</token>
<token t_id="1307" sentence="65" number="17">circle</token>
<token t_id="1308" sentence="65" number="18">on</token>
<token t_id="1309" sentence="65" number="19">Page</token>
<token t_id="1310" sentence="65" number="20">20</token>
<token t_id="1311" sentence="65" number="21">.</token>
<token t_id="1312" sentence="66" number="0">Woodward</token>
<token t_id="1313" sentence="66" number="1">would</token>
<token t_id="1314" sentence="66" number="2">leave</token>
<token t_id="1315" sentence="66" number="3">his</token>
<token t_id="1316" sentence="66" number="4">apartment</token>
<token t_id="1317" sentence="66" number="5">by</token>
<token t_id="1318" sentence="66" number="6">the</token>
<token t_id="1319" sentence="66" number="7">back</token>
<token t_id="1320" sentence="66" number="8">alley</token>
<token t_id="1321" sentence="66" number="9">that</token>
<token t_id="1322" sentence="66" number="10">night</token>
<token t_id="1323" sentence="66" number="11">and</token>
<token t_id="1324" sentence="66" number="12">take</token>
<token t_id="1325" sentence="66" number="13">one</token>
<token t_id="1326" sentence="66" number="14">taxi</token>
<token t_id="1327" sentence="66" number="15">to</token>
<token t_id="1328" sentence="66" number="16">a</token>
<token t_id="1329" sentence="66" number="17">downtown</token>
<token t_id="1330" sentence="66" number="18">hotel</token>
<token t_id="1331" sentence="66" number="19">,</token>
<token t_id="1332" sentence="66" number="20">then</token>
<token t_id="1333" sentence="66" number="21">a</token>
<token t_id="1334" sentence="66" number="22">second</token>
<token t_id="1335" sentence="66" number="23">to</token>
<token t_id="1336" sentence="66" number="24">an</token>
<token t_id="1337" sentence="66" number="25">underground</token>
<token t_id="1338" sentence="66" number="26">parking</token>
<token t_id="1339" sentence="66" number="27">garage</token>
<token t_id="1340" sentence="66" number="28">in</token>
<token t_id="1341" sentence="66" number="29">the</token>
<token t_id="1342" sentence="66" number="30">Rosslyn</token>
<token t_id="1343" sentence="66" number="31">section</token>
<token t_id="1344" sentence="66" number="32">of</token>
<token t_id="1345" sentence="66" number="33">Arlington</token>
<token t_id="1346" sentence="66" number="34">,</token>
<token t_id="1347" sentence="66" number="35">Virginia</token>
<token t_id="1348" sentence="66" number="36">.</token>
<token t_id="1349" sentence="67" number="0">Within</token>
<token t_id="1350" sentence="67" number="1">weeks</token>
<token t_id="1351" sentence="67" number="2">,</token>
<token t_id="1352" sentence="67" number="3">Felt</token>
<token t_id="1353" sentence="67" number="4">steered</token>
<token t_id="1354" sentence="67" number="5">The</token>
<token t_id="1355" sentence="67" number="6">Post</token>
<token t_id="1356" sentence="67" number="7">to</token>
<token t_id="1357" sentence="67" number="8">a</token>
<token t_id="1358" sentence="67" number="9">story</token>
<token t_id="1359" sentence="67" number="10">establishing</token>
<token t_id="1360" sentence="67" number="11">that</token>
<token t_id="1361" sentence="67" number="12">the</token>
<token t_id="1362" sentence="67" number="13">Watergate</token>
<token t_id="1363" sentence="67" number="14">break-in</token>
<token t_id="1364" sentence="67" number="15">was</token>
<token t_id="1365" sentence="67" number="16">part</token>
<token t_id="1366" sentence="67" number="17">of</token>
<token t_id="1367" sentence="67" number="18">``</token>
<token t_id="1368" sentence="67" number="19">a</token>
<token t_id="1369" sentence="67" number="20">massive</token>
<token t_id="1370" sentence="67" number="21">campaign</token>
<token t_id="1371" sentence="67" number="22">of</token>
<token t_id="1372" sentence="67" number="23">political</token>
<token t_id="1373" sentence="67" number="24">spying</token>
<token t_id="1374" sentence="67" number="25">and</token>
<token t_id="1375" sentence="67" number="26">sabotage</token>
<token t_id="1376" sentence="67" number="27">''</token>
<token t_id="1377" sentence="67" number="28">directed</token>
<token t_id="1378" sentence="67" number="29">by</token>
<token t_id="1379" sentence="67" number="30">the</token>
<token t_id="1380" sentence="67" number="31">White</token>
<token t_id="1381" sentence="67" number="32">House</token>
<token t_id="1382" sentence="67" number="33">.</token>
<token t_id="1383" sentence="68" number="0">For</token>
<token t_id="1384" sentence="68" number="1">the</token>
<token t_id="1385" sentence="68" number="2">next</token>
<token t_id="1386" sentence="68" number="3">eight</token>
<token t_id="1387" sentence="68" number="4">months</token>
<token t_id="1388" sentence="68" number="5">,</token>
<token t_id="1389" sentence="68" number="6">he</token>
<token t_id="1390" sentence="68" number="7">did</token>
<token t_id="1391" sentence="68" number="8">his</token>
<token t_id="1392" sentence="68" number="9">best</token>
<token t_id="1393" sentence="68" number="10">to</token>
<token t_id="1394" sentence="68" number="11">keep</token>
<token t_id="1395" sentence="68" number="12">the</token>
<token t_id="1396" sentence="68" number="13">newspaper</token>
<token t_id="1397" sentence="68" number="14">on</token>
<token t_id="1398" sentence="68" number="15">the</token>
<token t_id="1399" sentence="68" number="16">trail</token>
<token t_id="1400" sentence="68" number="17">,</token>
<token t_id="1401" sentence="68" number="18">largely</token>
<token t_id="1402" sentence="68" number="19">by</token>
<token t_id="1403" sentence="68" number="20">providing</token>
<token t_id="1404" sentence="68" number="21">,</token>
<token t_id="1405" sentence="68" number="22">on</token>
<token t_id="1406" sentence="68" number="23">``</token>
<token t_id="1407" sentence="68" number="24">deep</token>
<token t_id="1408" sentence="68" number="25">background</token>
<token t_id="1409" sentence="68" number="26">,</token>
<token t_id="1410" sentence="68" number="27">''</token>
<token t_id="1411" sentence="68" number="28">anonymous</token>
<token t_id="1412" sentence="68" number="29">confirmation</token>
<token t_id="1413" sentence="68" number="30">of</token>
<token t_id="1414" sentence="68" number="31">facts</token>
<token t_id="1415" sentence="68" number="32">reporters</token>
<token t_id="1416" sentence="68" number="33">had</token>
<token t_id="1417" sentence="68" number="34">gathered</token>
<token t_id="1418" sentence="68" number="35">from</token>
<token t_id="1419" sentence="68" number="36">others</token>
<token t_id="1420" sentence="68" number="37">.</token>
<token t_id="1421" sentence="69" number="0">The</token>
<token t_id="1422" sentence="69" number="1">Post</token>
<token t_id="1423" sentence="69" number="2">'s</token>
<token t_id="1424" sentence="69" number="3">managing</token>
<token t_id="1425" sentence="69" number="4">editor</token>
<token t_id="1426" sentence="69" number="5">,</token>
<token t_id="1427" sentence="69" number="6">Howard</token>
<token t_id="1428" sentence="69" number="7">Simons</token>
<token t_id="1429" sentence="69" number="8">,</token>
<token t_id="1430" sentence="69" number="9">gave</token>
<token t_id="1431" sentence="69" number="10">him</token>
<token t_id="1432" sentence="69" number="11">his</token>
<token t_id="1433" sentence="69" number="12">famous</token>
<token t_id="1434" sentence="69" number="13">pseudonym</token>
<token t_id="1435" sentence="69" number="14">,</token>
<token t_id="1436" sentence="69" number="15">taken</token>
<token t_id="1437" sentence="69" number="16">from</token>
<token t_id="1438" sentence="69" number="17">the</token>
<token t_id="1439" sentence="69" number="18">pornographic</token>
<token t_id="1440" sentence="69" number="19">movie</token>
<token t_id="1441" sentence="69" number="20">then</token>
<token t_id="1442" sentence="69" number="21">in</token>
<token t_id="1443" sentence="69" number="22">vogue</token>
<token t_id="1444" sentence="69" number="23">.</token>
<token t_id="1445" sentence="70" number="0">Millions</token>
<token t_id="1446" sentence="70" number="1">of</token>
<token t_id="1447" sentence="70" number="2">Americans</token>
<token t_id="1448" sentence="70" number="3">knew</token>
<token t_id="1449" sentence="70" number="4">him</token>
<token t_id="1450" sentence="70" number="5">only</token>
<token t_id="1451" sentence="70" number="6">as</token>
<token t_id="1452" sentence="70" number="7">a</token>
<token t_id="1453" sentence="70" number="8">shadowy</token>
<token t_id="1454" sentence="70" number="9">figure</token>
<token t_id="1455" sentence="70" number="10">in</token>
<token t_id="1456" sentence="70" number="11">the</token>
<token t_id="1457" sentence="70" number="12">1976</token>
<token t_id="1458" sentence="70" number="13">movie</token>
<token t_id="1459" sentence="70" number="14">made</token>
<token t_id="1460" sentence="70" number="15">from</token>
<token t_id="1461" sentence="70" number="16">the</token>
<token t_id="1462" sentence="70" number="17">Watergate</token>
<token t_id="1463" sentence="70" number="18">saga</token>
<token t_id="1464" sentence="70" number="19">,</token>
<token t_id="1465" sentence="70" number="20">``</token>
<token t_id="1466" sentence="70" number="21">All</token>
<token t_id="1467" sentence="70" number="22">the</token>
<token t_id="1468" sentence="70" number="23">President</token>
<token t_id="1469" sentence="70" number="24">'s</token>
<token t_id="1470" sentence="70" number="25">Men</token>
<token t_id="1471" sentence="70" number="26">,</token>
<token t_id="1472" sentence="70" number="27">''</token>
<token t_id="1473" sentence="70" number="28">which</token>
<token t_id="1474" sentence="70" number="29">made</token>
<token t_id="1475" sentence="70" number="30">``</token>
<token t_id="1476" sentence="70" number="31">Woodward</token>
<token t_id="1477" sentence="70" number="32">and</token>
<token t_id="1478" sentence="70" number="33">Bernstein</token>
<token t_id="1479" sentence="70" number="34">''</token>
<token t_id="1480" sentence="70" number="35">legends</token>
<token t_id="1481" sentence="70" number="36">of</token>
<token t_id="1482" sentence="70" number="37">American</token>
<token t_id="1483" sentence="70" number="38">journalism</token>
<token t_id="1484" sentence="70" number="39">.</token>
<token t_id="1485" sentence="71" number="0">In</token>
<token t_id="1486" sentence="71" number="1">the</token>
<token t_id="1487" sentence="71" number="2">movie</token>
<token t_id="1488" sentence="71" number="3">,</token>
<token t_id="1489" sentence="71" number="4">Deep</token>
<token t_id="1490" sentence="71" number="5">Throat</token>
<token t_id="1491" sentence="71" number="6">(</token>
<token t_id="1492" sentence="71" number="7">Hal</token>
<token t_id="1493" sentence="71" number="8">Holbrook</token>
<token t_id="1494" sentence="71" number="9">)</token>
<token t_id="1495" sentence="71" number="10">gives</token>
<token t_id="1496" sentence="71" number="11">Woodward</token>
<token t_id="1497" sentence="71" number="12">(</token>
<token t_id="1498" sentence="71" number="13">Robert</token>
<token t_id="1499" sentence="71" number="14">Redford</token>
<token t_id="1500" sentence="71" number="15">)</token>
<token t_id="1501" sentence="71" number="16">probably</token>
<token t_id="1502" sentence="71" number="17">the</token>
<token t_id="1503" sentence="71" number="18">most</token>
<token t_id="1504" sentence="71" number="19">famous</token>
<token t_id="1505" sentence="71" number="20">bit</token>
<token t_id="1506" sentence="71" number="21">of</token>
<token t_id="1507" sentence="71" number="22">free</token>
<token t_id="1508" sentence="71" number="23">advice</token>
<token t_id="1509" sentence="71" number="24">in</token>
<token t_id="1510" sentence="71" number="25">the</token>
<token t_id="1511" sentence="71" number="26">history</token>
<token t_id="1512" sentence="71" number="27">of</token>
<token t_id="1513" sentence="71" number="28">investigative</token>
<token t_id="1514" sentence="71" number="29">journalism</token>
<token t_id="1515" sentence="71" number="30">.</token>
<token t_id="1516" sentence="72" number="0">It</token>
<token t_id="1517" sentence="72" number="1">was</token>
<token t_id="1518" sentence="72" number="2">a</token>
<token t_id="1519" sentence="72" number="3">three-word</token>
<token t_id="1520" sentence="72" number="4">road</token>
<token t_id="1521" sentence="72" number="5">map</token>
<token t_id="1522" sentence="72" number="6">to</token>
<token t_id="1523" sentence="72" number="7">the</token>
<token t_id="1524" sentence="72" number="8">heart</token>
<token t_id="1525" sentence="72" number="9">of</token>
<token t_id="1526" sentence="72" number="10">the</token>
<token t_id="1527" sentence="72" number="11">matter</token>
<token t_id="1528" sentence="72" number="12">:</token>
<token t_id="1529" sentence="72" number="13">``</token>
<token t_id="1530" sentence="72" number="14">Follow</token>
<token t_id="1531" sentence="72" number="15">the</token>
<token t_id="1532" sentence="72" number="16">money</token>
<token t_id="1533" sentence="72" number="17">.</token>
<token t_id="1534" sentence="72" number="18">''</token>
<token t_id="1535" sentence="73" number="0">Felt</token>
<token t_id="1536" sentence="73" number="1">never</token>
<token t_id="1537" sentence="73" number="2">said</token>
<token t_id="1538" sentence="73" number="3">it</token>
<token t_id="1539" sentence="73" number="4">.</token>
<token t_id="1540" sentence="74" number="0">It</token>
<token t_id="1541" sentence="74" number="1">was</token>
<token t_id="1542" sentence="74" number="2">part</token>
<token t_id="1543" sentence="74" number="3">of</token>
<token t_id="1544" sentence="74" number="4">the</token>
<token t_id="1545" sentence="74" number="5">myth</token>
<token t_id="1546" sentence="74" number="6">that</token>
<token t_id="1547" sentence="74" number="7">surrounded</token>
<token t_id="1548" sentence="74" number="8">Deep</token>
<token t_id="1549" sentence="74" number="9">Throat</token>
<token t_id="1550" sentence="74" number="10">.</token>
<Markables>
<ACTION_OCCURRENCE m_id="21"  >
  <token_anchor t_id="56"/>
</ACTION_OCCURRENCE>
<ACTION_OCCURRENCE m_id="23"  >
  <token_anchor t_id="31"/>
  <token_anchor t_id="32"/>
</ACTION_OCCURRENCE>
<ACTION_OCCURRENCE m_id="24"  >
  <token_anchor t_id="40"/>
  <token_anchor t_id="41"/>
</ACTION_OCCURRENCE>
<ACTION_OCCURRENCE m_id="25"  >
  <token_anchor t_id="38"/>
</ACTION_OCCURRENCE>
<ACTION_OCCURRENCE m_id="26"  >
  <token_anchor t_id="53"/>
  <token_anchor t_id="54"/>
</ACTION_OCCURRENCE>
<ACTION_OCCURRENCE m_id="27"  >
  <token_anchor t_id="30"/>
</ACTION_OCCURRENCE>
<ACTION_OCCURRENCE m_id="28"  >
  <token_anchor t_id="43"/>
</ACTION_OCCURRENCE>
<HUMAN_PART_ORG m_id="19"  >
  <token_anchor t_id="27"/>
</HUMAN_PART_ORG>
<HUMAN_PART_PER m_id="13"  >
  <token_anchor t_id="15"/>
  <token_anchor t_id="16"/>
  <token_anchor t_id="17"/>
</HUMAN_PART_PER>
<HUMAN_PART_PER m_id="14"  >
  <token_anchor t_id="22"/>
  <token_anchor t_id="23"/>
  <token_anchor t_id="24"/>
</HUMAN_PART_PER>
<HUMAN_PART_PER m_id="15"  >
  <token_anchor t_id="29"/>
</HUMAN_PART_PER>
<HUMAN_PART_PER m_id="16"  >
  <token_anchor t_id="44"/>
  <token_anchor t_id="45"/>
</HUMAN_PART_PER>
<HUMAN_PART_PER m_id="17"  >
  <token_anchor t_id="51"/>
</HUMAN_PART_PER>
<HUMAN_PART_PER m_id="18"  >
  <token_anchor t_id="34"/>
  <token_anchor t_id="35"/>
  <token_anchor t_id="36"/>
</HUMAN_PART_PER>
<TIME_DATE m_id="22"  >
  <token_anchor t_id="57"/>
  <token_anchor t_id="58"/>
</TIME_DATE>




<HUMAN_PART_PER m_id="35" RELATED_TO="" TAG_DESCRIPTOR="t28b_nixon" instance_id="HUM27379778521624645" />
<TIME_DATE m_id="34" RELATED_TO="" TAG_DESCRIPTOR="t28b_thursday" instance_id="TIM16942369985815303" />
<HUMAN_PART_PER m_id="33" RELATED_TO="" TAG_DESCRIPTOR="t28_deep_throat" instance_id="HUM16762545642473164" />
<HUMAN_PART_PER m_id="32" RELATED_TO="" TAG_DESCRIPTOR="t28b_mark_felt" instance_id="HUM16762554083083396" />
<ACTION_OCCURRENCE m_id="31" RELATED_TO="" TAG_DESCRIPTOR="t28b_bring_down_nixon" instance_id="ACT27379751006237079" />
<ACTION_OCCURRENCE m_id="30" RELATED_TO="" TAG_DESCRIPTOR="t28b_mark_felt_dies" instance_id="ACT16762501657378707" />
<ACTION_OCCURRENCE m_id="29" RELATED_TO="" TAG_DESCRIPTOR="t28_watergate_coverup" instance_id="ACT16762247559380266" />
</Markables>

<Relations>
<CROSS_DOC_COREF r_id="37142" note="ACT16762247559380266" >
  <source m_id="24" />
  <target m_id="29" />
</CROSS_DOC_COREF>
<CROSS_DOC_COREF r_id="37143" note="ACT16762501657378707" >
  <source m_id="21" />
  <target m_id="30" />
</CROSS_DOC_COREF>
<CROSS_DOC_COREF r_id="37144" note="ACT27379751006237079" >
  <source m_id="23" />
  <target m_id="31" />
</CROSS_DOC_COREF>
<CROSS_DOC_COREF r_id="37145" note="HUM16762554083083396" >
  <source m_id="14" />
  <source m_id="13" />
  <source m_id="15" />
  <target m_id="32" />
</CROSS_DOC_COREF>
<CROSS_DOC_COREF r_id="37146" note="HUM16762545642473164" >
  <source m_id="17" />
  <source m_id="16" />
  <target m_id="33" />
</CROSS_DOC_COREF>
<CROSS_DOC_COREF r_id="37147" note="TIM16942369985815303" >
  <source m_id="22" />
  <target m_id="34" />
</CROSS_DOC_COREF>
<CROSS_DOC_COREF r_id="37148" note="HUM27379778521624645" >
  <source m_id="18" />
  <target m_id="35" />
</CROSS_DOC_COREF>

</Relations>
</Document>
