<Document doc_name="28_9ecbplus.xml" doc_id="DOC15651712973160060">
<token t_id="1" sentence="0" number="0">http</token>
<token t_id="2" sentence="0" number="1">:</token>
<token t_id="3" sentence="0" number="2">/</token>
<token t_id="4" sentence="0" number="3">/</token>
<token t_id="5" sentence="0" number="4">www</token>
<token t_id="6" sentence="0" number="5">.</token>
<token t_id="7" sentence="0" number="6">foxnews</token>
<token t_id="8" sentence="0" number="7">.</token>
<token t_id="9" sentence="0" number="8">com</token>
<token t_id="10" sentence="0" number="9">/</token>
<token t_id="11" sentence="0" number="10">story</token>
<token t_id="12" sentence="0" number="11">/</token>
<token t_id="13" sentence="0" number="12">2004</token>
<token t_id="14" sentence="0" number="13">/</token>
<token t_id="15" sentence="0" number="14">07</token>
<token t_id="16" sentence="0" number="15">/</token>
<token t_id="17" sentence="0" number="16">28</token>
<token t_id="18" sentence="0" number="17">/</token>
<token t_id="19" sentence="0" number="18">nixon</token>
<token t_id="20" sentence="0" number="19">-</token>
<token t_id="21" sentence="0" number="20">aide</token>
<token t_id="22" sentence="0" number="21">-</token>
<token t_id="23" sentence="0" number="22">fred</token>
<token t_id="24" sentence="0" number="23">-</token>
<token t_id="25" sentence="0" number="24">larue</token>
<token t_id="26" sentence="0" number="25">-</token>
<token t_id="27" sentence="0" number="26">dies</token>
<token t_id="28" sentence="0" number="27">-</token>
<token t_id="29" sentence="0" number="28">at</token>
<token t_id="30" sentence="0" number="29">-</token>
<token t_id="31" sentence="0" number="30">75</token>
<token t_id="32" sentence="0" number="31">/</token>
<token t_id="33" sentence="1" number="0">Nixon</token>
<token t_id="34" sentence="1" number="1">Aide</token>
<token t_id="35" sentence="1" number="2">Fred</token>
<token t_id="36" sentence="1" number="3">LaRue</token>
<token t_id="37" sentence="1" number="4">Dies</token>
<token t_id="38" sentence="1" number="5">at</token>
<token t_id="39" sentence="1" number="6">75</token>
<token t_id="40" sentence="2" number="0">Published</token>
<token t_id="41" sentence="2" number="1">July</token>
<token t_id="42" sentence="2" number="2">28</token>
<token t_id="43" sentence="2" number="3">,</token>
<token t_id="44" sentence="2" number="4">2004</token>
<token t_id="45" sentence="3" number="0">Fred</token>
<token t_id="46" sentence="3" number="1">LaRue</token>
<token t_id="47" sentence="3" number="2">,</token>
<token t_id="48" sentence="3" number="3">a</token>
<token t_id="49" sentence="3" number="4">high</token>
<token t_id="50" sentence="3" number="5">-</token>
<token t_id="51" sentence="3" number="6">ranking</token>
<token t_id="52" sentence="3" number="7">Nixon</token>
<token t_id="53" sentence="3" number="8">administration</token>
<token t_id="54" sentence="3" number="9">official</token>
<token t_id="55" sentence="3" number="10">who</token>
<token t_id="56" sentence="3" number="11">served</token>
<token t_id="57" sentence="3" number="12">a</token>
<token t_id="58" sentence="3" number="13">prison</token>
<token t_id="59" sentence="3" number="14">term</token>
<token t_id="60" sentence="3" number="15">for</token>
<token t_id="61" sentence="3" number="16">his</token>
<token t_id="62" sentence="3" number="17">role</token>
<token t_id="63" sentence="3" number="18">in</token>
<token t_id="64" sentence="3" number="19">Watergate</token>
<token t_id="65" sentence="3" number="20">and</token>
<token t_id="66" sentence="3" number="21">was</token>
<token t_id="67" sentence="3" number="22">among</token>
<token t_id="68" sentence="3" number="23">those</token>
<token t_id="69" sentence="3" number="24">rumored</token>
<token t_id="70" sentence="3" number="25">to</token>
<token t_id="71" sentence="3" number="26">be</token>
<token t_id="72" sentence="3" number="27">Deep</token>
<token t_id="73" sentence="3" number="28">Throat</token>
<token t_id="74" sentence="3" number="29">,</token>
<token t_id="75" sentence="3" number="30">has</token>
<token t_id="76" sentence="3" number="31">died</token>
<token t_id="77" sentence="3" number="32">.</token>
<token t_id="78" sentence="4" number="0">He</token>
<token t_id="79" sentence="4" number="1">was</token>
<token t_id="80" sentence="4" number="2">75</token>
<token t_id="81" sentence="4" number="3">.</token>
<token t_id="82" sentence="5" number="0">His</token>
<token t_id="83" sentence="5" number="1">body</token>
<token t_id="84" sentence="5" number="2">was</token>
<token t_id="85" sentence="5" number="3">discovered</token>
<token t_id="86" sentence="5" number="4">Tuesday</token>
<token t_id="87" sentence="5" number="5">by</token>
<token t_id="88" sentence="5" number="6">a</token>
<token t_id="89" sentence="5" number="7">maid</token>
<token t_id="90" sentence="5" number="8">who</token>
<token t_id="91" sentence="5" number="9">entered</token>
<token t_id="92" sentence="5" number="10">his</token>
<token t_id="93" sentence="5" number="11">hotel</token>
<token t_id="94" sentence="5" number="12">room</token>
<token t_id="95" sentence="5" number="13">in</token>
<token t_id="96" sentence="5" number="14">Biloxi</token>
<token t_id="97" sentence="5" number="15">,</token>
<token t_id="98" sentence="5" number="16">Coroner</token>
<token t_id="99" sentence="5" number="17">Gary</token>
<token t_id="100" sentence="5" number="18">Hargrove</token>
<token t_id="101" sentence="5" number="19">said</token>
<token t_id="102" sentence="5" number="20">.</token>
<token t_id="103" sentence="6" number="0">The</token>
<token t_id="104" sentence="6" number="1">coroner</token>
<token t_id="105" sentence="6" number="2">said</token>
<token t_id="106" sentence="6" number="3">he</token>
<token t_id="107" sentence="6" number="4">believes</token>
<token t_id="108" sentence="6" number="5">LaRue</token>
<token t_id="109" sentence="6" number="6">died</token>
<token t_id="110" sentence="6" number="7">Saturday</token>
<token t_id="111" sentence="6" number="8">of</token>
<token t_id="112" sentence="6" number="9">natural</token>
<token t_id="113" sentence="6" number="10">causes</token>
<token t_id="114" sentence="6" number="11">.</token>
<token t_id="115" sentence="7" number="0">LaRue</token>
<token t_id="116" sentence="7" number="1">was</token>
<token t_id="117" sentence="7" number="2">known</token>
<token t_id="118" sentence="7" number="3">as</token>
<token t_id="119" sentence="7" number="4">the</token>
<token t_id="120" sentence="7" number="5">"bagman"</token>
<token t_id="121" sentence="7" number="6">who</token>
<token t_id="122" sentence="7" number="7">delivered</token>
<token t_id="123" sentence="7" number="8">payoffs</token>
<token t_id="124" sentence="7" number="9">to</token>
<token t_id="125" sentence="7" number="10">keep</token>
<token t_id="126" sentence="7" number="11">participants</token>
<token t_id="127" sentence="7" number="12">in</token>
<token t_id="128" sentence="7" number="13">the</token>
<token t_id="129" sentence="7" number="14">Watergate</token>
<token t_id="130" sentence="7" number="15">break</token>
<token t_id="131" sentence="7" number="16">-</token>
<token t_id="132" sentence="7" number="17">in</token>
<token t_id="133" sentence="7" number="18">quiet</token>
<token t_id="134" sentence="7" number="19">,</token>
<token t_id="135" sentence="7" number="20">and</token>
<token t_id="136" sentence="7" number="21">served</token>
<token t_id="137" sentence="7" number="22">4�</token>
<token t_id="138" sentence="7" number="23">months</token>
<token t_id="139" sentence="7" number="24">in</token>
<token t_id="140" sentence="7" number="25">federal</token>
<token t_id="141" sentence="7" number="26">prison</token>
<token t_id="142" sentence="7" number="27">for</token>
<token t_id="143" sentence="7" number="28">conspiracy</token>
<token t_id="144" sentence="7" number="29">to</token>
<token t_id="145" sentence="7" number="30">obstruct</token>
<token t_id="146" sentence="7" number="31">justice</token>
<token t_id="147" sentence="7" number="32">.</token>
<token t_id="148" sentence="8" number="0">LaRue</token>
<token t_id="149" sentence="8" number="1">served</token>
<token t_id="150" sentence="8" number="2">as</token>
<token t_id="151" sentence="8" number="3">special</token>
<token t_id="152" sentence="8" number="4">assistant</token>
<token t_id="153" sentence="8" number="5">to</token>
<token t_id="154" sentence="8" number="6">John</token>
<token t_id="155" sentence="8" number="7">Mitchell</token>
<token t_id="156" sentence="8" number="8">,</token>
<token t_id="157" sentence="8" number="9">the</token>
<token t_id="158" sentence="8" number="10">former</token>
<token t_id="159" sentence="8" number="11">attorney</token>
<token t_id="160" sentence="8" number="12">general</token>
<token t_id="161" sentence="8" number="13">who</token>
<token t_id="162" sentence="8" number="14">later</token>
<token t_id="163" sentence="8" number="15">headed</token>
<token t_id="164" sentence="8" number="16">President</token>
<token t_id="165" sentence="8" number="17">Nixon's</token>
<token t_id="166" sentence="8" number="18">Committee</token>
<token t_id="167" sentence="8" number="19">to</token>
<token t_id="168" sentence="8" number="20">Re</token>
<token t_id="169" sentence="8" number="21">-</token>
<token t_id="170" sentence="8" number="22">elect</token>
<token t_id="171" sentence="8" number="23">the</token>
<token t_id="172" sentence="8" number="24">President</token>
<token t_id="173" sentence="8" number="25">.</token>
<token t_id="174" sentence="9" number="0">LaRue</token>
<token t_id="175" sentence="9" number="1">was</token>
<token t_id="176" sentence="9" number="2">present</token>
<token t_id="177" sentence="9" number="3">at</token>
<token t_id="178" sentence="9" number="4">a</token>
<token t_id="179" sentence="9" number="5">1972</token>
<token t_id="180" sentence="9" number="6">meeting</token>
<token t_id="181" sentence="9" number="7">with</token>
<token t_id="182" sentence="9" number="8">Mitchell</token>
<token t_id="183" sentence="9" number="9">and</token>
<token t_id="184" sentence="9" number="10">Nixon</token>
<token t_id="185" sentence="9" number="11">aide</token>
<token t_id="186" sentence="9" number="12">Jeb</token>
<token t_id="187" sentence="9" number="13">Stuart</token>
<token t_id="188" sentence="9" number="14">Magruder</token>
<token t_id="189" sentence="9" number="15">at</token>
<token t_id="190" sentence="9" number="16">Nixon's</token>
<token t_id="191" sentence="9" number="17">vacation</token>
<token t_id="192" sentence="9" number="18">home</token>
<token t_id="193" sentence="9" number="19">in</token>
<token t_id="194" sentence="9" number="20">Key</token>
<token t_id="195" sentence="9" number="21">Biscayne</token>
<token t_id="196" sentence="9" number="22">,</token>
<token t_id="197" sentence="9" number="23">Fla</token>
<token t_id="198" sentence="9" number="24">.</token>
<token t_id="199" sentence="9" number="25">,</token>
<token t_id="200" sentence="9" number="26">where</token>
<token t_id="201" sentence="9" number="27">the</token>
<token t_id="202" sentence="9" number="28">plan</token>
<token t_id="203" sentence="9" number="29">to</token>
<token t_id="204" sentence="9" number="30">break</token>
<token t_id="205" sentence="9" number="31">in</token>
<token t_id="206" sentence="9" number="32">Democratic</token>
<token t_id="207" sentence="9" number="33">headquarters</token>
<token t_id="208" sentence="9" number="34">at</token>
<token t_id="209" sentence="9" number="35">the</token>
<token t_id="210" sentence="9" number="36">Watergate</token>
<token t_id="211" sentence="9" number="37">complex</token>
<token t_id="212" sentence="9" number="38">in</token>
<token t_id="213" sentence="9" number="39">Washington</token>
<token t_id="214" sentence="9" number="40">allegedly</token>
<token t_id="215" sentence="9" number="41">was</token>
<token t_id="216" sentence="9" number="42">hatched</token>
<token t_id="217" sentence="9" number="43">.</token>
<token t_id="218" sentence="10" number="0">LaRue</token>
<token t_id="219" sentence="10" number="1">said</token>
<token t_id="220" sentence="10" number="2">he</token>
<token t_id="221" sentence="10" number="3">advised</token>
<token t_id="222" sentence="10" number="4">against</token>
<token t_id="223" sentence="10" number="5">the</token>
<token t_id="224" sentence="10" number="6">burglary</token>
<token t_id="225" sentence="10" number="7">.</token>
<token t_id="226" sentence="11" number="0">LaRue</token>
<token t_id="227" sentence="11" number="1">discounted</token>
<token t_id="228" sentence="11" number="2">rumors</token>
<token t_id="229" sentence="11" number="3">that</token>
<token t_id="230" sentence="11" number="4">he</token>
<token t_id="231" sentence="11" number="5">was</token>
<token t_id="232" sentence="11" number="6">Deep</token>
<token t_id="233" sentence="11" number="7">Throat</token>
<token t_id="234" sentence="11" number="8">,</token>
<token t_id="235" sentence="11" number="9">saying</token>
<token t_id="236" sentence="11" number="10">the</token>
<token t_id="237" sentence="11" number="11">mysterious</token>
<token t_id="238" sentence="11" number="12">source</token>
<token t_id="239" sentence="11" number="13">for</token>
<token t_id="240" sentence="11" number="14">Washington</token>
<token t_id="241" sentence="11" number="15">Post</token>
<token t_id="242" sentence="11" number="16">reporters</token>
<token t_id="243" sentence="11" number="17">Bob</token>
<token t_id="244" sentence="11" number="18">Woodward</token>
<token t_id="245" sentence="11" number="19">and</token>
<token t_id="246" sentence="11" number="20">Carl</token>
<token t_id="247" sentence="11" number="21">Bernstein</token>
<token t_id="248" sentence="11" number="22">on</token>
<token t_id="249" sentence="11" number="23">the</token>
<token t_id="250" sentence="11" number="24">Watergate</token>
<token t_id="251" sentence="11" number="25">story</token>
<token t_id="252" sentence="11" number="26">was</token>
<token t_id="253" sentence="11" number="27">probably</token>
<token t_id="254" sentence="11" number="28">a</token>
<token t_id="255" sentence="11" number="29">combination</token>
<token t_id="256" sentence="11" number="30">of</token>
<token t_id="257" sentence="11" number="31">several</token>
<token t_id="258" sentence="11" number="32">people</token>
<token t_id="259" sentence="11" number="33">.</token>
<token t_id="260" sentence="12" number="0">Woodward</token>
<token t_id="261" sentence="12" number="1">says</token>
<token t_id="262" sentence="12" number="2">Deep</token>
<token t_id="263" sentence="12" number="3">Throat</token>
<token t_id="264" sentence="12" number="4">was</token>
<token t_id="265" sentence="12" number="5">an</token>
<token t_id="266" sentence="12" number="6">individual</token>
<token t_id="267" sentence="12" number="7">and</token>
<token t_id="268" sentence="12" number="8">not</token>
<token t_id="269" sentence="12" number="9">a</token>
<token t_id="270" sentence="12" number="10">composite</token>
<token t_id="271" sentence="12" number="11">,</token>
<token t_id="272" sentence="12" number="12">and</token>
<token t_id="273" sentence="12" number="13">promised</token>
<token t_id="274" sentence="12" number="14">to</token>
<token t_id="275" sentence="12" number="15">reveal</token>
<token t_id="276" sentence="12" number="16">his</token>
<token t_id="277" sentence="12" number="17">identity</token>
<token t_id="278" sentence="12" number="18">only</token>
<token t_id="279" sentence="12" number="19">after</token>
<token t_id="280" sentence="12" number="20">the</token>
<token t_id="281" sentence="12" number="21">source</token>
<token t_id="282" sentence="12" number="22">is</token>
<token t_id="283" sentence="12" number="23">dead</token>
<token t_id="284" sentence="12" number="24">.</token>
<token t_id="285" sentence="13" number="0">Among</token>
<token t_id="286" sentence="13" number="1">the</token>
<token t_id="287" sentence="13" number="2">other</token>
<token t_id="288" sentence="13" number="3">people</token>
<token t_id="289" sentence="13" number="4">who</token>
<token t_id="290" sentence="13" number="5">have</token>
<token t_id="291" sentence="13" number="6">been</token>
<token t_id="292" sentence="13" number="7">cited</token>
<token t_id="293" sentence="13" number="8">as</token>
<token t_id="294" sentence="13" number="9">possible</token>
<token t_id="295" sentence="13" number="10">Deep</token>
<token t_id="296" sentence="13" number="11">Throats</token>
<token t_id="297" sentence="13" number="12">are</token>
<token t_id="298" sentence="13" number="13">Earl</token>
<token t_id="299" sentence="13" number="14">J</token>
<token t_id="300" sentence="13" number="15">.</token>
<token t_id="301" sentence="13" number="16">Silbert</token>
<token t_id="302" sentence="13" number="17">,</token>
<token t_id="303" sentence="13" number="18">an</token>
<token t_id="304" sentence="13" number="19">original</token>
<token t_id="305" sentence="13" number="20">Watergate</token>
<token t_id="306" sentence="13" number="21">prosecutor</token>
<token t_id="307" sentence="13" number="22">;</token>
<token t_id="308" sentence="13" number="23">Alexander</token>
<token t_id="309" sentence="13" number="24">Haig</token>
<token t_id="310" sentence="13" number="25">,</token>
<token t_id="311" sentence="13" number="26">who</token>
<token t_id="312" sentence="13" number="27">was</token>
<token t_id="313" sentence="13" number="28">Nixon's</token>
<token t_id="314" sentence="13" number="29">chief</token>
<token t_id="315" sentence="13" number="30">of</token>
<token t_id="316" sentence="13" number="31">staff</token>
<token t_id="317" sentence="13" number="32">and</token>
<token t_id="318" sentence="13" number="33">Ronald</token>
<token t_id="319" sentence="13" number="34">Reagan's</token>
<token t_id="320" sentence="13" number="35">secretary</token>
<token t_id="321" sentence="13" number="36">of</token>
<token t_id="322" sentence="13" number="37">state</token>
<token t_id="323" sentence="13" number="38">;</token>
<token t_id="324" sentence="13" number="39">L</token>
<token t_id="325" sentence="13" number="40">.</token>
<token t_id="326" sentence="13" number="41">Patrick</token>
<token t_id="327" sentence="13" number="42">Gray</token>
<token t_id="328" sentence="13" number="43">,</token>
<token t_id="329" sentence="13" number="44">the</token>
<token t_id="330" sentence="13" number="45">acting</token>
<token t_id="331" sentence="13" number="46">FBI</token>
<token t_id="332" sentence="13" number="47">director</token>
<token t_id="333" sentence="13" number="48">who</token>
<token t_id="334" sentence="13" number="49">lived</token>
<token t_id="335" sentence="13" number="50">four</token>
<token t_id="336" sentence="13" number="51">blocks</token>
<token t_id="337" sentence="13" number="52">from</token>
<token t_id="338" sentence="13" number="53">Woodward</token>
<token t_id="339" sentence="13" number="54">;</token>
<token t_id="340" sentence="13" number="55">and</token>
<token t_id="341" sentence="13" number="56">deputy</token>
<token t_id="342" sentence="13" number="57">White</token>
<token t_id="343" sentence="13" number="58">House</token>
<token t_id="344" sentence="13" number="59">counsel</token>
<token t_id="345" sentence="13" number="60">Fred</token>
<token t_id="346" sentence="13" number="61">Fielding</token>
<token t_id="347" sentence="13" number="62">.</token>
<token t_id="348" sentence="14" number="0">All</token>
<token t_id="349" sentence="14" number="1">have</token>
<token t_id="350" sentence="14" number="2">denied</token>
<token t_id="351" sentence="14" number="3">it</token>
<token t_id="352" sentence="14" number="4">.</token>
<token t_id="353" sentence="15" number="0">After</token>
<token t_id="354" sentence="15" number="1">his</token>
<token t_id="355" sentence="15" number="2">political</token>
<token t_id="356" sentence="15" number="3">career</token>
<token t_id="357" sentence="15" number="4">ended</token>
<token t_id="358" sentence="15" number="5">in</token>
<token t_id="359" sentence="15" number="6">scandal</token>
<token t_id="360" sentence="15" number="7">,</token>
<token t_id="361" sentence="15" number="8">LaRue</token>
<token t_id="362" sentence="15" number="9">returned</token>
<token t_id="363" sentence="15" number="10">to</token>
<token t_id="364" sentence="15" number="11">his</token>
<token t_id="365" sentence="15" number="12">home</token>
<token t_id="366" sentence="15" number="13">state</token>
<token t_id="367" sentence="15" number="14">of</token>
<token t_id="368" sentence="15" number="15">Mississippi</token>
<token t_id="369" sentence="15" number="16">to</token>
<token t_id="370" sentence="15" number="17">work</token>
<token t_id="371" sentence="15" number="18">in</token>
<token t_id="372" sentence="15" number="19">his</token>
<token t_id="373" sentence="15" number="20">family's</token>
<token t_id="374" sentence="15" number="21">oil</token>
<token t_id="375" sentence="15" number="22">company</token>
<token t_id="376" sentence="15" number="23">and</token>
<token t_id="377" sentence="15" number="24">with</token>
<token t_id="378" sentence="15" number="25">its</token>
<token t_id="379" sentence="15" number="26">real</token>
<token t_id="380" sentence="15" number="27">estate</token>
<token t_id="381" sentence="15" number="28">holdings</token>
<token t_id="382" sentence="15" number="29">.</token>
<token t_id="383" sentence="16" number="0">In</token>
<token t_id="384" sentence="16" number="1">an</token>
<token t_id="385" sentence="16" number="2">interview</token>
<token t_id="386" sentence="16" number="3">last</token>
<token t_id="387" sentence="16" number="4">summer</token>
<token t_id="388" sentence="16" number="5">with</token>
<token t_id="389" sentence="16" number="6">The</token>
<token t_id="390" sentence="16" number="7">Sun</token>
<token t_id="391" sentence="16" number="8">Herald</token>
<token t_id="392" sentence="16" number="9">newspaper</token>
<token t_id="393" sentence="16" number="10">,</token>
<token t_id="394" sentence="16" number="11">LaRue</token>
<token t_id="395" sentence="16" number="12">said</token>
<token t_id="396" sentence="16" number="13">Magruder</token>
<token t_id="397" sentence="16" number="14">lied</token>
<token t_id="398" sentence="16" number="15">when</token>
<token t_id="399" sentence="16" number="16">he</token>
<token t_id="400" sentence="16" number="17">claimed</token>
<token t_id="401" sentence="16" number="18">President</token>
<token t_id="402" sentence="16" number="19">Nixon</token>
<token t_id="403" sentence="16" number="20">knew</token>
<token t_id="404" sentence="16" number="21">about</token>
<token t_id="405" sentence="16" number="22">the</token>
<token t_id="406" sentence="16" number="23">break</token>
<token t_id="407" sentence="16" number="24">-</token>
<token t_id="408" sentence="16" number="25">in</token>
<token t_id="409" sentence="16" number="26">.</token>
<token t_id="410" sentence="17" number="0">Magruder</token>
<token t_id="411" sentence="17" number="1">claimed</token>
<token t_id="412" sentence="17" number="2">Nixon</token>
<token t_id="413" sentence="17" number="3">approved</token>
<token t_id="414" sentence="17" number="4">the</token>
<token t_id="415" sentence="17" number="5">plan</token>
<token t_id="416" sentence="17" number="6">in</token>
<token t_id="417" sentence="17" number="7">a</token>
<token t_id="418" sentence="17" number="8">telephone</token>
<token t_id="419" sentence="17" number="9">conversation</token>
<token t_id="420" sentence="17" number="10">with</token>
<token t_id="421" sentence="17" number="11">Mitchell</token>
<token t_id="422" sentence="17" number="12">.</token>
<token t_id="423" sentence="18" number="0">LaRue</token>
<token t_id="424" sentence="18" number="1">believed</token>
<token t_id="425" sentence="18" number="2">no</token>
<token t_id="426" sentence="18" number="3">such</token>
<token t_id="427" sentence="18" number="4">conversation</token>
<token t_id="428" sentence="18" number="5">occurred</token>
<token t_id="429" sentence="18" number="6">,</token>
<token t_id="430" sentence="18" number="7">saying</token>
<token t_id="431" sentence="18" number="8">he</token>
<token t_id="432" sentence="18" number="9">screened</token>
<token t_id="433" sentence="18" number="10">all</token>
<token t_id="434" sentence="18" number="11">the</token>
<token t_id="435" sentence="18" number="12">telephone</token>
<token t_id="436" sentence="18" number="13">calls</token>
<token t_id="437" sentence="18" number="14">on</token>
<token t_id="438" sentence="18" number="15">the</token>
<token t_id="439" sentence="18" number="16">getaway</token>
<token t_id="440" sentence="18" number="17">to</token>
<token t_id="441" sentence="18" number="18">Key</token>
<token t_id="442" sentence="18" number="19">Biscayne</token>
<token t_id="443" sentence="18" number="20">.</token>
<token t_id="444" sentence="19" number="0">"I'm</token>
<token t_id="445" sentence="19" number="1">exceedingly</token>
<token t_id="446" sentence="19" number="2">angry</token>
<token t_id="447" sentence="19" number="3">about</token>
<token t_id="448" sentence="19" number="4">it</token>
<token t_id="449" sentence="19" number="5">.</token>
<token t_id="450" sentence="20" number="0">I</token>
<token t_id="451" sentence="20" number="1">don't</token>
<token t_id="452" sentence="20" number="2">recall</token>
<token t_id="453" sentence="20" number="3">any</token>
<token t_id="454" sentence="20" number="4">phone</token>
<token t_id="455" sentence="20" number="5">call</token>
<token t_id="456" sentence="20" number="6">.</token>
<token t_id="457" sentence="21" number="0">I</token>
<token t_id="458" sentence="21" number="1">don't</token>
<token t_id="459" sentence="21" number="2">think</token>
<token t_id="460" sentence="21" number="3">there</token>
<token t_id="461" sentence="21" number="4">was</token>
<token t_id="462" sentence="21" number="5">one</token>
<token t_id="463" sentence="21" number="6">,</token>
<token t_id="464" sentence="21" number="7">"</token>
<token t_id="465" sentence="21" number="8">he</token>
<token t_id="466" sentence="21" number="9">said</token>
<token t_id="467" sentence="21" number="10">.</token>
<token t_id="468" sentence="22" number="0">If</token>
<token t_id="469" sentence="22" number="1">the</token>
<token t_id="470" sentence="22" number="2">president</token>
<token t_id="471" sentence="22" number="3">had</token>
<token t_id="472" sentence="22" number="4">approved</token>
<token t_id="473" sentence="22" number="5">the</token>
<token t_id="474" sentence="22" number="6">plan</token>
<token t_id="475" sentence="22" number="7">,</token>
<token t_id="476" sentence="22" number="8">LaRue</token>
<token t_id="477" sentence="22" number="9">believes</token>
<token t_id="478" sentence="22" number="10">that</token>
<token t_id="479" sentence="22" number="11">Mitchell</token>
<token t_id="480" sentence="22" number="12">would</token>
<token t_id="481" sentence="22" number="13">have</token>
<token t_id="482" sentence="22" number="14">told</token>
<token t_id="483" sentence="22" number="15">him</token>
<token t_id="484" sentence="22" number="16">.</token>
<token t_id="485" sentence="23" number="0">"There's</token>
<token t_id="486" sentence="23" number="1">absolutely</token>
<token t_id="487" sentence="23" number="2">no</token>
<token t_id="488" sentence="23" number="3">way</token>
<token t_id="489" sentence="23" number="4">,</token>
<token t_id="490" sentence="23" number="5">because</token>
<token t_id="491" sentence="23" number="6">of</token>
<token t_id="492" sentence="23" number="7">my</token>
<token t_id="493" sentence="23" number="8">unique</token>
<token t_id="494" sentence="23" number="9">relationship</token>
<token t_id="495" sentence="23" number="10">with</token>
<token t_id="496" sentence="23" number="11">John</token>
<token t_id="497" sentence="23" number="12">and</token>
<token t_id="498" sentence="23" number="13">Martha</token>
<token t_id="499" sentence="23" number="14">Mitchell</token>
<token t_id="500" sentence="23" number="15">,</token>
<token t_id="501" sentence="23" number="16">that</token>
<token t_id="502" sentence="23" number="17">he</token>
<token t_id="503" sentence="23" number="18">would</token>
<token t_id="504" sentence="23" number="19">not</token>
<token t_id="505" sentence="23" number="20">have</token>
<token t_id="506" sentence="23" number="21">told</token>
<token t_id="507" sentence="23" number="22">me</token>
<token t_id="508" sentence="23" number="23">that</token>
<token t_id="509" sentence="23" number="24">when</token>
<token t_id="510" sentence="23" number="25">I</token>
<token t_id="511" sentence="23" number="26">was</token>
<token t_id="512" sentence="23" number="27">in</token>
<token t_id="513" sentence="23" number="28">Key</token>
<token t_id="514" sentence="23" number="29">Biscayne</token>
<token t_id="515" sentence="23" number="30">,</token>
<token t_id="516" sentence="23" number="31">"</token>
<token t_id="517" sentence="23" number="32">LaRue</token>
<token t_id="518" sentence="23" number="33">said</token>
<token t_id="519" sentence="23" number="34">.</token>
<token t_id="520" sentence="24" number="0">"Absolutely</token>
<token t_id="521" sentence="24" number="1">no</token>
<token t_id="522" sentence="24" number="2">way</token>
<token t_id="523" sentence="24" number="3">.</token>
<token t_id="524" sentence="25" number="0">I</token>
<token t_id="525" sentence="25" number="1">had</token>
<token t_id="526" sentence="25" number="2">dinner</token>
<token t_id="527" sentence="25" number="3">with</token>
<token t_id="528" sentence="25" number="4">the</token>
<token t_id="529" sentence="25" number="5">Mitchells</token>
<token t_id="530" sentence="25" number="6">four</token>
<token t_id="531" sentence="25" number="7">or</token>
<token t_id="532" sentence="25" number="8">five</token>
<token t_id="533" sentence="25" number="9">times</token>
<token t_id="534" sentence="25" number="10">a</token>
<token t_id="535" sentence="25" number="11">week</token>
<token t_id="536" sentence="25" number="12">.</token>
<token t_id="537" sentence="26" number="0">It</token>
<token t_id="538" sentence="26" number="1">was</token>
<token t_id="539" sentence="26" number="2">not</token>
<token t_id="540" sentence="26" number="3">just</token>
<token t_id="541" sentence="26" number="4">a</token>
<token t_id="542" sentence="26" number="5">political</token>
<token t_id="543" sentence="26" number="6">relationship</token>
<token t_id="544" sentence="26" number="7">.</token>
<token t_id="545" sentence="27" number="0">It</token>
<token t_id="546" sentence="27" number="1">was</token>
<token t_id="547" sentence="27" number="2">a</token>
<token t_id="548" sentence="27" number="3">very</token>
<token t_id="549" sentence="27" number="4">personal</token>
<token t_id="550" sentence="27" number="5">relationship</token>
<token t_id="551" sentence="27" number="6">.</token>
<token t_id="552" sentence="27" number="7">"</token>
<Markables>
<ACTION_OCCURRENCE m_id="41"  >
  <token_anchor t_id="76"/>
</ACTION_OCCURRENCE>
<ACTION_OCCURRENCE m_id="42"  >
  <token_anchor t_id="85"/>
</ACTION_OCCURRENCE>
<ACTION_OCCURRENCE m_id="43"  >
  <token_anchor t_id="91"/>
</ACTION_OCCURRENCE>
<ACTION_OCCURRENCE m_id="44"  >
  <token_anchor t_id="107"/>
</ACTION_OCCURRENCE>
<ACTION_OCCURRENCE m_id="45"  >
  <token_anchor t_id="117"/>
</ACTION_OCCURRENCE>
<ACTION_OCCURRENCE m_id="46"  >
  <token_anchor t_id="112"/>
  <token_anchor t_id="113"/>
</ACTION_OCCURRENCE>
<ACTION_OCCURRENCE m_id="47"  >
  <token_anchor t_id="109"/>
</ACTION_OCCURRENCE>
<ACTION_OCCURRENCE m_id="48"  >
  <token_anchor t_id="122"/>
</ACTION_OCCURRENCE>
<ACTION_OCCURRENCE m_id="49"  >
  <token_anchor t_id="123"/>
</ACTION_OCCURRENCE>
<ACTION_OCCURRENCE m_id="50"  >
  <token_anchor t_id="125"/>
</ACTION_OCCURRENCE>
<ACTION_OCCURRENCE m_id="83"  >
  <token_anchor t_id="250"/>
</ACTION_OCCURRENCE>
<ACTION_OCCURRENCE m_id="51"  >
  <token_anchor t_id="136"/>
</ACTION_OCCURRENCE>
<ACTION_OCCURRENCE m_id="52"  >
  <token_anchor t_id="143"/>
</ACTION_OCCURRENCE>
<ACTION_OCCURRENCE m_id="85"  >
  <token_anchor t_id="64"/>
</ACTION_OCCURRENCE>
<ACTION_OCCURRENCE m_id="53"  >
  <token_anchor t_id="145"/>
</ACTION_OCCURRENCE>
<ACTION_OCCURRENCE m_id="54"  >
  <token_anchor t_id="149"/>
</ACTION_OCCURRENCE>
<ACTION_OCCURRENCE m_id="55"  >
  <token_anchor t_id="163"/>
</ACTION_OCCURRENCE>
<ACTION_OCCURRENCE m_id="56"  >
  <token_anchor t_id="168"/>
  <token_anchor t_id="169"/>
  <token_anchor t_id="170"/>
</ACTION_OCCURRENCE>
<ACTION_OCCURRENCE m_id="57"  >
  <token_anchor t_id="180"/>
</ACTION_OCCURRENCE>
<ACTION_OCCURRENCE m_id="58"  >
  <token_anchor t_id="202"/>
</ACTION_OCCURRENCE>
<ACTION_OCCURRENCE m_id="91"  >
  <token_anchor t_id="37"/>
</ACTION_OCCURRENCE>
<ACTION_OCCURRENCE m_id="59"  >
  <token_anchor t_id="204"/>
  <token_anchor t_id="205"/>
</ACTION_OCCURRENCE>
<ACTION_OCCURRENCE m_id="60"  >
  <token_anchor t_id="216"/>
</ACTION_OCCURRENCE>
<ACTION_OCCURRENCE m_id="61"  >
  <token_anchor t_id="221"/>
  <token_anchor t_id="222"/>
</ACTION_OCCURRENCE>
<ACTION_OCCURRENCE m_id="62"  >
  <token_anchor t_id="224"/>
</ACTION_OCCURRENCE>
<ACTION_OCCURRENCE m_id="96"  >
  <token_anchor t_id="129"/>
  <token_anchor t_id="130"/>
  <token_anchor t_id="131"/>
  <token_anchor t_id="132"/>
</ACTION_OCCURRENCE>
<ACTION_OCCURRENCE m_id="63"  >
  <token_anchor t_id="227"/>
</ACTION_OCCURRENCE>
<ACTION_OCCURRENCE m_id="64"  >
  <token_anchor t_id="228"/>
</ACTION_OCCURRENCE>
<ACTION_OCCURRENCE m_id="65"  >
  <token_anchor t_id="273"/>
</ACTION_OCCURRENCE>
<ACTION_OCCURRENCE m_id="66"  >
  <token_anchor t_id="275"/>
</ACTION_OCCURRENCE>
<ACTION_OCCURRENCE m_id="39"  >
  <token_anchor t_id="56"/>
</ACTION_OCCURRENCE>
<ACTION_OCCURRENCE m_id="40"  >
  <token_anchor t_id="69"/>
</ACTION_OCCURRENCE>
<ACTION_REPORTING m_id="86"  >
  <token_anchor t_id="101"/>
</ACTION_REPORTING>
<ACTION_REPORTING m_id="87"  >
  <token_anchor t_id="105"/>
</ACTION_REPORTING>
<ACTION_REPORTING m_id="88"  >
  <token_anchor t_id="261"/>
</ACTION_REPORTING>
<ACTION_REPORTING m_id="89"  >
  <token_anchor t_id="219"/>
</ACTION_REPORTING>
<ACTION_REPORTING m_id="90"  >
  <token_anchor t_id="235"/>
</ACTION_REPORTING>
<ACTION_STATE m_id="67"  >
  <token_anchor t_id="283"/>
</ACTION_STATE>
<ACTION_STATE m_id="69"  >
  <token_anchor t_id="176"/>
</ACTION_STATE>
<ACTION_STATE m_id="70"  >
  <token_anchor t_id="133"/>
</ACTION_STATE>
<HUMAN_PART_ORG m_id="81"  >
  <token_anchor t_id="206"/>
</HUMAN_PART_ORG>
<HUMAN_PART_ORG m_id="82"  >
  <token_anchor t_id="166"/>
</HUMAN_PART_ORG>
<HUMAN_PART_PER m_id="9"  >
  <token_anchor t_id="230"/>
</HUMAN_PART_PER>
<HUMAN_PART_PER m_id="10"  >
  <token_anchor t_id="238"/>
</HUMAN_PART_PER>
<HUMAN_PART_PER m_id="11"  >
  <token_anchor t_id="257"/>
  <token_anchor t_id="258"/>
</HUMAN_PART_PER>
<HUMAN_PART_PER m_id="12"  >
  <token_anchor t_id="243"/>
  <token_anchor t_id="244"/>
</HUMAN_PART_PER>
<HUMAN_PART_PER m_id="13"  >
  <token_anchor t_id="246"/>
  <token_anchor t_id="247"/>
</HUMAN_PART_PER>
<HUMAN_PART_PER m_id="14"  >
  <token_anchor t_id="218"/>
</HUMAN_PART_PER>
<HUMAN_PART_PER m_id="78"  >
  <token_anchor t_id="72"/>
  <token_anchor t_id="73"/>
</HUMAN_PART_PER>
<HUMAN_PART_PER m_id="15"  >
  <token_anchor t_id="220"/>
</HUMAN_PART_PER>
<HUMAN_PART_PER m_id="79"  >
  <token_anchor t_id="35"/>
  <token_anchor t_id="36"/>
</HUMAN_PART_PER>
<HUMAN_PART_PER m_id="16"  >
  <token_anchor t_id="174"/>
</HUMAN_PART_PER>
<HUMAN_PART_PER m_id="80"  >
  <token_anchor t_id="108"/>
</HUMAN_PART_PER>
<HUMAN_PART_PER m_id="17"  >
  <token_anchor t_id="182"/>
</HUMAN_PART_PER>
<HUMAN_PART_PER m_id="18"  >
  <token_anchor t_id="186"/>
  <token_anchor t_id="187"/>
  <token_anchor t_id="188"/>
</HUMAN_PART_PER>
<HUMAN_PART_PER m_id="19"  >
  <token_anchor t_id="190"/>
</HUMAN_PART_PER>
<HUMAN_PART_PER m_id="20"  >
  <token_anchor t_id="148"/>
</HUMAN_PART_PER>
<HUMAN_PART_PER m_id="21"  >
  <token_anchor t_id="115"/>
</HUMAN_PART_PER>
<HUMAN_PART_PER m_id="22"  >
  <token_anchor t_id="104"/>
</HUMAN_PART_PER>
<HUMAN_PART_PER m_id="23"  >
  <token_anchor t_id="106"/>
</HUMAN_PART_PER>
<HUMAN_PART_PER m_id="24"  >
  <token_anchor t_id="120"/>
</HUMAN_PART_PER>
<HUMAN_PART_PER m_id="25"  >
  <token_anchor t_id="126"/>
</HUMAN_PART_PER>
<HUMAN_PART_PER m_id="26"  >
  <token_anchor t_id="151"/>
  <token_anchor t_id="152"/>
</HUMAN_PART_PER>
<HUMAN_PART_PER m_id="27"  >
  <token_anchor t_id="154"/>
  <token_anchor t_id="155"/>
</HUMAN_PART_PER>
<HUMAN_PART_PER m_id="93"  >
  <token_anchor t_id="55"/>
</HUMAN_PART_PER>
<HUMAN_PART_PER m_id="28"  >
  <token_anchor t_id="165"/>
</HUMAN_PART_PER>
<HUMAN_PART_PER m_id="94"  >
  <token_anchor t_id="68"/>
</HUMAN_PART_PER>
<HUMAN_PART_PER m_id="95"  >
  <token_anchor t_id="121"/>
</HUMAN_PART_PER>
<HUMAN_PART_PER m_id="30"  >
  <token_anchor t_id="78"/>
</HUMAN_PART_PER>
<HUMAN_PART_PER m_id="31"  >
  <token_anchor t_id="89"/>
</HUMAN_PART_PER>
<HUMAN_PART_PER m_id="32"  >
  <token_anchor t_id="99"/>
  <token_anchor t_id="100"/>
</HUMAN_PART_PER>
<HUMAN_PART_PER m_id="1"  >
  <token_anchor t_id="260"/>
</HUMAN_PART_PER>
<HUMAN_PART_PER m_id="100"  >
  <token_anchor t_id="90"/>
</HUMAN_PART_PER>
<HUMAN_PART_PER m_id="33"  >
  <token_anchor t_id="45"/>
  <token_anchor t_id="46"/>
</HUMAN_PART_PER>
<HUMAN_PART_PER m_id="2"  >
  <token_anchor t_id="262"/>
  <token_anchor t_id="263"/>
</HUMAN_PART_PER>
<HUMAN_PART_PER m_id="34"  >
  <token_anchor t_id="54"/>
</HUMAN_PART_PER>
<HUMAN_PART_PER m_id="3"  >
  <token_anchor t_id="266"/>
</HUMAN_PART_PER>
<HUMAN_PART_PER m_id="4"  >
  <token_anchor t_id="270"/>
</HUMAN_PART_PER>
<HUMAN_PART_PER m_id="5"  >
  <token_anchor t_id="276"/>
</HUMAN_PART_PER>
<HUMAN_PART_PER m_id="6"  >
  <token_anchor t_id="281"/>
</HUMAN_PART_PER>
<HUMAN_PART_PER m_id="7"  >
  <token_anchor t_id="226"/>
</HUMAN_PART_PER>
<HUMAN_PART_PER m_id="8"  >
  <token_anchor t_id="232"/>
  <token_anchor t_id="233"/>
</HUMAN_PART_PER>
<LOC_FAC m_id="73"  >
  <token_anchor t_id="191"/>
  <token_anchor t_id="192"/>
  <token_anchor t_id="193"/>
  <token_anchor t_id="194"/>
  <token_anchor t_id="195"/>
  <token_anchor t_id="196"/>
  <token_anchor t_id="197"/>
</LOC_FAC>
<LOC_FAC m_id="74"  >
  <token_anchor t_id="207"/>
  <token_anchor t_id="208"/>
  <token_anchor t_id="209"/>
  <token_anchor t_id="210"/>
  <token_anchor t_id="211"/>
  <token_anchor t_id="212"/>
  <token_anchor t_id="213"/>
</LOC_FAC>
<LOC_FAC m_id="71"  >
  <token_anchor t_id="92"/>
  <token_anchor t_id="93"/>
  <token_anchor t_id="94"/>
  <token_anchor t_id="95"/>
  <token_anchor t_id="96"/>
</LOC_FAC>
<LOC_FAC m_id="72"  >
  <token_anchor t_id="139"/>
  <token_anchor t_id="140"/>
  <token_anchor t_id="141"/>
</LOC_FAC>
<NEG_ACTION_STATE m_id="68"  >
  <token_anchor t_id="268"/>
</NEG_ACTION_STATE>
<NON_HUMAN_PART m_id="75"  >
  <token_anchor t_id="277"/>
</NON_HUMAN_PART>
<NON_HUMAN_PART_GENERIC m_id="76"  >
  <token_anchor t_id="146"/>
</NON_HUMAN_PART_GENERIC>
<TIME_DATE m_id="35"  >
  <token_anchor t_id="41"/>
  <token_anchor t_id="42"/>
  <token_anchor t_id="43"/>
  <token_anchor t_id="44"/>
</TIME_DATE>
<TIME_DATE m_id="36"  >
  <token_anchor t_id="86"/>
</TIME_DATE>
<TIME_DATE m_id="37"  >
  <token_anchor t_id="110"/>
</TIME_DATE>
<TIME_DATE m_id="38"  >
  <token_anchor t_id="179"/>
</TIME_DATE>
<TIME_DURATION m_id="84"  >
  <token_anchor t_id="137"/>
  <token_anchor t_id="138"/>
</TIME_DURATION>


<ACTION_OCCURRENCE m_id="101" note="byCROMER" >
  <token_anchor t_id="62"/>
</ACTION_OCCURRENCE>
<HUMAN_PART_PER m_id="102" note="byCROMER" >
  <token_anchor t_id="61"/>
</HUMAN_PART_PER>
<ACTION_OCCURRENCE m_id="103" note="byCROMER" >
  <token_anchor t_id="58"/>
  <token_anchor t_id="59"/>
</ACTION_OCCURRENCE>
<HUMAN_PART_PER m_id="104" note="byCROMER" >
  <token_anchor t_id="82"/>
  <token_anchor t_id="83"/>
</HUMAN_PART_PER>


<HUMAN_PART_PER m_id="122" RELATED_TO="" TAG_DESCRIPTOR="t28_those_rumored_deepthroat" instance_id="HUM16970448608861518" />
<ACTION_OCCURRENCE m_id="121" RELATED_TO="" TAG_DESCRIPTOR="t28_participating_in_watergate" instance_id="ACT16970383345303536" />
<HUMAN_PART_PER m_id="120" RELATED_TO="" TAG_DESCRIPTOR="t28_gary_hargrove_coroner" instance_id="HUM16762387067149443" />
<HUMAN_PART_PER m_id="109" RELATED_TO="" TAG_DESCRIPTOR="t28_maid" instance_id="HUM16762394101942113" />
<TIME_DATE m_id="108" RELATED_TO="" TAG_DESCRIPTOR="t28_saturday_25_july_2004" instance_id="TIM16762450584630828" />
<HUMAN_PART_PER m_id="107" RELATED_TO="" TAG_DESCRIPTOR="t28_deep_throat" instance_id="HUM16762545642473164" />
<LOC_FAC m_id="106" RELATED_TO="" TAG_DESCRIPTOR="t28_hotel_room_biloxi" instance_id="LOC16762474499152487" />
<ACTION_OCCURRENCE m_id="105" RELATED_TO="" TAG_DESCRIPTOR="t28_natural_causes" instance_id="ACT16762271336158477" />
<ACTION_REPORTING m_id="119" RELATED_TO="" TAG_DESCRIPTOR="t28_coroner_says" instance_id="ACT16762361759448319" />
<HUMAN_PART_PER m_id="118" RELATED_TO="" TAG_DESCRIPTOR="t28_fred_larue" instance_id="HUM16762375448415764" />
<TIME_DATE m_id="117" RELATED_TO="" TAG_DESCRIPTOR="t28_tuesday_27_july_2004" instance_id="TIM16762465386809315" />
<ACTION_OCCURRENCE m_id="116" RELATED_TO="" TAG_DESCRIPTOR="t28_larue_dies" instance_id="ACT16762189251591291" />
<ACTION_OCCURRENCE m_id="115" RELATED_TO="" TAG_DESCRIPTOR="t28_rumored" instance_id="ACT16970418292747875" />
<ACTION_OCCURRENCE m_id="114" RELATED_TO="" TAG_DESCRIPTOR="t28_serving_prison_term" instance_id="ACT16970350030346431" />
<ACTION_OCCURRENCE m_id="113" RELATED_TO="" TAG_DESCRIPTOR="t28_watergate_scandal" instance_id="ACT16762238189665929" />
<ACTION_OCCURRENCE m_id="112" RELATED_TO="" TAG_DESCRIPTOR="t28_maid_entered_room" instance_id="ACT16762200536905847" />
<ACTION_OCCURRENCE m_id="111" RELATED_TO="" TAG_DESCRIPTOR="t28_prison_term" instance_id="ACT16970363432681933" />
<ACTION_OCCURRENCE m_id="110" RELATED_TO="" TAG_DESCRIPTOR="t28_maid_found_body" instance_id="ACT16762223878467716" />
</Markables>

<Relations>
<CROSS_DOC_COREF r_id="37689" note="ACT16762271336158477" >
  <source m_id="46" />
  <target m_id="105" />
</CROSS_DOC_COREF>
<CROSS_DOC_COREF r_id="37690" note="LOC16762474499152487" >
  <source m_id="71" />
  <target m_id="106" />
</CROSS_DOC_COREF>
<CROSS_DOC_COREF r_id="37691" note="HUM16762545642473164" >
  <source m_id="78" />
  <target m_id="107" />
</CROSS_DOC_COREF>
<CROSS_DOC_COREF r_id="37692" note="TIM16762450584630828" >
  <source m_id="37" />
  <target m_id="108" />
</CROSS_DOC_COREF>
<CROSS_DOC_COREF r_id="37693" note="HUM16762394101942113" >
  <source m_id="100" />
  <source m_id="31" />
  <target m_id="109" />
</CROSS_DOC_COREF>
<CROSS_DOC_COREF r_id="37694" note="ACT16762223878467716" >
  <source m_id="42" />
  <target m_id="110" />
</CROSS_DOC_COREF>
<CROSS_DOC_COREF r_id="37695" note="ACT16970363432681933" >
  <source m_id="103" />
  <target m_id="111" />
</CROSS_DOC_COREF>
<CROSS_DOC_COREF r_id="37696" note="ACT16762200536905847" >
  <source m_id="43" />
  <target m_id="112" />
</CROSS_DOC_COREF>
<CROSS_DOC_COREF r_id="37697" note="ACT16762238189665929" >
  <source m_id="85" />
  <target m_id="113" />
</CROSS_DOC_COREF>
<CROSS_DOC_COREF r_id="37698" note="ACT16970350030346431" >
  <source m_id="39" />
  <target m_id="114" />
</CROSS_DOC_COREF>
<CROSS_DOC_COREF r_id="37699" note="ACT16970418292747875" >
  <source m_id="40" />
  <target m_id="115" />
</CROSS_DOC_COREF>
<CROSS_DOC_COREF r_id="37700" note="ACT16762189251591291" >
  <source m_id="91" />
  <source m_id="47" />
  <source m_id="41" />
  <target m_id="116" />
</CROSS_DOC_COREF>
<CROSS_DOC_COREF r_id="37701" note="TIM16762465386809315" >
  <source m_id="36" />
  <target m_id="117" />
</CROSS_DOC_COREF>
<CROSS_DOC_COREF r_id="37702" note="HUM16762375448415764" >
  <source m_id="79" />
  <source m_id="93" />
  <source m_id="80" />
  <source m_id="102" />
  <source m_id="33" />
  <source m_id="104" />
  <source m_id="34" />
  <target m_id="118" />
</CROSS_DOC_COREF>
<CROSS_DOC_COREF r_id="37703" note="ACT16762361759448319" >
  <source m_id="87" />
  <source m_id="86" />
  <target m_id="119" />
</CROSS_DOC_COREF>
<CROSS_DOC_COREF r_id="37704" note="HUM16762387067149443" >
  <source m_id="32" />
  <source m_id="23" />
  <source m_id="22" />
  <target m_id="120" />
</CROSS_DOC_COREF>
<CROSS_DOC_COREF r_id="37705" note="ACT16970383345303536" >
  <source m_id="101" />
  <target m_id="121" />
</CROSS_DOC_COREF>
<CROSS_DOC_COREF r_id="37706" note="HUM16970448608861518" >
  <source m_id="94" />
  <target m_id="122" />
</CROSS_DOC_COREF>

</Relations>
</Document>
