<Document doc_name="23_8ecbplus.xml" doc_id="DOC15646333606587230">
<token t_id="1" sentence="0" number="0">http</token>
<token t_id="2" sentence="0" number="1">:</token>
<token t_id="3" sentence="0" number="2">/</token>
<token t_id="4" sentence="0" number="3">/</token>
<token t_id="5" sentence="0" number="4">news</token>
<token t_id="6" sentence="0" number="5">.</token>
<token t_id="7" sentence="0" number="6">msn</token>
<token t_id="8" sentence="0" number="7">.</token>
<token t_id="9" sentence="0" number="8">co</token>
<token t_id="10" sentence="0" number="9">.</token>
<token t_id="11" sentence="0" number="10">nz</token>
<token t_id="12" sentence="0" number="11">/</token>
<token t_id="13" sentence="0" number="12">nationalnews</token>
<token t_id="14" sentence="0" number="13">/</token>
<token t_id="15" sentence="0" number="14">8723460</token>
<token t_id="16" sentence="0" number="15">/</token>
<token t_id="17" sentence="0" number="16">climber</token>
<token t_id="18" sentence="0" number="17">-</token>
<token t_id="19" sentence="0" number="18">falls</token>
<token t_id="20" sentence="0" number="19">-</token>
<token t_id="21" sentence="0" number="20">on</token>
<token t_id="22" sentence="0" number="21">-</token>
<token t_id="23" sentence="0" number="22">aoraki</token>
<token t_id="24" sentence="0" number="23">-</token>
<token t_id="25" sentence="0" number="24">mount</token>
<token t_id="26" sentence="0" number="25">-</token>
<token t_id="27" sentence="0" number="26">cook</token>
<token t_id="28" sentence="1" number="0">Second</token>
<token t_id="29" sentence="1" number="1">man</token>
<token t_id="30" sentence="1" number="2">dies</token>
<token t_id="31" sentence="1" number="3">in</token>
<token t_id="32" sentence="1" number="4">Mt</token>
<token t_id="33" sentence="1" number="5">Cook</token>
<token t_id="34" sentence="1" number="6">National</token>
<token t_id="35" sentence="1" number="7">Park</token>
<token t_id="36" sentence="2" number="0">14</token>
<token t_id="37" sentence="2" number="1">:</token>
<token t_id="38" sentence="2" number="2">25</token>
<token t_id="39" sentence="2" number="3">Sun</token>
<token t_id="40" sentence="2" number="4">Sep</token>
<token t_id="41" sentence="2" number="5">15</token>
<token t_id="42" sentence="2" number="6">2013</token>
<token t_id="43" sentence="3" number="0">A</token>
<token t_id="44" sentence="3" number="1">second</token>
<token t_id="45" sentence="3" number="2">man</token>
<token t_id="46" sentence="3" number="3">has</token>
<token t_id="47" sentence="3" number="4">fallen</token>
<token t_id="48" sentence="3" number="5">to</token>
<token t_id="49" sentence="3" number="6">his</token>
<token t_id="50" sentence="3" number="7">death</token>
<token t_id="51" sentence="3" number="8">in</token>
<token t_id="52" sentence="3" number="9">Aoraki</token>
<token t_id="53" sentence="3" number="10">Mount</token>
<token t_id="54" sentence="3" number="11">Cook</token>
<token t_id="55" sentence="3" number="12">National</token>
<token t_id="56" sentence="3" number="13">Park</token>
<token t_id="57" sentence="3" number="14">.</token>
<token t_id="58" sentence="4" number="0">The</token>
<token t_id="59" sentence="4" number="1">man</token>
<token t_id="60" sentence="4" number="2">aged</token>
<token t_id="61" sentence="4" number="3">in</token>
<token t_id="62" sentence="4" number="4">his</token>
<token t_id="63" sentence="4" number="5">early</token>
<token t_id="64" sentence="4" number="6">30s</token>
<token t_id="65" sentence="4" number="7">fell</token>
<token t_id="66" sentence="4" number="8">about</token>
<token t_id="67" sentence="4" number="9">600m</token>
<token t_id="68" sentence="4" number="10">while</token>
<token t_id="69" sentence="4" number="11">climbing</token>
<token t_id="70" sentence="4" number="12">near</token>
<token t_id="71" sentence="4" number="13">the</token>
<token t_id="72" sentence="4" number="14">Mount</token>
<token t_id="73" sentence="4" number="15">Sefton</token>
<token t_id="74" sentence="4" number="16">Bivvy</token>
<token t_id="75" sentence="4" number="17">on</token>
<token t_id="76" sentence="4" number="18">Saturday</token>
<token t_id="77" sentence="4" number="19">afternoon</token>
<token t_id="78" sentence="4" number="20">.</token>
<token t_id="79" sentence="5" number="0">Rescue</token>
<token t_id="80" sentence="5" number="1">personnel</token>
<token t_id="81" sentence="5" number="2">were</token>
<token t_id="82" sentence="5" number="3">not</token>
<token t_id="83" sentence="5" number="4">able</token>
<token t_id="84" sentence="5" number="5">to</token>
<token t_id="85" sentence="5" number="6">reach</token>
<token t_id="86" sentence="5" number="7">him</token>
<token t_id="87" sentence="5" number="8">or</token>
<token t_id="88" sentence="5" number="9">his</token>
<token t_id="89" sentence="5" number="10">three</token>
<token t_id="90" sentence="5" number="11">companions</token>
<token t_id="91" sentence="5" number="12">,</token>
<token t_id="92" sentence="5" number="13">who</token>
<token t_id="93" sentence="5" number="14">were</token>
<token t_id="94" sentence="5" number="15">all</token>
<token t_id="95" sentence="5" number="16">from</token>
<token t_id="96" sentence="5" number="17">overseas</token>
<token t_id="97" sentence="5" number="18">,</token>
<token t_id="98" sentence="5" number="19">due</token>
<token t_id="99" sentence="5" number="20">to</token>
<token t_id="100" sentence="5" number="21">low</token>
<token t_id="101" sentence="5" number="22">light</token>
<token t_id="102" sentence="5" number="23">levels</token>
<token t_id="103" sentence="5" number="24">on</token>
<token t_id="104" sentence="5" number="25">Saturday</token>
<token t_id="105" sentence="5" number="26">,</token>
<token t_id="106" sentence="5" number="27">Mid</token>
<token t_id="107" sentence="5" number="28">-</token>
<token t_id="108" sentence="5" number="29">South</token>
<token t_id="109" sentence="5" number="30">Canterbury</token>
<token t_id="110" sentence="5" number="31">Area</token>
<token t_id="111" sentence="5" number="32">Commander</token>
<token t_id="112" sentence="5" number="33">Inspector</token>
<token t_id="113" sentence="5" number="34">Dave</token>
<token t_id="114" sentence="5" number="35">Gaskin</token>
<token t_id="115" sentence="5" number="36">said</token>
<token t_id="116" sentence="5" number="37">.</token>
<token t_id="117" sentence="6" number="0">"They</token>
<token t_id="118" sentence="6" number="1">managed</token>
<token t_id="119" sentence="6" number="2">to</token>
<token t_id="120" sentence="6" number="3">have</token>
<token t_id="121" sentence="6" number="4">a</token>
<token t_id="122" sentence="6" number="5">look</token>
<token t_id="123" sentence="6" number="6">at</token>
<token t_id="124" sentence="6" number="7">him</token>
<token t_id="125" sentence="6" number="8">and</token>
<token t_id="126" sentence="6" number="9">it</token>
<token t_id="127" sentence="6" number="10">was</token>
<token t_id="128" sentence="6" number="11">pretty</token>
<token t_id="129" sentence="6" number="12">clear</token>
<token t_id="130" sentence="6" number="13">that</token>
<token t_id="131" sentence="6" number="14">there</token>
<token t_id="132" sentence="6" number="15">was</token>
<token t_id="133" sentence="6" number="16">no</token>
<token t_id="134" sentence="6" number="17">signs</token>
<token t_id="135" sentence="6" number="18">of</token>
<token t_id="136" sentence="6" number="19">life</token>
<token t_id="137" sentence="6" number="20">and</token>
<token t_id="138" sentence="6" number="21">they've</token>
<token t_id="139" sentence="6" number="22">flown</token>
<token t_id="140" sentence="6" number="23">in</token>
<token t_id="141" sentence="6" number="24">today</token>
<token t_id="142" sentence="6" number="25">to</token>
<token t_id="143" sentence="6" number="26">retrieve</token>
<token t_id="144" sentence="6" number="27">the</token>
<token t_id="145" sentence="6" number="28">body</token>
<token t_id="146" sentence="6" number="29">,</token>
<token t_id="147" sentence="6" number="30">"</token>
<token t_id="148" sentence="6" number="31">he</token>
<token t_id="149" sentence="6" number="32">told</token>
<token t_id="150" sentence="6" number="33">NZ</token>
<token t_id="151" sentence="6" number="34">Newswire</token>
<token t_id="152" sentence="6" number="35">on</token>
<token t_id="153" sentence="6" number="36">Sunday</token>
<token t_id="154" sentence="6" number="37">.</token>
<token t_id="155" sentence="7" number="0">The</token>
<token t_id="156" sentence="7" number="1">other</token>
<token t_id="157" sentence="7" number="2">three</token>
<token t_id="158" sentence="7" number="3">men</token>
<token t_id="159" sentence="7" number="4">were</token>
<token t_id="160" sentence="7" number="5">rescued</token>
<token t_id="161" sentence="7" number="6">by</token>
<token t_id="162" sentence="7" number="7">about</token>
<token t_id="163" sentence="7" number="8">10am</token>
<token t_id="164" sentence="7" number="9">on</token>
<token t_id="165" sentence="7" number="10">Sunday</token>
<token t_id="166" sentence="7" number="11">morning</token>
<token t_id="167" sentence="7" number="12">.</token>
<token t_id="168" sentence="8" number="0">"We</token>
<token t_id="169" sentence="8" number="1">haven't</token>
<token t_id="170" sentence="8" number="2">been</token>
<token t_id="171" sentence="8" number="3">in</token>
<token t_id="172" sentence="8" number="4">a</token>
<token t_id="173" sentence="8" number="5">position</token>
<token t_id="174" sentence="8" number="6">to</token>
<token t_id="175" sentence="8" number="7">speak</token>
<token t_id="176" sentence="8" number="8">to</token>
<token t_id="177" sentence="8" number="9">the</token>
<token t_id="178" sentence="8" number="10">survivors</token>
<token t_id="179" sentence="8" number="11">at</token>
<token t_id="180" sentence="8" number="12">this</token>
<token t_id="181" sentence="8" number="13">stage</token>
<token t_id="182" sentence="8" number="14">,</token>
<token t_id="183" sentence="8" number="15">but</token>
<token t_id="184" sentence="8" number="16">it</token>
<token t_id="185" sentence="8" number="17">appears</token>
<token t_id="186" sentence="8" number="18">as</token>
<token t_id="187" sentence="8" number="19">if</token>
<token t_id="188" sentence="8" number="20">their</token>
<token t_id="189" sentence="8" number="21">equipment</token>
<token t_id="190" sentence="8" number="22">and</token>
<token t_id="191" sentence="8" number="23">preparation</token>
<token t_id="192" sentence="8" number="24">was</token>
<token t_id="193" sentence="8" number="25">limited</token>
<token t_id="194" sentence="8" number="26">,</token>
<token t_id="195" sentence="8" number="27">"</token>
<token t_id="196" sentence="8" number="28">Insp</token>
<token t_id="197" sentence="8" number="29">Gaskin</token>
<token t_id="198" sentence="8" number="30">said</token>
<token t_id="199" sentence="8" number="31">.</token>
<token t_id="200" sentence="9" number="0">It</token>
<token t_id="201" sentence="9" number="1">was</token>
<token t_id="202" sentence="9" number="2">the</token>
<token t_id="203" sentence="9" number="3">second</token>
<token t_id="204" sentence="9" number="4">death</token>
<token t_id="205" sentence="9" number="5">in</token>
<token t_id="206" sentence="9" number="6">the</token>
<token t_id="207" sentence="9" number="7">park</token>
<token t_id="208" sentence="9" number="8">in</token>
<token t_id="209" sentence="9" number="9">two</token>
<token t_id="210" sentence="9" number="10">days</token>
<token t_id="211" sentence="9" number="11">.</token>
<token t_id="212" sentence="10" number="0">A</token>
<token t_id="213" sentence="10" number="1">36</token>
<token t_id="214" sentence="10" number="2">-</token>
<token t_id="215" sentence="10" number="3">year</token>
<token t_id="216" sentence="10" number="4">-</token>
<token t_id="217" sentence="10" number="5">old</token>
<token t_id="218" sentence="10" number="6">man</token>
<token t_id="219" sentence="10" number="7">died</token>
<token t_id="220" sentence="10" number="8">about</token>
<token t_id="221" sentence="10" number="9">11am</token>
<token t_id="222" sentence="10" number="10">on</token>
<token t_id="223" sentence="10" number="11">Friday</token>
<token t_id="224" sentence="10" number="12">after</token>
<token t_id="225" sentence="10" number="13">he</token>
<token t_id="226" sentence="10" number="14">slipped</token>
<token t_id="227" sentence="10" number="15">and</token>
<token t_id="228" sentence="10" number="16">fell</token>
<token t_id="229" sentence="10" number="17">about</token>
<token t_id="230" sentence="10" number="18">200m</token>
<token t_id="231" sentence="10" number="19">down</token>
<token t_id="232" sentence="10" number="20">a</token>
<token t_id="233" sentence="10" number="21">steep</token>
<token t_id="234" sentence="10" number="22">icy</token>
<token t_id="235" sentence="10" number="23">gully</token>
<token t_id="236" sentence="10" number="24">.</token>
<token t_id="237" sentence="11" number="0">The</token>
<token t_id="238" sentence="11" number="1">man</token>
<token t_id="239" sentence="11" number="2">,</token>
<token t_id="240" sentence="11" number="3">a</token>
<token t_id="241" sentence="11" number="4">New</token>
<token t_id="242" sentence="11" number="5">Zealander</token>
<token t_id="243" sentence="11" number="6">living</token>
<token t_id="244" sentence="11" number="7">in</token>
<token t_id="245" sentence="11" number="8">Melbourne</token>
<token t_id="246" sentence="11" number="9">,</token>
<token t_id="247" sentence="11" number="10">was</token>
<token t_id="248" sentence="11" number="11">planning</token>
<token t_id="249" sentence="11" number="12">to</token>
<token t_id="250" sentence="11" number="13">go</token>
<token t_id="251" sentence="11" number="14">ski</token>
<token t_id="252" sentence="11" number="15">touring</token>
<token t_id="253" sentence="11" number="16">.</token>
<token t_id="254" sentence="12" number="0">Two</token>
<token t_id="255" sentence="12" number="1">deaths</token>
<token t_id="256" sentence="12" number="2">so</token>
<token t_id="257" sentence="12" number="3">close</token>
<token t_id="258" sentence="12" number="4">together</token>
<token t_id="259" sentence="12" number="5">was</token>
<token t_id="260" sentence="12" number="6">unusual</token>
<token t_id="261" sentence="12" number="7">for</token>
<token t_id="262" sentence="12" number="8">the</token>
<token t_id="263" sentence="12" number="9">time</token>
<token t_id="264" sentence="12" number="10">of</token>
<token t_id="265" sentence="12" number="11">year</token>
<token t_id="266" sentence="12" number="12">,</token>
<token t_id="267" sentence="12" number="13">Insp</token>
<token t_id="268" sentence="12" number="14">Gaskin</token>
<token t_id="269" sentence="12" number="15">said</token>
<token t_id="270" sentence="12" number="16">.</token>
<token t_id="271" sentence="13" number="0">"We</token>
<token t_id="272" sentence="13" number="1">don't</token>
<token t_id="273" sentence="13" number="2">normally</token>
<token t_id="274" sentence="13" number="3">get</token>
<token t_id="275" sentence="13" number="4">too</token>
<token t_id="276" sentence="13" number="5">many</token>
<token t_id="277" sentence="13" number="6">climbing</token>
<token t_id="278" sentence="13" number="7">accidents</token>
<token t_id="279" sentence="13" number="8">at</token>
<token t_id="280" sentence="13" number="9">this</token>
<token t_id="281" sentence="13" number="10">time</token>
<token t_id="282" sentence="13" number="11">of</token>
<token t_id="283" sentence="13" number="12">year</token>
<token t_id="284" sentence="13" number="13">,</token>
<token t_id="285" sentence="13" number="14">it's</token>
<token t_id="286" sentence="13" number="15">still</token>
<token t_id="287" sentence="13" number="16">basically</token>
<token t_id="288" sentence="13" number="17">winter</token>
<token t_id="289" sentence="13" number="18">conditions</token>
<token t_id="290" sentence="13" number="19">here</token>
<token t_id="291" sentence="13" number="20">,</token>
<token t_id="292" sentence="13" number="21">so</token>
<token t_id="293" sentence="13" number="22">there's</token>
<token t_id="294" sentence="13" number="23">very</token>
<token t_id="295" sentence="13" number="24">little</token>
<token t_id="296" sentence="13" number="25">climbing</token>
<token t_id="297" sentence="13" number="26">done</token>
<token t_id="298" sentence="13" number="27">.</token>
<token t_id="299" sentence="13" number="28">"</token>
<token t_id="300" sentence="14" number="0">The</token>
<token t_id="301" sentence="14" number="1">climbing</token>
<token t_id="302" sentence="14" number="2">season</token>
<token t_id="303" sentence="14" number="3">generally</token>
<token t_id="304" sentence="14" number="4">starts</token>
<token t_id="305" sentence="14" number="5">about</token>
<token t_id="306" sentence="14" number="6">late</token>
<token t_id="307" sentence="14" number="7">October</token>
<token t_id="308" sentence="14" number="8">/</token>
<token t_id="309" sentence="14" number="9">early</token>
<token t_id="310" sentence="14" number="10">November</token>
<token t_id="311" sentence="14" number="11">.</token>
<token t_id="312" sentence="15" number="0">Mr</token>
<token t_id="313" sentence="15" number="1">Gaskin</token>
<token t_id="314" sentence="15" number="2">urged</token>
<token t_id="315" sentence="15" number="3">people</token>
<token t_id="316" sentence="15" number="4">not</token>
<token t_id="317" sentence="15" number="5">to</token>
<token t_id="318" sentence="15" number="6">go</token>
<token t_id="319" sentence="15" number="7">into</token>
<token t_id="320" sentence="15" number="8">situations</token>
<token t_id="321" sentence="15" number="9">unprepared</token>
<token t_id="322" sentence="15" number="10">.</token>
<token t_id="323" sentence="16" number="0">"This</token>
<token t_id="324" sentence="16" number="1">is</token>
<token t_id="325" sentence="16" number="2">an</token>
<token t_id="326" sentence="16" number="3">extremely</token>
<token t_id="327" sentence="16" number="4">dangerous</token>
<token t_id="328" sentence="16" number="5">area</token>
<token t_id="329" sentence="16" number="6">and</token>
<token t_id="330" sentence="16" number="7">if</token>
<token t_id="331" sentence="16" number="8">you're</token>
<token t_id="332" sentence="16" number="9">going</token>
<token t_id="333" sentence="16" number="10">to</token>
<token t_id="334" sentence="16" number="11">climb</token>
<token t_id="335" sentence="16" number="12">or</token>
<token t_id="336" sentence="16" number="13">come</token>
<token t_id="337" sentence="16" number="14">into</token>
<token t_id="338" sentence="16" number="15">this</token>
<token t_id="339" sentence="16" number="16">area</token>
<token t_id="340" sentence="16" number="17">and</token>
<token t_id="341" sentence="16" number="18">go</token>
<token t_id="342" sentence="16" number="19">up</token>
<token t_id="343" sentence="16" number="20">high</token>
<token t_id="344" sentence="16" number="21">in</token>
<token t_id="345" sentence="16" number="22">the</token>
<token t_id="346" sentence="16" number="23">mountains</token>
<token t_id="347" sentence="16" number="24">,</token>
<token t_id="348" sentence="16" number="25">you've</token>
<token t_id="349" sentence="16" number="26">got</token>
<token t_id="350" sentence="16" number="27">to</token>
<token t_id="351" sentence="16" number="28">make</token>
<token t_id="352" sentence="16" number="29">sure</token>
<token t_id="353" sentence="16" number="30">that</token>
<token t_id="354" sentence="16" number="31">you</token>
<token t_id="355" sentence="16" number="32">know</token>
<token t_id="356" sentence="16" number="33">what</token>
<token t_id="357" sentence="16" number="34">you're</token>
<token t_id="358" sentence="16" number="35">doing</token>
<token t_id="359" sentence="16" number="36">and</token>
<token t_id="360" sentence="16" number="37">you've</token>
<token t_id="361" sentence="16" number="38">got</token>
<token t_id="362" sentence="16" number="39">all</token>
<token t_id="363" sentence="16" number="40">the</token>
<token t_id="364" sentence="16" number="41">appropriate</token>
<token t_id="365" sentence="16" number="42">equipment</token>
<token t_id="366" sentence="16" number="43">.</token>
<token t_id="367" sentence="16" number="44">"</token>
<Markables>
<ACTION_OCCURRENCE m_id="9"  >
  <token_anchor t_id="65"/>
</ACTION_OCCURRENCE>
<ACTION_OCCURRENCE m_id="10"  >
  <token_anchor t_id="69"/>
</ACTION_OCCURRENCE>
<ACTION_OCCURRENCE m_id="11"  >
  <token_anchor t_id="219"/>
</ACTION_OCCURRENCE>
<ACTION_OCCURRENCE m_id="12"  >
  <token_anchor t_id="226"/>
</ACTION_OCCURRENCE>
<ACTION_OCCURRENCE m_id="13"  >
  <token_anchor t_id="228"/>
</ACTION_OCCURRENCE>
<ACTION_OCCURRENCE m_id="24"  >
  <token_anchor t_id="200"/>
</ACTION_OCCURRENCE>
<ACTION_OCCURRENCE m_id="7"  >
  <token_anchor t_id="30"/>
</ACTION_OCCURRENCE>
<ACTION_OCCURRENCE m_id="8"  >
  <token_anchor t_id="47"/>
</ACTION_OCCURRENCE>
<HUMAN_PART_PER m_id="1"  >
  <token_anchor t_id="29"/>
</HUMAN_PART_PER>
<HUMAN_PART_PER m_id="2"  >
  <token_anchor t_id="45"/>
</HUMAN_PART_PER>
<HUMAN_PART_PER m_id="3"  >
  <token_anchor t_id="59"/>
</HUMAN_PART_PER>
<HUMAN_PART_PER m_id="4"  >
  <token_anchor t_id="49"/>
</HUMAN_PART_PER>
<HUMAN_PART_PER m_id="5"  >
  <token_anchor t_id="218"/>
</HUMAN_PART_PER>
<HUMAN_PART_PER m_id="6"  >
  <token_anchor t_id="225"/>
</HUMAN_PART_PER>
<LOC_GEO m_id="15"  >
  <token_anchor t_id="31"/>
  <token_anchor t_id="32"/>
  <token_anchor t_id="33"/>
  <token_anchor t_id="34"/>
  <token_anchor t_id="35"/>
</LOC_GEO>
<LOC_GEO m_id="16"  >
  <token_anchor t_id="51"/>
  <token_anchor t_id="52"/>
  <token_anchor t_id="53"/>
  <token_anchor t_id="54"/>
  <token_anchor t_id="55"/>
  <token_anchor t_id="56"/>
</LOC_GEO>
<LOC_GEO m_id="17"  >
  <token_anchor t_id="70"/>
  <token_anchor t_id="71"/>
  <token_anchor t_id="72"/>
  <token_anchor t_id="73"/>
  <token_anchor t_id="74"/>
</LOC_GEO>
<LOC_GEO m_id="18"  >
  <token_anchor t_id="205"/>
  <token_anchor t_id="206"/>
  <token_anchor t_id="207"/>
</LOC_GEO>
<NON_HUMAN_PART m_id="23"  >
  <token_anchor t_id="235"/>
</NON_HUMAN_PART>
<TIME_DURATION m_id="25"  >
  <token_anchor t_id="209"/>
  <token_anchor t_id="210"/>
</TIME_DURATION>
<TIME_OF_THE_DAY m_id="14"  >
  <token_anchor t_id="36"/>
  <token_anchor t_id="37"/>
  <token_anchor t_id="38"/>
  <token_anchor t_id="39"/>
  <token_anchor t_id="40"/>
  <token_anchor t_id="41"/>
  <token_anchor t_id="42"/>
</TIME_OF_THE_DAY>
<ACTION_OCCURRENCE m_id="30" note="byCROMER" >
  <token_anchor t_id="204"/>
</ACTION_OCCURRENCE>
<TIME_DATE m_id="31" note="byCROMER" >
  <token_anchor t_id="75"/>
  <token_anchor t_id="76"/>
  <token_anchor t_id="77"/>
</TIME_DATE>
<TIME_DATE m_id="32" note="byCROMER" >
  <token_anchor t_id="220"/>
  <token_anchor t_id="221"/>
  <token_anchor t_id="222"/>
  <token_anchor t_id="223"/>
</TIME_DATE>
<ACTION_OCCURRENCE m_id="33" note="byCROMER" >
  <token_anchor t_id="50"/>
</ACTION_OCCURRENCE>


<ACTION_OCCURRENCE m_id="44" RELATED_TO="" TAG_DESCRIPTOR="t23_death_australian" instance_id="ACT18241866471384329" />
<HUMAN_PART_PER m_id="43" RELATED_TO="" TAG_DESCRIPTOR="t23_raite" instance_id="HUM18241101412566180" />
<ACTION_OCCURRENCE m_id="42" RELATED_TO="" TAG_DESCRIPTOR="t23_death_british_man" instance_id="ACT18241002218927644" />
<TIME_DATE m_id="41" RELATED_TO="" TAG_DESCRIPTOR="t23_friday" instance_id="TIM18241906891752760" />
<ACTION_OCCURRENCE m_id="39" RELATED_TO="" TAG_DESCRIPTOR="t23_fall_british" instance_id="ACT18240930604244937" />
<ACTION_OCCURRENCE m_id="40" RELATED_TO="" TAG_DESCRIPTOR="t23_slip_raite" instance_id="ACT18271705435869962" />
<HUMAN_PART_PER m_id="38" RELATED_TO="" TAG_DESCRIPTOR="t23_buckley" instance_id="HUM18241090732508238" />
<TIME_DATE m_id="37" RELATED_TO="" TAG_DESCRIPTOR="t23_saturday" instance_id="TIM18241918511925284" />
<ACTION_OCCURRENCE m_id="36" RELATED_TO="" TAG_DESCRIPTOR="t23_fall_new_zealand" instance_id="ACT18240959809845886" />
<LOC_GEO m_id="35" RELATED_TO="" TAG_DESCRIPTOR="t23_cook" instance_id="LOC18241315453418084" />
<ACTION_OCCURRENCE m_id="34" RELATED_TO="" TAG_DESCRIPTOR="t23_climbing_british" instance_id="ACT18241017154968914" />
</Markables>

<Relations>
<CROSS_DOC_COREF r_id="40677" note="ACT18241017154968914" >
  <source m_id="10" />
  <target m_id="34" />
</CROSS_DOC_COREF>
<CROSS_DOC_COREF r_id="40678" note="LOC18241315453418084" >
  <source m_id="15" />
  <source m_id="16" />
  <source m_id="18" />
  <target m_id="35" />
</CROSS_DOC_COREF>
<CROSS_DOC_COREF r_id="40679" note="ACT18240959809845886" >
  <source m_id="13" />
  <target m_id="36" />
</CROSS_DOC_COREF>
<CROSS_DOC_COREF r_id="40680" note="TIM18241918511925284" >
  <source m_id="31" />
  <target m_id="37" />
</CROSS_DOC_COREF>
<CROSS_DOC_COREF r_id="40681" note="HUM18241090732508238" >
  <source m_id="4" />
  <source m_id="3" />
  <source m_id="2" />
  <source m_id="1" />
  <target m_id="38" />
</CROSS_DOC_COREF>
<CROSS_DOC_COREF r_id="40682" note="ACT18240930604244937" >
  <source m_id="8" />
  <source m_id="9" />
  <target m_id="39" />
</CROSS_DOC_COREF>
<CROSS_DOC_COREF r_id="40683" note="ACT18271705435869962" >
  <source m_id="12" />
  <target m_id="40" />
</CROSS_DOC_COREF>
<CROSS_DOC_COREF r_id="40684" note="TIM18241906891752760" >
  <source m_id="32" />
  <target m_id="41" />
</CROSS_DOC_COREF>
<CROSS_DOC_COREF r_id="40685" note="ACT18241002218927644" >
  <source m_id="30" />
  <source m_id="24" />
  <source m_id="7" />
  <source m_id="33" />
  <target m_id="42" />
</CROSS_DOC_COREF>
<CROSS_DOC_COREF r_id="40686" note="HUM18241101412566180" >
  <source m_id="6" />
  <source m_id="5" />
  <target m_id="43" />
</CROSS_DOC_COREF>
<CROSS_DOC_COREF r_id="40687" note="ACT18241866471384329" >
  <source m_id="11" />
  <target m_id="44" />
</CROSS_DOC_COREF>

</Relations>
</Document>
