<Document doc_name="23_8ecb.xml" doc_id="DOC15654677263635410">
<token t_id="1" sentence="0" number="0">A</token>
<token t_id="2" sentence="0" number="1">climber</token>
<token t_id="3" sentence="0" number="2">who</token>
<token t_id="4" sentence="0" number="3">watched</token>
<token t_id="5" sentence="0" number="4">his</token>
<token t_id="6" sentence="0" number="5">brother</token>
<token t_id="7" sentence="0" number="6">fall</token>
<token t_id="8" sentence="0" number="7">to</token>
<token t_id="9" sentence="0" number="8">his</token>
<token t_id="10" sentence="0" number="9">death</token>
<token t_id="11" sentence="0" number="10">from</token>
<token t_id="12" sentence="0" number="11">a</token>
<token t_id="13" sentence="0" number="12">notorious</token>
<token t_id="14" sentence="0" number="13">ridge</token>
<token t_id="15" sentence="0" number="14">on</token>
<token t_id="16" sentence="0" number="15">Mt</token>
<token t_id="17" sentence="0" number="16">Cook</token>
<token t_id="18" sentence="0" number="17">,</token>
<token t_id="19" sentence="0" number="18">is</token>
<token t_id="20" sentence="0" number="19">lucky</token>
<token t_id="21" sentence="0" number="20">to</token>
<token t_id="22" sentence="0" number="21">be</token>
<token t_id="23" sentence="0" number="22">alive</token>
<token t_id="24" sentence="0" number="23">after</token>
<token t_id="25" sentence="0" number="24">two</token>
<token t_id="26" sentence="0" number="25">``</token>
<token t_id="27" sentence="0" number="26">horrific</token>
<token t_id="28" sentence="0" number="27">''</token>
<token t_id="29" sentence="0" number="28">nights</token>
<token t_id="30" sentence="0" number="29">high</token>
<token t_id="31" sentence="0" number="30">on</token>
<token t_id="32" sentence="0" number="31">the</token>
<token t_id="33" sentence="0" number="32">mountain</token>
<token t_id="34" sentence="0" number="33">.</token>
<Markables>
<ACTION_OCCURRENCE m_id="20"  >
  <token_anchor t_id="10"/>
</ACTION_OCCURRENCE>
<ACTION_OCCURRENCE m_id="15"  >
  <token_anchor t_id="7"/>
</ACTION_OCCURRENCE>
<HUMAN_PART_PER m_id="12"  >
  <token_anchor t_id="2"/>
</HUMAN_PART_PER>
<HUMAN_PART_PER m_id="13"  >
  <token_anchor t_id="6"/>
</HUMAN_PART_PER>
<LOC_GEO m_id="17"  >
  <token_anchor t_id="15"/>
  <token_anchor t_id="16"/>
  <token_anchor t_id="17"/>
</LOC_GEO>
<LOC_GEO m_id="18"  >
  <token_anchor t_id="31"/>
  <token_anchor t_id="32"/>
  <token_anchor t_id="33"/>
</LOC_GEO>
<TIME_DURATION m_id="19"  >
  <token_anchor t_id="25"/>
  <token_anchor t_id="29"/>
</TIME_DURATION>


<ACTION_PERCEPTION m_id="22" note="byCROMER" >
  <token_anchor t_id="4"/>
</ACTION_PERCEPTION>
<LOC_GEO m_id="23" note="byCROMER" >
  <token_anchor t_id="14"/>
</LOC_GEO>


<TIME_DURATION m_id="31" RELATED_TO="" TAG_DESCRIPTOR="t23b_two_nights" instance_id="TIM18319758995099143" />
<ACTION_PERCEPTION m_id="30" RELATED_TO="" TAG_DESCRIPTOR="t23b_watched_bro_fall" instance_id="ACT27332138770482467" />
<HUMAN_PART_PER m_id="29" RELATED_TO="" TAG_DESCRIPTOR="t23b_brother" instance_id="HUM18319674083945732" />
<HUMAN_PART_PER m_id="28" RELATED_TO="" TAG_DESCRIPTOR="t23b_climber" instance_id="HUM18319688289991189" />
<ACTION_OCCURRENCE m_id="27" RELATED_TO="" TAG_DESCRIPTOR="t23b_died" instance_id="ACT18319700214698432" />
<ACTION_OCCURRENCE m_id="26" RELATED_TO="" TAG_DESCRIPTOR="t23b_fall" instance_id="ACT18319724293841208" />
<LOC_GEO m_id="25" RELATED_TO="" TAG_DESCRIPTOR="t23_ridge" instance_id="LOC18241156396879727" />
<LOC_GEO m_id="24" RELATED_TO="" TAG_DESCRIPTOR="t23_cook" instance_id="LOC18241315453418084" />
</Markables>

<Relations>
<CROSS_DOC_COREF r_id="47725" note="LOC18241315453418084" >
  <source m_id="17" />
  <source m_id="18" />
  <target m_id="24" />
</CROSS_DOC_COREF>
<CROSS_DOC_COREF r_id="47726" note="LOC18241156396879727" >
  <source m_id="23" />
  <target m_id="25" />
</CROSS_DOC_COREF>
<CROSS_DOC_COREF r_id="47727" note="ACT18319724293841208" >
  <source m_id="15" />
  <target m_id="26" />
</CROSS_DOC_COREF>
<CROSS_DOC_COREF r_id="47728" note="ACT18319700214698432" >
  <source m_id="20" />
  <target m_id="27" />
</CROSS_DOC_COREF>
<CROSS_DOC_COREF r_id="47729" note="HUM18319688289991189" >
  <source m_id="12" />
  <target m_id="28" />
</CROSS_DOC_COREF>
<CROSS_DOC_COREF r_id="47730" note="HUM18319674083945732" >
  <source m_id="13" />
  <target m_id="29" />
</CROSS_DOC_COREF>
<CROSS_DOC_COREF r_id="47731" note="ACT27332138770482467" >
  <source m_id="22" />
  <target m_id="30" />
</CROSS_DOC_COREF>
<CROSS_DOC_COREF r_id="47732" note="TIM18319758995099143" >
  <source m_id="19" />
  <target m_id="31" />
</CROSS_DOC_COREF>

</Relations>
</Document>
