<Document doc_name="23_9ecbplus.xml" doc_id="DOC15646333682583160">
<token t_id="1" sentence="0" number="0">http</token>
<token t_id="2" sentence="0" number="1">:</token>
<token t_id="3" sentence="0" number="2">/</token>
<token t_id="4" sentence="0" number="3">/</token>
<token t_id="5" sentence="0" number="4">www</token>
<token t_id="6" sentence="0" number="5">.</token>
<token t_id="7" sentence="0" number="6">firsttracksonline</token>
<token t_id="8" sentence="0" number="7">.</token>
<token t_id="9" sentence="0" number="8">com</token>
<token t_id="10" sentence="0" number="9">/</token>
<token t_id="11" sentence="0" number="10">2013</token>
<token t_id="12" sentence="0" number="11">/</token>
<token t_id="13" sentence="0" number="12">09</token>
<token t_id="14" sentence="0" number="13">/</token>
<token t_id="15" sentence="0" number="14">16</token>
<token t_id="16" sentence="0" number="15">/</token>
<token t_id="17" sentence="0" number="16">australian</token>
<token t_id="18" sentence="0" number="17">-</token>
<token t_id="19" sentence="0" number="18">ski</token>
<token t_id="20" sentence="0" number="19">-</token>
<token t_id="21" sentence="0" number="20">mountaineer</token>
<token t_id="22" sentence="0" number="21">-</token>
<token t_id="23" sentence="0" number="22">dies</token>
<token t_id="24" sentence="0" number="23">-</token>
<token t_id="25" sentence="0" number="24">in</token>
<token t_id="26" sentence="0" number="25">-</token>
<token t_id="27" sentence="0" number="26">fall</token>
<token t_id="28" sentence="0" number="27">-</token>
<token t_id="29" sentence="0" number="28">in</token>
<token t_id="30" sentence="0" number="29">-</token>
<token t_id="31" sentence="0" number="30">new</token>
<token t_id="32" sentence="0" number="31">-</token>
<token t_id="33" sentence="0" number="32">zealand</token>
<token t_id="34" sentence="0" number="33">/</token>
<token t_id="35" sentence="1" number="0">Australian</token>
<token t_id="36" sentence="1" number="1">Ski</token>
<token t_id="37" sentence="1" number="2">Mountaineer</token>
<token t_id="38" sentence="1" number="3">Dies</token>
<token t_id="39" sentence="1" number="4">in</token>
<token t_id="40" sentence="1" number="5">Fall</token>
<token t_id="41" sentence="1" number="6">in</token>
<token t_id="42" sentence="1" number="7">New</token>
<token t_id="43" sentence="1" number="8">Zealand</token>
<token t_id="44" sentence="2" number="0">September</token>
<token t_id="45" sentence="2" number="1">16</token>
<token t_id="46" sentence="2" number="2">,</token>
<token t_id="47" sentence="2" number="3">2013</token>
<token t_id="48" sentence="2" number="4">9</token>
<token t_id="49" sentence="2" number="5">:</token>
<token t_id="50" sentence="2" number="6">36</token>
<token t_id="51" sentence="2" number="7">am</token>
<token t_id="52" sentence="3" number="0">A</token>
<token t_id="53" sentence="3" number="1">36</token>
<token t_id="54" sentence="3" number="2">-</token>
<token t_id="55" sentence="3" number="3">year</token>
<token t_id="56" sentence="3" number="4">-</token>
<token t_id="57" sentence="3" number="5">old</token>
<token t_id="58" sentence="3" number="6">Australian</token>
<token t_id="59" sentence="3" number="7">man</token>
<token t_id="60" sentence="3" number="8">died</token>
<token t_id="61" sentence="3" number="9">on</token>
<token t_id="62" sentence="3" number="10">Friday</token>
<token t_id="63" sentence="3" number="11">after</token>
<token t_id="64" sentence="3" number="12">falling</token>
<token t_id="65" sentence="3" number="13">150</token>
<token t_id="66" sentence="3" number="14">meters</token>
<token t_id="67" sentence="3" number="15">from</token>
<token t_id="68" sentence="3" number="16">a</token>
<token t_id="69" sentence="3" number="17">ridge</token>
<token t_id="70" sentence="3" number="18">in</token>
<token t_id="71" sentence="3" number="19">Aoraki</token>
<token t_id="72" sentence="3" number="20">/</token>
<token t_id="73" sentence="3" number="21">Mt</token>
<token t_id="74" sentence="3" number="22">.</token>
<token t_id="75" sentence="3" number="23">Cook</token>
<token t_id="76" sentence="3" number="24">National</token>
<token t_id="77" sentence="3" number="25">Park</token>
<token t_id="78" sentence="3" number="26">on</token>
<token t_id="79" sentence="3" number="27">New</token>
<token t_id="80" sentence="3" number="28">Zealand</token>
<token t_id="81" sentence="3" number="29">’</token>
<token t_id="82" sentence="3" number="30">s</token>
<token t_id="83" sentence="3" number="31">South</token>
<token t_id="84" sentence="3" number="32">Island</token>
<token t_id="85" sentence="3" number="33">.</token>
<token t_id="86" sentence="4" number="0">Duncan</token>
<token t_id="87" sentence="4" number="1">Robert</token>
<token t_id="88" sentence="4" number="2">Rait</token>
<token t_id="89" sentence="4" number="3">,</token>
<token t_id="90" sentence="4" number="4">a</token>
<token t_id="91" sentence="4" number="5">New</token>
<token t_id="92" sentence="4" number="6">Zealand</token>
<token t_id="93" sentence="4" number="7">native</token>
<token t_id="94" sentence="4" number="8">living</token>
<token t_id="95" sentence="4" number="9">in</token>
<token t_id="96" sentence="4" number="10">Melbourne</token>
<token t_id="97" sentence="4" number="11">,</token>
<token t_id="98" sentence="4" number="12">Australia</token>
<token t_id="99" sentence="4" number="13">,</token>
<token t_id="100" sentence="4" number="14">was</token>
<token t_id="101" sentence="4" number="15">with</token>
<token t_id="102" sentence="4" number="16">a</token>
<token t_id="103" sentence="4" number="17">group</token>
<token t_id="104" sentence="4" number="18">of</token>
<token t_id="105" sentence="4" number="19">ski</token>
<token t_id="106" sentence="4" number="20">mountaineers</token>
<token t_id="107" sentence="4" number="21">who</token>
<token t_id="108" sentence="4" number="22">had</token>
<token t_id="109" sentence="4" number="23">just</token>
<token t_id="110" sentence="4" number="24">arrived</token>
<token t_id="111" sentence="4" number="25">by</token>
<token t_id="112" sentence="4" number="26">helicopter</token>
<token t_id="113" sentence="4" number="27">to</token>
<token t_id="114" sentence="4" number="28">a</token>
<token t_id="115" sentence="4" number="29">ridge</token>
<token t_id="116" sentence="4" number="30">top</token>
<token t_id="117" sentence="4" number="31">location</token>
<token t_id="118" sentence="4" number="32">near</token>
<token t_id="119" sentence="4" number="33">the</token>
<token t_id="120" sentence="4" number="34">Tasman</token>
<token t_id="121" sentence="4" number="35">Saddle</token>
<token t_id="122" sentence="4" number="36">Hut</token>
<token t_id="123" sentence="4" number="37">.</token>
<token t_id="124" sentence="5" number="0">While</token>
<token t_id="125" sentence="5" number="1">en</token>
<token t_id="126" sentence="5" number="2">route</token>
<token t_id="127" sentence="5" number="3">from</token>
<token t_id="128" sentence="5" number="4">the</token>
<token t_id="129" sentence="5" number="5">drop</token>
<token t_id="130" sentence="5" number="6">-</token>
<token t_id="131" sentence="5" number="7">off</token>
<token t_id="132" sentence="5" number="8">location</token>
<token t_id="133" sentence="5" number="9">to</token>
<token t_id="134" sentence="5" number="10">the</token>
<token t_id="135" sentence="5" number="11">hut</token>
<token t_id="136" sentence="5" number="12">he</token>
<token t_id="137" sentence="5" number="13">slipped</token>
<token t_id="138" sentence="5" number="14">from</token>
<token t_id="139" sentence="5" number="15">the</token>
<token t_id="140" sentence="5" number="16">ridgeline</token>
<token t_id="141" sentence="5" number="17">and</token>
<token t_id="142" sentence="5" number="18">fell</token>
<token t_id="143" sentence="5" number="19">to</token>
<token t_id="144" sentence="5" number="20">his</token>
<token t_id="145" sentence="5" number="21">death</token>
<token t_id="146" sentence="5" number="22">.</token>
<token t_id="147" sentence="6" number="0">Rait</token>
<token t_id="148" sentence="6" number="1">had</token>
<token t_id="149" sentence="6" number="2">planned</token>
<token t_id="150" sentence="6" number="3">to</token>
<token t_id="151" sentence="6" number="4">spend</token>
<token t_id="152" sentence="6" number="5">four</token>
<token t_id="153" sentence="6" number="6">days</token>
<token t_id="154" sentence="6" number="7">ski</token>
<token t_id="155" sentence="6" number="8">touring</token>
<token t_id="156" sentence="6" number="9">in</token>
<token t_id="157" sentence="6" number="10">the</token>
<token t_id="158" sentence="6" number="11">area</token>
<token t_id="159" sentence="6" number="12">with</token>
<token t_id="160" sentence="6" number="13">his</token>
<token t_id="161" sentence="6" number="14">brother</token>
<token t_id="162" sentence="6" number="15">.</token>
<token t_id="163" sentence="7" number="0">Although</token>
<token t_id="164" sentence="7" number="1">not</token>
<token t_id="165" sentence="7" number="2">a</token>
<token t_id="166" sentence="7" number="3">factor</token>
<token t_id="167" sentence="7" number="4">in</token>
<token t_id="168" sentence="7" number="5">the</token>
<token t_id="169" sentence="7" number="6">accident</token>
<token t_id="170" sentence="7" number="7">,</token>
<token t_id="171" sentence="7" number="8">rescue</token>
<token t_id="172" sentence="7" number="9">efforts</token>
<token t_id="173" sentence="7" number="10">were</token>
<token t_id="174" sentence="7" number="11">hampered</token>
<token t_id="175" sentence="7" number="12">by</token>
<token t_id="176" sentence="7" number="13">weather</token>
<token t_id="177" sentence="7" number="14">conditions</token>
<token t_id="178" sentence="7" number="15">.</token>
<token t_id="179" sentence="8" number="0">The</token>
<token t_id="180" sentence="8" number="1">rescue</token>
<token t_id="181" sentence="8" number="2">team</token>
<token t_id="182" sentence="8" number="3">were</token>
<token t_id="183" sentence="8" number="4">dropped</token>
<token t_id="184" sentence="8" number="5">at</token>
<token t_id="185" sentence="8" number="6">the</token>
<token t_id="186" sentence="8" number="7">hut</token>
<token t_id="187" sentence="8" number="8">and</token>
<token t_id="188" sentence="8" number="9">then</token>
<token t_id="189" sentence="8" number="10">descended</token>
<token t_id="190" sentence="8" number="11">to</token>
<token t_id="191" sentence="8" number="12">the</token>
<token t_id="192" sentence="8" number="13">location</token>
<token t_id="193" sentence="8" number="14">of</token>
<token t_id="194" sentence="8" number="15">the</token>
<token t_id="195" sentence="8" number="16">injured</token>
<token t_id="196" sentence="8" number="17">man</token>
<token t_id="197" sentence="8" number="18">as</token>
<token t_id="198" sentence="8" number="19">the</token>
<token t_id="199" sentence="8" number="20">helicopter</token>
<token t_id="200" sentence="8" number="21">became</token>
<token t_id="201" sentence="8" number="22">grounded</token>
<token t_id="202" sentence="8" number="23">due</token>
<token t_id="203" sentence="8" number="24">to</token>
<token t_id="204" sentence="8" number="25">poor</token>
<token t_id="205" sentence="8" number="26">weather</token>
<token t_id="206" sentence="8" number="27">.</token>
<token t_id="207" sentence="9" number="0">Rait</token>
<token t_id="208" sentence="9" number="1">was</token>
<token t_id="209" sentence="9" number="2">returned</token>
<token t_id="210" sentence="9" number="3">to</token>
<token t_id="211" sentence="9" number="4">Mt</token>
<token t_id="212" sentence="9" number="5">.</token>
<token t_id="213" sentence="9" number="6">Cook</token>
<token t_id="214" sentence="9" number="7">Village</token>
<token t_id="215" sentence="9" number="8">,</token>
<token t_id="216" sentence="9" number="9">where</token>
<token t_id="217" sentence="9" number="10">he</token>
<token t_id="218" sentence="9" number="11">was</token>
<token t_id="219" sentence="9" number="12">pronounced</token>
<token t_id="220" sentence="9" number="13">dead</token>
<token t_id="221" sentence="9" number="14">.</token>
<token t_id="222" sentence="10" number="0">The</token>
<token t_id="223" sentence="10" number="1">day</token>
<token t_id="224" sentence="10" number="2">following</token>
<token t_id="225" sentence="10" number="3">Rait</token>
<token t_id="226" sentence="10" number="4">’</token>
<token t_id="227" sentence="10" number="5">s</token>
<token t_id="228" sentence="10" number="6">death</token>
<token t_id="229" sentence="10" number="7">an</token>
<token t_id="230" sentence="10" number="8">inexperienced</token>
<token t_id="231" sentence="10" number="9">and</token>
<token t_id="232" sentence="10" number="10">reportedly</token>
<token t_id="233" sentence="10" number="11">ill</token>
<token t_id="234" sentence="10" number="12">-</token>
<token t_id="235" sentence="10" number="13">equipped</token>
<token t_id="236" sentence="10" number="14">mountain</token>
<token t_id="237" sentence="10" number="15">climber</token>
<token t_id="238" sentence="10" number="16">with</token>
<token t_id="239" sentence="10" number="17">rental</token>
<token t_id="240" sentence="10" number="18">gear</token>
<token t_id="241" sentence="10" number="19">,</token>
<token t_id="242" sentence="10" number="20">31</token>
<token t_id="243" sentence="10" number="21">-</token>
<token t_id="244" sentence="10" number="22">year</token>
<token t_id="245" sentence="10" number="23">-</token>
<token t_id="246" sentence="10" number="24">old</token>
<token t_id="247" sentence="10" number="25">Robert</token>
<token t_id="248" sentence="10" number="26">Buckley</token>
<token t_id="249" sentence="10" number="27">of</token>
<token t_id="250" sentence="10" number="28">the</token>
<token t_id="251" sentence="10" number="29">U</token>
<token t_id="252" sentence="10" number="30">.</token>
<token t_id="253" sentence="10" number="31">K</token>
<token t_id="254" sentence="10" number="32">.</token>
<token t_id="255" sentence="10" number="33">but</token>
<token t_id="256" sentence="10" number="34">living</token>
<token t_id="257" sentence="10" number="35">in</token>
<token t_id="258" sentence="10" number="36">Christchurch</token>
<token t_id="259" sentence="10" number="37">,</token>
<token t_id="260" sentence="10" number="38">New</token>
<token t_id="261" sentence="10" number="39">Zealand</token>
<token t_id="262" sentence="10" number="40">,</token>
<token t_id="263" sentence="10" number="41">slipped</token>
<token t_id="264" sentence="10" number="42">on</token>
<token t_id="265" sentence="10" number="43">ice</token>
<token t_id="266" sentence="10" number="44">and</token>
<token t_id="267" sentence="10" number="45">fell</token>
<token t_id="268" sentence="10" number="46">700</token>
<token t_id="269" sentence="10" number="47">meters</token>
<token t_id="270" sentence="10" number="48">to</token>
<token t_id="271" sentence="10" number="49">his</token>
<token t_id="272" sentence="10" number="50">own</token>
<token t_id="273" sentence="10" number="51">death</token>
<token t_id="274" sentence="10" number="52">elsewhere</token>
<token t_id="275" sentence="10" number="53">in</token>
<token t_id="276" sentence="10" number="54">the</token>
<token t_id="277" sentence="10" number="55">same</token>
<token t_id="278" sentence="10" number="56">National</token>
<token t_id="279" sentence="10" number="57">Park</token>
<token t_id="280" sentence="10" number="58">.</token>
<Markables>
<ACTION_ASPECTUAL m_id="27"  >
  <token_anchor t_id="224"/>
</ACTION_ASPECTUAL>
<ACTION_OCCURRENCE m_id="9"  >
  <token_anchor t_id="40"/>
</ACTION_OCCURRENCE>
<ACTION_OCCURRENCE m_id="10"  >
  <token_anchor t_id="60"/>
</ACTION_OCCURRENCE>
<ACTION_OCCURRENCE m_id="11"  >
  <token_anchor t_id="64"/>
</ACTION_OCCURRENCE>
<ACTION_OCCURRENCE m_id="12"  >
  <token_anchor t_id="125"/>
  <token_anchor t_id="126"/>
</ACTION_OCCURRENCE>
<ACTION_OCCURRENCE m_id="13"  >
  <token_anchor t_id="137"/>
</ACTION_OCCURRENCE>
<ACTION_OCCURRENCE m_id="14"  >
  <token_anchor t_id="142"/>
</ACTION_OCCURRENCE>
<ACTION_OCCURRENCE m_id="15"  >
  <token_anchor t_id="263"/>
</ACTION_OCCURRENCE>
<ACTION_OCCURRENCE m_id="16"  >
  <token_anchor t_id="267"/>
</ACTION_OCCURRENCE>
<ACTION_OCCURRENCE m_id="8"  >
  <token_anchor t_id="38"/>
</ACTION_OCCURRENCE>
<ACTION_STATE m_id="28"  >
  <token_anchor t_id="256"/>
</ACTION_STATE>
<ACTION_STATE m_id="33"  >
  <token_anchor t_id="230"/>
</ACTION_STATE>
<ACTION_STATE m_id="34"  >
  <token_anchor t_id="233"/>
</ACTION_STATE>
<HUMAN_PART_PER m_id="2"  >
  <token_anchor t_id="59"/>
</HUMAN_PART_PER>
<HUMAN_PART_PER m_id="3"  >
  <token_anchor t_id="37"/>
</HUMAN_PART_PER>
<HUMAN_PART_PER m_id="4"  >
  <token_anchor t_id="136"/>
</HUMAN_PART_PER>
<HUMAN_PART_PER m_id="5"  >
  <token_anchor t_id="225"/>
</HUMAN_PART_PER>
<HUMAN_PART_PER m_id="6"  >
  <token_anchor t_id="247"/>
  <token_anchor t_id="248"/>
</HUMAN_PART_PER>
<HUMAN_PART_PER m_id="7"  >
  <token_anchor t_id="237"/>
</HUMAN_PART_PER>
<LOC_GEO m_id="17"  >
  <token_anchor t_id="41"/>
  <token_anchor t_id="42"/>
  <token_anchor t_id="43"/>
</LOC_GEO>
<LOC_GEO m_id="18"  >
  <token_anchor t_id="68"/>
  <token_anchor t_id="69"/>
  <token_anchor t_id="70"/>
  <token_anchor t_id="71"/>
  <token_anchor t_id="72"/>
  <token_anchor t_id="73"/>
  <token_anchor t_id="74"/>
  <token_anchor t_id="75"/>
  <token_anchor t_id="76"/>
  <token_anchor t_id="77"/>
  <token_anchor t_id="78"/>
  <token_anchor t_id="79"/>
  <token_anchor t_id="80"/>
  <token_anchor t_id="81"/>
  <token_anchor t_id="82"/>
  <token_anchor t_id="83"/>
  <token_anchor t_id="84"/>
</LOC_GEO>
<LOC_GEO m_id="19"  >
  <token_anchor t_id="128"/>
  <token_anchor t_id="129"/>
  <token_anchor t_id="130"/>
  <token_anchor t_id="131"/>
  <token_anchor t_id="132"/>
</LOC_GEO>
<LOC_GEO m_id="20"  >
  <token_anchor t_id="250"/>
  <token_anchor t_id="251"/>
  <token_anchor t_id="252"/>
  <token_anchor t_id="253"/>
</LOC_GEO>
<LOC_GEO m_id="21"  >
  <token_anchor t_id="257"/>
  <token_anchor t_id="258"/>
  <token_anchor t_id="259"/>
  <token_anchor t_id="260"/>
  <token_anchor t_id="261"/>
</LOC_GEO>
<LOC_GEO m_id="22"  >
  <token_anchor t_id="275"/>
  <token_anchor t_id="276"/>
  <token_anchor t_id="277"/>
  <token_anchor t_id="278"/>
  <token_anchor t_id="279"/>
</LOC_GEO>
<NON_HUMAN_PART m_id="30"  >
  <token_anchor t_id="265"/>
</NON_HUMAN_PART>
<NON_HUMAN_PART m_id="31"  >
  <token_anchor t_id="140"/>
</NON_HUMAN_PART>
<NON_HUMAN_PART m_id="32"  >
  <token_anchor t_id="239"/>
  <token_anchor t_id="240"/>
</NON_HUMAN_PART>
<TIME_DATE m_id="23"  >
  <token_anchor t_id="61"/>
  <token_anchor t_id="62"/>
</TIME_DATE>
<TIME_DATE m_id="24"  >
  <token_anchor t_id="222"/>
  <token_anchor t_id="223"/>
</TIME_DATE>
<TIME_OF_THE_DAY m_id="1"  >
  <token_anchor t_id="44"/>
  <token_anchor t_id="45"/>
  <token_anchor t_id="46"/>
  <token_anchor t_id="47"/>
  <token_anchor t_id="48"/>
  <token_anchor t_id="49"/>
  <token_anchor t_id="50"/>
  <token_anchor t_id="51"/>
</TIME_OF_THE_DAY>


<ACTION_OCCURRENCE m_id="39" note="byCROMER" >
  <token_anchor t_id="145"/>
</ACTION_OCCURRENCE>
<ACTION_OCCURRENCE m_id="40" note="byCROMER" >
  <token_anchor t_id="228"/>
</ACTION_OCCURRENCE>
<ACTION_OCCURRENCE m_id="41" note="byCROMER" >
  <token_anchor t_id="273"/>
</ACTION_OCCURRENCE>


<ACTION_OCCURRENCE m_id="53" RELATED_TO="" TAG_DESCRIPTOR="t23_death_australian" instance_id="ACT18241866471384329" />
<HUMAN_PART_PER m_id="52" RELATED_TO="" TAG_DESCRIPTOR="t23_raite" instance_id="HUM18241101412566180" />
<ACTION_OCCURRENCE m_id="51" RELATED_TO="" TAG_DESCRIPTOR="t23_death_british_man" instance_id="ACT18241002218927644" />
<ACTION_OCCURRENCE m_id="49" RELATED_TO="" TAG_DESCRIPTOR="t23_slip_raite" instance_id="ACT18271705435869962" />
<TIME_DATE m_id="50" RELATED_TO="" TAG_DESCRIPTOR="t23_friday" instance_id="TIM18241906891752760" />
<ACTION_OCCURRENCE m_id="48" RELATED_TO="" TAG_DESCRIPTOR="t23_fall_british" instance_id="ACT18240930604244937" />
<HUMAN_PART_PER m_id="47" RELATED_TO="" TAG_DESCRIPTOR="t23_buckley" instance_id="HUM18241090732508238" />
<TIME_DATE m_id="46" RELATED_TO="" TAG_DESCRIPTOR="t23_saturday" instance_id="TIM18241918511925284" />
<ACTION_OCCURRENCE m_id="45" RELATED_TO="" TAG_DESCRIPTOR="t23_fall_new_zealand" instance_id="ACT18240959809845886" />
<LOC_GEO m_id="44" RELATED_TO="" TAG_DESCRIPTOR="t23_ridge" instance_id="LOC18241156396879727" />
<LOC_GEO m_id="43" RELATED_TO="" TAG_DESCRIPTOR="t23_new_zealand" instance_id="LOC18241115201609163" />
<LOC_GEO m_id="42" RELATED_TO="" TAG_DESCRIPTOR="t23_cook" instance_id="LOC18241315453418084" />
</Markables>

<Relations>
<CROSS_DOC_COREF r_id="41369" note="LOC18241315453418084" >
  <source m_id="22" />
  <target m_id="42" />
</CROSS_DOC_COREF>
<CROSS_DOC_COREF r_id="41370" note="LOC18241115201609163" >
  <source m_id="17" />
  <target m_id="43" />
</CROSS_DOC_COREF>
<CROSS_DOC_COREF r_id="41371" note="LOC18241156396879727" >
  <source m_id="18" />
  <target m_id="44" />
</CROSS_DOC_COREF>
<CROSS_DOC_COREF r_id="41372" note="ACT18240959809845886" >
  <source m_id="9" />
  <source m_id="11" />
  <source m_id="14" />
  <target m_id="45" />
</CROSS_DOC_COREF>
<CROSS_DOC_COREF r_id="41373" note="TIM18241918511925284" >
  <source m_id="24" />
  <target m_id="46" />
</CROSS_DOC_COREF>
<CROSS_DOC_COREF r_id="41374" note="HUM18241090732508238" >
  <source m_id="6" />
  <source m_id="7" />
  <target m_id="47" />
</CROSS_DOC_COREF>
<CROSS_DOC_COREF r_id="41375" note="ACT18240930604244937" >
  <source m_id="16" />
  <target m_id="48" />
</CROSS_DOC_COREF>
<CROSS_DOC_COREF r_id="41376" note="ACT18271705435869962" >
  <source m_id="13" />
  <target m_id="49" />
</CROSS_DOC_COREF>
<CROSS_DOC_COREF r_id="41377" note="TIM18241906891752760" >
  <source m_id="23" />
  <target m_id="50" />
</CROSS_DOC_COREF>
<CROSS_DOC_COREF r_id="41378" note="ACT18241002218927644" >
  <source m_id="41" />
  <target m_id="51" />
</CROSS_DOC_COREF>
<CROSS_DOC_COREF r_id="41379" note="HUM18241101412566180" >
  <source m_id="2" />
  <source m_id="5" />
  <source m_id="4" />
  <source m_id="3" />
  <target m_id="52" />
</CROSS_DOC_COREF>
<CROSS_DOC_COREF r_id="41380" note="ACT18241866471384329" >
  <source m_id="39" />
  <source m_id="40" />
  <source m_id="8" />
  <source m_id="10" />
  <target m_id="53" />
</CROSS_DOC_COREF>

</Relations>
</Document>
