<Document doc_name="1_11ecb.xml" doc_id="DOC15653231831842777">
<token t_id="1" sentence="0" number="0">Tara</token>
<token t_id="2" sentence="0" number="1">Reid</token>
<token t_id="3" sentence="0" number="2">has</token>
<token t_id="4" sentence="0" number="3">entered</token>
<token t_id="5" sentence="0" number="4">a</token>
<token t_id="6" sentence="0" number="5">rehab</token>
<token t_id="7" sentence="0" number="6">program</token>
<token t_id="8" sentence="0" number="7">,</token>
<token t_id="9" sentence="0" number="8">the</token>
<token t_id="10" sentence="0" number="9">American</token>
<token t_id="11" sentence="0" number="10">Pie</token>
<token t_id="12" sentence="0" number="11">star</token>
<token t_id="13" sentence="0" number="12">'s</token>
<token t_id="14" sentence="0" number="13">rep</token>
<token t_id="15" sentence="0" number="14">confirmed</token>
<token t_id="16" sentence="0" number="15">to</token>
<token t_id="17" sentence="0" number="16">People</token>
<token t_id="18" sentence="0" number="17">and</token>
<token t_id="19" sentence="0" number="18">Us</token>
<token t_id="20" sentence="0" number="19">Weekly</token>
<token t_id="21" sentence="0" number="20">on</token>
<token t_id="22" sentence="0" number="21">Friday</token>
<token t_id="23" sentence="0" number="22">.</token>
<token t_id="24" sentence="1" number="0">The</token>
<token t_id="25" sentence="1" number="1">news</token>
<token t_id="26" sentence="1" number="2">comes</token>
<token t_id="27" sentence="1" number="3">as</token>
<token t_id="28" sentence="1" number="4">a</token>
<token t_id="29" sentence="1" number="5">shock</token>
<token t_id="30" sentence="1" number="6">for</token>
<token t_id="31" sentence="1" number="7">everyone</token>
<token t_id="32" sentence="1" number="8">who</token>
<token t_id="33" sentence="1" number="9">just</token>
<token t_id="34" sentence="1" number="10">assumed</token>
<token t_id="35" sentence="1" number="11">the</token>
<token t_id="36" sentence="1" number="12">seldom-seen</token>
<token t_id="37" sentence="1" number="13">actress</token>
<token t_id="38" sentence="1" number="14">had</token>
<token t_id="39" sentence="1" number="15">been</token>
<token t_id="40" sentence="1" number="16">holed</token>
<token t_id="41" sentence="1" number="17">up</token>
<token t_id="42" sentence="1" number="18">there</token>
<token t_id="43" sentence="1" number="19">for</token>
<token t_id="44" sentence="1" number="20">a</token>
<token t_id="45" sentence="1" number="21">while</token>
<token t_id="46" sentence="1" number="22">-</token>
<token t_id="47" sentence="1" number="23">at</token>
<token t_id="48" sentence="1" number="24">least</token>
<token t_id="49" sentence="1" number="25">when</token>
<token t_id="50" sentence="1" number="26">she</token>
<token t_id="51" sentence="1" number="27">was</token>
<token t_id="52" sentence="1" number="28">n't</token>
<token t_id="53" sentence="1" number="29">touring</token>
<token t_id="54" sentence="1" number="30">U.S.</token>
<token t_id="55" sentence="1" number="31">frat</token>
<token t_id="56" sentence="1" number="32">houses</token>
<token t_id="57" sentence="1" number="33">and/or</token>
<token t_id="58" sentence="1" number="34">tequila</token>
<token t_id="59" sentence="1" number="35">conventions</token>
<token t_id="60" sentence="1" number="36">.</token>
<token t_id="61" sentence="2" number="0">``</token>
<token t_id="62" sentence="2" number="1">Tara</token>
<token t_id="63" sentence="2" number="2">Reid</token>
<token t_id="64" sentence="2" number="3">has</token>
<token t_id="65" sentence="2" number="4">checked</token>
<token t_id="66" sentence="2" number="5">herself</token>
<token t_id="67" sentence="2" number="6">into</token>
<token t_id="68" sentence="2" number="7">Promises</token>
<token t_id="69" sentence="2" number="8">Treatment</token>
<token t_id="70" sentence="2" number="9">Center</token>
<token t_id="71" sentence="2" number="10">,</token>
<token t_id="72" sentence="2" number="11">''</token>
<token t_id="73" sentence="2" number="12">Reid</token>
<token t_id="74" sentence="2" number="13">'s</token>
<token t_id="75" sentence="2" number="14">rep</token>
<token t_id="76" sentence="2" number="15">told</token>
<token t_id="77" sentence="2" number="16">Us</token>
<token t_id="78" sentence="2" number="17">.</token>
<token t_id="79" sentence="3" number="0">``</token>
<token t_id="80" sentence="3" number="1">We</token>
<token t_id="81" sentence="3" number="2">appreciate</token>
<token t_id="82" sentence="3" number="3">your</token>
<token t_id="83" sentence="3" number="4">respect</token>
<token t_id="84" sentence="3" number="5">to</token>
<token t_id="85" sentence="3" number="6">her</token>
<token t_id="86" sentence="3" number="7">and</token>
<token t_id="87" sentence="3" number="8">her</token>
<token t_id="88" sentence="3" number="9">family</token>
<token t_id="89" sentence="3" number="10">'s</token>
<token t_id="90" sentence="3" number="11">privacy</token>
<token t_id="91" sentence="3" number="12">at</token>
<token t_id="92" sentence="3" number="13">this</token>
<token t_id="93" sentence="3" number="14">time</token>
<token t_id="94" sentence="3" number="15">.</token>
<token t_id="95" sentence="3" number="16">''</token>
<token t_id="96" sentence="4" number="0">No</token>
<token t_id="97" sentence="4" number="1">specific</token>
<token t_id="98" sentence="4" number="2">reason</token>
<token t_id="99" sentence="4" number="3">or</token>
<token t_id="100" sentence="4" number="4">addiction</token>
<token t_id="101" sentence="4" number="5">was</token>
<token t_id="102" sentence="4" number="6">given</token>
<token t_id="103" sentence="4" number="7">for</token>
<token t_id="104" sentence="4" number="8">her</token>
<token t_id="105" sentence="4" number="9">treatment</token>
<token t_id="106" sentence="4" number="10">.</token>
<token t_id="107" sentence="5" number="0">When</token>
<token t_id="108" sentence="5" number="1">Reid</token>
<token t_id="109" sentence="5" number="2">was</token>
<token t_id="110" sentence="5" number="3">n't</token>
<token t_id="111" sentence="5" number="4">getting</token>
<token t_id="112" sentence="5" number="5">attention</token>
<token t_id="113" sentence="5" number="6">for</token>
<token t_id="114" sentence="5" number="7">her</token>
<token t_id="115" sentence="5" number="8">sometimes</token>
<token t_id="116" sentence="5" number="9">fun/sometimes</token>
<token t_id="117" sentence="5" number="10">scary</token>
<token t_id="118" sentence="5" number="11">breasts</token>
<token t_id="119" sentence="5" number="12">,</token>
<token t_id="120" sentence="5" number="13">the</token>
<token t_id="121" sentence="5" number="14">actress</token>
<token t_id="122" sentence="5" number="15">was</token>
<token t_id="123" sentence="5" number="16">getting</token>
<token t_id="124" sentence="5" number="17">attention</token>
<token t_id="125" sentence="5" number="18">for</token>
<token t_id="126" sentence="5" number="19">her</token>
<token t_id="127" sentence="5" number="20">often-shambolic</token>
<token t_id="128" sentence="5" number="21">love</token>
<token t_id="129" sentence="5" number="22">of</token>
<token t_id="130" sentence="5" number="23">partying</token>
<token t_id="131" sentence="5" number="24">.</token>
<token t_id="132" sentence="6" number="0">Reid</token>
<token t_id="133" sentence="6" number="1">'s</token>
<token t_id="134" sentence="6" number="2">messy</token>
<token t_id="135" sentence="6" number="3">lifestyle</token>
<token t_id="136" sentence="6" number="4">led</token>
<token t_id="137" sentence="6" number="5">to</token>
<token t_id="138" sentence="6" number="6">her</token>
<token t_id="139" sentence="6" number="7">short</token>
<token t_id="140" sentence="6" number="8">lived</token>
<token t_id="141" sentence="6" number="9">E</token>
<token t_id="142" sentence="6" number="10">!</token>
<token t_id="143" sentence="6" number="11">-series</token>
<token t_id="144" sentence="6" number="12">,</token>
<token t_id="145" sentence="6" number="13">Taradise</token>
<token t_id="146" sentence="6" number="14">,</token>
<token t_id="147" sentence="6" number="15">that</token>
<token t_id="148" sentence="6" number="16">followed</token>
<token t_id="149" sentence="6" number="17">her</token>
<token t_id="150" sentence="6" number="18">to</token>
<token t_id="151" sentence="6" number="19">exotic</token>
<token t_id="152" sentence="6" number="20">locales</token>
<token t_id="153" sentence="6" number="21">where</token>
<token t_id="154" sentence="6" number="22">she</token>
<token t_id="155" sentence="6" number="23">would</token>
<token t_id="156" sentence="6" number="24">party</token>
<token t_id="157" sentence="6" number="25">.</token>
<token t_id="158" sentence="7" number="0">Somehow</token>
<token t_id="159" sentence="7" number="1">,</token>
<token t_id="160" sentence="7" number="2">Reid</token>
<token t_id="161" sentence="7" number="3">managed</token>
<token t_id="162" sentence="7" number="4">to</token>
<token t_id="163" sentence="7" number="5">mess</token>
<token t_id="164" sentence="7" number="6">up</token>
<token t_id="165" sentence="7" number="7">the</token>
<token t_id="166" sentence="7" number="8">dream-job/easiest</token>
<token t_id="167" sentence="7" number="9">job</token>
<token t_id="168" sentence="7" number="10">ever</token>
<token t_id="169" sentence="7" number="11">by</token>
<token t_id="170" sentence="7" number="12">being</token>
<token t_id="171" sentence="7" number="13">too</token>
<token t_id="172" sentence="7" number="14">wasted</token>
<token t_id="173" sentence="7" number="15">and</token>
<token t_id="174" sentence="7" number="16">out</token>
<token t_id="175" sentence="7" number="17">of</token>
<token t_id="176" sentence="7" number="18">control</token>
<token t_id="177" sentence="7" number="19">to</token>
<token t_id="178" sentence="7" number="20">film</token>
<token t_id="179" sentence="7" number="21">it</token>
<token t_id="180" sentence="7" number="22">.</token>
<token t_id="181" sentence="8" number="0">``</token>
<token t_id="182" sentence="8" number="1">It</token>
<token t_id="183" sentence="8" number="2">was</token>
<token t_id="184" sentence="8" number="3">a</token>
<token t_id="185" sentence="8" number="4">mess</token>
<token t_id="186" sentence="8" number="5">,</token>
<token t_id="187" sentence="8" number="6">''</token>
<token t_id="188" sentence="8" number="7">she</token>
<token t_id="189" sentence="8" number="8">said</token>
<token t_id="190" sentence="8" number="9">of</token>
<token t_id="191" sentence="8" number="10">the</token>
<token t_id="192" sentence="8" number="11">show</token>
<token t_id="193" sentence="8" number="12">.</token>
<token t_id="194" sentence="9" number="0">``</token>
<token t_id="195" sentence="9" number="1">I</token>
<token t_id="196" sentence="9" number="2">did</token>
<token t_id="197" sentence="9" number="3">n't</token>
<token t_id="198" sentence="9" number="4">know</token>
<token t_id="199" sentence="9" number="5">it</token>
<token t_id="200" sentence="9" number="6">was</token>
<token t_id="201" sentence="9" number="7">going</token>
<token t_id="202" sentence="9" number="8">to</token>
<token t_id="203" sentence="9" number="9">ruin</token>
<token t_id="204" sentence="9" number="10">my</token>
<token t_id="205" sentence="9" number="11">career</token>
<token t_id="206" sentence="9" number="12">.</token>
<token t_id="207" sentence="10" number="0">People</token>
<token t_id="208" sentence="10" number="1">forget</token>
<token t_id="209" sentence="10" number="2">I</token>
<token t_id="210" sentence="10" number="3">'ve</token>
<token t_id="211" sentence="10" number="4">done</token>
<token t_id="212" sentence="10" number="5">,</token>
<token t_id="213" sentence="10" number="6">like</token>
<token t_id="214" sentence="10" number="7">,</token>
<token t_id="215" sentence="10" number="8">20</token>
<token t_id="216" sentence="10" number="9">movies</token>
<token t_id="217" sentence="10" number="10">.</token>
<token t_id="218" sentence="11" number="0">I</token>
<token t_id="219" sentence="11" number="1">'m</token>
<token t_id="220" sentence="11" number="2">not</token>
<token t_id="221" sentence="11" number="3">just</token>
<token t_id="222" sentence="11" number="4">a</token>
<token t_id="223" sentence="11" number="5">party</token>
<token t_id="224" sentence="11" number="6">girl.</token>
<token t_id="225" sentence="11" number="7">``</token>
<token t_id="226" sentence="12" number="0">While</token>
<token t_id="227" sentence="12" number="1">Reid</token>
<token t_id="228" sentence="12" number="2">has</token>
<token t_id="229" sentence="12" number="3">been</token>
<token t_id="230" sentence="12" number="4">out</token>
<token t_id="231" sentence="12" number="5">of</token>
<token t_id="232" sentence="12" number="6">the</token>
<token t_id="233" sentence="12" number="7">cinematic</token>
<token t_id="234" sentence="12" number="8">spotlight</token>
<token t_id="235" sentence="12" number="9">,</token>
<token t_id="236" sentence="12" number="10">she</token>
<token t_id="237" sentence="12" number="11">recently</token>
<token t_id="238" sentence="12" number="12">launched</token>
<token t_id="239" sentence="12" number="13">a</token>
<token t_id="240" sentence="12" number="14">clothing</token>
<token t_id="241" sentence="12" number="15">line</token>
<token t_id="242" sentence="12" number="16">,</token>
<token t_id="243" sentence="12" number="17">Mantra</token>
<token t_id="244" sentence="12" number="18">,</token>
<token t_id="245" sentence="12" number="19">and</token>
<token t_id="246" sentence="12" number="20">is</token>
<token t_id="247" sentence="12" number="21">dating</token>
<token t_id="248" sentence="12" number="22">French</token>
<token t_id="249" sentence="12" number="23">fashion</token>
<token t_id="250" sentence="12" number="24">designer</token>
<token t_id="251" sentence="12" number="25">Julien</token>
<token t_id="252" sentence="12" number="26">Jarmoune</token>
<token t_id="253" sentence="12" number="27">.</token>
<token t_id="254" sentence="13" number="0">In</token>
<token t_id="255" sentence="13" number="1">an</token>
<token t_id="256" sentence="13" number="2">interview</token>
<token t_id="257" sentence="13" number="3">in</token>
<token t_id="258" sentence="13" number="4">October</token>
<token t_id="259" sentence="13" number="5">,</token>
<token t_id="260" sentence="13" number="6">Reid</token>
<token t_id="261" sentence="13" number="7">told</token>
<token t_id="262" sentence="13" number="8">People</token>
<token t_id="263" sentence="13" number="9">she</token>
<token t_id="264" sentence="13" number="10">was</token>
<token t_id="265" sentence="13" number="11">a</token>
<token t_id="266" sentence="13" number="12">``</token>
<token t_id="267" sentence="13" number="13">social</token>
<token t_id="268" sentence="13" number="14">drinker</token>
<token t_id="269" sentence="13" number="15">''</token>
<token t_id="270" sentence="13" number="16">who</token>
<token t_id="271" sentence="13" number="17">'s</token>
<token t_id="272" sentence="13" number="18">no</token>
<token t_id="273" sentence="13" number="19">longer</token>
<token t_id="274" sentence="13" number="20">tempted</token>
<token t_id="275" sentence="13" number="21">to</token>
<token t_id="276" sentence="13" number="22">fall</token>
<token t_id="277" sentence="13" number="23">back</token>
<token t_id="278" sentence="13" number="24">into</token>
<token t_id="279" sentence="13" number="25">her</token>
<token t_id="280" sentence="13" number="26">old</token>
<token t_id="281" sentence="13" number="27">habits:</token>
<token t_id="282" sentence="14" number="0">``</token>
<token t_id="283" sentence="14" number="1">No</token>
<token t_id="284" sentence="14" number="2">.</token>
<token t_id="285" sentence="15" number="0">I</token>
<token t_id="286" sentence="15" number="1">'ve</token>
<token t_id="287" sentence="15" number="2">done</token>
<token t_id="288" sentence="15" number="3">it</token>
<token t_id="289" sentence="15" number="4">.</token>
<token t_id="290" sentence="16" number="0">Trust</token>
<token t_id="291" sentence="16" number="1">me</token>
<token t_id="292" sentence="16" number="2">.</token>
<token t_id="293" sentence="17" number="0">I</token>
<token t_id="294" sentence="17" number="1">'ve</token>
<token t_id="295" sentence="17" number="2">done</token>
<token t_id="296" sentence="17" number="3">enough</token>
<token t_id="297" sentence="17" number="4">for</token>
<token t_id="298" sentence="17" number="5">a</token>
<token t_id="299" sentence="17" number="6">lifetime</token>
<token t_id="300" sentence="17" number="7">of</token>
<token t_id="301" sentence="17" number="8">everything</token>
<token t_id="302" sentence="17" number="9">.</token>
<token t_id="303" sentence="18" number="0">I</token>
<token t_id="304" sentence="18" number="1">'ve</token>
<token t_id="305" sentence="18" number="2">had</token>
<token t_id="306" sentence="18" number="3">a</token>
<token t_id="307" sentence="18" number="4">great</token>
<token t_id="308" sentence="18" number="5">time</token>
<token t_id="309" sentence="18" number="6">.</token>
<token t_id="310" sentence="19" number="0">I</token>
<token t_id="311" sentence="19" number="1">partied</token>
<token t_id="312" sentence="19" number="2">.</token>
<token t_id="313" sentence="20" number="0">I</token>
<token t_id="314" sentence="20" number="1">had</token>
<token t_id="315" sentence="20" number="2">fun</token>
<token t_id="316" sentence="20" number="3">.</token>
<token t_id="317" sentence="21" number="0">I</token>
<token t_id="318" sentence="21" number="1">ate</token>
<token t_id="319" sentence="21" number="2">and</token>
<token t_id="320" sentence="21" number="3">drank</token>
<token t_id="321" sentence="21" number="4">whatever</token>
<token t_id="322" sentence="21" number="5">.</token>
<token t_id="323" sentence="22" number="0">I</token>
<token t_id="324" sentence="22" number="1">dated</token>
<token t_id="325" sentence="22" number="2">a</token>
<token t_id="326" sentence="22" number="3">million</token>
<token t_id="327" sentence="22" number="4">guys</token>
<token t_id="328" sentence="22" number="5">,</token>
<token t_id="329" sentence="22" number="6">but</token>
<token t_id="330" sentence="22" number="7">I</token>
<token t_id="331" sentence="22" number="8">'m</token>
<token t_id="332" sentence="22" number="9">so</token>
<token t_id="333" sentence="22" number="10">happy</token>
<token t_id="334" sentence="22" number="11">with</token>
<token t_id="335" sentence="22" number="12">where</token>
<token t_id="336" sentence="22" number="13">I</token>
<token t_id="337" sentence="22" number="14">'m</token>
<token t_id="338" sentence="22" number="15">at</token>
<token t_id="339" sentence="22" number="16">right</token>
<token t_id="340" sentence="22" number="17">now</token>
<token t_id="341" sentence="22" number="18">.</token>
<token t_id="342" sentence="23" number="0">I</token>
<token t_id="343" sentence="23" number="1">do</token>
<token t_id="344" sentence="23" number="2">n't</token>
<token t_id="345" sentence="23" number="3">need</token>
<token t_id="346" sentence="23" number="4">to</token>
<token t_id="347" sentence="23" number="5">do</token>
<token t_id="348" sentence="23" number="6">anything</token>
<token t_id="349" sentence="23" number="7">anymore</token>
<token t_id="350" sentence="23" number="8">.</token>
<token t_id="351" sentence="23" number="9">''</token>
<Markables>
<ACTION_OCCURRENCE m_id="45"  >
  <token_anchor t_id="40"/>
  <token_anchor t_id="41"/>
</ACTION_OCCURRENCE>
<ACTION_OCCURRENCE m_id="25"  >
  <token_anchor t_id="58"/>
  <token_anchor t_id="59"/>
</ACTION_OCCURRENCE>
<ACTION_OCCURRENCE m_id="29"  >
  <token_anchor t_id="65"/>
  <token_anchor t_id="67"/>
</ACTION_OCCURRENCE>
<ACTION_OCCURRENCE m_id="30"  >
  <token_anchor t_id="4"/>
</ACTION_OCCURRENCE>
<ACTION_REPORTING m_id="36"  >
  <token_anchor t_id="15"/>
</ACTION_REPORTING>
<ACTION_REPORTING m_id="37"  >
  <token_anchor t_id="76"/>
</ACTION_REPORTING>
<HUMAN_PART_PER m_id="32"  >
  <token_anchor t_id="62"/>
  <token_anchor t_id="63"/>
</HUMAN_PART_PER>
<HUMAN_PART_PER m_id="33"  >
  <token_anchor t_id="66"/>
</HUMAN_PART_PER>
<HUMAN_PART_PER m_id="34"  >
  <token_anchor t_id="37"/>
</HUMAN_PART_PER>
<HUMAN_PART_PER m_id="35"  >
  <token_anchor t_id="50"/>
</HUMAN_PART_PER>
<HUMAN_PART_PER m_id="38"  >
  <token_anchor t_id="14"/>
</HUMAN_PART_PER>
<HUMAN_PART_PER m_id="39"  >
  <token_anchor t_id="75"/>
</HUMAN_PART_PER>
<HUMAN_PART_PER m_id="31"  >
  <token_anchor t_id="1"/>
  <token_anchor t_id="2"/>
</HUMAN_PART_PER>
<LOC_FAC m_id="40"  >
  <token_anchor t_id="6"/>
  <token_anchor t_id="7"/>
</LOC_FAC>
<LOC_FAC m_id="41"  >
  <token_anchor t_id="42"/>
</LOC_FAC>
<LOC_FAC m_id="42"  >
  <token_anchor t_id="68"/>
  <token_anchor t_id="69"/>
  <token_anchor t_id="70"/>
</LOC_FAC>
<LOC_FAC m_id="24"  >
  <token_anchor t_id="54"/>
  <token_anchor t_id="55"/>
  <token_anchor t_id="56"/>
</LOC_FAC>
<NEG_ACTION_OCCURRENCE m_id="28"  >
  <token_anchor t_id="53"/>
</NEG_ACTION_OCCURRENCE>
<TIME_DATE m_id="26"  >
  <token_anchor t_id="21"/>
  <token_anchor t_id="22"/>
</TIME_DATE>


<HUMAN_PART_ORG m_id="46" note="byCROMER" >
  <token_anchor t_id="77"/>
</HUMAN_PART_ORG>
<HUMAN_PART_ORG m_id="47" note="byCROMER" >
  <token_anchor t_id="17"/>
</HUMAN_PART_ORG>
<HUMAN_PART_ORG m_id="48" note="byCROMER" >
  <token_anchor t_id="19"/>
  <token_anchor t_id="20"/>
</HUMAN_PART_ORG>


<HUMAN_PART_ORG m_id="50" RELATED_TO="" TAG_DESCRIPTOR="t1b_us_weekly" instance_id="HUM16238359925764052" />
<ACTION_REPORTING m_id="49" RELATED_TO="" TAG_DESCRIPTOR="t1b_publicist_statement_reid_in_rehab_and_respect_privacy" instance_id="ACT16235311629112331" />
<UNKNOWN_INSTANCE_TAG m_id="17" RELATED_TO="" TAG_DESCRIPTOR="" />
<ACTION_OCCURRENCE m_id="56" RELATED_TO="" TAG_DESCRIPTOR="t1b_checking_in_promises" instance_id="ACT16236402809085484" />
<TIME_DATE m_id="55" RELATED_TO="" TAG_DESCRIPTOR="t1b_friday" instance_id="TIM16236441119149059" />
<HUMAN_PART_PER m_id="54" RELATED_TO="" TAG_DESCRIPTOR="t1b_rep" instance_id="HUM16284637796168708" />
<HUMAN_PART_ORG m_id="53" RELATED_TO="" TAG_DESCRIPTOR="t1b_people" instance_id="HUM16236907954762763" />
<HUMAN_PART_PER m_id="52" RELATED_TO="" TAG_DESCRIPTOR="t1b_tara_reid" instance_id="HUM16236184328979740" />
<LOC_FAC m_id="51" RELATED_TO="" TAG_DESCRIPTOR="t1b_promises_maliby" instance_id="LOC16235213289813758" />
</Markables>

<Relations>
<INTRA_DOC_COREF r_id="37615" >
<source m_id="24" />
<source m_id="25" />
<target m_id="17" />
</INTRA_DOC_COREF>
<CROSS_DOC_COREF r_id="37623" note="ACT16235311629112331" >
  <source m_id="36" />
  <source m_id="37" />
  <target m_id="49" />
</CROSS_DOC_COREF>
<CROSS_DOC_COREF r_id="37624" note="HUM16238359925764052" >
  <source m_id="46" />
  <source m_id="48" />
  <target m_id="50" />
</CROSS_DOC_COREF>
<CROSS_DOC_COREF r_id="37625" note="LOC16235213289813758" >
  <source m_id="42" />
  <source m_id="40" />
  <source m_id="41" />
  <target m_id="51" />
</CROSS_DOC_COREF>
<CROSS_DOC_COREF r_id="37626" note="HUM16236184328979740" >
  <source m_id="33" />
  <source m_id="34" />
  <source m_id="31" />
  <source m_id="32" />
  <source m_id="35" />
  <target m_id="52" />
</CROSS_DOC_COREF>
<CROSS_DOC_COREF r_id="37627" note="HUM16236907954762763" >
  <source m_id="47" />
  <target m_id="53" />
</CROSS_DOC_COREF>
<CROSS_DOC_COREF r_id="37628" note="HUM16284637796168708" >
  <source m_id="38" />
  <source m_id="39" />
  <target m_id="54" />
</CROSS_DOC_COREF>
<CROSS_DOC_COREF r_id="37629" note="TIM16236441119149059" >
  <source m_id="26" />
  <target m_id="55" />
</CROSS_DOC_COREF>
<CROSS_DOC_COREF r_id="37630" note="ACT16236402809085484" >
  <source m_id="29" />
  <source m_id="30" />
  <target m_id="56" />
</CROSS_DOC_COREF>

</Relations>
</Document>
