<Document doc_name="1_14ecb.xml" doc_id="DOC15653231983359351">
<token t_id="1" sentence="0" number="0">Tara</token>
<token t_id="2" sentence="0" number="1">Reid</token>
<token t_id="3" sentence="0" number="2">Finally</token>
<token t_id="4" sentence="0" number="3">Checks</token>
<token t_id="5" sentence="0" number="4">Into</token>
<token t_id="6" sentence="0" number="5">Rehab</token>
<token t_id="7" sentence="0" number="6">For</token>
<token t_id="8" sentence="0" number="7">Undisclosed</token>
<token t_id="9" sentence="0" number="8">Reasons</token>
<token t_id="10" sentence="1" number="0">It</token>
<token t_id="11" sentence="1" number="1">'s</token>
<token t_id="12" sentence="1" number="2">been</token>
<token t_id="13" sentence="1" number="3">a</token>
<token t_id="14" sentence="1" number="4">long</token>
<token t_id="15" sentence="1" number="5">time</token>
<token t_id="16" sentence="1" number="6">coming</token>
<token t_id="17" sentence="1" number="7">,</token>
<token t_id="18" sentence="1" number="8">but</token>
<token t_id="19" sentence="1" number="9">Tara</token>
<token t_id="20" sentence="1" number="10">Reid</token>
<token t_id="21" sentence="1" number="11">has</token>
<token t_id="22" sentence="1" number="12">finally</token>
<token t_id="23" sentence="1" number="13">entered</token>
<token t_id="24" sentence="1" number="14">Malibu</token>
<token t_id="25" sentence="1" number="15">Promises</token>
<token t_id="26" sentence="1" number="16">Treatment</token>
<token t_id="27" sentence="1" number="17">Center</token>
<token t_id="28" sentence="1" number="18">on</token>
<token t_id="29" sentence="1" number="19">Tuesday</token>
<token t_id="30" sentence="1" number="20">,</token>
<token t_id="31" sentence="1" number="21">her</token>
<token t_id="32" sentence="1" number="22">rep</token>
<token t_id="33" sentence="1" number="23">told</token>
<token t_id="34" sentence="1" number="24">People.com</token>
<token t_id="35" sentence="1" number="25">.</token>
<token t_id="36" sentence="2" number="0">The</token>
<token t_id="37" sentence="2" number="1">33-year-old</token>
<token t_id="38" sentence="2" number="2">hard</token>
<token t_id="39" sentence="2" number="3">partying</token>
<token t_id="40" sentence="2" number="4">actress</token>
<token t_id="41" sentence="2" number="5">finally</token>
<token t_id="42" sentence="2" number="6">decided</token>
<token t_id="43" sentence="2" number="7">to</token>
<token t_id="44" sentence="2" number="8">put</token>
<token t_id="45" sentence="2" number="9">an</token>
<token t_id="46" sentence="2" number="10">end</token>
<token t_id="47" sentence="2" number="11">to</token>
<token t_id="48" sentence="2" number="12">her</token>
<token t_id="49" sentence="2" number="13">drinking</token>
<token t_id="50" sentence="2" number="14">days</token>
<token t_id="51" sentence="2" number="15">and</token>
<token t_id="52" sentence="2" number="16">get</token>
<token t_id="53" sentence="2" number="17">help</token>
<token t_id="54" sentence="2" number="18">for</token>
<token t_id="55" sentence="2" number="19">her</token>
<token t_id="56" sentence="2" number="20">addictions</token>
<token t_id="57" sentence="2" number="21">,</token>
<token t_id="58" sentence="2" number="22">although</token>
<token t_id="59" sentence="2" number="23">her</token>
<token t_id="60" sentence="2" number="24">publicist</token>
<token t_id="61" sentence="2" number="25">refused</token>
<token t_id="62" sentence="2" number="26">to</token>
<token t_id="63" sentence="2" number="27">disclose</token>
<token t_id="64" sentence="2" number="28">the</token>
<token t_id="65" sentence="2" number="29">real</token>
<token t_id="66" sentence="2" number="30">reason</token>
<token t_id="67" sentence="2" number="31">why</token>
<token t_id="68" sentence="2" number="32">Reid</token>
<token t_id="69" sentence="2" number="33">checked</token>
<token t_id="70" sentence="2" number="34">into</token>
<token t_id="71" sentence="2" number="35">rehab</token>
<token t_id="72" sentence="2" number="36">.</token>
<token t_id="73" sentence="3" number="0">In</token>
<token t_id="74" sentence="3" number="1">a</token>
<token t_id="75" sentence="3" number="2">statement</token>
<token t_id="76" sentence="3" number="3">released</token>
<token t_id="77" sentence="3" number="4">to</token>
<token t_id="78" sentence="3" number="5">People</token>
<token t_id="79" sentence="3" number="6">,</token>
<token t_id="80" sentence="3" number="7">the</token>
<token t_id="81" sentence="3" number="8">``</token>
<token t_id="82" sentence="3" number="9">American</token>
<token t_id="83" sentence="3" number="10">Pie</token>
<token t_id="84" sentence="3" number="11">''</token>
<token t_id="85" sentence="3" number="12">star</token>
<token t_id="86" sentence="3" number="13">'s</token>
<token t_id="87" sentence="3" number="14">rep</token>
<token t_id="88" sentence="3" number="15">Jack</token>
<token t_id="89" sentence="3" number="16">Ketsoyan</token>
<token t_id="90" sentence="3" number="17">confirmed</token>
<token t_id="91" sentence="3" number="18">that</token>
<token t_id="92" sentence="3" number="19">she</token>
<token t_id="93" sentence="3" number="20">was</token>
<token t_id="94" sentence="3" number="21">at</token>
<token t_id="95" sentence="3" number="22">the</token>
<token t_id="96" sentence="3" number="23">same</token>
<token t_id="97" sentence="3" number="24">clinic</token>
<token t_id="98" sentence="3" number="25">where</token>
<token t_id="99" sentence="3" number="26">Britney</token>
<token t_id="100" sentence="3" number="27">Spears</token>
<token t_id="101" sentence="3" number="28">,</token>
<token t_id="102" sentence="3" number="29">Ben</token>
<token t_id="103" sentence="3" number="30">Affleck</token>
<token t_id="104" sentence="3" number="31">,</token>
<token t_id="105" sentence="3" number="32">Charlie</token>
<token t_id="106" sentence="3" number="33">Sheen</token>
<token t_id="107" sentence="3" number="34">,</token>
<token t_id="108" sentence="3" number="35">and</token>
<token t_id="109" sentence="3" number="36">Lindsay</token>
<token t_id="110" sentence="3" number="37">Lohan</token>
<token t_id="111" sentence="3" number="38">were</token>
<token t_id="112" sentence="3" number="39">previously</token>
<token t_id="113" sentence="3" number="40">treated</token>
<token t_id="114" sentence="3" number="41">,</token>
<token t_id="115" sentence="3" number="42">and</token>
<token t_id="116" sentence="3" number="43">pleaded</token>
<token t_id="117" sentence="3" number="44">for</token>
<token t_id="118" sentence="3" number="45">her</token>
<token t_id="119" sentence="3" number="46">and</token>
<token t_id="120" sentence="3" number="47">her</token>
<token t_id="121" sentence="3" number="48">family</token>
<token t_id="122" sentence="3" number="49">'s</token>
<token t_id="123" sentence="3" number="50">privacy</token>
<token t_id="124" sentence="3" number="51">at</token>
<token t_id="125" sentence="3" number="52">this</token>
<token t_id="126" sentence="3" number="53">time</token>
<token t_id="127" sentence="3" number="54">.</token>
<token t_id="128" sentence="4" number="0">``</token>
<token t_id="129" sentence="4" number="1">Her</token>
<token t_id="130" sentence="4" number="2">friends</token>
<token t_id="131" sentence="4" number="3">and</token>
<token t_id="132" sentence="4" number="4">family</token>
<token t_id="133" sentence="4" number="5">are</token>
<token t_id="134" sentence="4" number="6">supportive</token>
<token t_id="135" sentence="4" number="7">of</token>
<token t_id="136" sentence="4" number="8">her</token>
<token t_id="137" sentence="4" number="9">decision</token>
<token t_id="138" sentence="4" number="10">,</token>
<token t_id="139" sentence="4" number="11">``</token>
<token t_id="140" sentence="4" number="12">a</token>
<token t_id="141" sentence="4" number="13">friend</token>
<token t_id="142" sentence="4" number="14">of</token>
<token t_id="143" sentence="4" number="15">the</token>
<token t_id="144" sentence="4" number="16">actress</token>
<token t_id="145" sentence="4" number="17">said</token>
<token t_id="146" sentence="4" number="18">.</token>
<token t_id="147" sentence="5" number="0">``</token>
<token t_id="148" sentence="5" number="1">She</token>
<token t_id="149" sentence="5" number="2">checked</token>
<token t_id="150" sentence="5" number="3">in</token>
<token t_id="151" sentence="5" number="4">herself</token>
<token t_id="152" sentence="5" number="5">-</token>
<token t_id="153" sentence="5" number="6">it</token>
<token t_id="154" sentence="5" number="7">was</token>
<token t_id="155" sentence="5" number="8">her</token>
<token t_id="156" sentence="5" number="9">decision</token>
<token t_id="157" sentence="5" number="10">.</token>
<token t_id="158" sentence="5" number="11">''</token>
<token t_id="159" sentence="6" number="0">Following</token>
<token t_id="160" sentence="6" number="1">her</token>
<token t_id="161" sentence="6" number="2">breakthrough</token>
<token t_id="162" sentence="6" number="3">in</token>
<token t_id="163" sentence="6" number="4">1999</token>
<token t_id="164" sentence="6" number="5">'s</token>
<token t_id="165" sentence="6" number="6">``</token>
<token t_id="166" sentence="6" number="7">American</token>
<token t_id="167" sentence="6" number="8">Pie</token>
<token t_id="168" sentence="6" number="9">,</token>
<token t_id="169" sentence="6" number="10">''</token>
<token t_id="170" sentence="6" number="11">the</token>
<token t_id="171" sentence="6" number="12">actress</token>
<token t_id="172" sentence="6" number="13">has</token>
<token t_id="173" sentence="6" number="14">been</token>
<token t_id="174" sentence="6" number="15">better</token>
<token t_id="175" sentence="6" number="16">known</token>
<token t_id="176" sentence="6" number="17">for</token>
<token t_id="177" sentence="6" number="18">her</token>
<token t_id="178" sentence="6" number="19">partying</token>
<token t_id="179" sentence="6" number="20">habits</token>
<token t_id="180" sentence="6" number="21">and</token>
<token t_id="181" sentence="6" number="22">personal</token>
<token t_id="182" sentence="6" number="23">life</token>
<token t_id="183" sentence="6" number="24">rather</token>
<token t_id="184" sentence="6" number="25">than</token>
<token t_id="185" sentence="6" number="26">her</token>
<token t_id="186" sentence="6" number="27">movies</token>
<token t_id="187" sentence="6" number="28">,</token>
<token t_id="188" sentence="6" number="29">which</token>
<token t_id="189" sentence="6" number="30">were</token>
<token t_id="190" sentence="6" number="31">n't</token>
<token t_id="191" sentence="6" number="32">that</token>
<token t_id="192" sentence="6" number="33">many</token>
<token t_id="193" sentence="6" number="34">in</token>
<token t_id="194" sentence="6" number="35">the</token>
<token t_id="195" sentence="6" number="36">first</token>
<token t_id="196" sentence="6" number="37">place</token>
<token t_id="197" sentence="6" number="38">.</token>
<token t_id="198" sentence="7" number="0">Three</token>
<token t_id="199" sentence="7" number="1">years</token>
<token t_id="200" sentence="7" number="2">ago</token>
<token t_id="201" sentence="7" number="3">,</token>
<token t_id="202" sentence="7" number="4">Reid</token>
<token t_id="203" sentence="7" number="5">,</token>
<token t_id="204" sentence="7" number="6">who</token>
<token t_id="205" sentence="7" number="7">has</token>
<token t_id="206" sentence="7" number="8">launched</token>
<token t_id="207" sentence="7" number="9">a</token>
<token t_id="208" sentence="7" number="10">new</token>
<token t_id="209" sentence="7" number="11">fashion</token>
<token t_id="210" sentence="7" number="12">line</token>
<token t_id="211" sentence="7" number="13">called</token>
<token t_id="212" sentence="7" number="14">Mantra</token>
<token t_id="213" sentence="7" number="15">in</token>
<token t_id="214" sentence="7" number="16">September</token>
<token t_id="215" sentence="7" number="17">,</token>
<token t_id="216" sentence="7" number="18">opened</token>
<token t_id="217" sentence="7" number="19">up</token>
<token t_id="218" sentence="7" number="20">about</token>
<token t_id="219" sentence="7" number="21">her</token>
<token t_id="220" sentence="7" number="22">party</token>
<token t_id="221" sentence="7" number="23">girl</token>
<token t_id="222" sentence="7" number="24">image</token>
<token t_id="223" sentence="7" number="25">saying</token>
<token t_id="224" sentence="7" number="26">it</token>
<token t_id="225" sentence="7" number="27">was</token>
<token t_id="226" sentence="7" number="28">n't</token>
<token t_id="227" sentence="7" number="29">accurate</token>
<token t_id="228" sentence="7" number="30">and</token>
<token t_id="229" sentence="7" number="31">her</token>
<token t_id="230" sentence="7" number="32">entourage</token>
<token t_id="231" sentence="7" number="33">was</token>
<token t_id="232" sentence="7" number="34">a</token>
<token t_id="233" sentence="7" number="35">bad</token>
<token t_id="234" sentence="7" number="36">influence</token>
<token t_id="235" sentence="7" number="37">as</token>
<token t_id="236" sentence="7" number="38">well</token>
<token t_id="237" sentence="7" number="39">.</token>
<token t_id="238" sentence="8" number="0">``</token>
<token t_id="239" sentence="8" number="1">My</token>
<token t_id="240" sentence="8" number="2">picture</token>
<token t_id="241" sentence="8" number="3">is</token>
<token t_id="242" sentence="8" number="4">taken</token>
<token t_id="243" sentence="8" number="5">only</token>
<token t_id="244" sentence="8" number="6">when</token>
<token t_id="245" sentence="8" number="7">I</token>
<token t_id="246" sentence="8" number="8">have</token>
<token t_id="247" sentence="8" number="9">a</token>
<token t_id="248" sentence="8" number="10">cup</token>
<token t_id="249" sentence="8" number="11">in</token>
<token t_id="250" sentence="8" number="12">my</token>
<token t_id="251" sentence="8" number="13">hand</token>
<token t_id="252" sentence="8" number="14">,</token>
<token t_id="253" sentence="8" number="15">''</token>
<token t_id="254" sentence="8" number="16">she</token>
<token t_id="255" sentence="8" number="17">told</token>
<token t_id="256" sentence="8" number="18">Us</token>
<token t_id="257" sentence="8" number="19">Weekly</token>
<token t_id="258" sentence="8" number="20">.</token>
<token t_id="259" sentence="9" number="0">``</token>
<token t_id="260" sentence="9" number="1">Trust</token>
<token t_id="261" sentence="9" number="2">me</token>
<token t_id="262" sentence="9" number="3">,</token>
<token t_id="263" sentence="9" number="4">my</token>
<token t_id="264" sentence="9" number="5">body</token>
<token t_id="265" sentence="9" number="6">is</token>
<token t_id="266" sentence="9" number="7">tired</token>
<token t_id="267" sentence="9" number="8">.</token>
<token t_id="268" sentence="10" number="0">I</token>
<token t_id="269" sentence="10" number="1">partied</token>
<token t_id="270" sentence="10" number="2">hard</token>
<token t_id="271" sentence="10" number="3">.</token>
<token t_id="272" sentence="11" number="0">But</token>
<token t_id="273" sentence="11" number="1">I</token>
<token t_id="274" sentence="11" number="2">think</token>
<token t_id="275" sentence="11" number="3">it</token>
<token t_id="276" sentence="11" number="4">was</token>
<token t_id="277" sentence="11" number="5">that</token>
<token t_id="278" sentence="11" number="6">the</token>
<token t_id="279" sentence="11" number="7">people</token>
<token t_id="280" sentence="11" number="8">I</token>
<token t_id="281" sentence="11" number="9">partied</token>
<token t_id="282" sentence="11" number="10">with</token>
<token t_id="283" sentence="11" number="11">were</token>
<token t_id="284" sentence="11" number="12">not</token>
<token t_id="285" sentence="11" number="13">the</token>
<token t_id="286" sentence="11" number="14">best</token>
<token t_id="287" sentence="11" number="15">people</token>
<token t_id="288" sentence="11" number="16">.</token>
<token t_id="289" sentence="11" number="17">''</token>
<token t_id="290" sentence="12" number="0">Earlier</token>
<token t_id="291" sentence="12" number="1">this</token>
<token t_id="292" sentence="12" number="2">year</token>
<token t_id="293" sentence="12" number="3">,</token>
<token t_id="294" sentence="12" number="4">the</token>
<token t_id="295" sentence="12" number="5">star</token>
<token t_id="296" sentence="12" number="6">said</token>
<token t_id="297" sentence="12" number="7">she</token>
<token t_id="298" sentence="12" number="8">had</token>
<token t_id="299" sentence="12" number="9">turned</token>
<token t_id="300" sentence="12" number="10">a</token>
<token t_id="301" sentence="12" number="11">corner</token>
<token t_id="302" sentence="12" number="12">from</token>
<token t_id="303" sentence="12" number="13">being</token>
<token t_id="304" sentence="12" number="14">a</token>
<token t_id="305" sentence="12" number="15">hard-hitting</token>
<token t_id="306" sentence="12" number="16">drinker</token>
<token t_id="307" sentence="12" number="17">and</token>
<token t_id="308" sentence="12" number="18">was</token>
<token t_id="309" sentence="12" number="19">now</token>
<token t_id="310" sentence="12" number="20">a</token>
<token t_id="311" sentence="12" number="21">``</token>
<token t_id="312" sentence="12" number="22">social</token>
<token t_id="313" sentence="12" number="23">drinker</token>
<token t_id="314" sentence="12" number="24">.</token>
<token t_id="315" sentence="12" number="25">''</token>
<token t_id="316" sentence="13" number="0">When</token>
<token t_id="317" sentence="13" number="1">asked</token>
<token t_id="318" sentence="13" number="2">about</token>
<token t_id="319" sentence="13" number="3">the</token>
<token t_id="320" sentence="13" number="4">temptation</token>
<token t_id="321" sentence="13" number="5">to</token>
<token t_id="322" sentence="13" number="6">fall</token>
<token t_id="323" sentence="13" number="7">back</token>
<token t_id="324" sentence="13" number="8">into</token>
<token t_id="325" sentence="13" number="9">old</token>
<token t_id="326" sentence="13" number="10">habits</token>
<token t_id="327" sentence="13" number="11">she</token>
<token t_id="328" sentence="13" number="12">said</token>
<token t_id="329" sentence="13" number="13">she</token>
<token t_id="330" sentence="13" number="14">had</token>
<token t_id="331" sentence="13" number="15">enough</token>
<token t_id="332" sentence="13" number="16">fun</token>
<token t_id="333" sentence="13" number="17">and</token>
<token t_id="334" sentence="13" number="18">a</token>
<token t_id="335" sentence="13" number="19">great</token>
<token t_id="336" sentence="13" number="20">time</token>
<token t_id="337" sentence="13" number="21">to</token>
<token t_id="338" sentence="13" number="22">last</token>
<token t_id="339" sentence="13" number="23">her</token>
<token t_id="340" sentence="13" number="24">a</token>
<token t_id="341" sentence="13" number="25">lifetime</token>
<token t_id="342" sentence="13" number="26">.</token>
<token t_id="343" sentence="14" number="0">``</token>
<token t_id="344" sentence="14" number="1">I</token>
<token t_id="345" sentence="14" number="2">'m</token>
<token t_id="346" sentence="14" number="3">so</token>
<token t_id="347" sentence="14" number="4">happy</token>
<token t_id="348" sentence="14" number="5">with</token>
<token t_id="349" sentence="14" number="6">where</token>
<token t_id="350" sentence="14" number="7">I</token>
<token t_id="351" sentence="14" number="8">'m</token>
<token t_id="352" sentence="14" number="9">at</token>
<token t_id="353" sentence="14" number="10">right</token>
<token t_id="354" sentence="14" number="11">now</token>
<token t_id="355" sentence="14" number="12">.</token>
<token t_id="356" sentence="15" number="0">I</token>
<token t_id="357" sentence="15" number="1">do</token>
<token t_id="358" sentence="15" number="2">n't</token>
<token t_id="359" sentence="15" number="3">need</token>
<token t_id="360" sentence="15" number="4">to</token>
<token t_id="361" sentence="15" number="5">do</token>
<token t_id="362" sentence="15" number="6">anything</token>
<token t_id="363" sentence="15" number="7">anymore</token>
<token t_id="364" sentence="15" number="8">,</token>
<token t_id="365" sentence="15" number="9">''</token>
<token t_id="366" sentence="15" number="10">she</token>
<token t_id="367" sentence="15" number="11">added</token>
<token t_id="368" sentence="15" number="12">.</token>
<token t_id="369" sentence="16" number="0">Besides</token>
<token t_id="370" sentence="16" number="1">``</token>
<token t_id="371" sentence="16" number="2">American</token>
<token t_id="372" sentence="16" number="3">Pie</token>
<token t_id="373" sentence="16" number="4">''</token>
<token t_id="374" sentence="16" number="5">and</token>
<token t_id="375" sentence="16" number="6">her</token>
<token t_id="376" sentence="16" number="7">E</token>
<token t_id="377" sentence="16" number="8">!</token>
<token t_id="378" sentence="16" number="9">reality</token>
<token t_id="379" sentence="16" number="10">show</token>
<token t_id="380" sentence="16" number="11">``</token>
<token t_id="381" sentence="16" number="12">Taradise</token>
<token t_id="382" sentence="16" number="13">,</token>
<token t_id="383" sentence="16" number="14">''</token>
<token t_id="384" sentence="17" number="0">Reid</token>
<token t_id="385" sentence="17" number="1">has</token>
<token t_id="386" sentence="17" number="2">had</token>
<token t_id="387" sentence="17" number="3">a</token>
<token t_id="388" sentence="17" number="4">recurring</token>
<token t_id="389" sentence="17" number="5">role</token>
<token t_id="390" sentence="17" number="6">on</token>
<token t_id="391" sentence="17" number="7">``</token>
<token t_id="392" sentence="17" number="8">Scrubs</token>
<token t_id="393" sentence="17" number="9">''</token>
<token t_id="394" sentence="17" number="10">and</token>
<token t_id="395" sentence="17" number="11">starred</token>
<token t_id="396" sentence="17" number="12">in</token>
<token t_id="397" sentence="17" number="13">``</token>
<token t_id="398" sentence="17" number="14">Van</token>
<token t_id="399" sentence="17" number="15">Wilder</token>
<token t_id="400" sentence="17" number="16">''</token>
<token t_id="401" sentence="17" number="17">and</token>
<token t_id="402" sentence="17" number="18">``</token>
<token t_id="403" sentence="17" number="19">The</token>
<token t_id="404" sentence="17" number="20">Big</token>
<token t_id="405" sentence="17" number="21">Lebowski</token>
<token t_id="406" sentence="17" number="22">.</token>
<token t_id="407" sentence="17" number="23">''</token>
<Markables>
<ACTION_ASPECTUAL m_id="50"  >
  <token_anchor t_id="44"/>
  <token_anchor t_id="45"/>
  <token_anchor t_id="46"/>
</ACTION_ASPECTUAL>
<ACTION_OCCURRENCE m_id="41"  >
  <token_anchor t_id="149"/>
  <token_anchor t_id="150"/>
</ACTION_OCCURRENCE>
<ACTION_OCCURRENCE m_id="46"  >
  <token_anchor t_id="9"/>
</ACTION_OCCURRENCE>
<ACTION_OCCURRENCE m_id="47"  >
  <token_anchor t_id="66"/>
</ACTION_OCCURRENCE>
<ACTION_OCCURRENCE m_id="49"  >
  <token_anchor t_id="53"/>
</ACTION_OCCURRENCE>
<ACTION_OCCURRENCE m_id="61"  >
  <token_anchor t_id="42"/>
</ACTION_OCCURRENCE>
<ACTION_OCCURRENCE m_id="62"  >
  <token_anchor t_id="156"/>
</ACTION_OCCURRENCE>
<ACTION_OCCURRENCE m_id="63"  >
  <token_anchor t_id="49"/>
  <token_anchor t_id="50"/>
</ACTION_OCCURRENCE>
<ACTION_OCCURRENCE m_id="64"  >
  <token_anchor t_id="56"/>
</ACTION_OCCURRENCE>
<ACTION_OCCURRENCE m_id="65"  >
  <token_anchor t_id="153"/>
</ACTION_OCCURRENCE>
<ACTION_OCCURRENCE m_id="37"  >
  <token_anchor t_id="52"/>
</ACTION_OCCURRENCE>
<ACTION_OCCURRENCE m_id="38"  >
  <token_anchor t_id="4"/>
  <token_anchor t_id="5"/>
</ACTION_OCCURRENCE>
<ACTION_OCCURRENCE m_id="39"  >
  <token_anchor t_id="23"/>
</ACTION_OCCURRENCE>
<ACTION_OCCURRENCE m_id="40"  >
  <token_anchor t_id="69"/>
  <token_anchor t_id="70"/>
</ACTION_OCCURRENCE>
<ACTION_REPORTING m_id="35"  >
  <token_anchor t_id="33"/>
</ACTION_REPORTING>
<HUMAN_PART_PER m_id="52"  >
  <token_anchor t_id="1"/>
  <token_anchor t_id="2"/>
</HUMAN_PART_PER>
<HUMAN_PART_PER m_id="53"  >
  <token_anchor t_id="19"/>
  <token_anchor t_id="20"/>
</HUMAN_PART_PER>
<HUMAN_PART_PER m_id="54"  >
  <token_anchor t_id="40"/>
</HUMAN_PART_PER>
<HUMAN_PART_PER m_id="55"  >
  <token_anchor t_id="48"/>
</HUMAN_PART_PER>
<HUMAN_PART_PER m_id="56"  >
  <token_anchor t_id="55"/>
</HUMAN_PART_PER>
<HUMAN_PART_PER m_id="57"  >
  <token_anchor t_id="148"/>
</HUMAN_PART_PER>
<HUMAN_PART_PER m_id="58"  >
  <token_anchor t_id="151"/>
</HUMAN_PART_PER>
<HUMAN_PART_PER m_id="59"  >
  <token_anchor t_id="155"/>
</HUMAN_PART_PER>
<HUMAN_PART_PER m_id="60"  >
  <token_anchor t_id="68"/>
</HUMAN_PART_PER>
<HUMAN_PART_PER m_id="33"  >
  <token_anchor t_id="60"/>
</HUMAN_PART_PER>
<HUMAN_PART_PER m_id="34"  >
  <token_anchor t_id="32"/>
</HUMAN_PART_PER>
<LOC_FAC m_id="42"  >
  <token_anchor t_id="6"/>
</LOC_FAC>
<LOC_FAC m_id="43"  >
  <token_anchor t_id="24"/>
  <token_anchor t_id="25"/>
  <token_anchor t_id="26"/>
  <token_anchor t_id="27"/>
</LOC_FAC>
<LOC_FAC m_id="44"  >
  <token_anchor t_id="71"/>
</LOC_FAC>
<NEG_ACTION_REPORTING m_id="51"  >
  <token_anchor t_id="63"/>
</NEG_ACTION_REPORTING>
<TIME_DATE m_id="45"  >
  <token_anchor t_id="28"/>
  <token_anchor t_id="29"/>
</TIME_DATE>


<HUMAN_PART_ORG m_id="66" note="byCROMER" >
  <token_anchor t_id="34"/>
</HUMAN_PART_ORG>
<ACTION_OCCURRENCE m_id="67" note="byCROMER" >
  <token_anchor t_id="8"/>
</ACTION_OCCURRENCE>


<ACTION_OCCURRENCE m_id="80" RELATED_TO="" TAG_DESCRIPTOR="t1b_checking_in_promises" instance_id="ACT16236402809085484" />
<ACTION_OCCURRENCE m_id="79" RELATED_TO="" TAG_DESCRIPTOR="t1b_help" instance_id="ACT17757159242353715" />
<TIME_DATE m_id="78" RELATED_TO="" TAG_DESCRIPTOR="t1b_friday" instance_id="TIM16236441119149059" />
<HUMAN_PART_ORG m_id="77" RELATED_TO="" TAG_DESCRIPTOR="t1b_people" instance_id="HUM16236907954762763" />
<ACTION_OCCURRENCE m_id="76" RELATED_TO="" TAG_DESCRIPTOR="t1b_reid_addictions" instance_id="ACT16238560400862394" />
<ACTION_OCCURRENCE m_id="75" RELATED_TO="" TAG_DESCRIPTOR="t1b_decided" instance_id="ACT17393001387097507" />
<ACTION_OCCURRENCE m_id="74" RELATED_TO="" TAG_DESCRIPTOR="t1b_reasons_for_rehab" instance_id="ACT16238542452785616" />
<HUMAN_PART_PER m_id="73" RELATED_TO="" TAG_DESCRIPTOR="t1b_tara_reid" instance_id="HUM16236184328979740" />
<ACTION_REPORTING m_id="72" RELATED_TO="" TAG_DESCRIPTOR="t1b_publicist_statement_reid_in_rehab_and_respect_privacy" instance_id="ACT16235311629112331" />
<ACTION_OCCURRENCE m_id="71" RELATED_TO="" TAG_DESCRIPTOR="t1b_getting_help" instance_id="ACT17757148989750169" />
<HUMAN_PART_PER m_id="70" RELATED_TO="" TAG_DESCRIPTOR="t1b_rep" instance_id="HUM16284637796168708" />
<LOC_FAC m_id="69" RELATED_TO="" TAG_DESCRIPTOR="t1b_promises_maliby" instance_id="LOC16235213289813758" />
<NEG_ACTION_REPORTING m_id="68" RELATED_TO="" TAG_DESCRIPTOR="t1b_undisclosed_why_in_rehab" instance_id="NEG16237477263722686" />
</Markables>

<Relations>
<CROSS_DOC_COREF r_id="37645" note="NEG16237477263722686" >
  <source m_id="51" />
  <target m_id="68" />
</CROSS_DOC_COREF>
<CROSS_DOC_COREF r_id="37646" note="LOC16235213289813758" >
  <source m_id="43" />
  <source m_id="42" />
  <source m_id="44" />
  <target m_id="69" />
</CROSS_DOC_COREF>
<CROSS_DOC_COREF r_id="37647" note="HUM16284637796168708" >
  <source m_id="33" />
  <source m_id="34" />
  <target m_id="70" />
</CROSS_DOC_COREF>
<CROSS_DOC_COREF r_id="37648" note="ACT17757148989750169" >
  <source m_id="37" />
  <target m_id="71" />
</CROSS_DOC_COREF>
<CROSS_DOC_COREF r_id="37649" note="ACT16235311629112331" >
  <source m_id="35" />
  <target m_id="72" />
</CROSS_DOC_COREF>
<CROSS_DOC_COREF r_id="37650" note="HUM16236184328979740" >
  <source m_id="56" />
  <source m_id="59" />
  <source m_id="58" />
  <source m_id="54" />
  <source m_id="55" />
  <source m_id="60" />
  <source m_id="57" />
  <source m_id="52" />
  <source m_id="53" />
  <target m_id="73" />
</CROSS_DOC_COREF>
<CROSS_DOC_COREF r_id="37651" note="ACT16238542452785616" >
  <source m_id="47" />
  <target m_id="74" />
</CROSS_DOC_COREF>
<CROSS_DOC_COREF r_id="37652" note="ACT17393001387097507" >
  <source m_id="62" />
  <source m_id="61" />
  <target m_id="75" />
</CROSS_DOC_COREF>
<CROSS_DOC_COREF r_id="37653" note="ACT16238560400862394" >
  <source m_id="64" />
  <source m_id="67" />
  <target m_id="76" />
</CROSS_DOC_COREF>
<CROSS_DOC_COREF r_id="37654" note="HUM16236907954762763" >
  <source m_id="66" />
  <target m_id="77" />
</CROSS_DOC_COREF>
<CROSS_DOC_COREF r_id="37655" note="TIM16236441119149059" >
  <source m_id="45" />
  <target m_id="78" />
</CROSS_DOC_COREF>
<CROSS_DOC_COREF r_id="37656" note="ACT17757159242353715" >
  <source m_id="49" />
  <target m_id="79" />
</CROSS_DOC_COREF>
<CROSS_DOC_COREF r_id="37657" note="ACT16236402809085484" >
  <source m_id="40" />
  <source m_id="65" />
  <source m_id="39" />
  <source m_id="41" />
  <source m_id="38" />
  <target m_id="80" />
</CROSS_DOC_COREF>

</Relations>
</Document>
