<Document doc_name="1_14ecbplus.xml" doc_id="DOC15645930488569686">
<token t_id="1" sentence="0" number="0">http</token>
<token t_id="2" sentence="0" number="1">:</token>
<token t_id="3" sentence="0" number="2">/</token>
<token t_id="4" sentence="0" number="3">/</token>
<token t_id="5" sentence="0" number="4">www</token>
<token t_id="6" sentence="0" number="5">.</token>
<token t_id="7" sentence="0" number="6">people</token>
<token t_id="8" sentence="0" number="7">.</token>
<token t_id="9" sentence="0" number="8">com</token>
<token t_id="10" sentence="0" number="9">/</token>
<token t_id="11" sentence="0" number="10">people</token>
<token t_id="12" sentence="0" number="11">/</token>
<token t_id="13" sentence="0" number="12">article</token>
<token t_id="14" sentence="0" number="13">/</token>
<token t_id="15" sentence="0" number="14">0</token>
<token t_id="16" sentence="0" number="15">,</token>
<token t_id="17" sentence="0" number="16">,</token>
<token t_id="18" sentence="0" number="17">20697025</token>
<token t_id="19" sentence="0" number="18">,</token>
<token t_id="20" sentence="0" number="19">00</token>
<token t_id="21" sentence="0" number="20">.</token>
<token t_id="22" sentence="0" number="21">html</token>
<token t_id="23" sentence="1" number="0">Lindsay</token>
<token t_id="24" sentence="1" number="1">Lohan</token>
<token t_id="25" sentence="1" number="2">Checks</token>
<token t_id="26" sentence="1" number="3">Into</token>
<token t_id="27" sentence="1" number="4">Betty</token>
<token t_id="28" sentence="1" number="5">Ford</token>
<token t_id="29" sentence="1" number="6">Rehab</token>
<token t_id="30" sentence="1" number="7">–</token>
<token t_id="31" sentence="1" number="8">Where</token>
<token t_id="32" sentence="1" number="9">She</token>
<token t_id="33" sentence="1" number="10">'Knows</token>
<token t_id="34" sentence="1" number="11">Everyone'</token>
<token t_id="35" sentence="2" number="0">UPDATED</token>
<token t_id="36" sentence="2" number="1">05</token>
<token t_id="37" sentence="2" number="2">/</token>
<token t_id="38" sentence="2" number="3">03</token>
<token t_id="39" sentence="2" number="4">/</token>
<token t_id="40" sentence="2" number="5">2013</token>
<token t_id="41" sentence="2" number="6">at</token>
<token t_id="42" sentence="2" number="7">11</token>
<token t_id="43" sentence="2" number="8">:</token>
<token t_id="44" sentence="2" number="9">00</token>
<token t_id="45" sentence="2" number="10">AM</token>
<token t_id="46" sentence="2" number="11">EDT</token>
<token t_id="47" sentence="3" number="0">Originally</token>
<token t_id="48" sentence="3" number="1">published</token>
<token t_id="49" sentence="3" number="2">05</token>
<token t_id="50" sentence="3" number="3">/</token>
<token t_id="51" sentence="3" number="4">03</token>
<token t_id="52" sentence="3" number="5">/</token>
<token t_id="53" sentence="3" number="6">2013</token>
<token t_id="54" sentence="3" number="7">at</token>
<token t_id="55" sentence="3" number="8">10</token>
<token t_id="56" sentence="3" number="9">:</token>
<token t_id="57" sentence="3" number="10">20</token>
<token t_id="58" sentence="3" number="11">AM</token>
<token t_id="59" sentence="3" number="12">EDT</token>
<token t_id="60" sentence="4" number="0">Lindsay</token>
<token t_id="61" sentence="4" number="1">Lohan</token>
<token t_id="62" sentence="4" number="2">checked</token>
<token t_id="63" sentence="4" number="3">into</token>
<token t_id="64" sentence="4" number="4">the</token>
<token t_id="65" sentence="4" number="5">Betty</token>
<token t_id="66" sentence="4" number="6">Ford</token>
<token t_id="67" sentence="4" number="7">Clinic</token>
<token t_id="68" sentence="4" number="8">in</token>
<token t_id="69" sentence="4" number="9">Rancho</token>
<token t_id="70" sentence="4" number="10">Mirage</token>
<token t_id="71" sentence="4" number="11">,</token>
<token t_id="72" sentence="4" number="12">Calif</token>
<token t_id="73" sentence="4" number="13">.</token>
<token t_id="74" sentence="4" number="14">,</token>
<token t_id="75" sentence="4" number="15">on</token>
<token t_id="76" sentence="4" number="16">Thursday</token>
<token t_id="77" sentence="4" number="17">night</token>
<token t_id="78" sentence="4" number="18">,</token>
<token t_id="79" sentence="4" number="19">for</token>
<token t_id="80" sentence="4" number="20">what</token>
<token t_id="81" sentence="4" number="21">is</token>
<token t_id="82" sentence="4" number="22">to</token>
<token t_id="83" sentence="4" number="23">be</token>
<token t_id="84" sentence="4" number="24">a</token>
<token t_id="85" sentence="4" number="25">three</token>
<token t_id="86" sentence="4" number="26">-</token>
<token t_id="87" sentence="4" number="27">month</token>
<token t_id="88" sentence="4" number="28">stay</token>
<token t_id="89" sentence="4" number="29">,</token>
<token t_id="90" sentence="4" number="30">her</token>
<token t_id="91" sentence="4" number="31">rep</token>
<token t_id="92" sentence="4" number="32">confirms</token>
<token t_id="93" sentence="4" number="33">to</token>
<token t_id="94" sentence="4" number="34">PEOPLE</token>
<token t_id="95" sentence="4" number="35">.</token>
<token t_id="96" sentence="5" number="0">"And</token>
<token t_id="97" sentence="5" number="1">she</token>
<token t_id="98" sentence="5" number="2">showed</token>
<token t_id="99" sentence="5" number="3">up</token>
<token t_id="100" sentence="5" number="4">[</token>
<token t_id="101" sentence="5" number="5">at</token>
<token t_id="102" sentence="5" number="6">Morningside</token>
<token t_id="103" sentence="5" number="7">Recovery</token>
<token t_id="104" sentence="5" number="8">]</token>
<token t_id="105" sentence="5" number="9">in</token>
<token t_id="106" sentence="5" number="10">the</token>
<token t_id="107" sentence="5" number="11">morning</token>
<token t_id="108" sentence="5" number="12">and</token>
<token t_id="109" sentence="5" number="13">hated</token>
<token t_id="110" sentence="5" number="14">it</token>
<token t_id="111" sentence="5" number="15">.</token>
<token t_id="112" sentence="6" number="0">She</token>
<token t_id="113" sentence="6" number="1">is</token>
<token t_id="114" sentence="6" number="2">interested</token>
<token t_id="115" sentence="6" number="3">in</token>
<token t_id="116" sentence="6" number="4">going</token>
<token t_id="117" sentence="6" number="5">back</token>
<token t_id="118" sentence="6" number="6">to</token>
<token t_id="119" sentence="6" number="7">Betty</token>
<token t_id="120" sentence="6" number="8">Ford</token>
<token t_id="121" sentence="6" number="9">because</token>
<token t_id="122" sentence="6" number="10">she</token>
<token t_id="123" sentence="6" number="11">knows</token>
<token t_id="124" sentence="6" number="12">everyone</token>
<token t_id="125" sentence="6" number="13">there</token>
<token t_id="126" sentence="6" number="14">.</token>
<token t_id="127" sentence="6" number="15">"</token>
<token t_id="128" sentence="7" number="0">Lohan</token>
<token t_id="129" sentence="7" number="1">,</token>
<token t_id="130" sentence="7" number="2">who</token>
<token t_id="131" sentence="7" number="3">has</token>
<token t_id="132" sentence="7" number="4">been</token>
<token t_id="133" sentence="7" number="5">in</token>
<token t_id="134" sentence="7" number="6">rehab</token>
<token t_id="135" sentence="7" number="7">a</token>
<token t_id="136" sentence="7" number="8">total</token>
<token t_id="137" sentence="7" number="9">of</token>
<token t_id="138" sentence="7" number="10">five</token>
<token t_id="139" sentence="7" number="11">times</token>
<token t_id="140" sentence="7" number="12">before</token>
<token t_id="141" sentence="7" number="13">this</token>
<token t_id="142" sentence="7" number="14">,</token>
<token t_id="143" sentence="7" number="15">was</token>
<token t_id="144" sentence="7" number="16">previously</token>
<token t_id="145" sentence="7" number="17">in</token>
<token t_id="146" sentence="7" number="18">Betty</token>
<token t_id="147" sentence="7" number="19">Ford</token>
<token t_id="148" sentence="7" number="20">in</token>
<token t_id="149" sentence="7" number="21">2010</token>
<token t_id="150" sentence="7" number="22">.</token>
<token t_id="151" sentence="8" number="0">Prior</token>
<token t_id="152" sentence="8" number="1">to</token>
<token t_id="153" sentence="8" number="2">this</token>
<token t_id="154" sentence="8" number="3">check</token>
<token t_id="155" sentence="8" number="4">-</token>
<token t_id="156" sentence="8" number="5">in</token>
<token t_id="157" sentence="8" number="6">to</token>
<token t_id="158" sentence="8" number="7">Betty</token>
<token t_id="159" sentence="8" number="8">Ford</token>
<token t_id="160" sentence="8" number="9">,</token>
<token t_id="161" sentence="8" number="10">which</token>
<token t_id="162" sentence="8" number="11">was</token>
<token t_id="163" sentence="8" number="12">first</token>
<token t_id="164" sentence="8" number="13">reported</token>
<token t_id="165" sentence="8" number="14">by</token>
<token t_id="166" sentence="8" number="15">TMZ</token>
<token t_id="167" sentence="8" number="16">.</token>
<token t_id="168" sentence="8" number="17">com</token>
<token t_id="169" sentence="8" number="18">,</token>
<token t_id="170" sentence="8" number="19">California</token>
<token t_id="171" sentence="8" number="20">prosecutors</token>
<token t_id="172" sentence="8" number="21">had</token>
<token t_id="173" sentence="8" number="22">said</token>
<token t_id="174" sentence="8" number="23">late</token>
<token t_id="175" sentence="8" number="24">Thursday</token>
<token t_id="176" sentence="8" number="25">that</token>
<token t_id="177" sentence="8" number="26">the</token>
<token t_id="178" sentence="8" number="27">troubled</token>
<token t_id="179" sentence="8" number="28">actress</token>
<token t_id="180" sentence="8" number="29">,</token>
<token t_id="181" sentence="8" number="30">26</token>
<token t_id="182" sentence="8" number="31">,</token>
<token t_id="183" sentence="8" number="32">would</token>
<token t_id="184" sentence="8" number="33">be</token>
<token t_id="185" sentence="8" number="34">arrested</token>
<token t_id="186" sentence="8" number="35">if</token>
<token t_id="187" sentence="8" number="36">she</token>
<token t_id="188" sentence="8" number="37">continued</token>
<token t_id="189" sentence="8" number="38">to</token>
<token t_id="190" sentence="8" number="39">flout</token>
<token t_id="191" sentence="8" number="40">a</token>
<token t_id="192" sentence="8" number="41">court</token>
<token t_id="193" sentence="8" number="42">order</token>
<token t_id="194" sentence="8" number="43">to</token>
<token t_id="195" sentence="8" number="44">enter</token>
<token t_id="196" sentence="8" number="45">a</token>
<token t_id="197" sentence="8" number="46">rehab</token>
<token t_id="198" sentence="8" number="47">facility</token>
<token t_id="199" sentence="8" number="48">.</token>
<Markables>
<ACTION_ASPECTUAL m_id="39"  >
  <token_anchor t_id="188"/>
</ACTION_ASPECTUAL>
<ACTION_OCCURRENCE m_id="16"  >
  <token_anchor t_id="25"/>
  <token_anchor t_id="26"/>
</ACTION_OCCURRENCE>
<ACTION_OCCURRENCE m_id="20"  >
  <token_anchor t_id="62"/>
  <token_anchor t_id="63"/>
</ACTION_OCCURRENCE>
<ACTION_OCCURRENCE m_id="24"  >
  <token_anchor t_id="88"/>
</ACTION_OCCURRENCE>
<ACTION_OCCURRENCE m_id="25"  >
  <token_anchor t_id="98"/>
  <token_anchor t_id="99"/>
</ACTION_OCCURRENCE>
<ACTION_OCCURRENCE m_id="57"  >
  <token_anchor t_id="193"/>
</ACTION_OCCURRENCE>
<ACTION_OCCURRENCE m_id="26"  >
  <token_anchor t_id="109"/>
</ACTION_OCCURRENCE>
<ACTION_OCCURRENCE m_id="29"  >
  <token_anchor t_id="114"/>
</ACTION_OCCURRENCE>
<ACTION_OCCURRENCE m_id="30"  >
  <token_anchor t_id="116"/>
  <token_anchor t_id="117"/>
</ACTION_OCCURRENCE>
<ACTION_OCCURRENCE m_id="31"  >
  <token_anchor t_id="123"/>
</ACTION_OCCURRENCE>
<ACTION_OCCURRENCE m_id="32"  >
  <token_anchor t_id="154"/>
  <token_anchor t_id="155"/>
  <token_anchor t_id="156"/>
</ACTION_OCCURRENCE>
<ACTION_OCCURRENCE m_id="40"  >
  <token_anchor t_id="190"/>
</ACTION_OCCURRENCE>
<ACTION_OCCURRENCE m_id="41"  >
  <token_anchor t_id="195"/>
</ACTION_OCCURRENCE>
<ACTION_REPORTING m_id="22"  >
  <token_anchor t_id="92"/>
</ACTION_REPORTING>
<ACTION_REPORTING m_id="33"  >
  <token_anchor t_id="164"/>
</ACTION_REPORTING>
<ACTION_REPORTING m_id="36"  >
  <token_anchor t_id="173"/>
</ACTION_REPORTING>
<HUMAN_PART_ORG m_id="23"  >
  <token_anchor t_id="94"/>
</HUMAN_PART_ORG>
<HUMAN_PART_ORG m_id="58"  >
  <token_anchor t_id="192"/>
</HUMAN_PART_ORG>
<HUMAN_PART_ORG m_id="34"  >
  <token_anchor t_id="166"/>
  <token_anchor t_id="167"/>
  <token_anchor t_id="168"/>
</HUMAN_PART_ORG>
<HUMAN_PART_PER m_id="10"  >
  <token_anchor t_id="122"/>
</HUMAN_PART_PER>
<HUMAN_PART_PER m_id="11"  >
  <token_anchor t_id="128"/>
</HUMAN_PART_PER>
<HUMAN_PART_PER m_id="12"  >
  <token_anchor t_id="179"/>
</HUMAN_PART_PER>
<HUMAN_PART_PER m_id="13"  >
  <token_anchor t_id="187"/>
</HUMAN_PART_PER>
<HUMAN_PART_PER m_id="18"  >
  <token_anchor t_id="34"/>
</HUMAN_PART_PER>
<HUMAN_PART_PER m_id="21"  >
  <token_anchor t_id="91"/>
</HUMAN_PART_PER>
<HUMAN_PART_PER m_id="35"  >
  <token_anchor t_id="171"/>
</HUMAN_PART_PER>
<HUMAN_PART_PER m_id="3"  >
  <token_anchor t_id="23"/>
  <token_anchor t_id="24"/>
</HUMAN_PART_PER>
<HUMAN_PART_PER m_id="5"  >
  <token_anchor t_id="60"/>
  <token_anchor t_id="61"/>
</HUMAN_PART_PER>
<HUMAN_PART_PER m_id="6"  >
  <token_anchor t_id="32"/>
</HUMAN_PART_PER>
<HUMAN_PART_PER m_id="7"  >
  <token_anchor t_id="90"/>
</HUMAN_PART_PER>
<HUMAN_PART_PER m_id="8"  >
  <token_anchor t_id="97"/>
</HUMAN_PART_PER>
<HUMAN_PART_PER m_id="9"  >
  <token_anchor t_id="112"/>
</HUMAN_PART_PER>
<HUMAN_PART_PER m_id="42"  >
  <token_anchor t_id="124"/>
</HUMAN_PART_PER>
<LOC_FAC m_id="43"  >
  <token_anchor t_id="125"/>
</LOC_FAC>
<LOC_FAC m_id="15"  >
  <token_anchor t_id="27"/>
  <token_anchor t_id="28"/>
  <token_anchor t_id="29"/>
</LOC_FAC>
<LOC_FAC m_id="47"  >
  <token_anchor t_id="64"/>
  <token_anchor t_id="65"/>
  <token_anchor t_id="66"/>
  <token_anchor t_id="67"/>
  <token_anchor t_id="68"/>
  <token_anchor t_id="69"/>
  <token_anchor t_id="70"/>
  <token_anchor t_id="71"/>
  <token_anchor t_id="72"/>
</LOC_FAC>
<LOC_FAC m_id="17"  >
  <token_anchor t_id="31"/>
</LOC_FAC>
<LOC_FAC m_id="50"  >
  <token_anchor t_id="101"/>
  <token_anchor t_id="102"/>
  <token_anchor t_id="103"/>
</LOC_FAC>
<LOC_FAC m_id="51"  >
  <token_anchor t_id="118"/>
  <token_anchor t_id="119"/>
  <token_anchor t_id="120"/>
</LOC_FAC>
<LOC_FAC m_id="53"  >
  <token_anchor t_id="157"/>
  <token_anchor t_id="158"/>
  <token_anchor t_id="159"/>
</LOC_FAC>
<LOC_FAC m_id="55"  >
  <token_anchor t_id="145"/>
  <token_anchor t_id="146"/>
  <token_anchor t_id="147"/>
</LOC_FAC>
<LOC_FAC m_id="27"  >
  <token_anchor t_id="110"/>
</LOC_FAC>
<TIME_DATE m_id="56"  >
  <token_anchor t_id="148"/>
  <token_anchor t_id="149"/>
</TIME_DATE>
<TIME_DURATION m_id="49"  >
  <token_anchor t_id="84"/>
  <token_anchor t_id="85"/>
  <token_anchor t_id="86"/>
  <token_anchor t_id="87"/>
</TIME_DURATION>
<TIME_OF_THE_DAY m_id="48"  >
  <token_anchor t_id="75"/>
  <token_anchor t_id="76"/>
  <token_anchor t_id="77"/>
</TIME_OF_THE_DAY>
<TIME_OF_THE_DAY m_id="28"  >
  <token_anchor t_id="105"/>
  <token_anchor t_id="106"/>
  <token_anchor t_id="107"/>
</TIME_OF_THE_DAY>
<TIME_OF_THE_DAY m_id="1"  >
  <token_anchor t_id="36"/>
  <token_anchor t_id="37"/>
  <token_anchor t_id="38"/>
  <token_anchor t_id="39"/>
  <token_anchor t_id="40"/>
  <token_anchor t_id="41"/>
  <token_anchor t_id="42"/>
  <token_anchor t_id="43"/>
  <token_anchor t_id="44"/>
  <token_anchor t_id="45"/>
  <token_anchor t_id="46"/>
</TIME_OF_THE_DAY>
<TIME_OF_THE_DAY m_id="2"  >
  <token_anchor t_id="49"/>
  <token_anchor t_id="50"/>
  <token_anchor t_id="51"/>
  <token_anchor t_id="52"/>
  <token_anchor t_id="53"/>
  <token_anchor t_id="54"/>
  <token_anchor t_id="55"/>
  <token_anchor t_id="56"/>
  <token_anchor t_id="57"/>
  <token_anchor t_id="58"/>
  <token_anchor t_id="59"/>
</TIME_OF_THE_DAY>
<TIME_OF_THE_DAY m_id="37"  >
  <token_anchor t_id="174"/>
  <token_anchor t_id="175"/>
</TIME_OF_THE_DAY>
<TIME_REPETITION m_id="44"  >
  <token_anchor t_id="138"/>
  <token_anchor t_id="139"/>
</TIME_REPETITION>
<TIME_REPETITION m_id="45"  >
  <token_anchor t_id="144"/>
</TIME_REPETITION>
<TIME_REPETITION m_id="46"  >
  <token_anchor t_id="151"/>
</TIME_REPETITION>


<ACTION_OCCURRENCE m_id="61" note="byCROMER" >
  <token_anchor t_id="33"/>
</ACTION_OCCURRENCE>
<ACTION_OCCURRENCE m_id="62" note="byCROMER" >
  <token_anchor t_id="133"/>
  <token_anchor t_id="134"/>
</ACTION_OCCURRENCE>
<ACTION_OCCURRENCE m_id="63" note="byCROMER" >
  <token_anchor t_id="196"/>
  <token_anchor t_id="197"/>
  <token_anchor t_id="198"/>
</ACTION_OCCURRENCE>
<NEG_ACTION_OCCURRENCE m_id="64" note="byCROMER" >
  <token_anchor t_id="185"/>
</NEG_ACTION_OCCURRENCE>


<ACTION_OCCURRENCE m_id="81" RELATED_TO="" TAG_DESCRIPTOR="t1_treatment" instance_id="ACT15736700251185985" />
<TIME_DURATION m_id="80" RELATED_TO="" TAG_DESCRIPTOR="t1_90_days" instance_id="TIM15737539387899295" />
<TIME_OF_THE_DAY m_id="69" RELATED_TO="" TAG_DESCRIPTOR="t1_late_thursday" instance_id="TIM15992419152288715" />
<HUMAN_PART_PER m_id="68" RELATED_TO="" TAG_DESCRIPTOR="t1_prosecutors" instance_id="HUM16026605402957446" />
<ACTION_OCCURRENCE m_id="67" RELATED_TO="" TAG_DESCRIPTOR="t1_flout_court_order" instance_id="ACT16068872680707370" />
<ACTION_REPORTING m_id="66" RELATED_TO="" TAG_DESCRIPTOR="t1_prosecutors_said_lohan_arrested" instance_id="ACT16069684047430409" />
<ACTION_OCCURRENCE m_id="65" RELATED_TO="" TAG_DESCRIPTOR="t1_checking_into_morningside_or_showing_up" instance_id="ACT15832182464413376" />
<HUMAN_PART_ORG m_id="94" RELATED_TO="" TAG_DESCRIPTOR="t1_tmz" instance_id="HUM15829977106103480" />
<ACTION_OCCURRENCE m_id="93" RELATED_TO="" TAG_DESCRIPTOR="t1_checking_into_unspecified_rehab" instance_id="ACT15731960743446934" />
<LOC_FAC m_id="92" RELATED_TO="" TAG_DESCRIPTOR="t1_betty_ford" instance_id="LOC15734326865367655" />
<HUMAN_PART_PER m_id="91" RELATED_TO="" TAG_DESCRIPTOR="t1_lindsay_lohan" instance_id="HUM15732980283919140" />
<LOC_FAC m_id="90" RELATED_TO="" TAG_DESCRIPTOR="t1_morningside" instance_id="LOC15733316663614047" />
<ACTION_REPORTING m_id="79" RELATED_TO="" TAG_DESCRIPTOR="t1_reported_tmz" instance_id="ACT15829806620339793" />
<ACTION_OCCURRENCE m_id="78" RELATED_TO="" TAG_DESCRIPTOR="t1_hated_morningside" instance_id="ACT16068033182990901" />
<TIME_REPETITION m_id="77" RELATED_TO="" TAG_DESCRIPTOR="t1_five_times" instance_id="TIM16069935931195512" />
<ACTION_OCCURRENCE m_id="76" RELATED_TO="" TAG_DESCRIPTOR="t1_knows_everyone_at_bf" instance_id="ACT16068930879330144" />
<HUMAN_PART_ORG m_id="75" RELATED_TO="" TAG_DESCRIPTOR="t1_court_part" instance_id="HUM16069777087388471" />
<TIME_DATE m_id="74" RELATED_TO="" TAG_DESCRIPTOR="t1_2010" instance_id="TIM15998029857574811" />
<HUMAN_PART_PER m_id="73" RELATED_TO="" TAG_DESCRIPTOR="t1_rep" instance_id="HUM16069832214901832" />
<TIME_OF_THE_DAY m_id="72" RELATED_TO="" TAG_DESCRIPTOR="t1_around_noon_at_morningside" instance_id="TIM15988436785990721" />
<ACTION_OCCURRENCE m_id="71" RELATED_TO="" TAG_DESCRIPTOR="t1_checking_into_betty_ford" instance_id="ACT15738091639707092" />
<HUMAN_PART_PER m_id="70" RELATED_TO="" TAG_DESCRIPTOR="t1_everyone_at_betty_ford" instance_id="HUM16069824318674606" />
<ACTION_OCCURRENCE m_id="89" RELATED_TO="" TAG_DESCRIPTOR="t1_interested_in_betty_ford" instance_id="ACT16068908704799932" />
<HUMAN_PART_ORG m_id="88" RELATED_TO="" TAG_DESCRIPTOR="t1_people" instance_id="HUM16069738500985838" />
<NEG_ACTION_OCCURRENCE m_id="87" RELATED_TO="" TAG_DESCRIPTOR="t1_arrest" instance_id="NEG15992276401966735" />
<ACTION_REPORTING m_id="86" RELATED_TO="" TAG_DESCRIPTOR="t1_rep_confirms" instance_id="ACT16069521278690702" />
<ACTION_OCCURRENCE m_id="85" RELATED_TO="" TAG_DESCRIPTOR="t1_stay_betty_ford_this_time" instance_id="ACT16069493232495427" />
<ACTION_ASPECTUAL m_id="84" RELATED_TO="" TAG_DESCRIPTOR="t1_continue_to_flout" instance_id="ACT16067693336122945" />
<TIME_REPETITION m_id="83" RELATED_TO="" TAG_DESCRIPTOR="t1_prior" instance_id="TIM16069925311619117" />
<ACTION_OCCURRENCE m_id="82" RELATED_TO="" TAG_DESCRIPTOR="t1_court_ordered" instance_id="ACT15986155918997087" />
</Markables>

<Relations>
<CROSS_DOC_COREF r_id="24512" note="ACT15832182464413376" >
  <source m_id="25" />
  <target m_id="65" />
</CROSS_DOC_COREF>
<CROSS_DOC_COREF r_id="24513" note="ACT16069684047430409" >
  <source m_id="36" />
  <target m_id="66" />
</CROSS_DOC_COREF>
<CROSS_DOC_COREF r_id="24514" note="ACT16068872680707370" >
  <source m_id="40" />
  <target m_id="67" />
</CROSS_DOC_COREF>
<CROSS_DOC_COREF r_id="24515" note="HUM16026605402957446" >
  <source m_id="35" />
  <target m_id="68" />
</CROSS_DOC_COREF>
<CROSS_DOC_COREF r_id="24516" note="TIM15992419152288715" >
  <source m_id="48" />
  <source m_id="37" />
  <target m_id="69" />
</CROSS_DOC_COREF>
<CROSS_DOC_COREF r_id="24517" note="HUM16069824318674606" >
  <source m_id="18" />
  <source m_id="42" />
  <target m_id="70" />
</CROSS_DOC_COREF>
<CROSS_DOC_COREF r_id="24518" note="ACT15738091639707092" >
  <source m_id="30" />
  <source m_id="20" />
  <source m_id="32" />
  <source m_id="16" />
  <target m_id="71" />
</CROSS_DOC_COREF>
<CROSS_DOC_COREF r_id="24519" note="TIM15988436785990721" >
  <source m_id="28" />
  <target m_id="72" />
</CROSS_DOC_COREF>
<CROSS_DOC_COREF r_id="24520" note="HUM16069832214901832" >
  <source m_id="21" />
  <target m_id="73" />
</CROSS_DOC_COREF>
<CROSS_DOC_COREF r_id="24521" note="TIM15998029857574811" >
  <source m_id="56" />
  <target m_id="74" />
</CROSS_DOC_COREF>
<CROSS_DOC_COREF r_id="24522" note="HUM16069777087388471" >
  <source m_id="58" />
  <target m_id="75" />
</CROSS_DOC_COREF>
<CROSS_DOC_COREF r_id="24523" note="ACT16068930879330144" >
  <source m_id="61" />
  <source m_id="31" />
  <target m_id="76" />
</CROSS_DOC_COREF>
<CROSS_DOC_COREF r_id="24524" note="TIM16069935931195512" >
  <source m_id="44" />
  <target m_id="77" />
</CROSS_DOC_COREF>
<CROSS_DOC_COREF r_id="24525" note="ACT16068033182990901" >
  <source m_id="26" />
  <target m_id="78" />
</CROSS_DOC_COREF>
<CROSS_DOC_COREF r_id="24526" note="ACT15829806620339793" >
  <source m_id="33" />
  <target m_id="79" />
</CROSS_DOC_COREF>
<CROSS_DOC_COREF r_id="24527" note="TIM15737539387899295" >
  <source m_id="49" />
  <target m_id="80" />
</CROSS_DOC_COREF>
<CROSS_DOC_COREF r_id="24528" note="ACT15736700251185985" >
  <source m_id="62" />
  <source m_id="63" />
  <target m_id="81" />
</CROSS_DOC_COREF>
<CROSS_DOC_COREF r_id="24529" note="ACT15986155918997087" >
  <source m_id="57" />
  <target m_id="82" />
</CROSS_DOC_COREF>
<CROSS_DOC_COREF r_id="24530" note="TIM16069925311619117" >
  <source m_id="46" />
  <target m_id="83" />
</CROSS_DOC_COREF>
<CROSS_DOC_COREF r_id="24531" note="ACT16067693336122945" >
  <source m_id="39" />
  <target m_id="84" />
</CROSS_DOC_COREF>
<CROSS_DOC_COREF r_id="24532" note="ACT16069493232495427" >
  <source m_id="24" />
  <target m_id="85" />
</CROSS_DOC_COREF>
<CROSS_DOC_COREF r_id="24533" note="ACT16069521278690702" >
  <source m_id="22" />
  <target m_id="86" />
</CROSS_DOC_COREF>
<CROSS_DOC_COREF r_id="24534" note="NEG15992276401966735" >
  <source m_id="64" />
  <target m_id="87" />
</CROSS_DOC_COREF>
<CROSS_DOC_COREF r_id="24535" note="HUM16069738500985838" >
  <source m_id="23" />
  <target m_id="88" />
</CROSS_DOC_COREF>
<CROSS_DOC_COREF r_id="24536" note="ACT16068908704799932" >
  <source m_id="29" />
  <target m_id="89" />
</CROSS_DOC_COREF>
<CROSS_DOC_COREF r_id="24537" note="LOC15733316663614047" >
  <source m_id="27" />
  <source m_id="50" />
  <target m_id="90" />
</CROSS_DOC_COREF>
<CROSS_DOC_COREF r_id="24538" note="HUM15732980283919140" >
  <source m_id="9" />
  <source m_id="5" />
  <source m_id="11" />
  <source m_id="10" />
  <source m_id="6" />
  <source m_id="12" />
  <source m_id="8" />
  <source m_id="7" />
  <source m_id="3" />
  <source m_id="13" />
  <target m_id="91" />
</CROSS_DOC_COREF>
<CROSS_DOC_COREF r_id="24539" note="LOC15734326865367655" >
  <source m_id="47" />
  <source m_id="43" />
  <source m_id="51" />
  <source m_id="55" />
  <source m_id="17" />
  <source m_id="15" />
  <source m_id="53" />
  <target m_id="92" />
</CROSS_DOC_COREF>
<CROSS_DOC_COREF r_id="24540" note="ACT15731960743446934" >
  <source m_id="41" />
  <target m_id="93" />
</CROSS_DOC_COREF>
<CROSS_DOC_COREF r_id="24541" note="HUM15829977106103480" >
  <source m_id="34" />
  <target m_id="94" />
</CROSS_DOC_COREF>

</Relations>
</Document>
