<Document doc_name="1_17ecb.xml" doc_id="DOC15653230945099687">
<token t_id="1" sentence="0" number="0">The</token>
<token t_id="2" sentence="0" number="1">good</token>
<token t_id="3" sentence="0" number="2">news</token>
<token t_id="4" sentence="0" number="3">is</token>
<token t_id="5" sentence="0" number="4">that</token>
<token t_id="6" sentence="0" number="5">Tara</token>
<token t_id="7" sentence="0" number="6">Reid</token>
<token t_id="8" sentence="0" number="7">is</token>
<token t_id="9" sentence="0" number="8">getting</token>
<token t_id="10" sentence="0" number="9">help</token>
<token t_id="11" sentence="0" number="10">,</token>
<token t_id="12" sentence="0" number="11">according</token>
<token t_id="13" sentence="0" number="12">to</token>
<token t_id="14" sentence="0" number="13">People</token>
<token t_id="15" sentence="0" number="14">Magazine</token>
<token t_id="16" sentence="0" number="15">,</token>
<token t_id="17" sentence="0" number="16">for</token>
<token t_id="18" sentence="0" number="17">boozing</token>
<token t_id="19" sentence="0" number="18">it</token>
<token t_id="20" sentence="0" number="19">up</token>
<token t_id="21" sentence="0" number="20">too</token>
<token t_id="22" sentence="0" number="21">much</token>
<token t_id="23" sentence="0" number="22">.</token>
<token t_id="24" sentence="1" number="0">``</token>
<token t_id="25" sentence="1" number="1">Tara</token>
<token t_id="26" sentence="1" number="2">Reid</token>
<token t_id="27" sentence="1" number="3">has</token>
<token t_id="28" sentence="1" number="4">checked</token>
<token t_id="29" sentence="1" number="5">herself</token>
<token t_id="30" sentence="1" number="6">into</token>
<token t_id="31" sentence="1" number="7">Promises</token>
<token t_id="32" sentence="1" number="8">Treatment</token>
<token t_id="33" sentence="1" number="9">Center</token>
<token t_id="34" sentence="1" number="10">.</token>
<token t_id="35" sentence="2" number="0">We</token>
<token t_id="36" sentence="2" number="1">appreciate</token>
<token t_id="37" sentence="2" number="2">your</token>
<token t_id="38" sentence="2" number="3">respect</token>
<token t_id="39" sentence="2" number="4">to</token>
<token t_id="40" sentence="2" number="5">her</token>
<token t_id="41" sentence="2" number="6">and</token>
<token t_id="42" sentence="2" number="7">her</token>
<token t_id="43" sentence="2" number="8">family</token>
<token t_id="44" sentence="2" number="9">'s</token>
<token t_id="45" sentence="2" number="10">privacy</token>
<token t_id="46" sentence="2" number="11">at</token>
<token t_id="47" sentence="2" number="12">this</token>
<token t_id="48" sentence="2" number="13">time</token>
<token t_id="49" sentence="2" number="14">,</token>
<token t_id="50" sentence="2" number="15">''</token>
<token t_id="51" sentence="2" number="16">the</token>
<token t_id="52" sentence="2" number="17">actress</token>
<token t_id="53" sentence="2" number="18">'s</token>
<token t_id="54" sentence="2" number="19">rep</token>
<token t_id="55" sentence="2" number="20">Jack</token>
<token t_id="56" sentence="2" number="21">Ketsoyan</token>
<token t_id="57" sentence="2" number="22">tells</token>
<token t_id="58" sentence="2" number="23">PEOPLE</token>
<token t_id="59" sentence="2" number="24">.</token>
<token t_id="60" sentence="3" number="0">The</token>
<token t_id="61" sentence="3" number="1">rep</token>
<token t_id="62" sentence="3" number="2">would</token>
<token t_id="63" sentence="3" number="3">not</token>
<token t_id="64" sentence="3" number="4">reveal</token>
<token t_id="65" sentence="3" number="5">what</token>
<token t_id="66" sentence="3" number="6">Reid</token>
<token t_id="67" sentence="3" number="7">,</token>
<token t_id="68" sentence="3" number="8">33</token>
<token t_id="69" sentence="3" number="9">,</token>
<token t_id="70" sentence="3" number="10">is</token>
<token t_id="71" sentence="3" number="11">being</token>
<token t_id="72" sentence="3" number="12">treated</token>
<token t_id="73" sentence="3" number="13">for</token>
<token t_id="74" sentence="3" number="14">.</token>
<token t_id="75" sentence="4" number="0">The</token>
<token t_id="76" sentence="4" number="1">even</token>
<token t_id="77" sentence="4" number="2">better</token>
<token t_id="78" sentence="4" number="3">news</token>
<token t_id="79" sentence="4" number="4">is</token>
<token t_id="80" sentence="4" number="5">that</token>
<token t_id="81" sentence="4" number="6">her</token>
<token t_id="82" sentence="4" number="7">boobs</token>
<token t_id="83" sentence="4" number="8">are</token>
<token t_id="84" sentence="4" number="9">still</token>
<token t_id="85" sentence="4" number="10">big</token>
<token t_id="86" sentence="4" number="11">.</token>
<token t_id="87" sentence="5" number="0">The</token>
<token t_id="88" sentence="5" number="1">bad</token>
<token t_id="89" sentence="5" number="2">news</token>
<token t_id="90" sentence="5" number="3">is</token>
<token t_id="91" sentence="5" number="4">that</token>
<token t_id="92" sentence="5" number="5">they</token>
<token t_id="93" sentence="5" number="6">are</token>
<token t_id="94" sentence="5" number="7">crooked</token>
<token t_id="95" sentence="5" number="8">,</token>
<token t_id="96" sentence="5" number="9">a</token>
<token t_id="97" sentence="5" number="10">bit</token>
<token t_id="98" sentence="5" number="11">off-tilt</token>
<token t_id="99" sentence="5" number="12">,</token>
<token t_id="100" sentence="5" number="13">if</token>
<token t_id="101" sentence="5" number="14">you</token>
<token t_id="102" sentence="5" number="15">will</token>
<token t_id="103" sentence="5" number="16">.</token>
<token t_id="104" sentence="6" number="0">Tara</token>
<token t_id="105" sentence="6" number="1">is</token>
<token t_id="106" sentence="6" number="2">not</token>
<token t_id="107" sentence="6" number="3">going</token>
<token t_id="108" sentence="6" number="4">to</token>
<token t_id="109" sentence="6" number="5">enjoy</token>
<token t_id="110" sentence="6" number="6">Promises</token>
<token t_id="111" sentence="6" number="7">,</token>
<token t_id="112" sentence="6" number="8">there</token>
<token t_id="113" sentence="6" number="9">is</token>
<token t_id="114" sentence="6" number="10">no</token>
<token t_id="115" sentence="6" number="11">open</token>
<token t_id="116" sentence="6" number="12">bar</token>
<token t_id="117" sentence="6" number="13">,</token>
<token t_id="118" sentence="6" number="14">from</token>
<token t_id="119" sentence="6" number="15">what</token>
<token t_id="120" sentence="6" number="16">I</token>
<token t_id="121" sentence="6" number="17">understand</token>
<token t_id="122" sentence="6" number="18">.</token>
<token t_id="123" sentence="7" number="0">Do</token>
<token t_id="124" sentence="7" number="1">n't</token>
<token t_id="125" sentence="7" number="2">forget</token>
<token t_id="126" sentence="7" number="3">to</token>
<token t_id="127" sentence="7" number="4">tip</token>
<token t_id="128" sentence="7" number="5">your</token>
<token t_id="129" sentence="7" number="6">waitresses</token>
<token t_id="130" sentence="7" number="7">and</token>
<token t_id="131" sentence="7" number="8">waiters</token>
<token t_id="132" sentence="7" number="9">Tara</token>
<token t_id="133" sentence="7" number="10">.</token>
<token t_id="134" sentence="8" number="0">This</token>
<token t_id="135" sentence="8" number="1">is</token>
<token t_id="136" sentence="8" number="2">such</token>
<token t_id="137" sentence="8" number="3">a</token>
<token t_id="138" sentence="8" number="4">warm</token>
<token t_id="139" sentence="8" number="5">holiday</token>
<token t_id="140" sentence="8" number="6">story</token>
<token t_id="141" sentence="8" number="7">,</token>
<token t_id="142" sentence="8" number="8">I</token>
<token t_id="143" sentence="8" number="9">am</token>
<token t_id="144" sentence="8" number="10">about</token>
<token t_id="145" sentence="8" number="11">to</token>
<token t_id="146" sentence="8" number="12">melt</token>
<token t_id="147" sentence="8" number="13">.</token>
<token t_id="148" sentence="9" number="0">I</token>
<token t_id="149" sentence="9" number="1">wonder</token>
<token t_id="150" sentence="9" number="2">what</token>
<token t_id="151" sentence="9" number="3">this</token>
<token t_id="152" sentence="9" number="4">means</token>
<token t_id="153" sentence="9" number="5">for</token>
<token t_id="154" sentence="9" number="6">MTV</token>
<token t_id="155" sentence="9" number="7">'s</token>
<token t_id="156" sentence="9" number="8">beach</token>
<token t_id="157" sentence="9" number="9">house</token>
<token t_id="158" sentence="9" number="10">,</token>
<token t_id="159" sentence="9" number="11">where</token>
<token t_id="160" sentence="9" number="12">Tara</token>
<token t_id="161" sentence="9" number="13">'s</token>
<token t_id="162" sentence="9" number="14">crooked</token>
<token t_id="163" sentence="9" number="15">boobs</token>
<token t_id="164" sentence="9" number="16">are</token>
<token t_id="165" sentence="9" number="17">somewhat</token>
<token t_id="166" sentence="9" number="18">of</token>
<token t_id="167" sentence="9" number="19">an</token>
<token t_id="168" sentence="9" number="20">iconic</token>
<token t_id="169" sentence="9" number="21">symbol</token>
<token t_id="170" sentence="9" number="22">for</token>
<token t_id="171" sentence="9" number="23">the</token>
<token t_id="172" sentence="9" number="24">show</token>
<token t_id="173" sentence="9" number="25">?</token>
<token t_id="174" sentence="10" number="0">This</token>
<token t_id="175" sentence="10" number="1">could</token>
<token t_id="176" sentence="10" number="2">get</token>
<token t_id="177" sentence="10" number="3">interesting</token>
<token t_id="178" sentence="10" number="4">.</token>
<Markables>
<ACTION_OCCURRENCE m_id="22"  >
  <token_anchor t_id="3"/>
</ACTION_OCCURRENCE>
<ACTION_OCCURRENCE m_id="29"  >
  <token_anchor t_id="36"/>
</ACTION_OCCURRENCE>
<ACTION_OCCURRENCE m_id="14"  >
  <token_anchor t_id="9"/>
</ACTION_OCCURRENCE>
<ACTION_OCCURRENCE m_id="15"  >
  <token_anchor t_id="10"/>
</ACTION_OCCURRENCE>
<ACTION_OCCURRENCE m_id="18"  >
  <token_anchor t_id="18"/>
  <token_anchor t_id="19"/>
  <token_anchor t_id="20"/>
</ACTION_OCCURRENCE>
<ACTION_REPORTING m_id="25"  >
  <token_anchor t_id="57"/>
</ACTION_REPORTING>
<ACTION_REPORTING m_id="28"  >
  <token_anchor t_id="12"/>
  <token_anchor t_id="13"/>
</ACTION_REPORTING>
<ACTION_STATE m_id="20"  >
  <token_anchor t_id="45"/>
</ACTION_STATE>
<ACTION_STATE m_id="21"  >
  <token_anchor t_id="38"/>
</ACTION_STATE>
<HUMAN_PART_GENERIC m_id="30"  >
  <token_anchor t_id="37"/>
</HUMAN_PART_GENERIC>
<HUMAN_PART_MET m_id="23"  >
  <token_anchor t_id="14"/>
  <token_anchor t_id="15"/>
</HUMAN_PART_MET>
<HUMAN_PART_MET m_id="24"  >
  <token_anchor t_id="58"/>
</HUMAN_PART_MET>
<HUMAN_PART_PER m_id="26"  >
  <token_anchor t_id="55"/>
  <token_anchor t_id="56"/>
</HUMAN_PART_PER>
<HUMAN_PART_PER m_id="27"  >
  <token_anchor t_id="35"/>
</HUMAN_PART_PER>
<HUMAN_PART_PER m_id="16"  >
  <token_anchor t_id="6"/>
  <token_anchor t_id="7"/>
</HUMAN_PART_PER>
<HUMAN_PART_PER m_id="17"  >
  <token_anchor t_id="40"/>
</HUMAN_PART_PER>
<HUMAN_PART_PER m_id="19"  >
  <token_anchor t_id="43"/>
</HUMAN_PART_PER>


<ACTION_OCCURRENCE m_id="31" note="byCROMER" >
  <token_anchor t_id="28"/>
  <token_anchor t_id="30"/>
</ACTION_OCCURRENCE>
<HUMAN_PART_PER m_id="32" note="byCROMER" >
  <token_anchor t_id="25"/>
  <token_anchor t_id="26"/>
</HUMAN_PART_PER>
<LOC_FAC m_id="33" note="byCROMER" >
  <token_anchor t_id="31"/>
  <token_anchor t_id="32"/>
  <token_anchor t_id="33"/>
</LOC_FAC>


<ACTION_OCCURRENCE m_id="39" RELATED_TO="" TAG_DESCRIPTOR="t1b_getting_help" instance_id="ACT17757148989750169" />
<HUMAN_PART_PER m_id="38" RELATED_TO="" TAG_DESCRIPTOR="t1b_family" instance_id="HUM17392465282479574" />
<ACTION_OCCURRENCE m_id="37" RELATED_TO="" TAG_DESCRIPTOR="t1b_appreciate_respect_privacy" instance_id="ACT16190317460457265" />
<ACTION_REPORTING m_id="36" RELATED_TO="" TAG_DESCRIPTOR="t1b_according_to_people" instance_id="ACT16190354487935649" />
<LOC_FAC m_id="35" RELATED_TO="" TAG_DESCRIPTOR="t1b_promises_maliby" instance_id="LOC16235213289813758" />
<HUMAN_PART_PER m_id="34" RELATED_TO="" TAG_DESCRIPTOR="t1b_we_rep_and_reid" instance_id="HUM16190455117756553" />
<ACTION_OCCURRENCE m_id="49" RELATED_TO="" TAG_DESCRIPTOR="t1b_checking_in_promises" instance_id="ACT16236402809085484" />
<ACTION_OCCURRENCE m_id="48" RELATED_TO="" TAG_DESCRIPTOR="t1b_help" instance_id="ACT17757159242353715" />
<ACTION_OCCURRENCE m_id="47" RELATED_TO="" TAG_DESCRIPTOR="t1b_news_tara_to_rehab" instance_id="ACT16190337369200659" />
<ACTION_STATE m_id="46" RELATED_TO="" TAG_DESCRIPTOR="t1b_respect_for_privacy" instance_id="ACT16190427408604618" />
<ACTION_STATE m_id="45" RELATED_TO="" TAG_DESCRIPTOR="t1b_privacy_reid_and_family" instance_id="ACT16190411685595212" />
<HUMAN_PART_PER m_id="44" RELATED_TO="" TAG_DESCRIPTOR="t1b_tara_reid" instance_id="HUM16236184328979740" />
<HUMAN_PART_MET m_id="43" RELATED_TO="" TAG_DESCRIPTOR="t1b_people_magazine" instance_id="HUM16285687682097521" />
<ACTION_REPORTING m_id="42" RELATED_TO="" TAG_DESCRIPTOR="t1b_publicist_statement_reid_in_rehab_and_respect_privacy" instance_id="ACT16235311629112331" />
<HUMAN_PART_GENERIC m_id="41" RELATED_TO="" TAG_DESCRIPTOR="t1b_your_respect" instance_id="HUM16190472604309407" />
<HUMAN_PART_PER m_id="40" RELATED_TO="" TAG_DESCRIPTOR="t1b_rep" instance_id="HUM16284637796168708" />
</Markables>

<Relations>
<CROSS_DOC_COREF r_id="37661" note="HUM16190455117756553" >
  <source m_id="27" />
  <target m_id="34" />
</CROSS_DOC_COREF>
<CROSS_DOC_COREF r_id="37662" note="LOC16235213289813758" >
  <source m_id="33" />
  <target m_id="35" />
</CROSS_DOC_COREF>
<CROSS_DOC_COREF r_id="37663" note="ACT16190354487935649" >
  <source m_id="28" />
  <target m_id="36" />
</CROSS_DOC_COREF>
<CROSS_DOC_COREF r_id="37664" note="ACT16190317460457265" >
  <source m_id="29" />
  <target m_id="37" />
</CROSS_DOC_COREF>
<CROSS_DOC_COREF r_id="37665" note="HUM17392465282479574" >
  <source m_id="19" />
  <target m_id="38" />
</CROSS_DOC_COREF>
<CROSS_DOC_COREF r_id="37666" note="ACT17757148989750169" >
  <source m_id="14" />
  <target m_id="39" />
</CROSS_DOC_COREF>
<CROSS_DOC_COREF r_id="37667" note="HUM16284637796168708" >
  <source m_id="26" />
  <target m_id="40" />
</CROSS_DOC_COREF>
<CROSS_DOC_COREF r_id="37668" note="HUM16190472604309407" >
  <source m_id="30" />
  <target m_id="41" />
</CROSS_DOC_COREF>
<CROSS_DOC_COREF r_id="37669" note="ACT16235311629112331" >
  <source m_id="25" />
  <target m_id="42" />
</CROSS_DOC_COREF>
<CROSS_DOC_COREF r_id="37670" note="HUM16285687682097521" >
  <source m_id="23" />
  <source m_id="24" />
  <target m_id="43" />
</CROSS_DOC_COREF>
<CROSS_DOC_COREF r_id="37671" note="HUM16236184328979740" >
  <source m_id="32" />
  <source m_id="16" />
  <source m_id="17" />
  <target m_id="44" />
</CROSS_DOC_COREF>
<CROSS_DOC_COREF r_id="37672" note="ACT16190411685595212" >
  <source m_id="20" />
  <target m_id="45" />
</CROSS_DOC_COREF>
<CROSS_DOC_COREF r_id="37673" note="ACT16190427408604618" >
  <source m_id="21" />
  <target m_id="46" />
</CROSS_DOC_COREF>
<CROSS_DOC_COREF r_id="37674" note="ACT16190337369200659" >
  <source m_id="22" />
  <target m_id="47" />
</CROSS_DOC_COREF>
<CROSS_DOC_COREF r_id="37675" note="ACT17757159242353715" >
  <source m_id="15" />
  <target m_id="48" />
</CROSS_DOC_COREF>
<CROSS_DOC_COREF r_id="37676" note="ACT16236402809085484" >
  <source m_id="31" />
  <target m_id="49" />
</CROSS_DOC_COREF>

</Relations>
</Document>
