<Document doc_name="1_18ecb.xml" doc_id="DOC15653231022166557">
<token t_id="1" sentence="0" number="0">The</token>
<token t_id="2" sentence="0" number="1">notorious</token>
<token t_id="3" sentence="0" number="2">party</token>
<token t_id="4" sentence="0" number="3">girl</token>
<token t_id="5" sentence="0" number="4">,</token>
<token t_id="6" sentence="0" number="5">who</token>
<token t_id="7" sentence="0" number="6">makes</token>
<token t_id="8" sentence="0" number="7">headlines</token>
<token t_id="9" sentence="0" number="8">for</token>
<token t_id="10" sentence="0" number="9">her</token>
<token t_id="11" sentence="0" number="10">wild</token>
<token t_id="12" sentence="0" number="11">antics</token>
<token t_id="13" sentence="0" number="12">and</token>
<token t_id="14" sentence="0" number="13">plastic</token>
<token t_id="15" sentence="0" number="14">surgery-enhanced</token>
<token t_id="16" sentence="0" number="15">figure</token>
<token t_id="17" sentence="0" number="16">,</token>
<token t_id="18" sentence="0" number="17">had</token>
<token t_id="19" sentence="0" number="18">checked</token>
<token t_id="20" sentence="0" number="19">into</token>
<token t_id="21" sentence="0" number="20">the</token>
<token t_id="22" sentence="0" number="21">Promises</token>
<token t_id="23" sentence="0" number="22">Treatment</token>
<token t_id="24" sentence="0" number="23">Centre</token>
<token t_id="25" sentence="0" number="24">in</token>
<token t_id="26" sentence="0" number="25">Malibu</token>
<token t_id="27" sentence="0" number="26">,</token>
<token t_id="28" sentence="0" number="27">her</token>
<token t_id="29" sentence="0" number="28">publicist</token>
<token t_id="30" sentence="0" number="29">confirmed</token>
<token t_id="31" sentence="0" number="30">.</token>
<token t_id="32" sentence="1" number="0">He</token>
<token t_id="33" sentence="1" number="1">did</token>
<token t_id="34" sentence="1" number="2">not</token>
<token t_id="35" sentence="1" number="3">say</token>
<token t_id="36" sentence="1" number="4">what</token>
<token t_id="37" sentence="1" number="5">Reid</token>
<token t_id="38" sentence="1" number="6">was</token>
<token t_id="39" sentence="1" number="7">being</token>
<token t_id="40" sentence="1" number="8">treated</token>
<token t_id="41" sentence="1" number="9">for</token>
<token t_id="42" sentence="1" number="10">.</token>
<token t_id="43" sentence="2" number="0">``</token>
<token t_id="44" sentence="2" number="1">We</token>
<token t_id="45" sentence="2" number="2">appreciate</token>
<token t_id="46" sentence="2" number="3">your</token>
<token t_id="47" sentence="2" number="4">respect</token>
<token t_id="48" sentence="2" number="5">to</token>
<token t_id="49" sentence="2" number="6">her</token>
<token t_id="50" sentence="2" number="7">and</token>
<token t_id="51" sentence="2" number="8">her</token>
<token t_id="52" sentence="2" number="9">family</token>
<token t_id="53" sentence="2" number="10">'s</token>
<token t_id="54" sentence="2" number="11">privacy</token>
<token t_id="55" sentence="2" number="12">at</token>
<token t_id="56" sentence="2" number="13">this</token>
<token t_id="57" sentence="2" number="14">time</token>
<token t_id="58" sentence="2" number="15">,</token>
<token t_id="59" sentence="2" number="16">''</token>
<token t_id="60" sentence="2" number="17">he</token>
<token t_id="61" sentence="2" number="18">said</token>
<token t_id="62" sentence="2" number="19">.</token>
<token t_id="63" sentence="3" number="0">Reid</token>
<token t_id="64" sentence="3" number="1">,</token>
<token t_id="65" sentence="3" number="2">33</token>
<token t_id="66" sentence="3" number="3">,</token>
<token t_id="67" sentence="3" number="4">was</token>
<token t_id="68" sentence="3" number="5">infamously</token>
<token t_id="69" sentence="3" number="6">photographed</token>
<token t_id="70" sentence="3" number="7">topless</token>
<token t_id="71" sentence="3" number="8">on</token>
<token t_id="72" sentence="3" number="9">the</token>
<token t_id="73" sentence="3" number="10">red</token>
<token t_id="74" sentence="3" number="11">carpet</token>
<token t_id="75" sentence="3" number="12">when</token>
<token t_id="76" sentence="3" number="13">her</token>
<token t_id="77" sentence="3" number="14">dress</token>
<token t_id="78" sentence="3" number="15">slipped</token>
<token t_id="79" sentence="3" number="16">off</token>
<token t_id="80" sentence="3" number="17">,</token>
<token t_id="81" sentence="3" number="18">exposing</token>
<token t_id="82" sentence="3" number="19">one</token>
<token t_id="83" sentence="3" number="20">of</token>
<token t_id="84" sentence="3" number="21">her</token>
<token t_id="85" sentence="3" number="22">breasts</token>
<token t_id="86" sentence="3" number="23">.</token>
<token t_id="87" sentence="4" number="0">Reid</token>
<token t_id="88" sentence="4" number="1">has</token>
<token t_id="89" sentence="4" number="2">starred</token>
<token t_id="90" sentence="4" number="3">in</token>
<token t_id="91" sentence="4" number="4">American</token>
<token t_id="92" sentence="4" number="5">Pie</token>
<token t_id="93" sentence="4" number="6">,</token>
<token t_id="94" sentence="4" number="7">and</token>
<token t_id="95" sentence="4" number="8">had</token>
<token t_id="96" sentence="4" number="9">a</token>
<token t_id="97" sentence="4" number="10">guest</token>
<token t_id="98" sentence="4" number="11">role</token>
<token t_id="99" sentence="4" number="12">in</token>
<token t_id="100" sentence="4" number="13">television</token>
<token t_id="101" sentence="4" number="14">sitcom</token>
<token t_id="102" sentence="4" number="15">Scrubs</token>
<token t_id="103" sentence="4" number="16">.</token>
<token t_id="104" sentence="5" number="0">She</token>
<token t_id="105" sentence="5" number="1">has</token>
<token t_id="106" sentence="5" number="2">admitted</token>
<token t_id="107" sentence="5" number="3">several</token>
<token t_id="108" sentence="5" number="4">of</token>
<token t_id="109" sentence="5" number="5">her</token>
<token t_id="110" sentence="5" number="6">cosmetic</token>
<token t_id="111" sentence="5" number="7">surgery</token>
<token t_id="112" sentence="5" number="8">enhancements</token>
<token t_id="113" sentence="5" number="9">were</token>
<token t_id="114" sentence="5" number="10">botched</token>
<token t_id="115" sentence="5" number="11">.</token>
<token t_id="116" sentence="6" number="0">She</token>
<token t_id="117" sentence="6" number="1">last</token>
<token t_id="118" sentence="6" number="2">month</token>
<token t_id="119" sentence="6" number="3">dumped</token>
<token t_id="120" sentence="6" number="4">her</token>
<token t_id="121" sentence="6" number="5">manager</token>
<token t_id="122" sentence="6" number="6">in</token>
<token t_id="123" sentence="6" number="7">an</token>
<token t_id="124" sentence="6" number="8">attempt</token>
<token t_id="125" sentence="6" number="9">to</token>
<token t_id="126" sentence="6" number="10">clean</token>
<token t_id="127" sentence="6" number="11">up</token>
<token t_id="128" sentence="6" number="12">her</token>
<token t_id="129" sentence="6" number="13">image</token>
<token t_id="130" sentence="6" number="14">.</token>
<Markables>
<ACTION_OCCURRENCE m_id="19"  >
  <token_anchor t_id="12"/>
</ACTION_OCCURRENCE>
<ACTION_OCCURRENCE m_id="16"  >
  <token_anchor t_id="19"/>
  <token_anchor t_id="20"/>
</ACTION_OCCURRENCE>
<ACTION_OCCURRENCE m_id="17"  >
  <token_anchor t_id="7"/>
</ACTION_OCCURRENCE>
<HUMAN_PART_PER m_id="10"  >
  <token_anchor t_id="29"/>
</HUMAN_PART_PER>
<HUMAN_PART_PER m_id="11"  >
  <token_anchor t_id="6"/>
</HUMAN_PART_PER>
<HUMAN_PART_PER m_id="12"  >
  <token_anchor t_id="4"/>
</HUMAN_PART_PER>
<HUMAN_PART_PER m_id="13"  >
  <token_anchor t_id="10"/>
</HUMAN_PART_PER>
<LOC_FAC m_id="21"  >
  <token_anchor t_id="21"/>
  <token_anchor t_id="22"/>
  <token_anchor t_id="23"/>
  <token_anchor t_id="24"/>
  <token_anchor t_id="25"/>
  <token_anchor t_id="26"/>
</LOC_FAC>
<NON_HUMAN_PART m_id="18"  >
  <token_anchor t_id="8"/>
</NON_HUMAN_PART>
<NON_HUMAN_PART m_id="14"  >
  <token_anchor t_id="16"/>
</NON_HUMAN_PART>


<ACTION_REPORTING m_id="22" note="byCROMER" >
  <token_anchor t_id="30"/>
</ACTION_REPORTING>
<ACTION_STATE m_id="23" note="byCROMER" >
  <token_anchor t_id="15"/>
</ACTION_STATE>


<ACTION_OCCURRENCE m_id="32" RELATED_TO="" TAG_DESCRIPTOR="t1b_checking_in_promises" instance_id="ACT16236402809085484" />
<NON_HUMAN_PART m_id="31" RELATED_TO="" TAG_DESCRIPTOR="t1b_headlines" instance_id="NON16235259290300144" />
<NON_HUMAN_PART m_id="30" RELATED_TO="" TAG_DESCRIPTOR="t1b_reid_figure" instance_id="NON16235236247965825" />
<HUMAN_PART_PER m_id="29" RELATED_TO="" TAG_DESCRIPTOR="t1b_rep" instance_id="HUM16284637796168708" />
<HUMAN_PART_PER m_id="28" RELATED_TO="" TAG_DESCRIPTOR="t1b_tara_reid" instance_id="HUM16236184328979740" />
<LOC_FAC m_id="27" RELATED_TO="" TAG_DESCRIPTOR="t1b_promises_maliby" instance_id="LOC16235213289813758" />
<ACTION_OCCURRENCE m_id="26" RELATED_TO="" TAG_DESCRIPTOR="t1b_reid_antics" instance_id="ACT16235144745178668" />
<ACTION_STATE m_id="25" RELATED_TO="" TAG_DESCRIPTOR="t1b_surgery_enhanced_figure" instance_id="ACT16235193659391065" />
<ACTION_REPORTING m_id="24" RELATED_TO="" TAG_DESCRIPTOR="t1b_publicist_statement_reid_in_rehab_and_respect_privacy" instance_id="ACT16235311629112331" />
</Markables>

<Relations>
<CROSS_DOC_COREF r_id="37668" note="ACT16235311629112331" >
  <source m_id="22" />
  <target m_id="24" />
</CROSS_DOC_COREF>
<CROSS_DOC_COREF r_id="37669" note="ACT16235193659391065" >
  <source m_id="23" />
  <target m_id="25" />
</CROSS_DOC_COREF>
<CROSS_DOC_COREF r_id="37670" note="ACT16235144745178668" >
  <source m_id="19" />
  <target m_id="26" />
</CROSS_DOC_COREF>
<CROSS_DOC_COREF r_id="37671" note="LOC16235213289813758" >
  <source m_id="21" />
  <target m_id="27" />
</CROSS_DOC_COREF>
<CROSS_DOC_COREF r_id="37672" note="HUM16236184328979740" >
  <source m_id="13" />
  <source m_id="11" />
  <source m_id="12" />
  <target m_id="28" />
</CROSS_DOC_COREF>
<CROSS_DOC_COREF r_id="37673" note="HUM16284637796168708" >
  <source m_id="10" />
  <target m_id="29" />
</CROSS_DOC_COREF>
<CROSS_DOC_COREF r_id="37674" note="NON16235236247965825" >
  <source m_id="14" />
  <target m_id="30" />
</CROSS_DOC_COREF>
<CROSS_DOC_COREF r_id="37675" note="NON16235259290300144" >
  <source m_id="18" />
  <target m_id="31" />
</CROSS_DOC_COREF>
<CROSS_DOC_COREF r_id="37676" note="ACT16236402809085484" >
  <source m_id="16" />
  <target m_id="32" />
</CROSS_DOC_COREF>

</Relations>
</Document>
