<Document doc_name="1_19ecbplus.xml" doc_id="DOC15645930849724536">
<token t_id="1" sentence="0" number="0">http</token>
<token t_id="2" sentence="0" number="1">:</token>
<token t_id="3" sentence="0" number="2">/</token>
<token t_id="4" sentence="0" number="3">/</token>
<token t_id="5" sentence="0" number="4">www</token>
<token t_id="6" sentence="0" number="5">.</token>
<token t_id="7" sentence="0" number="6">usmagazine</token>
<token t_id="8" sentence="0" number="7">.</token>
<token t_id="9" sentence="0" number="8">com</token>
<token t_id="10" sentence="0" number="9">/</token>
<token t_id="11" sentence="0" number="10">celebrity</token>
<token t_id="12" sentence="0" number="11">-</token>
<token t_id="13" sentence="0" number="12">news</token>
<token t_id="14" sentence="0" number="13">/</token>
<token t_id="15" sentence="0" number="14">news</token>
<token t_id="16" sentence="0" number="15">/</token>
<token t_id="17" sentence="0" number="16">lindsay</token>
<token t_id="18" sentence="0" number="17">-</token>
<token t_id="19" sentence="0" number="18">lohan</token>
<token t_id="20" sentence="0" number="19">-</token>
<token t_id="21" sentence="0" number="20">checks</token>
<token t_id="22" sentence="0" number="21">-</token>
<token t_id="23" sentence="0" number="22">into</token>
<token t_id="24" sentence="0" number="23">-</token>
<token t_id="25" sentence="0" number="24">betty</token>
<token t_id="26" sentence="0" number="25">-</token>
<token t_id="27" sentence="0" number="26">ford</token>
<token t_id="28" sentence="0" number="27">-</token>
<token t_id="29" sentence="0" number="28">clinic</token>
<token t_id="30" sentence="0" number="29">-</token>
<token t_id="31" sentence="0" number="30">rehires</token>
<token t_id="32" sentence="0" number="31">-</token>
<token t_id="33" sentence="0" number="32">attorney</token>
<token t_id="34" sentence="0" number="33">-</token>
<token t_id="35" sentence="0" number="34">shawn</token>
<token t_id="36" sentence="0" number="35">-</token>
<token t_id="37" sentence="0" number="36">holley</token>
<token t_id="38" sentence="0" number="37">-</token>
<token t_id="39" sentence="0" number="38">201335</token>
<token t_id="40" sentence="1" number="0">Lindsay</token>
<token t_id="41" sentence="1" number="1">Lohan</token>
<token t_id="42" sentence="1" number="2">Checks</token>
<token t_id="43" sentence="1" number="3">Into</token>
<token t_id="44" sentence="1" number="4">Betty</token>
<token t_id="45" sentence="1" number="5">Ford</token>
<token t_id="46" sentence="1" number="6">Clinic</token>
<token t_id="47" sentence="1" number="7">,</token>
<token t_id="48" sentence="1" number="8">Rehires</token>
<token t_id="49" sentence="1" number="9">Attorney</token>
<token t_id="50" sentence="1" number="10">Shawn</token>
<token t_id="51" sentence="1" number="11">Holley</token>
<token t_id="52" sentence="2" number="0">MAY</token>
<token t_id="53" sentence="2" number="1">3</token>
<token t_id="54" sentence="2" number="2">,</token>
<token t_id="55" sentence="2" number="3">2013</token>
<token t_id="56" sentence="2" number="4">AT</token>
<token t_id="57" sentence="2" number="5">1</token>
<token t_id="58" sentence="2" number="6">:</token>
<token t_id="59" sentence="2" number="7">10PM</token>
<token t_id="60" sentence="3" number="0">The</token>
<token t_id="61" sentence="3" number="1">26</token>
<token t_id="62" sentence="3" number="2">-</token>
<token t_id="63" sentence="3" number="3">year</token>
<token t_id="64" sentence="3" number="4">troubled</token>
<token t_id="65" sentence="3" number="5">starlet</token>
<token t_id="66" sentence="3" number="6">narrowly</token>
<token t_id="67" sentence="3" number="7">avoided</token>
<token t_id="68" sentence="3" number="8">jail</token>
<token t_id="69" sentence="3" number="9">time</token>
<token t_id="70" sentence="3" number="10">by</token>
<token t_id="71" sentence="3" number="11">checking</token>
<token t_id="72" sentence="3" number="12">into</token>
<token t_id="73" sentence="3" number="13">a</token>
<token t_id="74" sentence="3" number="14">second</token>
<token t_id="75" sentence="3" number="15">rehab</token>
<token t_id="76" sentence="3" number="16">center</token>
<token t_id="77" sentence="3" number="17">following</token>
<token t_id="78" sentence="3" number="18">her</token>
<token t_id="79" sentence="3" number="19">quick</token>
<token t_id="80" sentence="3" number="20">exit</token>
<token t_id="81" sentence="3" number="21">from</token>
<token t_id="82" sentence="3" number="22">Morningside</token>
<token t_id="83" sentence="3" number="23">Recovery</token>
<token t_id="84" sentence="3" number="24">in</token>
<token t_id="85" sentence="3" number="25">Newport</token>
<token t_id="86" sentence="3" number="26">Beach</token>
<token t_id="87" sentence="3" number="27">,</token>
<token t_id="88" sentence="3" number="28">Calif</token>
<token t_id="89" sentence="3" number="29">.</token>
<token t_id="90" sentence="3" number="30">on</token>
<token t_id="91" sentence="3" number="31">Thursday</token>
<token t_id="92" sentence="3" number="32">,</token>
<token t_id="93" sentence="3" number="33">May</token>
<token t_id="94" sentence="3" number="34">2</token>
<token t_id="95" sentence="3" number="35">.</token>
<token t_id="96" sentence="4" number="0">Santa</token>
<token t_id="97" sentence="4" number="1">Monica</token>
<token t_id="98" sentence="4" number="2">Chief</token>
<token t_id="99" sentence="4" number="3">Deputy</token>
<token t_id="100" sentence="4" number="4">City</token>
<token t_id="101" sentence="4" number="5">Attorney</token>
<token t_id="102" sentence="4" number="6">Terry</token>
<token t_id="103" sentence="4" number="7">White</token>
<token t_id="104" sentence="4" number="8">confirmed</token>
<token t_id="105" sentence="4" number="9">to</token>
<token t_id="106" sentence="4" number="10">the</token>
<token t_id="107" sentence="4" number="11">The</token>
<token t_id="108" sentence="4" number="12">Associated</token>
<token t_id="109" sentence="4" number="13">Press</token>
<token t_id="110" sentence="4" number="14">that</token>
<token t_id="111" sentence="4" number="15">Lohan</token>
<token t_id="112" sentence="4" number="16">has</token>
<token t_id="113" sentence="4" number="17">checked</token>
<token t_id="114" sentence="4" number="18">into</token>
<token t_id="115" sentence="4" number="19">an</token>
<token t_id="116" sentence="4" number="20">approved</token>
<token t_id="117" sentence="4" number="21">rehab</token>
<token t_id="118" sentence="4" number="22">facility</token>
<token t_id="119" sentence="4" number="23">.</token>
<token t_id="120" sentence="5" number="0">A</token>
<token t_id="121" sentence="5" number="1">source</token>
<token t_id="122" sentence="5" number="2">tells</token>
<token t_id="123" sentence="5" number="3">The</token>
<token t_id="124" sentence="5" number="4">Associated</token>
<token t_id="125" sentence="5" number="5">Press</token>
<token t_id="126" sentence="5" number="6">that</token>
<token t_id="127" sentence="5" number="7">the</token>
<token t_id="128" sentence="5" number="8">Liz</token>
<token t_id="129" sentence="5" number="9">&amp;</token>
<token t_id="130" sentence="5" number="10">Dick</token>
<token t_id="131" sentence="5" number="11">star</token>
<token t_id="132" sentence="5" number="12">is</token>
<token t_id="133" sentence="5" number="13">now</token>
<token t_id="134" sentence="5" number="14">receiving</token>
<token t_id="135" sentence="5" number="15">treatment</token>
<token t_id="136" sentence="5" number="16">at</token>
<token t_id="137" sentence="5" number="17">the</token>
<token t_id="138" sentence="5" number="18">Betty</token>
<token t_id="139" sentence="5" number="19">Ford</token>
<token t_id="140" sentence="5" number="20">Center</token>
<token t_id="141" sentence="5" number="21">in</token>
<token t_id="142" sentence="5" number="22">Rancho</token>
<token t_id="143" sentence="5" number="23">Mirage</token>
<token t_id="144" sentence="5" number="24">,</token>
<token t_id="145" sentence="5" number="25">Calif</token>
<token t_id="146" sentence="5" number="26">.</token>
<token t_id="147" sentence="5" number="27">where</token>
<token t_id="148" sentence="5" number="28">she</token>
<token t_id="149" sentence="5" number="29">has</token>
<token t_id="150" sentence="5" number="30">spent</token>
<token t_id="151" sentence="5" number="31">time</token>
<token t_id="152" sentence="5" number="32">before</token>
<token t_id="153" sentence="5" number="33">.</token>
<token t_id="154" sentence="6" number="0">Lohan</token>
<token t_id="155" sentence="6" number="1">caused</token>
<token t_id="156" sentence="6" number="2">a</token>
<token t_id="157" sentence="6" number="3">stir</token>
<token t_id="158" sentence="6" number="4">on</token>
<token t_id="159" sentence="6" number="5">Thursday</token>
<token t_id="160" sentence="6" number="6">after</token>
<token t_id="161" sentence="6" number="7">she</token>
<token t_id="162" sentence="6" number="8">checked</token>
<token t_id="163" sentence="6" number="9">out</token>
<token t_id="164" sentence="6" number="10">of</token>
<token t_id="165" sentence="6" number="11">Morningside</token>
<token t_id="166" sentence="6" number="12">Recovery</token>
<token t_id="167" sentence="6" number="13">after</token>
<token t_id="168" sentence="6" number="14">only</token>
<token t_id="169" sentence="6" number="15">a</token>
<token t_id="170" sentence="6" number="16">few</token>
<token t_id="171" sentence="6" number="17">minutes</token>
<token t_id="172" sentence="6" number="18">,</token>
<token t_id="173" sentence="6" number="19">risking</token>
<token t_id="174" sentence="6" number="20">jail</token>
<token t_id="175" sentence="6" number="21">time</token>
<token t_id="176" sentence="6" number="22">with</token>
<token t_id="177" sentence="6" number="23">a</token>
<token t_id="178" sentence="6" number="24">probation</token>
<token t_id="179" sentence="6" number="25">violation</token>
<token t_id="180" sentence="6" number="26">.</token>
<token t_id="181" sentence="7" number="0">Now</token>
<token t_id="182" sentence="7" number="1">that</token>
<token t_id="183" sentence="7" number="2">Lohan</token>
<token t_id="184" sentence="7" number="3">is</token>
<token t_id="185" sentence="7" number="4">back</token>
<token t_id="186" sentence="7" number="5">at</token>
<token t_id="187" sentence="7" number="6">Betty</token>
<token t_id="188" sentence="7" number="7">Ford</token>
<token t_id="189" sentence="7" number="8">Center</token>
<token t_id="190" sentence="7" number="9">,</token>
<token t_id="191" sentence="7" number="10">she</token>
<token t_id="192" sentence="7" number="11">has</token>
<token t_id="193" sentence="7" number="12">also</token>
<token t_id="194" sentence="7" number="13">decided</token>
<token t_id="195" sentence="7" number="14">to</token>
<token t_id="196" sentence="7" number="15">rehire</token>
<token t_id="197" sentence="7" number="16">her</token>
<token t_id="198" sentence="7" number="17">former</token>
<token t_id="199" sentence="7" number="18">attorney</token>
<token t_id="200" sentence="7" number="19">Shawn</token>
<token t_id="201" sentence="7" number="20">Holley</token>
<token t_id="202" sentence="7" number="21">,</token>
<token t_id="203" sentence="7" number="22">who</token>
<token t_id="204" sentence="7" number="23">had</token>
<token t_id="205" sentence="7" number="24">been</token>
<token t_id="206" sentence="7" number="25">at</token>
<token t_id="207" sentence="7" number="26">her</token>
<token t_id="208" sentence="7" number="27">side</token>
<token t_id="209" sentence="7" number="28">during</token>
<token t_id="210" sentence="7" number="29">many</token>
<token t_id="211" sentence="7" number="30">of</token>
<token t_id="212" sentence="7" number="31">her</token>
<token t_id="213" sentence="7" number="32">courtroom</token>
<token t_id="214" sentence="7" number="33">appearances</token>
<token t_id="215" sentence="7" number="34">.</token>
<token t_id="216" sentence="8" number="0">During</token>
<token t_id="217" sentence="8" number="1">Lohan's</token>
<token t_id="218" sentence="8" number="2">stay</token>
<token t_id="219" sentence="8" number="3">at</token>
<token t_id="220" sentence="8" number="4">the</token>
<token t_id="221" sentence="8" number="5">famed</token>
<token t_id="222" sentence="8" number="6">Betty</token>
<token t_id="223" sentence="8" number="7">Ford</token>
<token t_id="224" sentence="8" number="8">Center</token>
<token t_id="225" sentence="8" number="9">in</token>
<token t_id="226" sentence="8" number="10">2010</token>
<token t_id="227" sentence="8" number="11">,</token>
<token t_id="228" sentence="8" number="12">Lohan</token>
<token t_id="229" sentence="8" number="13">was</token>
<token t_id="230" sentence="8" number="14">accused</token>
<token t_id="231" sentence="8" number="15">of</token>
<token t_id="232" sentence="8" number="16">attacking</token>
<token t_id="233" sentence="8" number="17">a</token>
<token t_id="234" sentence="8" number="18">female</token>
<token t_id="235" sentence="8" number="19">staffer</token>
<token t_id="236" sentence="8" number="20">,</token>
<token t_id="237" sentence="8" number="21">but</token>
<token t_id="238" sentence="8" number="22">she</token>
<token t_id="239" sentence="8" number="23">was</token>
<token t_id="240" sentence="8" number="24">not</token>
<token t_id="241" sentence="8" number="25">charged</token>
<token t_id="242" sentence="8" number="26">.</token>
<Markables>
<ACTION_ASPECTUAL m_id="37"  >
  <token_anchor t_id="77"/>
</ACTION_ASPECTUAL>
<ACTION_CAUSATIVE m_id="30"  >
  <token_anchor t_id="155"/>
</ACTION_CAUSATIVE>
<ACTION_OCCURRENCE m_id="45"  >
  <token_anchor t_id="157"/>
</ACTION_OCCURRENCE>
<ACTION_OCCURRENCE m_id="46"  >
  <token_anchor t_id="179"/>
</ACTION_OCCURRENCE>
<ACTION_OCCURRENCE m_id="47"  >
  <token_anchor t_id="196"/>
</ACTION_OCCURRENCE>
<ACTION_OCCURRENCE m_id="51"  >
  <token_anchor t_id="214"/>
</ACTION_OCCURRENCE>
<ACTION_OCCURRENCE m_id="19"  >
  <token_anchor t_id="42"/>
  <token_anchor t_id="43"/>
</ACTION_OCCURRENCE>
<ACTION_OCCURRENCE m_id="20"  >
  <token_anchor t_id="48"/>
</ACTION_OCCURRENCE>
<ACTION_OCCURRENCE m_id="21"  >
  <token_anchor t_id="67"/>
</ACTION_OCCURRENCE>
<ACTION_OCCURRENCE m_id="22"  >
  <token_anchor t_id="71"/>
  <token_anchor t_id="72"/>
</ACTION_OCCURRENCE>
<ACTION_OCCURRENCE m_id="55"  >
  <token_anchor t_id="232"/>
</ACTION_OCCURRENCE>
<ACTION_OCCURRENCE m_id="23"  >
  <token_anchor t_id="80"/>
</ACTION_OCCURRENCE>
<ACTION_OCCURRENCE m_id="24"  >
  <token_anchor t_id="113"/>
  <token_anchor t_id="114"/>
</ACTION_OCCURRENCE>
<ACTION_OCCURRENCE m_id="25"  >
  <token_anchor t_id="134"/>
</ACTION_OCCURRENCE>
<ACTION_OCCURRENCE m_id="26"  >
  <token_anchor t_id="162"/>
  <token_anchor t_id="163"/>
</ACTION_OCCURRENCE>
<ACTION_OCCURRENCE m_id="27"  >
  <token_anchor t_id="173"/>
</ACTION_OCCURRENCE>
<ACTION_OCCURRENCE m_id="28"  >
  <token_anchor t_id="194"/>
</ACTION_OCCURRENCE>
<ACTION_OCCURRENCE m_id="29"  >
  <token_anchor t_id="230"/>
</ACTION_OCCURRENCE>
<ACTION_OCCURRENCE m_id="73"  >
  <token_anchor t_id="116"/>
</ACTION_OCCURRENCE>
<ACTION_OCCURRENCE m_id="43"  >
  <token_anchor t_id="135"/>
</ACTION_OCCURRENCE>
<ACTION_REPORTING m_id="39"  >
  <token_anchor t_id="104"/>
</ACTION_REPORTING>
<ACTION_REPORTING m_id="40"  >
  <token_anchor t_id="122"/>
</ACTION_REPORTING>
<ACTION_STATE m_id="59"  >
  <token_anchor t_id="49"/>
</ACTION_STATE>
<ACTION_STATE m_id="62"  >
  <token_anchor t_id="178"/>
</ACTION_STATE>
<ACTION_STATE m_id="65"  >
  <token_anchor t_id="150"/>
</ACTION_STATE>
<ACTION_STATE m_id="70"  >
  <token_anchor t_id="68"/>
  <token_anchor t_id="69"/>
</ACTION_STATE>
<ACTION_STATE m_id="71"  >
  <token_anchor t_id="174"/>
  <token_anchor t_id="175"/>
</ACTION_STATE>
<ACTION_STATE m_id="74"  >
  <token_anchor t_id="199"/>
</ACTION_STATE>
<HUMAN_PART_GENERIC m_id="58"  >
  <token_anchor t_id="121"/>
</HUMAN_PART_GENERIC>
<HUMAN_PART_ORG m_id="41"  >
  <token_anchor t_id="107"/>
  <token_anchor t_id="108"/>
  <token_anchor t_id="109"/>
</HUMAN_PART_ORG>
<HUMAN_PART_ORG m_id="42"  >
  <token_anchor t_id="123"/>
  <token_anchor t_id="124"/>
  <token_anchor t_id="125"/>
</HUMAN_PART_ORG>
<HUMAN_PART_PER m_id="9"  >
  <token_anchor t_id="161"/>
</HUMAN_PART_PER>
<HUMAN_PART_PER m_id="10"  >
  <token_anchor t_id="183"/>
</HUMAN_PART_PER>
<HUMAN_PART_PER m_id="11"  >
  <token_anchor t_id="191"/>
</HUMAN_PART_PER>
<HUMAN_PART_PER m_id="12"  >
  <token_anchor t_id="217"/>
</HUMAN_PART_PER>
<HUMAN_PART_PER m_id="13"  >
  <token_anchor t_id="228"/>
</HUMAN_PART_PER>
<HUMAN_PART_PER m_id="48"  >
  <token_anchor t_id="203"/>
</HUMAN_PART_PER>
<HUMAN_PART_PER m_id="14"  >
  <token_anchor t_id="238"/>
</HUMAN_PART_PER>
<HUMAN_PART_PER m_id="49"  >
  <token_anchor t_id="207"/>
</HUMAN_PART_PER>
<HUMAN_PART_PER m_id="50"  >
  <token_anchor t_id="212"/>
</HUMAN_PART_PER>
<HUMAN_PART_PER m_id="52"  >
  <token_anchor t_id="197"/>
</HUMAN_PART_PER>
<HUMAN_PART_PER m_id="56"  >
  <token_anchor t_id="235"/>
</HUMAN_PART_PER>
<HUMAN_PART_PER m_id="2"  >
  <token_anchor t_id="40"/>
  <token_anchor t_id="41"/>
</HUMAN_PART_PER>
<HUMAN_PART_PER m_id="3"  >
  <token_anchor t_id="65"/>
</HUMAN_PART_PER>
<HUMAN_PART_PER m_id="38"  >
  <token_anchor t_id="102"/>
  <token_anchor t_id="103"/>
</HUMAN_PART_PER>
<HUMAN_PART_PER m_id="4"  >
  <token_anchor t_id="78"/>
</HUMAN_PART_PER>
<HUMAN_PART_PER m_id="5"  >
  <token_anchor t_id="111"/>
</HUMAN_PART_PER>
<HUMAN_PART_PER m_id="6"  >
  <token_anchor t_id="131"/>
</HUMAN_PART_PER>
<HUMAN_PART_PER m_id="7"  >
  <token_anchor t_id="148"/>
</HUMAN_PART_PER>
<HUMAN_PART_PER m_id="8"  >
  <token_anchor t_id="154"/>
</HUMAN_PART_PER>
<LOC_FAC m_id="44"  >
  <token_anchor t_id="147"/>
</LOC_FAC>
<LOC_FAC m_id="53"  >
  <token_anchor t_id="220"/>
  <token_anchor t_id="221"/>
  <token_anchor t_id="222"/>
  <token_anchor t_id="223"/>
  <token_anchor t_id="224"/>
</LOC_FAC>
<LOC_FAC m_id="31"  >
  <token_anchor t_id="44"/>
  <token_anchor t_id="45"/>
  <token_anchor t_id="46"/>
</LOC_FAC>
<LOC_FAC m_id="64"  >
  <token_anchor t_id="213"/>
</LOC_FAC>
<LOC_FAC m_id="32"  >
  <token_anchor t_id="75"/>
  <token_anchor t_id="76"/>
</LOC_FAC>
<LOC_FAC m_id="33"  >
  <token_anchor t_id="82"/>
  <token_anchor t_id="83"/>
  <token_anchor t_id="84"/>
  <token_anchor t_id="85"/>
  <token_anchor t_id="86"/>
  <token_anchor t_id="87"/>
  <token_anchor t_id="88"/>
</LOC_FAC>
<LOC_FAC m_id="66"  >
  <token_anchor t_id="137"/>
  <token_anchor t_id="138"/>
  <token_anchor t_id="139"/>
  <token_anchor t_id="140"/>
  <token_anchor t_id="141"/>
  <token_anchor t_id="142"/>
  <token_anchor t_id="143"/>
  <token_anchor t_id="144"/>
  <token_anchor t_id="145"/>
</LOC_FAC>
<LOC_FAC m_id="34"  >
  <token_anchor t_id="117"/>
  <token_anchor t_id="118"/>
</LOC_FAC>
<LOC_FAC m_id="67"  >
  <token_anchor t_id="164"/>
  <token_anchor t_id="165"/>
  <token_anchor t_id="166"/>
</LOC_FAC>
<LOC_FAC m_id="36"  >
  <token_anchor t_id="187"/>
  <token_anchor t_id="188"/>
  <token_anchor t_id="189"/>
</LOC_FAC>
<NEG_ACTION_OCCURRENCE m_id="57"  >
  <token_anchor t_id="241"/>
</NEG_ACTION_OCCURRENCE>
<TIME_DATE m_id="54"  >
  <token_anchor t_id="225"/>
  <token_anchor t_id="226"/>
</TIME_DATE>
<TIME_DATE m_id="60"  >
  <token_anchor t_id="90"/>
  <token_anchor t_id="91"/>
  <token_anchor t_id="92"/>
  <token_anchor t_id="93"/>
  <token_anchor t_id="94"/>
</TIME_DATE>
<TIME_DATE m_id="69"  >
  <token_anchor t_id="158"/>
  <token_anchor t_id="159"/>
</TIME_DATE>
<TIME_OF_THE_DAY m_id="1"  >
  <token_anchor t_id="52"/>
  <token_anchor t_id="53"/>
  <token_anchor t_id="54"/>
  <token_anchor t_id="55"/>
  <token_anchor t_id="56"/>
  <token_anchor t_id="57"/>
  <token_anchor t_id="58"/>
  <token_anchor t_id="59"/>
</TIME_OF_THE_DAY>
<TIME_OF_THE_DAY m_id="68"  >
  <token_anchor t_id="160"/>
</TIME_OF_THE_DAY>
<TIME_REPETITION m_id="63"  >
  <token_anchor t_id="210"/>
</TIME_REPETITION>
<TIME_REPETITION m_id="72"  >
  <token_anchor t_id="74"/>
</TIME_REPETITION>


<ACTION_OCCURRENCE m_id="80" note="byCROMER" >
  <token_anchor t_id="218"/>
</ACTION_OCCURRENCE>
<HUMAN_PART_PER m_id="81" note="byCROMER" >
  <token_anchor t_id="199"/>
  <token_anchor t_id="200"/>
  <token_anchor t_id="201"/>
</HUMAN_PART_PER>
<TIME_DURATION m_id="82" note="byCROMER" >
  <token_anchor t_id="167"/>
  <token_anchor t_id="168"/>
  <token_anchor t_id="169"/>
  <token_anchor t_id="170"/>
  <token_anchor t_id="171"/>
</TIME_DURATION>
<HUMAN_PART_PER m_id="83" note="byCROMER" >
  <token_anchor t_id="49"/>
  <token_anchor t_id="50"/>
  <token_anchor t_id="51"/>
</HUMAN_PART_PER>


<HUMAN_PART_PER m_id="109" RELATED_TO="" TAG_DESCRIPTOR="t1_shawn_holley" instance_id="HUM15743207473194727" />
<ACTION_OCCURRENCE m_id="108" RELATED_TO="" TAG_DESCRIPTOR="t1_risking_jail_time" instance_id="ACT16071346846755758" />
<HUMAN_PART_PER m_id="107" RELATED_TO="" TAG_DESCRIPTOR="t1_white" instance_id="HUM15733138691810284" />
<ACTION_OCCURRENCE m_id="106" RELATED_TO="" TAG_DESCRIPTOR="t1_rehire_attorney" instance_id="ACT15992065546372468" />
<ACTION_REPORTING m_id="105" RELATED_TO="" TAG_DESCRIPTOR="t1_white_confirms_ap" instance_id="ACT16071428665837122" />
<TIME_DURATION m_id="104" RELATED_TO="" TAG_DESCRIPTOR="t1_two_minutes" instance_id="TIM15988411783047999" />
<ACTION_OCCURRENCE m_id="89" RELATED_TO="" TAG_DESCRIPTOR="t1_approve_morningside" instance_id="ACT15989594703923168" />
<ACTION_OCCURRENCE m_id="103" RELATED_TO="" TAG_DESCRIPTOR="t1_treatment" instance_id="ACT15736700251185985" />
<TIME_DATE m_id="88" RELATED_TO="" TAG_DESCRIPTOR="t1_may_2_date" instance_id="TIM16002615815900831" />
<TIME_DATE m_id="102" RELATED_TO="" TAG_DESCRIPTOR="t1_thursday" instance_id="TIM15830333309896982" />
<ACTION_STATE m_id="87" RELATED_TO="" TAG_DESCRIPTOR="t1_spent_time" instance_id="ACT16071526249725835" />
<HUMAN_PART_PER m_id="101" RELATED_TO="" TAG_DESCRIPTOR="t1_staffer" instance_id="HUM15997968596304373" />
<ACTION_OCCURRENCE m_id="86" RELATED_TO="" TAG_DESCRIPTOR="t1_checking_out_morningside" instance_id="ACT15987605913923543" />
<ACTION_OCCURRENCE m_id="100" RELATED_TO="" TAG_DESCRIPTOR="t1_stir" instance_id="ACT16071354748169353" />
<ACTION_OCCURRENCE m_id="85" RELATED_TO="" TAG_DESCRIPTOR="t1_appearance_in_courtroom" instance_id="ACT16071249246263690" />
<ACTION_OCCURRENCE m_id="84" RELATED_TO="" TAG_DESCRIPTOR="t1_altercation_with_staffer" instance_id="ACT15997476525794688" />
<HUMAN_PART_PER m_id="16" RELATED_TO="" TAG_DESCRIPTOR="shawn_holley" />
<ACTION_REPORTING m_id="121" RELATED_TO="" TAG_DESCRIPTOR="t1_source_tells_ap" instance_id="ACT16071446628540457" />
<TIME_REPETITION m_id="120" RELATED_TO="" TAG_DESCRIPTOR="t1_many" instance_id="TIM16071642966479102" />
<LOC_FAC m_id="119" RELATED_TO="" TAG_DESCRIPTOR="t1_betty_ford" instance_id="LOC15734326865367655" />
<LOC_FAC m_id="118" RELATED_TO="" TAG_DESCRIPTOR="t1_courtroom" instance_id="LOC16071617192776639" />
<ACTION_OCCURRENCE m_id="117" RELATED_TO="" TAG_DESCRIPTOR="t1_avoided_jail" instance_id="ACT16071282205984746" />
<HUMAN_PART_PER m_id="116" RELATED_TO="" TAG_DESCRIPTOR="t1_lindsay_lohan" instance_id="HUM15732980283919140" />
<ACTION_OCCURRENCE m_id="115" RELATED_TO="" TAG_DESCRIPTOR="t1_probation_violation" instance_id="ACT15992916565253818" />
<LOC_FAC m_id="114" RELATED_TO="" TAG_DESCRIPTOR="t1_morningside" instance_id="LOC15733316663614047" />
<HUMAN_PART_ORG m_id="113" RELATED_TO="" TAG_DESCRIPTOR="t1_associated_press" instance_id="HUM15986292916798586" />
<ACTION_CAUSATIVE m_id="99" RELATED_TO="" TAG_DESCRIPTOR="t1_caused_stir" instance_id="ACT16071151203645451" />
<ACTION_OCCURRENCE m_id="112" RELATED_TO="" TAG_DESCRIPTOR="t1_stay_betty_ford_previously" instance_id="ACT15995170905193947" />
<ACTION_STATE m_id="98" RELATED_TO="" TAG_DESCRIPTOR="t1_jail_time" instance_id="ACT16071512088952979" />
<ACTION_OCCURRENCE m_id="111" RELATED_TO="" TAG_DESCRIPTOR="t1_received_treatment" instance_id="ACT15736564582703433" />
<ACTION_OCCURRENCE m_id="97" RELATED_TO="" TAG_DESCRIPTOR="t1_accused_of_attacking" instance_id="ACT16071226932785841" />
<TIME_REPETITION m_id="110" RELATED_TO="" TAG_DESCRIPTOR="t1_second" instance_id="TIM16071649504105255" />
<TIME_DATE m_id="96" RELATED_TO="" TAG_DESCRIPTOR="t1_2010" instance_id="TIM15998029857574811" />
<ACTION_OCCURRENCE m_id="95" RELATED_TO="" TAG_DESCRIPTOR="t1_decided_rehire" instance_id="ACT16071306382848997" />
<ACTION_ASPECTUAL m_id="94" RELATED_TO="" TAG_DESCRIPTOR="t1_following_morningside_exit" instance_id="ACT16071135191443457" />
<NEG_ACTION_OCCURRENCE m_id="93" RELATED_TO="" TAG_DESCRIPTOR="t1_charged" instance_id="NEG16071629070607100" />
<ACTION_STATE m_id="92" RELATED_TO="" TAG_DESCRIPTOR="t1_probation" instance_id="ACT15993252785693471" />
<ACTION_OCCURRENCE m_id="91" RELATED_TO="" TAG_DESCRIPTOR="t1_checking_into_betty_ford" instance_id="ACT15738091639707092" />
<HUMAN_PART_GENERIC m_id="90" RELATED_TO="" TAG_DESCRIPTOR="t1_source_generic" instance_id="HUM16071553056212715" />
</Markables>

<Relations>
<INTRA_DOC_COREF r_id="21136" >
<source m_id="59" />
<source m_id="74" />
<target m_id="16" />
</INTRA_DOC_COREF>
<CROSS_DOC_COREF r_id="21680" note="ACT15997476525794688" >
  <source m_id="55" />
  <target m_id="84" />
</CROSS_DOC_COREF>
<CROSS_DOC_COREF r_id="21681" note="ACT16071249246263690" >
  <source m_id="51" />
  <target m_id="85" />
</CROSS_DOC_COREF>
<CROSS_DOC_COREF r_id="21682" note="ACT15987605913923543" >
  <source m_id="23" />
  <source m_id="26" />
  <target m_id="86" />
</CROSS_DOC_COREF>
<CROSS_DOC_COREF r_id="21683" note="ACT16071526249725835" >
  <source m_id="65" />
  <target m_id="87" />
</CROSS_DOC_COREF>
<CROSS_DOC_COREF r_id="21684" note="TIM16002615815900831" >
  <source m_id="60" />
  <target m_id="88" />
</CROSS_DOC_COREF>
<CROSS_DOC_COREF r_id="21685" note="ACT15989594703923168" >
  <source m_id="73" />
  <target m_id="89" />
</CROSS_DOC_COREF>
<CROSS_DOC_COREF r_id="21686" note="HUM16071553056212715" >
  <source m_id="58" />
  <target m_id="90" />
</CROSS_DOC_COREF>
<CROSS_DOC_COREF r_id="21687" note="ACT15738091639707092" >
  <source m_id="22" />
  <source m_id="19" />
  <source m_id="24" />
  <target m_id="91" />
</CROSS_DOC_COREF>
<CROSS_DOC_COREF r_id="21688" note="ACT15993252785693471" >
  <source m_id="62" />
  <target m_id="92" />
</CROSS_DOC_COREF>
<CROSS_DOC_COREF r_id="21689" note="NEG16071629070607100" >
  <source m_id="57" />
  <target m_id="93" />
</CROSS_DOC_COREF>
<CROSS_DOC_COREF r_id="21690" note="ACT16071135191443457" >
  <source m_id="37" />
  <target m_id="94" />
</CROSS_DOC_COREF>
<CROSS_DOC_COREF r_id="21691" note="ACT16071306382848997" >
  <source m_id="28" />
  <target m_id="95" />
</CROSS_DOC_COREF>
<CROSS_DOC_COREF r_id="21692" note="TIM15998029857574811" >
  <source m_id="54" />
  <target m_id="96" />
</CROSS_DOC_COREF>
<CROSS_DOC_COREF r_id="21693" note="ACT16071226932785841" >
  <source m_id="29" />
  <target m_id="97" />
</CROSS_DOC_COREF>
<CROSS_DOC_COREF r_id="21694" note="ACT16071512088952979" >
  <source m_id="71" />
  <source m_id="70" />
  <target m_id="98" />
</CROSS_DOC_COREF>
<CROSS_DOC_COREF r_id="21695" note="ACT16071151203645451" >
  <source m_id="30" />
  <target m_id="99" />
</CROSS_DOC_COREF>
<CROSS_DOC_COREF r_id="21696" note="ACT16071354748169353" >
  <source m_id="45" />
  <target m_id="100" />
</CROSS_DOC_COREF>
<CROSS_DOC_COREF r_id="21697" note="HUM15997968596304373" >
  <source m_id="56" />
  <target m_id="101" />
</CROSS_DOC_COREF>
<CROSS_DOC_COREF r_id="21698" note="TIM15830333309896982" >
  <source m_id="69" />
  <target m_id="102" />
</CROSS_DOC_COREF>
<CROSS_DOC_COREF r_id="21699" note="ACT15736700251185985" >
  <source m_id="43" />
  <target m_id="103" />
</CROSS_DOC_COREF>
<CROSS_DOC_COREF r_id="21700" note="TIM15988411783047999" >
  <source m_id="82" />
  <target m_id="104" />
</CROSS_DOC_COREF>
<CROSS_DOC_COREF r_id="21701" note="ACT16071428665837122" >
  <source m_id="39" />
  <target m_id="105" />
</CROSS_DOC_COREF>
<CROSS_DOC_COREF r_id="21702" note="ACT15992065546372468" >
  <source m_id="47" />
  <source m_id="20" />
  <target m_id="106" />
</CROSS_DOC_COREF>
<CROSS_DOC_COREF r_id="21703" note="HUM15733138691810284" >
  <source m_id="38" />
  <target m_id="107" />
</CROSS_DOC_COREF>
<CROSS_DOC_COREF r_id="21704" note="ACT16071346846755758" >
  <source m_id="27" />
  <target m_id="108" />
</CROSS_DOC_COREF>
<CROSS_DOC_COREF r_id="21705" note="HUM15743207473194727" >
  <source m_id="48" />
  <source m_id="81" />
  <source m_id="83" />
  <target m_id="109" />
</CROSS_DOC_COREF>
<CROSS_DOC_COREF r_id="21706" note="TIM16071649504105255" >
  <source m_id="72" />
  <target m_id="110" />
</CROSS_DOC_COREF>
<CROSS_DOC_COREF r_id="21707" note="ACT15736564582703433" >
  <source m_id="25" />
  <target m_id="111" />
</CROSS_DOC_COREF>
<CROSS_DOC_COREF r_id="21708" note="ACT15995170905193947" >
  <source m_id="80" />
  <target m_id="112" />
</CROSS_DOC_COREF>
<CROSS_DOC_COREF r_id="21709" note="HUM15986292916798586" >
  <source m_id="42" />
  <source m_id="41" />
  <target m_id="113" />
</CROSS_DOC_COREF>
<CROSS_DOC_COREF r_id="21710" note="LOC15733316663614047" >
  <source m_id="33" />
  <source m_id="67" />
  <target m_id="114" />
</CROSS_DOC_COREF>
<CROSS_DOC_COREF r_id="21711" note="ACT15992916565253818" >
  <source m_id="46" />
  <target m_id="115" />
</CROSS_DOC_COREF>
<CROSS_DOC_COREF r_id="21712" note="HUM15732980283919140" >
  <source m_id="4" />
  <source m_id="5" />
  <source m_id="52" />
  <source m_id="11" />
  <source m_id="8" />
  <source m_id="49" />
  <source m_id="9" />
  <source m_id="14" />
  <source m_id="50" />
  <source m_id="12" />
  <source m_id="2" />
  <source m_id="3" />
  <source m_id="6" />
  <source m_id="7" />
  <source m_id="13" />
  <source m_id="10" />
  <target m_id="116" />
</CROSS_DOC_COREF>
<CROSS_DOC_COREF r_id="21713" note="ACT16071282205984746" >
  <source m_id="21" />
  <target m_id="117" />
</CROSS_DOC_COREF>
<CROSS_DOC_COREF r_id="21714" note="LOC16071617192776639" >
  <source m_id="64" />
  <target m_id="118" />
</CROSS_DOC_COREF>
<CROSS_DOC_COREF r_id="21715" note="LOC15734326865367655" >
  <source m_id="53" />
  <source m_id="32" />
  <source m_id="36" />
  <source m_id="66" />
  <source m_id="34" />
  <source m_id="31" />
  <source m_id="44" />
  <target m_id="119" />
</CROSS_DOC_COREF>
<CROSS_DOC_COREF r_id="21716" note="TIM16071642966479102" >
  <source m_id="63" />
  <target m_id="120" />
</CROSS_DOC_COREF>
<CROSS_DOC_COREF r_id="21717" note="ACT16071446628540457" >
  <source m_id="40" />
  <target m_id="121" />
</CROSS_DOC_COREF>

</Relations>
</Document>
