<Document doc_name="1_1ecbplus.xml" doc_id="DOC15645929111211951">
<token t_id="1" sentence="0" number="0">http</token>
<token t_id="2" sentence="0" number="1">:</token>
<token t_id="3" sentence="0" number="2">/</token>
<token t_id="4" sentence="0" number="3">/</token>
<token t_id="5" sentence="0" number="4">www</token>
<token t_id="6" sentence="0" number="5">.</token>
<token t_id="7" sentence="0" number="6">accesshollywood</token>
<token t_id="8" sentence="0" number="7">.</token>
<token t_id="9" sentence="0" number="8">com</token>
<token t_id="10" sentence="0" number="9">/</token>
<token t_id="11" sentence="0" number="10">lindsay</token>
<token t_id="12" sentence="0" number="11">-</token>
<token t_id="13" sentence="0" number="12">lohan</token>
<token t_id="14" sentence="0" number="13">-</token>
<token t_id="15" sentence="0" number="14">leaves</token>
<token t_id="16" sentence="0" number="15">-</token>
<token t_id="17" sentence="0" number="16">betty</token>
<token t_id="18" sentence="0" number="17">-</token>
<token t_id="19" sentence="0" number="18">ford</token>
<token t_id="20" sentence="0" number="19">-</token>
<token t_id="21" sentence="0" number="20">checks</token>
<token t_id="22" sentence="0" number="21">-</token>
<token t_id="23" sentence="0" number="22">into</token>
<token t_id="24" sentence="0" number="23">-</token>
<token t_id="25" sentence="0" number="24">malibu</token>
<token t_id="26" sentence="0" number="25">-</token>
<token t_id="27" sentence="0" number="26">rehab</token>
<token t_id="28" sentence="0" number="27">_</token>
<token t_id="29" sentence="0" number="28">article</token>
<token t_id="30" sentence="0" number="29">_</token>
<token t_id="31" sentence="0" number="30">80744</token>
<token t_id="32" sentence="1" number="0">Lindsay</token>
<token t_id="33" sentence="1" number="1">Lohan</token>
<token t_id="34" sentence="1" number="2">Leaves</token>
<token t_id="35" sentence="1" number="3">Betty</token>
<token t_id="36" sentence="1" number="4">Ford</token>
<token t_id="37" sentence="1" number="5">,</token>
<token t_id="38" sentence="1" number="6">Checks</token>
<token t_id="39" sentence="1" number="7">Into</token>
<token t_id="40" sentence="1" number="8">Malibu</token>
<token t_id="41" sentence="1" number="9">Rehab</token>
<token t_id="42" sentence="2" number="0">First</token>
<token t_id="43" sentence="2" number="1">Published</token>
<token t_id="44" sentence="2" number="2">:</token>
<token t_id="45" sentence="2" number="3">June</token>
<token t_id="46" sentence="2" number="4">13</token>
<token t_id="47" sentence="2" number="5">,</token>
<token t_id="48" sentence="2" number="6">2013</token>
<token t_id="49" sentence="2" number="7">4</token>
<token t_id="50" sentence="2" number="8">:</token>
<token t_id="51" sentence="2" number="9">59</token>
<token t_id="52" sentence="2" number="10">PM</token>
<token t_id="53" sentence="2" number="11">EDT</token>
<token t_id="54" sentence="3" number="0">Lindsay</token>
<token t_id="55" sentence="3" number="1">Lohan</token>
<token t_id="56" sentence="3" number="2">has</token>
<token t_id="57" sentence="3" number="3">left</token>
<token t_id="58" sentence="3" number="4">the</token>
<token t_id="59" sentence="3" number="5">Betty</token>
<token t_id="60" sentence="3" number="6">Ford</token>
<token t_id="61" sentence="3" number="7">Center</token>
<token t_id="62" sentence="3" number="8">and</token>
<token t_id="63" sentence="3" number="9">is</token>
<token t_id="64" sentence="3" number="10">moving</token>
<token t_id="65" sentence="3" number="11">to</token>
<token t_id="66" sentence="3" number="12">a</token>
<token t_id="67" sentence="3" number="13">rehab</token>
<token t_id="68" sentence="3" number="14">facility</token>
<token t_id="69" sentence="3" number="15">in</token>
<token t_id="70" sentence="3" number="16">Malibu</token>
<token t_id="71" sentence="3" number="17">,</token>
<token t_id="72" sentence="3" number="18">Calif</token>
<token t_id="73" sentence="3" number="19">.</token>
<token t_id="74" sentence="3" number="20">,</token>
<token t_id="75" sentence="3" number="21">Access</token>
<token t_id="76" sentence="3" number="22">Hollywood</token>
<token t_id="77" sentence="3" number="23">has</token>
<token t_id="78" sentence="3" number="24">confirmed</token>
<token t_id="79" sentence="3" number="25">.</token>
<token t_id="80" sentence="4" number="0">A</token>
<token t_id="81" sentence="4" number="1">spokesperson</token>
<token t_id="82" sentence="4" number="2">for</token>
<token t_id="83" sentence="4" number="3">The</token>
<token t_id="84" sentence="4" number="4">Los</token>
<token t_id="85" sentence="4" number="5">Angeles</token>
<token t_id="86" sentence="4" number="6">Superior</token>
<token t_id="87" sentence="4" number="7">Court</token>
<token t_id="88" sentence="4" number="8">confirmed</token>
<token t_id="89" sentence="4" number="9">to</token>
<token t_id="90" sentence="4" number="10">Access</token>
<token t_id="91" sentence="4" number="11">that</token>
<token t_id="92" sentence="4" number="12">a</token>
<token t_id="93" sentence="4" number="13">judge</token>
<token t_id="94" sentence="4" number="14">signed</token>
<token t_id="95" sentence="4" number="15">an</token>
<token t_id="96" sentence="4" number="16">order</token>
<token t_id="97" sentence="4" number="17">yesterday</token>
<token t_id="98" sentence="4" number="18">allowing</token>
<token t_id="99" sentence="4" number="19">the</token>
<token t_id="100" sentence="4" number="20">transfer</token>
<token t_id="101" sentence="4" number="21">to</token>
<token t_id="102" sentence="4" number="22">Cliffside</token>
<token t_id="103" sentence="4" number="23">,</token>
<token t_id="104" sentence="4" number="24">where</token>
<token t_id="105" sentence="4" number="25">she</token>
<token t_id="106" sentence="4" number="26">will</token>
<token t_id="107" sentence="4" number="27">continue</token>
<token t_id="108" sentence="4" number="28">with</token>
<token t_id="109" sentence="4" number="29">her</token>
<token t_id="110" sentence="4" number="30">90</token>
<token t_id="111" sentence="4" number="31">-</token>
<token t_id="112" sentence="4" number="32">day</token>
<token t_id="113" sentence="4" number="33">court</token>
<token t_id="114" sentence="4" number="34">-</token>
<token t_id="115" sentence="4" number="35">mandated</token>
<token t_id="116" sentence="4" number="36">rehab</token>
<token t_id="117" sentence="4" number="37">.</token>
<token t_id="118" sentence="5" number="0">Lohan</token>
<token t_id="119" sentence="5" number="1">’</token>
<token t_id="120" sentence="5" number="2">s</token>
<token t_id="121" sentence="5" number="3">attorney</token>
<token t_id="122" sentence="5" number="4">,</token>
<token t_id="123" sentence="5" number="5">Shawn</token>
<token t_id="124" sentence="5" number="6">Holley</token>
<token t_id="125" sentence="5" number="7">,</token>
<token t_id="126" sentence="5" number="8">spoke</token>
<token t_id="127" sentence="5" number="9">out</token>
<token t_id="128" sentence="5" number="10">about</token>
<token t_id="129" sentence="5" number="11">the</token>
<token t_id="130" sentence="5" number="12">move</token>
<token t_id="131" sentence="5" number="13">.</token>
<token t_id="132" sentence="6" number="0">“</token>
<token t_id="133" sentence="6" number="1">Lindsay</token>
<token t_id="134" sentence="6" number="2">is</token>
<token t_id="135" sentence="6" number="3">grateful</token>
<token t_id="136" sentence="6" number="4">for</token>
<token t_id="137" sentence="6" number="5">the</token>
<token t_id="138" sentence="6" number="6">treatment</token>
<token t_id="139" sentence="6" number="7">she</token>
<token t_id="140" sentence="6" number="8">received</token>
<token t_id="141" sentence="6" number="9">at</token>
<token t_id="142" sentence="6" number="10">the</token>
<token t_id="143" sentence="6" number="11">Betty</token>
<token t_id="144" sentence="6" number="12">Ford</token>
<token t_id="145" sentence="6" number="13">Center</token>
<token t_id="146" sentence="6" number="14">.</token>
<token t_id="147" sentence="7" number="0">She</token>
<token t_id="148" sentence="7" number="1">has</token>
<token t_id="149" sentence="7" number="2">completed</token>
<token t_id="150" sentence="7" number="3">her</token>
<token t_id="151" sentence="7" number="4">course</token>
<token t_id="152" sentence="7" number="5">of</token>
<token t_id="153" sentence="7" number="6">treatment</token>
<token t_id="154" sentence="7" number="7">there</token>
<token t_id="155" sentence="7" number="8">and</token>
<token t_id="156" sentence="7" number="9">looks</token>
<token t_id="157" sentence="7" number="10">forward</token>
<token t_id="158" sentence="7" number="11">to</token>
<token t_id="159" sentence="7" number="12">continuing</token>
<token t_id="160" sentence="7" number="13">her</token>
<token t_id="161" sentence="7" number="14">treatment</token>
<token t_id="162" sentence="7" number="15">and</token>
<token t_id="163" sentence="7" number="16">building</token>
<token t_id="164" sentence="7" number="17">on</token>
<token t_id="165" sentence="7" number="18">the</token>
<token t_id="166" sentence="7" number="19">foundation</token>
<token t_id="167" sentence="7" number="20">established</token>
<token t_id="168" sentence="7" number="21">at</token>
<token t_id="169" sentence="7" number="22">Betty</token>
<token t_id="170" sentence="7" number="23">Ford</token>
<token t_id="171" sentence="7" number="24">,</token>
<token t_id="172" sentence="7" number="25">”</token>
<token t_id="173" sentence="7" number="26">Holley</token>
<token t_id="174" sentence="7" number="27">said</token>
<token t_id="175" sentence="7" number="28">in</token>
<token t_id="176" sentence="7" number="29">a</token>
<token t_id="177" sentence="7" number="30">statement</token>
<token t_id="178" sentence="7" number="31">to</token>
<token t_id="179" sentence="7" number="32">Access</token>
<token t_id="180" sentence="7" number="33">.</token>
<token t_id="181" sentence="8" number="0">The</token>
<token t_id="182" sentence="8" number="1">actress</token>
<token t_id="183" sentence="8" number="2">checked</token>
<token t_id="184" sentence="8" number="3">into</token>
<token t_id="185" sentence="8" number="4">the</token>
<token t_id="186" sentence="8" number="5">Betty</token>
<token t_id="187" sentence="8" number="6">Ford</token>
<token t_id="188" sentence="8" number="7">Center</token>
<token t_id="189" sentence="8" number="8">in</token>
<token t_id="190" sentence="8" number="9">May</token>
<token t_id="191" sentence="8" number="10">as</token>
<token t_id="192" sentence="8" number="11">part</token>
<token t_id="193" sentence="8" number="12">of</token>
<token t_id="194" sentence="8" number="13">a</token>
<token t_id="195" sentence="8" number="14">plea</token>
<token t_id="196" sentence="8" number="15">deal</token>
<token t_id="197" sentence="8" number="16">stemming</token>
<token t_id="198" sentence="8" number="17">from</token>
<token t_id="199" sentence="8" number="18">her</token>
<token t_id="200" sentence="8" number="19">June</token>
<token t_id="201" sentence="8" number="20">2012</token>
<token t_id="202" sentence="8" number="21">car</token>
<token t_id="203" sentence="8" number="22">accident</token>
<token t_id="204" sentence="8" number="23">case</token>
<token t_id="205" sentence="8" number="24">.</token>
<Markables>
<ACTION_ASPECTUAL m_id="45"  >
  <token_anchor t_id="149"/>
</ACTION_ASPECTUAL>
<ACTION_ASPECTUAL m_id="47"  >
  <token_anchor t_id="159"/>
</ACTION_ASPECTUAL>
<ACTION_ASPECTUAL m_id="37"  >
  <token_anchor t_id="107"/>
</ACTION_ASPECTUAL>
<ACTION_CAUSATIVE m_id="55"  >
  <token_anchor t_id="197"/>
  <token_anchor t_id="198"/>
</ACTION_CAUSATIVE>
<ACTION_OCCURRENCE m_id="43"  >
  <token_anchor t_id="138"/>
</ACTION_OCCURRENCE>
<ACTION_OCCURRENCE m_id="46"  >
  <token_anchor t_id="153"/>
</ACTION_OCCURRENCE>
<ACTION_OCCURRENCE m_id="49"  >
  <token_anchor t_id="183"/>
  <token_anchor t_id="184"/>
</ACTION_OCCURRENCE>
<ACTION_OCCURRENCE m_id="18"  >
  <token_anchor t_id="34"/>
</ACTION_OCCURRENCE>
<ACTION_OCCURRENCE m_id="19"  >
  <token_anchor t_id="38"/>
  <token_anchor t_id="39"/>
</ACTION_OCCURRENCE>
<ACTION_OCCURRENCE m_id="20"  >
  <token_anchor t_id="57"/>
</ACTION_OCCURRENCE>
<ACTION_OCCURRENCE m_id="52"  >
  <token_anchor t_id="163"/>
</ACTION_OCCURRENCE>
<ACTION_OCCURRENCE m_id="21"  >
  <token_anchor t_id="64"/>
</ACTION_OCCURRENCE>
<ACTION_OCCURRENCE m_id="53"  >
  <token_anchor t_id="161"/>
</ACTION_OCCURRENCE>
<ACTION_OCCURRENCE m_id="54"  >
  <token_anchor t_id="167"/>
</ACTION_OCCURRENCE>
<ACTION_OCCURRENCE m_id="57"  >
  <token_anchor t_id="204"/>
</ACTION_OCCURRENCE>
<ACTION_OCCURRENCE m_id="32"  >
  <token_anchor t_id="94"/>
</ACTION_OCCURRENCE>
<ACTION_OCCURRENCE m_id="65"  >
  <token_anchor t_id="203"/>
</ACTION_OCCURRENCE>
<ACTION_OCCURRENCE m_id="34"  >
  <token_anchor t_id="98"/>
</ACTION_OCCURRENCE>
<ACTION_OCCURRENCE m_id="66"  >
  <token_anchor t_id="196"/>
</ACTION_OCCURRENCE>
<ACTION_OCCURRENCE m_id="35"  >
  <token_anchor t_id="100"/>
</ACTION_OCCURRENCE>
<ACTION_OCCURRENCE m_id="67"  >
  <token_anchor t_id="195"/>
</ACTION_OCCURRENCE>
<ACTION_OCCURRENCE m_id="68"  >
  <token_anchor t_id="177"/>
</ACTION_OCCURRENCE>
<ACTION_OCCURRENCE m_id="39"  >
  <token_anchor t_id="116"/>
</ACTION_OCCURRENCE>
<ACTION_OCCURRENCE m_id="41"  >
  <token_anchor t_id="130"/>
</ACTION_OCCURRENCE>
<ACTION_OCCURRENCE m_id="42"  >
  <token_anchor t_id="140"/>
</ACTION_OCCURRENCE>
<ACTION_REPORTING m_id="48"  >
  <token_anchor t_id="174"/>
</ACTION_REPORTING>
<ACTION_REPORTING m_id="23"  >
  <token_anchor t_id="78"/>
</ACTION_REPORTING>
<ACTION_REPORTING m_id="26"  >
  <token_anchor t_id="88"/>
</ACTION_REPORTING>
<ACTION_REPORTING m_id="40"  >
  <token_anchor t_id="126"/>
</ACTION_REPORTING>
<ACTION_STATE m_id="44"  >
  <token_anchor t_id="135"/>
</ACTION_STATE>
<ACTION_STATE m_id="51"  >
  <token_anchor t_id="156"/>
  <token_anchor t_id="157"/>
</ACTION_STATE>
<ACTION_STATE m_id="61"  >
  <token_anchor t_id="121"/>
</ACTION_STATE>
<HUMAN_PART_ORG m_id="22"  >
  <token_anchor t_id="75"/>
  <token_anchor t_id="76"/>
</HUMAN_PART_ORG>
<HUMAN_PART_ORG m_id="25"  >
  <token_anchor t_id="83"/>
  <token_anchor t_id="84"/>
  <token_anchor t_id="85"/>
  <token_anchor t_id="86"/>
  <token_anchor t_id="87"/>
</HUMAN_PART_ORG>
<HUMAN_PART_ORG m_id="27"  >
  <token_anchor t_id="90"/>
</HUMAN_PART_ORG>
<HUMAN_PART_ORG m_id="31"  >
  <token_anchor t_id="179"/>
</HUMAN_PART_ORG>
<HUMAN_PART_PER m_id="9"  >
  <token_anchor t_id="150"/>
</HUMAN_PART_PER>
<HUMAN_PART_PER m_id="10"  >
  <token_anchor t_id="160"/>
</HUMAN_PART_PER>
<HUMAN_PART_PER m_id="11"  >
  <token_anchor t_id="182"/>
</HUMAN_PART_PER>
<HUMAN_PART_PER m_id="12"  >
  <token_anchor t_id="199"/>
</HUMAN_PART_PER>
<HUMAN_PART_PER m_id="24"  >
  <token_anchor t_id="81"/>
</HUMAN_PART_PER>
<HUMAN_PART_PER m_id="28"  >
  <token_anchor t_id="93"/>
</HUMAN_PART_PER>
<HUMAN_PART_PER m_id="30"  >
  <token_anchor t_id="173"/>
</HUMAN_PART_PER>
<HUMAN_PART_PER m_id="2"  >
  <token_anchor t_id="32"/>
  <token_anchor t_id="33"/>
</HUMAN_PART_PER>
<HUMAN_PART_PER m_id="3"  >
  <token_anchor t_id="54"/>
  <token_anchor t_id="55"/>
</HUMAN_PART_PER>
<HUMAN_PART_PER m_id="4"  >
  <token_anchor t_id="105"/>
</HUMAN_PART_PER>
<HUMAN_PART_PER m_id="5"  >
  <token_anchor t_id="118"/>
</HUMAN_PART_PER>
<HUMAN_PART_PER m_id="6"  >
  <token_anchor t_id="133"/>
</HUMAN_PART_PER>
<HUMAN_PART_PER m_id="7"  >
  <token_anchor t_id="139"/>
</HUMAN_PART_PER>
<HUMAN_PART_PER m_id="8"  >
  <token_anchor t_id="147"/>
</HUMAN_PART_PER>
<LOC_FAC m_id="14"  >
  <token_anchor t_id="35"/>
  <token_anchor t_id="36"/>
</LOC_FAC>
<LOC_FAC m_id="15"  >
  <token_anchor t_id="40"/>
  <token_anchor t_id="41"/>
</LOC_FAC>
<LOC_FAC m_id="16"  >
  <token_anchor t_id="102"/>
</LOC_FAC>
<LOC_FAC m_id="58"  >
  <token_anchor t_id="58"/>
  <token_anchor t_id="59"/>
  <token_anchor t_id="60"/>
  <token_anchor t_id="61"/>
</LOC_FAC>
<LOC_FAC m_id="59"  >
  <token_anchor t_id="66"/>
  <token_anchor t_id="67"/>
  <token_anchor t_id="68"/>
  <token_anchor t_id="69"/>
  <token_anchor t_id="70"/>
  <token_anchor t_id="71"/>
  <token_anchor t_id="72"/>
</LOC_FAC>
<LOC_FAC m_id="60"  >
  <token_anchor t_id="185"/>
  <token_anchor t_id="186"/>
  <token_anchor t_id="187"/>
  <token_anchor t_id="188"/>
</LOC_FAC>
<LOC_FAC m_id="62"  >
  <token_anchor t_id="141"/>
  <token_anchor t_id="142"/>
  <token_anchor t_id="143"/>
  <token_anchor t_id="144"/>
  <token_anchor t_id="145"/>
</LOC_FAC>
<LOC_FAC m_id="63"  >
  <token_anchor t_id="168"/>
  <token_anchor t_id="169"/>
  <token_anchor t_id="170"/>
</LOC_FAC>
<LOC_FAC m_id="36"  >
  <token_anchor t_id="104"/>
</LOC_FAC>
<NON_HUMAN_PART m_id="64"  >
  <token_anchor t_id="202"/>
</NON_HUMAN_PART>
<TIME_DATE m_id="50"  >
  <token_anchor t_id="190"/>
</TIME_DATE>
<TIME_DATE m_id="56"  >
  <token_anchor t_id="200"/>
  <token_anchor t_id="201"/>
</TIME_DATE>
<TIME_DATE m_id="33"  >
  <token_anchor t_id="97"/>
</TIME_DATE>
<TIME_DURATION m_id="38"  >
  <token_anchor t_id="110"/>
  <token_anchor t_id="111"/>
  <token_anchor t_id="112"/>
</TIME_DURATION>
<TIME_OF_THE_DAY m_id="1"  >
  <token_anchor t_id="45"/>
  <token_anchor t_id="46"/>
  <token_anchor t_id="47"/>
  <token_anchor t_id="48"/>
  <token_anchor t_id="49"/>
  <token_anchor t_id="50"/>
  <token_anchor t_id="51"/>
  <token_anchor t_id="52"/>
  <token_anchor t_id="53"/>
</TIME_OF_THE_DAY>


<HUMAN_PART_PER m_id="71" note="byCROMER" >
  <token_anchor t_id="121"/>
  <token_anchor t_id="122"/>
  <token_anchor t_id="123"/>
  <token_anchor t_id="124"/>
</HUMAN_PART_PER>


<LOC_FAC m_id="106" RELATED_TO="" TAG_DESCRIPTOR="t1_betty_ford" instance_id="LOC15734326865367655" />
<HUMAN_PART_PER m_id="105" RELATED_TO="" TAG_DESCRIPTOR="t1_lindsay_lohan" instance_id="HUM15732980283919140" />
<ACTION_OCCURRENCE m_id="104" RELATED_TO="" TAG_DESCRIPTOR="t1_checking_into_cliffside" instance_id="ACT15986681471021312" />
<ACTION_CAUSATIVE m_id="103" RELATED_TO="" TAG_DESCRIPTOR="t1_stemming_from" instance_id="ACT15736068730283141" />
<ACTION_OCCURRENCE m_id="89" RELATED_TO="" TAG_DESCRIPTOR="t1_plea" instance_id="ACT15743050988266116" />
<ACTION_OCCURRENCE m_id="88" RELATED_TO="" TAG_DESCRIPTOR="t1_plea_deal" instance_id="ACT15736526408529030" />
<ACTION_STATE m_id="102" RELATED_TO="" TAG_DESCRIPTOR="t1_lindsay_grateful" instance_id="ACT15736901907418086" />
<TIME_DATE m_id="87" RELATED_TO="" TAG_DESCRIPTOR="t1_may" instance_id="TIM15737506560464398" />
<ACTION_OCCURRENCE m_id="101" RELATED_TO="" TAG_DESCRIPTOR="t1_signed_rehab" instance_id="ACT15736658441608935" />
<TIME_DATE m_id="86" RELATED_TO="" TAG_DESCRIPTOR="t1_yesterday" instance_id="TIM15737524562357093" />
<ACTION_OCCURRENCE m_id="100" RELATED_TO="" TAG_DESCRIPTOR="t1_car_accident" instance_id="ACT15736222522732990" />
<HUMAN_PART_ORG m_id="85" RELATED_TO="" TAG_DESCRIPTOR="t1_la_superior_court" instance_id="HUM15736997945923117" />
<ACTION_REPORTING m_id="84" RELATED_TO="" TAG_DESCRIPTOR="t1_said_holley" instance_id="ACT15736851969240715" />
<ACTION_REPORTING m_id="83" RELATED_TO="" TAG_DESCRIPTOR="t1_confirmed_access_hollywood" instance_id="ACT15736729191212266" />
<ACTION_OCCURRENCE m_id="82" RELATED_TO="" TAG_DESCRIPTOR="t1_leaving_betty_ford" instance_id="ACT15736206310398879" />
<ACTION_ASPECTUAL m_id="81" RELATED_TO="" TAG_DESCRIPTOR="t1_continue_rehab" instance_id="ACT15736043408045171" />
<ACTION_REPORTING m_id="80" RELATED_TO="" TAG_DESCRIPTOR="t1_holley_spoke_out" instance_id="ACT15736880201420243" />
<HUMAN_PART_PER m_id="79" RELATED_TO="" TAG_DESCRIPTOR="t1_judge_allowing_cliffside_move" instance_id="HUM15737056436705907" />
<ACTION_OCCURRENCE m_id="78" RELATED_TO="" TAG_DESCRIPTOR="t1_established" instance_id="ACT15742908922777396" />
<LOC_FAC m_id="77" RELATED_TO="" TAG_DESCRIPTOR="t1_cliffside" instance_id="LOC15737144640543698" />
<NON_HUMAN_PART m_id="76" RELATED_TO="" TAG_DESCRIPTOR="t1_car_from_accident" instance_id="NON15737401884611129" />
<ACTION_OCCURRENCE m_id="75" RELATED_TO="" TAG_DESCRIPTOR="t1_checking_into_betty_ford" instance_id="ACT15738091639707092" />
<HUMAN_PART_PER m_id="74" RELATED_TO="" TAG_DESCRIPTOR="t1_spokesperson_for_court" instance_id="HUM15737106999434470" />
<ACTION_OCCURRENCE m_id="73" RELATED_TO="" TAG_DESCRIPTOR="t1_drunk_driving_case" instance_id="ACT15731894703034277" />
<ACTION_OCCURRENCE m_id="72" RELATED_TO="" TAG_DESCRIPTOR="t1_allowing" instance_id="ACT15736242788923354" />
<HUMAN_PART_PER m_id="99" RELATED_TO="" TAG_DESCRIPTOR="t1_shawn_holley" instance_id="HUM15743207473194727" />
<ACTION_OCCURRENCE m_id="98" RELATED_TO="" TAG_DESCRIPTOR="t1_received_treatment" instance_id="ACT15736564582703433" />
<ACTION_ASPECTUAL m_id="97" RELATED_TO="" TAG_DESCRIPTOR="t1_completed_treatment" instance_id="ACT15736014936162030" />
<HUMAN_PART_ORG m_id="96" RELATED_TO="" TAG_DESCRIPTOR="t1_access_hollywood" instance_id="HUM15736969418212999" />
<ACTION_OCCURRENCE m_id="95" RELATED_TO="" TAG_DESCRIPTOR="t1_statement_to_access" instance_id="ACT15736683765216861" />
<ACTION_OCCURRENCE m_id="94" RELATED_TO="" TAG_DESCRIPTOR="t1_treatment" instance_id="ACT15736700251185985" />
<ACTION_STATE m_id="93" RELATED_TO="" TAG_DESCRIPTOR="t1_looking_forward" instance_id="ACT15736925236499882" />
<TIME_DURATION m_id="92" RELATED_TO="" TAG_DESCRIPTOR="t1_90_days" instance_id="TIM15737539387899295" />
<ACTION_OCCURRENCE m_id="91" RELATED_TO="" TAG_DESCRIPTOR="t1_building_on_foundations" instance_id="ACT15736267007519667" />
<TIME_DATE m_id="90" RELATED_TO="" TAG_DESCRIPTOR="t1_june_2012" instance_id="TIM15737493546220407" />
</Markables>

<Relations>
<CROSS_DOC_COREF r_id="21683" note="ACT15736242788923354" >
  <source m_id="34" />
  <target m_id="72" />
</CROSS_DOC_COREF>
<CROSS_DOC_COREF r_id="21684" note="ACT15731894703034277" >
  <source m_id="57" />
  <target m_id="73" />
</CROSS_DOC_COREF>
<CROSS_DOC_COREF r_id="21685" note="HUM15737106999434470" >
  <source m_id="24" />
  <target m_id="74" />
</CROSS_DOC_COREF>
<CROSS_DOC_COREF r_id="21686" note="ACT15738091639707092" >
  <source m_id="49" />
  <target m_id="75" />
</CROSS_DOC_COREF>
<CROSS_DOC_COREF r_id="21687" note="NON15737401884611129" >
  <source m_id="64" />
  <target m_id="76" />
</CROSS_DOC_COREF>
<CROSS_DOC_COREF r_id="21688" note="LOC15737144640543698" >
  <source m_id="15" />
  <source m_id="36" />
  <source m_id="16" />
  <source m_id="59" />
  <target m_id="77" />
</CROSS_DOC_COREF>
<CROSS_DOC_COREF r_id="21689" note="ACT15742908922777396" >
  <source m_id="54" />
  <target m_id="78" />
</CROSS_DOC_COREF>
<CROSS_DOC_COREF r_id="21690" note="HUM15737056436705907" >
  <source m_id="28" />
  <target m_id="79" />
</CROSS_DOC_COREF>
<CROSS_DOC_COREF r_id="21691" note="ACT15736880201420243" >
  <source m_id="40" />
  <target m_id="80" />
</CROSS_DOC_COREF>
<CROSS_DOC_COREF r_id="21692" note="ACT15736043408045171" >
  <source m_id="47" />
  <source m_id="37" />
  <target m_id="81" />
</CROSS_DOC_COREF>
<CROSS_DOC_COREF r_id="21693" note="ACT15736206310398879" >
  <source m_id="18" />
  <source m_id="20" />
  <target m_id="82" />
</CROSS_DOC_COREF>
<CROSS_DOC_COREF r_id="21694" note="ACT15736729191212266" >
  <source m_id="23" />
  <target m_id="83" />
</CROSS_DOC_COREF>
<CROSS_DOC_COREF r_id="21695" note="ACT15736851969240715" >
  <source m_id="48" />
  <target m_id="84" />
</CROSS_DOC_COREF>
<CROSS_DOC_COREF r_id="21696" note="HUM15736997945923117" >
  <source m_id="25" />
  <target m_id="85" />
</CROSS_DOC_COREF>
<CROSS_DOC_COREF r_id="21697" note="TIM15737524562357093" >
  <source m_id="33" />
  <target m_id="86" />
</CROSS_DOC_COREF>
<CROSS_DOC_COREF r_id="21698" note="TIM15737506560464398" >
  <source m_id="50" />
  <target m_id="87" />
</CROSS_DOC_COREF>
<CROSS_DOC_COREF r_id="21699" note="ACT15736526408529030" >
  <source m_id="66" />
  <target m_id="88" />
</CROSS_DOC_COREF>
<CROSS_DOC_COREF r_id="21700" note="ACT15743050988266116" >
  <source m_id="67" />
  <target m_id="89" />
</CROSS_DOC_COREF>
<CROSS_DOC_COREF r_id="21701" note="TIM15737493546220407" >
  <source m_id="56" />
  <target m_id="90" />
</CROSS_DOC_COREF>
<CROSS_DOC_COREF r_id="21702" note="ACT15736267007519667" >
  <source m_id="52" />
  <target m_id="91" />
</CROSS_DOC_COREF>
<CROSS_DOC_COREF r_id="21703" note="TIM15737539387899295" >
  <source m_id="38" />
  <target m_id="92" />
</CROSS_DOC_COREF>
<CROSS_DOC_COREF r_id="21704" note="ACT15736925236499882" >
  <source m_id="51" />
  <target m_id="93" />
</CROSS_DOC_COREF>
<CROSS_DOC_COREF r_id="21705" note="ACT15736700251185985" >
  <source m_id="39" />
  <target m_id="94" />
</CROSS_DOC_COREF>
<CROSS_DOC_COREF r_id="21706" note="ACT15736683765216861" >
  <source m_id="68" />
  <target m_id="95" />
</CROSS_DOC_COREF>
<CROSS_DOC_COREF r_id="21707" note="HUM15736969418212999" >
  <source m_id="22" />
  <source m_id="31" />
  <source m_id="27" />
  <target m_id="96" />
</CROSS_DOC_COREF>
<CROSS_DOC_COREF r_id="21708" note="ACT15736014936162030" >
  <source m_id="45" />
  <target m_id="97" />
</CROSS_DOC_COREF>
<CROSS_DOC_COREF r_id="21709" note="ACT15736564582703433" >
  <source m_id="42" />
  <target m_id="98" />
</CROSS_DOC_COREF>
<CROSS_DOC_COREF r_id="21710" note="HUM15743207473194727" >
  <source m_id="71" />
  <source m_id="30" />
  <target m_id="99" />
</CROSS_DOC_COREF>
<CROSS_DOC_COREF r_id="21711" note="ACT15736222522732990" >
  <source m_id="65" />
  <target m_id="100" />
</CROSS_DOC_COREF>
<CROSS_DOC_COREF r_id="21712" note="ACT15736658441608935" >
  <source m_id="32" />
  <target m_id="101" />
</CROSS_DOC_COREF>
<CROSS_DOC_COREF r_id="21713" note="ACT15736901907418086" >
  <source m_id="44" />
  <target m_id="102" />
</CROSS_DOC_COREF>
<CROSS_DOC_COREF r_id="21714" note="ACT15736068730283141" >
  <source m_id="55" />
  <target m_id="103" />
</CROSS_DOC_COREF>
<CROSS_DOC_COREF r_id="21715" note="ACT15986681471021312" >
  <source m_id="21" />
  <source m_id="41" />
  <source m_id="35" />
  <source m_id="19" />
  <target m_id="104" />
</CROSS_DOC_COREF>
<CROSS_DOC_COREF r_id="21716" note="HUM15732980283919140" >
  <source m_id="5" />
  <source m_id="9" />
  <source m_id="12" />
  <source m_id="10" />
  <source m_id="2" />
  <source m_id="3" />
  <source m_id="6" />
  <source m_id="7" />
  <source m_id="4" />
  <source m_id="8" />
  <source m_id="11" />
  <target m_id="105" />
</CROSS_DOC_COREF>
<CROSS_DOC_COREF r_id="21717" note="LOC15734326865367655" >
  <source m_id="58" />
  <source m_id="60" />
  <source m_id="63" />
  <source m_id="62" />
  <source m_id="14" />
  <target m_id="106" />
</CROSS_DOC_COREF>

</Relations>
</Document>
