<Document doc_name="1_20ecbplus.xml" doc_id="DOC15645930782332507">
<token t_id="1" sentence="0" number="0">http</token>
<token t_id="2" sentence="0" number="1">:</token>
<token t_id="3" sentence="0" number="2">/</token>
<token t_id="4" sentence="0" number="3">/</token>
<token t_id="5" sentence="0" number="4">www</token>
<token t_id="6" sentence="0" number="5">.</token>
<token t_id="7" sentence="0" number="6">x17online</token>
<token t_id="8" sentence="0" number="7">.</token>
<token t_id="9" sentence="0" number="8">com</token>
<token t_id="10" sentence="0" number="9">/</token>
<token t_id="11" sentence="0" number="10">celebrities</token>
<token t_id="12" sentence="0" number="11">/</token>
<token t_id="13" sentence="0" number="12">lindsay</token>
<token t_id="14" sentence="0" number="13">_</token>
<token t_id="15" sentence="0" number="14">lohan</token>
<token t_id="16" sentence="0" number="15">/</token>
<token t_id="17" sentence="0" number="16">lindsay</token>
<token t_id="18" sentence="0" number="17">_</token>
<token t_id="19" sentence="0" number="18">lohan</token>
<token t_id="20" sentence="0" number="19">_</token>
<token t_id="21" sentence="0" number="20">checks</token>
<token t_id="22" sentence="0" number="21">_</token>
<token t_id="23" sentence="0" number="22">out</token>
<token t_id="24" sentence="0" number="23">_</token>
<token t_id="25" sentence="0" number="24">betty</token>
<token t_id="26" sentence="0" number="25">_</token>
<token t_id="27" sentence="0" number="26">ford</token>
<token t_id="28" sentence="0" number="27">_</token>
<token t_id="29" sentence="0" number="28">in</token>
<token t_id="30" sentence="0" number="29">_</token>
<token t_id="31" sentence="0" number="30">cliffside</token>
<token t_id="32" sentence="0" number="31">_</token>
<token t_id="33" sentence="0" number="32">malibu</token>
<token t_id="34" sentence="0" number="33">_</token>
<token t_id="35" sentence="0" number="34">061313</token>
<token t_id="36" sentence="0" number="35">.</token>
<token t_id="37" sentence="0" number="36">php</token>
<token t_id="38" sentence="1" number="0">Lindsay</token>
<token t_id="39" sentence="1" number="1">Lohan</token>
<token t_id="40" sentence="1" number="2">Checks</token>
<token t_id="41" sentence="1" number="3">Out</token>
<token t_id="42" sentence="1" number="4">Of</token>
<token t_id="43" sentence="1" number="5">Betty</token>
<token t_id="44" sentence="1" number="6">Ford</token>
<token t_id="45" sentence="1" number="7">Treatment</token>
<token t_id="46" sentence="1" number="8">Center</token>
<token t_id="47" sentence="1" number="9">And</token>
<token t_id="48" sentence="1" number="10">Into</token>
<token t_id="49" sentence="1" number="11">Malibu</token>
<token t_id="50" sentence="1" number="12">Rehab</token>
<token t_id="51" sentence="2" number="0">Posted</token>
<token t_id="52" sentence="2" number="1">on</token>
<token t_id="53" sentence="2" number="2">Thu</token>
<token t_id="54" sentence="2" number="3">Jun</token>
<token t_id="55" sentence="2" number="4">13</token>
<token t_id="56" sentence="2" number="5">,</token>
<token t_id="57" sentence="2" number="6">2013</token>
<token t_id="58" sentence="2" number="7">08</token>
<token t_id="59" sentence="2" number="8">:</token>
<token t_id="60" sentence="2" number="9">45</token>
<token t_id="61" sentence="2" number="10">AM</token>
<token t_id="62" sentence="2" number="11">PDT</token>
<token t_id="63" sentence="3" number="0">Lindsay</token>
<token t_id="64" sentence="3" number="1">Lohan</token>
<token t_id="65" sentence="3" number="2">has</token>
<token t_id="66" sentence="3" number="3">checked</token>
<token t_id="67" sentence="3" number="4">out</token>
<token t_id="68" sentence="3" number="5">of</token>
<token t_id="69" sentence="3" number="6">the</token>
<token t_id="70" sentence="3" number="7">Betty</token>
<token t_id="71" sentence="3" number="8">Ford</token>
<token t_id="72" sentence="3" number="9">Treatment</token>
<token t_id="73" sentence="3" number="10">Center</token>
<token t_id="74" sentence="3" number="11">in</token>
<token t_id="75" sentence="3" number="12">Palm</token>
<token t_id="76" sentence="3" number="13">Springs</token>
<token t_id="77" sentence="3" number="14">after</token>
<token t_id="78" sentence="3" number="15">completing</token>
<token t_id="79" sentence="3" number="16">a</token>
<token t_id="80" sentence="3" number="17">30</token>
<token t_id="81" sentence="3" number="18">-</token>
<token t_id="82" sentence="3" number="19">day</token>
<token t_id="83" sentence="3" number="20">program</token>
<token t_id="84" sentence="3" number="21">,</token>
<token t_id="85" sentence="3" number="22">but</token>
<token t_id="86" sentence="3" number="23">she's</token>
<token t_id="87" sentence="3" number="24">not</token>
<token t_id="88" sentence="3" number="25">in</token>
<token t_id="89" sentence="3" number="26">the</token>
<token t_id="90" sentence="3" number="27">clear</token>
<token t_id="91" sentence="3" number="28">yet</token>
<token t_id="92" sentence="3" number="29">!</token>
<token t_id="93" sentence="4" number="0">The</token>
<token t_id="94" sentence="4" number="1">Mean</token>
<token t_id="95" sentence="4" number="2">Girls</token>
<token t_id="96" sentence="4" number="3">star</token>
<token t_id="97" sentence="4" number="4">just</token>
<token t_id="98" sentence="4" number="5">checked</token>
<token t_id="99" sentence="4" number="6">-</token>
<token t_id="100" sentence="4" number="7">in</token>
<token t_id="101" sentence="4" number="8">to</token>
<token t_id="102" sentence="4" number="9">the</token>
<token t_id="103" sentence="4" number="10">Cliffside</token>
<token t_id="104" sentence="4" number="11">Rehab</token>
<token t_id="105" sentence="4" number="12">Center</token>
<token t_id="106" sentence="4" number="13">in</token>
<token t_id="107" sentence="4" number="14">Malibu</token>
<token t_id="108" sentence="4" number="15">,</token>
<token t_id="109" sentence="4" number="16">where</token>
<token t_id="110" sentence="4" number="17">she</token>
<token t_id="111" sentence="4" number="18">will</token>
<token t_id="112" sentence="4" number="19">receive</token>
<token t_id="113" sentence="4" number="20">extended</token>
<token t_id="114" sentence="4" number="21">treatment</token>
<token t_id="115" sentence="4" number="22">,</token>
<token t_id="116" sentence="4" number="23">TMZ</token>
<token t_id="117" sentence="4" number="24">reports</token>
<token t_id="118" sentence="4" number="25">.</token>
<Markables>
<ACTION_ASPECTUAL m_id="15"  >
  <token_anchor t_id="78"/>
</ACTION_ASPECTUAL>
<ACTION_OCCURRENCE m_id="9"  >
  <token_anchor t_id="66"/>
  <token_anchor t_id="67"/>
</ACTION_OCCURRENCE>
<ACTION_OCCURRENCE m_id="10"  >
  <token_anchor t_id="98"/>
  <token_anchor t_id="99"/>
  <token_anchor t_id="100"/>
</ACTION_OCCURRENCE>
<ACTION_OCCURRENCE m_id="11"  >
  <token_anchor t_id="112"/>
</ACTION_OCCURRENCE>
<ACTION_OCCURRENCE m_id="17"  >
  <token_anchor t_id="83"/>
</ACTION_OCCURRENCE>
<ACTION_OCCURRENCE m_id="21"  >
  <token_anchor t_id="114"/>
</ACTION_OCCURRENCE>
<ACTION_OCCURRENCE m_id="7"  >
  <token_anchor t_id="40"/>
  <token_anchor t_id="41"/>
</ACTION_OCCURRENCE>
<ACTION_OCCURRENCE m_id="8"  >
  <token_anchor t_id="48"/>
</ACTION_OCCURRENCE>
<ACTION_REPORTING m_id="20"  >
  <token_anchor t_id="117"/>
</ACTION_REPORTING>
<HUMAN_PART_ORG m_id="19"  >
  <token_anchor t_id="116"/>
</HUMAN_PART_ORG>
<HUMAN_PART_PER m_id="2"  >
  <token_anchor t_id="38"/>
  <token_anchor t_id="39"/>
</HUMAN_PART_PER>
<HUMAN_PART_PER m_id="3"  >
  <token_anchor t_id="63"/>
  <token_anchor t_id="64"/>
</HUMAN_PART_PER>
<HUMAN_PART_PER m_id="4"  >
  <token_anchor t_id="96"/>
</HUMAN_PART_PER>
<HUMAN_PART_PER m_id="5"  >
  <token_anchor t_id="86"/>
</HUMAN_PART_PER>
<HUMAN_PART_PER m_id="6"  >
  <token_anchor t_id="110"/>
</HUMAN_PART_PER>
<LOC_FAC m_id="12"  >
  <token_anchor t_id="70"/>
  <token_anchor t_id="71"/>
  <token_anchor t_id="72"/>
  <token_anchor t_id="73"/>
  <token_anchor t_id="74"/>
  <token_anchor t_id="75"/>
  <token_anchor t_id="76"/>
</LOC_FAC>
<LOC_FAC m_id="13"  >
  <token_anchor t_id="103"/>
  <token_anchor t_id="104"/>
  <token_anchor t_id="105"/>
  <token_anchor t_id="106"/>
  <token_anchor t_id="107"/>
</LOC_FAC>
<LOC_FAC m_id="14"  >
  <token_anchor t_id="49"/>
  <token_anchor t_id="50"/>
</LOC_FAC>
<LOC_FAC m_id="18"  >
  <token_anchor t_id="109"/>
</LOC_FAC>
<LOC_FAC m_id="26"  >
  <token_anchor t_id="42"/>
  <token_anchor t_id="43"/>
  <token_anchor t_id="44"/>
  <token_anchor t_id="45"/>
  <token_anchor t_id="46"/>
</LOC_FAC>
<TIME_DURATION m_id="16"  >
  <token_anchor t_id="80"/>
  <token_anchor t_id="81"/>
  <token_anchor t_id="82"/>
</TIME_DURATION>
<TIME_OF_THE_DAY m_id="1"  >
  <token_anchor t_id="53"/>
  <token_anchor t_id="54"/>
  <token_anchor t_id="55"/>
  <token_anchor t_id="56"/>
  <token_anchor t_id="57"/>
  <token_anchor t_id="58"/>
  <token_anchor t_id="59"/>
  <token_anchor t_id="60"/>
  <token_anchor t_id="61"/>
  <token_anchor t_id="62"/>
</TIME_OF_THE_DAY>




<ACTION_OCCURRENCE m_id="33" RELATED_TO="" TAG_DESCRIPTOR="t1_checking_into_cliffside" instance_id="ACT15986681471021312" />
<HUMAN_PART_PER m_id="32" RELATED_TO="" TAG_DESCRIPTOR="t1_lindsay_lohan" instance_id="HUM15732980283919140" />
<ACTION_REPORTING m_id="31" RELATED_TO="" TAG_DESCRIPTOR="t1_reported_tmz" instance_id="ACT15829806620339793" />
<TIME_DURATION m_id="29" RELATED_TO="" TAG_DESCRIPTOR="t1_30_days" instance_id="TIM15987171346344118" />
<ACTION_OCCURRENCE m_id="28" RELATED_TO="" TAG_DESCRIPTOR="t1_checking_out_betty_ford" instance_id="ACT15986702797042352" />
<ACTION_OCCURRENCE m_id="30" RELATED_TO="" TAG_DESCRIPTOR="t1_received_treatment" instance_id="ACT15736564582703433" />
<ACTION_ASPECTUAL m_id="27" RELATED_TO="" TAG_DESCRIPTOR="t1_completed_treatment" instance_id="ACT15736014936162030" />
<LOC_FAC m_id="38" RELATED_TO="" TAG_DESCRIPTOR="t1_cliffside" instance_id="LOC15737144640543698" />
<HUMAN_PART_ORG m_id="37" RELATED_TO="" TAG_DESCRIPTOR="t1_tmz" instance_id="HUM15829977106103480" />
<ACTION_OCCURRENCE m_id="36" RELATED_TO="" TAG_DESCRIPTOR="t1_30_day_program" instance_id="ACT16070960813709906" />
<ACTION_OCCURRENCE m_id="35" RELATED_TO="" TAG_DESCRIPTOR="t1_receiving_treatment_cliffside" instance_id="ACT16185583213296662" />
<LOC_FAC m_id="34" RELATED_TO="" TAG_DESCRIPTOR="t1_betty_ford" instance_id="LOC15734326865367655" />
</Markables>

<Relations>
<CROSS_DOC_COREF r_id="21144" note="ACT15736014936162030" >
  <source m_id="15" />
  <target m_id="27" />
</CROSS_DOC_COREF>
<CROSS_DOC_COREF r_id="21145" note="ACT15986702797042352" >
  <source m_id="9" />
  <source m_id="7" />
  <target m_id="28" />
</CROSS_DOC_COREF>
<CROSS_DOC_COREF r_id="21146" note="TIM15987171346344118" >
  <source m_id="16" />
  <target m_id="29" />
</CROSS_DOC_COREF>
<CROSS_DOC_COREF r_id="21147" note="ACT15736564582703433" >
  <source m_id="11" />
  <target m_id="30" />
</CROSS_DOC_COREF>
<CROSS_DOC_COREF r_id="21148" note="ACT15829806620339793" >
  <source m_id="20" />
  <target m_id="31" />
</CROSS_DOC_COREF>
<CROSS_DOC_COREF r_id="21149" note="HUM15732980283919140" >
  <source m_id="4" />
  <source m_id="6" />
  <source m_id="2" />
  <source m_id="5" />
  <source m_id="3" />
  <target m_id="32" />
</CROSS_DOC_COREF>
<CROSS_DOC_COREF r_id="21150" note="ACT15986681471021312" >
  <source m_id="8" />
  <source m_id="10" />
  <target m_id="33" />
</CROSS_DOC_COREF>
<CROSS_DOC_COREF r_id="21151" note="LOC15734326865367655" >
  <source m_id="12" />
  <source m_id="26" />
  <target m_id="34" />
</CROSS_DOC_COREF>
<CROSS_DOC_COREF r_id="21152" note="ACT16185583213296662" >
  <source m_id="21" />
  <target m_id="35" />
</CROSS_DOC_COREF>
<CROSS_DOC_COREF r_id="21153" note="ACT16070960813709906" >
  <source m_id="17" />
  <target m_id="36" />
</CROSS_DOC_COREF>
<CROSS_DOC_COREF r_id="21154" note="HUM15829977106103480" >
  <source m_id="19" />
  <target m_id="37" />
</CROSS_DOC_COREF>
<CROSS_DOC_COREF r_id="21155" note="LOC15737144640543698" >
  <source m_id="13" />
  <source m_id="18" />
  <source m_id="14" />
  <target m_id="38" />
</CROSS_DOC_COREF>

</Relations>
</Document>
