<Document doc_name="1_2ecb.xml" doc_id="DOC15653231274938005">
<token t_id="1" sentence="0" number="0">A</token>
<token t_id="2" sentence="0" number="1">publicist</token>
<token t_id="3" sentence="0" number="2">says</token>
<token t_id="4" sentence="0" number="3">Tara</token>
<token t_id="5" sentence="0" number="4">Reid</token>
<token t_id="6" sentence="0" number="5">has</token>
<token t_id="7" sentence="0" number="6">checked</token>
<token t_id="8" sentence="0" number="7">herself</token>
<token t_id="9" sentence="0" number="8">into</token>
<token t_id="10" sentence="0" number="9">rehab</token>
<token t_id="11" sentence="0" number="10">.</token>
<token t_id="12" sentence="1" number="0">Jack</token>
<token t_id="13" sentence="1" number="1">Ketsoyan</token>
<token t_id="14" sentence="1" number="2">said</token>
<token t_id="15" sentence="1" number="3">Friday</token>
<token t_id="16" sentence="1" number="4">that</token>
<token t_id="17" sentence="1" number="5">the</token>
<token t_id="18" sentence="1" number="6">``</token>
<token t_id="19" sentence="1" number="7">American</token>
<token t_id="20" sentence="1" number="8">Pie</token>
<token t_id="21" sentence="1" number="9">''</token>
<token t_id="22" sentence="1" number="10">star</token>
<token t_id="23" sentence="1" number="11">went</token>
<token t_id="24" sentence="1" number="12">to</token>
<token t_id="25" sentence="1" number="13">the</token>
<token t_id="26" sentence="1" number="14">Promises</token>
<token t_id="27" sentence="1" number="15">Treatment</token>
<token t_id="28" sentence="1" number="16">Center</token>
<token t_id="29" sentence="1" number="17">.</token>
<token t_id="30" sentence="2" number="0">He</token>
<token t_id="31" sentence="2" number="1">did</token>
<token t_id="32" sentence="2" number="2">not</token>
<token t_id="33" sentence="2" number="3">specify</token>
<token t_id="34" sentence="2" number="4">what</token>
<token t_id="35" sentence="2" number="5">she</token>
<token t_id="36" sentence="2" number="6">was</token>
<token t_id="37" sentence="2" number="7">being</token>
<token t_id="38" sentence="2" number="8">treated</token>
<token t_id="39" sentence="2" number="9">for</token>
<token t_id="40" sentence="2" number="10">or</token>
<token t_id="41" sentence="2" number="11">when</token>
<token t_id="42" sentence="2" number="12">she</token>
<token t_id="43" sentence="2" number="13">entered</token>
<token t_id="44" sentence="2" number="14">the</token>
<token t_id="45" sentence="2" number="15">facility</token>
<token t_id="46" sentence="2" number="16">.</token>
<token t_id="47" sentence="3" number="0">``</token>
<token t_id="48" sentence="3" number="1">We</token>
<token t_id="49" sentence="3" number="2">appreciate</token>
<token t_id="50" sentence="3" number="3">your</token>
<token t_id="51" sentence="3" number="4">respect</token>
<token t_id="52" sentence="3" number="5">to</token>
<token t_id="53" sentence="3" number="6">her</token>
<token t_id="54" sentence="3" number="7">and</token>
<token t_id="55" sentence="3" number="8">her</token>
<token t_id="56" sentence="3" number="9">family</token>
<token t_id="57" sentence="3" number="10">'s</token>
<token t_id="58" sentence="3" number="11">privacy</token>
<token t_id="59" sentence="3" number="12">at</token>
<token t_id="60" sentence="3" number="13">this</token>
<token t_id="61" sentence="3" number="14">time</token>
<token t_id="62" sentence="3" number="15">,</token>
<token t_id="63" sentence="3" number="16">''</token>
<token t_id="64" sentence="3" number="17">he</token>
<token t_id="65" sentence="3" number="18">said</token>
<token t_id="66" sentence="3" number="19">in</token>
<token t_id="67" sentence="3" number="20">a</token>
<token t_id="68" sentence="3" number="21">statement</token>
<token t_id="69" sentence="3" number="22">.</token>
<token t_id="70" sentence="4" number="0">Reid</token>
<token t_id="71" sentence="4" number="1">,</token>
<token t_id="72" sentence="4" number="2">33</token>
<token t_id="73" sentence="4" number="3">,</token>
<token t_id="74" sentence="4" number="4">earned</token>
<token t_id="75" sentence="4" number="5">a</token>
<token t_id="76" sentence="4" number="6">reputation</token>
<token t_id="77" sentence="4" number="7">as</token>
<token t_id="78" sentence="4" number="8">a</token>
<token t_id="79" sentence="4" number="9">drunken</token>
<token t_id="80" sentence="4" number="10">partier</token>
<token t_id="81" sentence="4" number="11">after</token>
<token t_id="82" sentence="4" number="12">famously</token>
<token t_id="83" sentence="4" number="13">being</token>
<token t_id="84" sentence="4" number="14">photographed</token>
<token t_id="85" sentence="4" number="15">on</token>
<token t_id="86" sentence="4" number="16">a</token>
<token t_id="87" sentence="4" number="17">red</token>
<token t_id="88" sentence="4" number="18">carpet</token>
<token t_id="89" sentence="4" number="19">with</token>
<token t_id="90" sentence="4" number="20">her</token>
<token t_id="91" sentence="4" number="21">breast</token>
<token t_id="92" sentence="4" number="22">exposed</token>
<token t_id="93" sentence="4" number="23">,</token>
<token t_id="94" sentence="4" number="24">apparently</token>
<token t_id="95" sentence="4" number="25">unaware</token>
<token t_id="96" sentence="4" number="26">that</token>
<token t_id="97" sentence="4" number="27">the</token>
<token t_id="98" sentence="4" number="28">strap</token>
<token t_id="99" sentence="4" number="29">of</token>
<token t_id="100" sentence="4" number="30">her</token>
<token t_id="101" sentence="4" number="31">dress</token>
<token t_id="102" sentence="4" number="32">had</token>
<token t_id="103" sentence="4" number="33">fallen</token>
<token t_id="104" sentence="4" number="34">off</token>
<token t_id="105" sentence="4" number="35">.</token>
<token t_id="106" sentence="5" number="0">Her</token>
<token t_id="107" sentence="5" number="1">film</token>
<token t_id="108" sentence="5" number="2">credits</token>
<token t_id="109" sentence="5" number="3">include</token>
<token t_id="110" sentence="5" number="4">``</token>
<token t_id="111" sentence="5" number="5">Van</token>
<token t_id="112" sentence="5" number="6">Wilder</token>
<token t_id="113" sentence="5" number="7">''</token>
<token t_id="114" sentence="5" number="8">and</token>
<token t_id="115" sentence="5" number="9">``</token>
<token t_id="116" sentence="5" number="10">The</token>
<token t_id="117" sentence="5" number="11">Big</token>
<token t_id="118" sentence="5" number="12">Lebowski</token>
<token t_id="119" sentence="5" number="13">.</token>
<token t_id="120" sentence="5" number="14">''</token>
<token t_id="121" sentence="6" number="0">She</token>
<token t_id="122" sentence="6" number="1">also</token>
<token t_id="123" sentence="6" number="2">hosted</token>
<token t_id="124" sentence="6" number="3">the</token>
<token t_id="125" sentence="6" number="4">short-lived</token>
<token t_id="126" sentence="6" number="5">,</token>
<token t_id="127" sentence="6" number="6">half-hour</token>
<token t_id="128" sentence="6" number="7">show</token>
<token t_id="129" sentence="6" number="8">``</token>
<token t_id="130" sentence="6" number="9">Taradise</token>
<token t_id="131" sentence="6" number="10">''</token>
<token t_id="132" sentence="6" number="11">on</token>
<token t_id="133" sentence="6" number="12">E</token>
<token t_id="134" sentence="6" number="13">!</token>
<Markables>
<ACTION_OCCURRENCE m_id="18"  >
  <token_anchor t_id="38"/>
</ACTION_OCCURRENCE>
<ACTION_OCCURRENCE m_id="20"  >
  <token_anchor t_id="43"/>
</ACTION_OCCURRENCE>
<ACTION_REPORTING m_id="16"  >
  <token_anchor t_id="3"/>
</ACTION_REPORTING>
<HUMAN_PART_PER m_id="22"  >
  <token_anchor t_id="30"/>
</HUMAN_PART_PER>
<HUMAN_PART_PER m_id="23"  >
  <token_anchor t_id="4"/>
  <token_anchor t_id="5"/>
</HUMAN_PART_PER>
<HUMAN_PART_PER m_id="25"  >
  <token_anchor t_id="35"/>
</HUMAN_PART_PER>
<HUMAN_PART_PER m_id="26"  >
  <token_anchor t_id="42"/>
</HUMAN_PART_PER>
<HUMAN_PART_PER m_id="21"  >
  <token_anchor t_id="2"/>
</HUMAN_PART_PER>
<LOC_FAC m_id="14"  >
  <token_anchor t_id="10"/>
</LOC_FAC>
<LOC_FAC m_id="15"  >
  <token_anchor t_id="44"/>
  <token_anchor t_id="45"/>
</LOC_FAC>
<ACTION_OCCURRENCE m_id="27" note="byCROMER" >
  <token_anchor t_id="23"/>
</ACTION_OCCURRENCE>
<NEG_ACTION_REPORTING m_id="28" note="byCROMER" >
  <token_anchor t_id="33"/>
</NEG_ACTION_REPORTING>
<ACTION_OCCURRENCE m_id="29" note="byCROMER" >
  <token_anchor t_id="7"/>
  <token_anchor t_id="8"/>
</ACTION_OCCURRENCE>
<ACTION_OCCURRENCE m_id="30" note="byCROMER" >
  <token_anchor t_id="7"/>
  <token_anchor t_id="9"/>
</ACTION_OCCURRENCE>
<HUMAN_PART_PER m_id="31" note="byCROMER" >
  <token_anchor t_id="8"/>
</HUMAN_PART_PER>


<ACTION_OCCURRENCE m_id="38" RELATED_TO="" TAG_DESCRIPTOR="t1b_checking_in_promises" instance_id="ACT16236402809085484" />
<HUMAN_PART_PER m_id="37" RELATED_TO="" TAG_DESCRIPTOR="t1b_rep" instance_id="HUM16284637796168708" />
<HUMAN_PART_PER m_id="36" RELATED_TO="" TAG_DESCRIPTOR="t1b_tara_reid" instance_id="HUM16236184328979740" />
<LOC_FAC m_id="35" RELATED_TO="" TAG_DESCRIPTOR="t1b_promises_maliby" instance_id="LOC16235213289813758" />
<NEG_ACTION_REPORTING m_id="34" RELATED_TO="" TAG_DESCRIPTOR="t1b_undisclosed_why_in_rehab" instance_id="NEG16237477263722686" />
<ACTION_OCCURRENCE m_id="33" RELATED_TO="" TAG_DESCRIPTOR="t1b_being_treated" instance_id="ACT16285740914219870" />
<ACTION_REPORTING m_id="32" RELATED_TO="" TAG_DESCRIPTOR="t1b_publicist_statement_reid_in_rehab_and_respect_privacy" instance_id="ACT16235311629112331" />
</Markables>

<Relations>
<CROSS_DOC_COREF r_id="37545" note="ACT16235311629112331" >
  <source m_id="16" />
  <target m_id="32" />
</CROSS_DOC_COREF>
<CROSS_DOC_COREF r_id="37546" note="ACT16285740914219870" >
  <source m_id="18" />
  <target m_id="33" />
</CROSS_DOC_COREF>
<CROSS_DOC_COREF r_id="37547" note="NEG16237477263722686" >
  <source m_id="28" />
  <target m_id="34" />
</CROSS_DOC_COREF>
<CROSS_DOC_COREF r_id="37548" note="LOC16235213289813758" >
  <source m_id="14" />
  <source m_id="15" />
  <target m_id="35" />
</CROSS_DOC_COREF>
<CROSS_DOC_COREF r_id="37549" note="HUM16236184328979740" >
  <source m_id="25" />
  <source m_id="26" />
  <source m_id="31" />
  <source m_id="23" />
  <target m_id="36" />
</CROSS_DOC_COREF>
<CROSS_DOC_COREF r_id="37550" note="HUM16284637796168708" >
  <source m_id="21" />
  <source m_id="22" />
  <target m_id="37" />
</CROSS_DOC_COREF>
<CROSS_DOC_COREF r_id="37551" note="ACT16236402809085484" >
  <source m_id="27" />
  <source m_id="29" />
  <source m_id="30" />
  <source m_id="20" />
  <target m_id="38" />
</CROSS_DOC_COREF>

</Relations>
</Document>
