<Document doc_name="1_8ecb.xml" doc_id="DOC15653231528267285">
<token t_id="1" sentence="0" number="0">Oh</token>
<token t_id="2" sentence="0" number="1">,</token>
<token t_id="3" sentence="0" number="2">it</token>
<token t_id="4" sentence="0" number="3">'s</token>
<token t_id="5" sentence="0" number="4">been</token>
<token t_id="6" sentence="0" number="5">so</token>
<token t_id="7" sentence="0" number="6">long</token>
<token t_id="8" sentence="0" number="7">since</token>
<token t_id="9" sentence="0" number="8">we</token>
<token t_id="10" sentence="0" number="9">were</token>
<token t_id="11" sentence="0" number="10">on</token>
<token t_id="12" sentence="0" number="11">the</token>
<token t_id="13" sentence="0" number="12">rehab</token>
<token t_id="14" sentence="0" number="13">beat</token>
<token t_id="15" sentence="0" number="14">!</token>
<token t_id="16" sentence="1" number="0">After</token>
<token t_id="17" sentence="1" number="1">telling</token>
<token t_id="18" sentence="1" number="2">People</token>
<token t_id="19" sentence="1" number="3">in</token>
<token t_id="20" sentence="1" number="4">October</token>
<token t_id="21" sentence="1" number="5">that</token>
<token t_id="22" sentence="1" number="6">she</token>
<token t_id="23" sentence="1" number="7">did</token>
<token t_id="24" sentence="1" number="8">n't</token>
<token t_id="25" sentence="1" number="9">``</token>
<token t_id="26" sentence="1" number="10">need</token>
<token t_id="27" sentence="1" number="11">to</token>
<token t_id="28" sentence="1" number="12">do</token>
<token t_id="29" sentence="1" number="13">any</token>
<token t_id="30" sentence="1" number="14">of</token>
<token t_id="31" sentence="1" number="15">that</token>
<token t_id="32" sentence="1" number="16">anymore</token>
<token t_id="33" sentence="1" number="17">,</token>
<token t_id="34" sentence="1" number="18">''</token>
<token t_id="35" sentence="1" number="19">``</token>
<token t_id="36" sentence="1" number="20">American</token>
<token t_id="37" sentence="1" number="21">Pie</token>
<token t_id="38" sentence="1" number="22">''</token>
<token t_id="39" sentence="1" number="23">actress</token>
<token t_id="40" sentence="1" number="24">and</token>
<token t_id="41" sentence="1" number="25">former</token>
<token t_id="42" sentence="1" number="26">travel</token>
<token t_id="43" sentence="1" number="27">reporter</token>
<token t_id="44" sentence="1" number="28">Tara</token>
<token t_id="45" sentence="1" number="29">Reid</token>
<token t_id="46" sentence="1" number="30">checked</token>
<token t_id="47" sentence="1" number="31">into</token>
<token t_id="48" sentence="1" number="32">Promises</token>
<token t_id="49" sentence="1" number="33">Treatment</token>
<token t_id="50" sentence="1" number="34">Center</token>
<token t_id="51" sentence="1" number="35">on</token>
<token t_id="52" sentence="1" number="36">Friday</token>
<token t_id="53" sentence="1" number="37">for</token>
<token t_id="54" sentence="1" number="38">an</token>
<token t_id="55" sentence="1" number="39">unspecified</token>
<token t_id="56" sentence="1" number="40">problem</token>
<token t_id="57" sentence="1" number="41">.</token>
<token t_id="58" sentence="2" number="0">Promises</token>
<token t_id="59" sentence="2" number="1">is</token>
<token t_id="60" sentence="2" number="2">a</token>
<token t_id="61" sentence="2" number="3">celeb</token>
<token t_id="62" sentence="2" number="4">favorite</token>
<token t_id="63" sentence="2" number="5">favored</token>
<token t_id="64" sentence="2" number="6">by</token>
<token t_id="65" sentence="2" number="7">Britney</token>
<token t_id="66" sentence="2" number="8">Spears</token>
<token t_id="67" sentence="2" number="9">and</token>
<token t_id="68" sentence="2" number="10">Lindsay</token>
<token t_id="69" sentence="2" number="11">Lohan</token>
<token t_id="70" sentence="2" number="12">--</token>
<token t_id="71" sentence="2" number="13">it</token>
<token t_id="72" sentence="2" number="14">'s</token>
<token t_id="73" sentence="2" number="15">also</token>
<token t_id="74" sentence="2" number="16">where</token>
<token t_id="75" sentence="2" number="17">Mel</token>
<token t_id="76" sentence="2" number="18">Gibson</token>
<token t_id="77" sentence="2" number="19">retired</token>
<token t_id="78" sentence="2" number="20">to</token>
<token t_id="79" sentence="2" number="21">after</token>
<token t_id="80" sentence="2" number="22">his</token>
<token t_id="81" sentence="2" number="23">2006</token>
<token t_id="82" sentence="2" number="24">accident</token>
<token t_id="83" sentence="2" number="25">and</token>
<token t_id="84" sentence="2" number="26">anti-Semitic</token>
<token t_id="85" sentence="2" number="27">outburst</token>
<token t_id="86" sentence="2" number="28">.</token>
<token t_id="87" sentence="3" number="0">Not</token>
<token t_id="88" sentence="3" number="1">quite</token>
<token t_id="89" sentence="3" number="2">the</token>
<token t_id="90" sentence="3" number="3">Christmas</token>
<token t_id="91" sentence="3" number="4">alternative</token>
<token t_id="92" sentence="3" number="5">we</token>
<token t_id="93" sentence="3" number="6">'re</token>
<token t_id="94" sentence="3" number="7">looking</token>
<token t_id="95" sentence="3" number="8">for</token>
<token t_id="96" sentence="3" number="9">...</token>
<token t_id="97" sentence="4" number="0">Get</token>
<token t_id="98" sentence="4" number="1">well</token>
<token t_id="99" sentence="4" number="2">soon</token>
<token t_id="100" sentence="4" number="3">,</token>
<token t_id="101" sentence="4" number="4">Tara</token>
<token t_id="102" sentence="4" number="5">!</token>
<Markables>
<ACTION_OCCURRENCE m_id="18"  >
  <token_anchor t_id="56"/>
</ACTION_OCCURRENCE>
<ACTION_OCCURRENCE m_id="21"  >
  <token_anchor t_id="28"/>
</ACTION_OCCURRENCE>
<ACTION_OCCURRENCE m_id="22"  >
  <token_anchor t_id="31"/>
</ACTION_OCCURRENCE>
<ACTION_OCCURRENCE m_id="12"  >
  <token_anchor t_id="46"/>
  <token_anchor t_id="47"/>
</ACTION_OCCURRENCE>
<ACTION_REPORTING m_id="10"  >
  <token_anchor t_id="17"/>
</ACTION_REPORTING>
<HUMAN_PART_PER m_id="15"  >
  <token_anchor t_id="22"/>
</HUMAN_PART_PER>
<HUMAN_PART_PER m_id="16"  >
  <token_anchor t_id="44"/>
  <token_anchor t_id="45"/>
</HUMAN_PART_PER>
<LOC_FAC m_id="17"  >
  <token_anchor t_id="48"/>
  <token_anchor t_id="49"/>
  <token_anchor t_id="50"/>
</LOC_FAC>
<NEG_ACTION_OCCURRENCE m_id="20"  >
  <token_anchor t_id="26"/>
</NEG_ACTION_OCCURRENCE>
<NON_HUMAN_PART m_id="14"  >
  <token_anchor t_id="36"/>
  <token_anchor t_id="37"/>
</NON_HUMAN_PART>
<TIME_DATE m_id="19"  >
  <token_anchor t_id="19"/>
  <token_anchor t_id="20"/>
</TIME_DATE>
<TIME_DATE m_id="13"  >
  <token_anchor t_id="51"/>
  <token_anchor t_id="52"/>
</TIME_DATE>


<HUMAN_PART_ORG m_id="23" note="byCROMER" >
  <token_anchor t_id="18"/>
</HUMAN_PART_ORG>


<TIME_DATE m_id="29" RELATED_TO="" TAG_DESCRIPTOR="t1b_friday" instance_id="TIM16236441119149059" />
<ACTION_OCCURRENCE m_id="30" RELATED_TO="" TAG_DESCRIPTOR="t1b_checking_in_promises" instance_id="ACT16236402809085484" />
<HUMAN_PART_ORG m_id="28" RELATED_TO="" TAG_DESCRIPTOR="t1b_people" instance_id="HUM16236907954762763" />
<NON_HUMAN_PART m_id="27" RELATED_TO="" TAG_DESCRIPTOR="t1b_american_pie" instance_id="NON16285643294051965" />
<ACTION_OCCURRENCE m_id="26" RELATED_TO="" TAG_DESCRIPTOR="t1b_reasons_for_rehab" instance_id="ACT16238542452785616" />
<HUMAN_PART_PER m_id="25" RELATED_TO="" TAG_DESCRIPTOR="t1b_tara_reid" instance_id="HUM16236184328979740" />
<LOC_FAC m_id="24" RELATED_TO="" TAG_DESCRIPTOR="t1b_promises_maliby" instance_id="LOC16235213289813758" />
</Markables>

<Relations>
<CROSS_DOC_COREF r_id="37603" note="LOC16235213289813758" >
  <source m_id="17" />
  <target m_id="24" />
</CROSS_DOC_COREF>
<CROSS_DOC_COREF r_id="37604" note="HUM16236184328979740" >
  <source m_id="15" />
  <source m_id="16" />
  <target m_id="25" />
</CROSS_DOC_COREF>
<CROSS_DOC_COREF r_id="37605" note="ACT16238542452785616" >
  <source m_id="18" />
  <target m_id="26" />
</CROSS_DOC_COREF>
<CROSS_DOC_COREF r_id="37606" note="NON16285643294051965" >
  <source m_id="14" />
  <target m_id="27" />
</CROSS_DOC_COREF>
<CROSS_DOC_COREF r_id="37607" note="HUM16236907954762763" >
  <source m_id="23" />
  <target m_id="28" />
</CROSS_DOC_COREF>
<CROSS_DOC_COREF r_id="37608" note="TIM16236441119149059" >
  <source m_id="13" />
  <target m_id="29" />
</CROSS_DOC_COREF>
<CROSS_DOC_COREF r_id="37609" note="ACT16236402809085484" >
  <source m_id="12" />
  <target m_id="30" />
</CROSS_DOC_COREF>

</Relations>
</Document>
