<Document doc_name="12_18ecb.xml" doc_id="DOC15654142430813850">
<token t_id="1" sentence="0" number="0">The</token>
<token t_id="2" sentence="0" number="1">Indian</token>
<token t_id="3" sentence="0" number="2">Navy</token>
<token t_id="4" sentence="0" number="3">said</token>
<token t_id="5" sentence="0" number="4">Saturday</token>
<token t_id="6" sentence="0" number="5">it</token>
<token t_id="7" sentence="0" number="6">had</token>
<token t_id="8" sentence="0" number="7">captured</token>
<token t_id="9" sentence="0" number="8">23</token>
<token t_id="10" sentence="0" number="9">pirates</token>
<token t_id="11" sentence="0" number="10">as</token>
<token t_id="12" sentence="0" number="11">they</token>
<token t_id="13" sentence="0" number="12">tried</token>
<token t_id="14" sentence="0" number="13">to</token>
<token t_id="15" sentence="0" number="14">board</token>
<token t_id="16" sentence="0" number="15">an</token>
<token t_id="17" sentence="0" number="16">Ethiopian-flagged</token>
<token t_id="18" sentence="0" number="17">vessel</token>
<token t_id="19" sentence="0" number="18">in</token>
<token t_id="20" sentence="0" number="19">the</token>
<token t_id="21" sentence="0" number="20">Gulf</token>
<token t_id="22" sentence="0" number="21">of</token>
<token t_id="23" sentence="0" number="22">Aden</token>
<token t_id="24" sentence="0" number="23">.</token>
<token t_id="25" sentence="1" number="0">The</token>
<token t_id="26" sentence="1" number="1">pirates</token>
<token t_id="27" sentence="1" number="2">were</token>
<token t_id="28" sentence="1" number="3">Somali</token>
<token t_id="29" sentence="1" number="4">and</token>
<token t_id="30" sentence="1" number="5">Yemeni</token>
<token t_id="31" sentence="1" number="6">,</token>
<token t_id="32" sentence="1" number="7">the</token>
<token t_id="33" sentence="1" number="8">BBC</token>
<token t_id="34" sentence="1" number="9">reported.</token>
<token t_id="35" sentence="1" number="10">A</token>
<token t_id="36" sentence="1" number="11">navy</token>
<token t_id="37" sentence="1" number="12">spokesman</token>
<token t_id="38" sentence="1" number="13">said</token>
<token t_id="39" sentence="1" number="14">the</token>
<token t_id="40" sentence="1" number="15">Indians</token>
<token t_id="41" sentence="1" number="16">responded</token>
<token t_id="42" sentence="1" number="17">to</token>
<token t_id="43" sentence="1" number="18">a</token>
<token t_id="44" sentence="1" number="19">distress</token>
<token t_id="45" sentence="1" number="20">call</token>
<token t_id="46" sentence="1" number="21">from</token>
<token t_id="47" sentence="1" number="22">the</token>
<token t_id="48" sentence="1" number="23">MV</token>
<token t_id="49" sentence="1" number="24">Gibe</token>
<token t_id="50" sentence="1" number="25">and</token>
<token t_id="51" sentence="1" number="26">caught</token>
<token t_id="52" sentence="1" number="27">the</token>
<token t_id="53" sentence="1" number="28">pirates</token>
<token t_id="54" sentence="1" number="29">in</token>
<token t_id="55" sentence="1" number="30">the</token>
<token t_id="56" sentence="1" number="31">act</token>
<token t_id="57" sentence="1" number="32">.</token>
<token t_id="58" sentence="2" number="0">On</token>
<token t_id="59" sentence="2" number="1">Friday</token>
<token t_id="60" sentence="2" number="2">,</token>
<token t_id="61" sentence="2" number="3">a</token>
<token t_id="62" sentence="2" number="4">high-level</token>
<token t_id="63" sentence="2" number="5">U.S.</token>
<token t_id="64" sentence="2" number="6">naval</token>
<token t_id="65" sentence="2" number="7">commander</token>
<token t_id="66" sentence="2" number="8">said</token>
<token t_id="67" sentence="2" number="9">attacking</token>
<token t_id="68" sentence="2" number="10">Somali</token>
<token t_id="69" sentence="2" number="11">ports</token>
<token t_id="70" sentence="2" number="12">probably</token>
<token t_id="71" sentence="2" number="13">would</token>
<token t_id="72" sentence="2" number="14">n't</token>
<token t_id="73" sentence="2" number="15">be</token>
<token t_id="74" sentence="2" number="16">effective</token>
<token t_id="75" sentence="2" number="17">in</token>
<token t_id="76" sentence="2" number="18">battling</token>
<token t_id="77" sentence="2" number="19">rampant</token>
<token t_id="78" sentence="2" number="20">piracy</token>
<token t_id="79" sentence="2" number="21">.</token>
<token t_id="80" sentence="3" number="0">Speaking</token>
<token t_id="81" sentence="3" number="1">at</token>
<token t_id="82" sentence="3" number="2">a</token>
<token t_id="83" sentence="3" number="3">security</token>
<token t_id="84" sentence="3" number="4">conference</token>
<token t_id="85" sentence="3" number="5">in</token>
<token t_id="86" sentence="3" number="6">Bahrain</token>
<token t_id="87" sentence="3" number="7">attended</token>
<token t_id="88" sentence="3" number="8">by</token>
<token t_id="89" sentence="3" number="9">representatives</token>
<token t_id="90" sentence="3" number="10">from</token>
<token t_id="91" sentence="3" number="11">25</token>
<token t_id="92" sentence="3" number="12">countries</token>
<token t_id="93" sentence="3" number="13">,</token>
<token t_id="94" sentence="3" number="14">U.S.</token>
<token t_id="95" sentence="3" number="15">Navy</token>
<token t_id="96" sentence="3" number="16">Vice</token>
<token t_id="97" sentence="3" number="17">Adm.</token>
<token t_id="98" sentence="3" number="18">Bill</token>
<token t_id="99" sentence="3" number="19">Gortney</token>
<token t_id="100" sentence="3" number="20">said</token>
<token t_id="101" sentence="3" number="21">there</token>
<token t_id="102" sentence="3" number="22">would</token>
<token t_id="103" sentence="3" number="23">many</token>
<token t_id="104" sentence="3" number="24">difficulties</token>
<token t_id="105" sentence="3" number="25">in</token>
<token t_id="106" sentence="3" number="26">attacking</token>
<token t_id="107" sentence="3" number="27">land</token>
<token t_id="108" sentence="3" number="28">bases</token>
<token t_id="109" sentence="3" number="29">in</token>
<token t_id="110" sentence="3" number="30">an</token>
<token t_id="111" sentence="3" number="31">effort</token>
<token t_id="112" sentence="3" number="32">to</token>
<token t_id="113" sentence="3" number="33">curtail</token>
<token t_id="114" sentence="3" number="34">piracy</token>
<token t_id="115" sentence="3" number="35">.</token>
<token t_id="116" sentence="4" number="0">Gortney</token>
<token t_id="117" sentence="4" number="1">maintained</token>
<token t_id="118" sentence="4" number="2">that</token>
<token t_id="119" sentence="4" number="3">civilian</token>
<token t_id="120" sentence="4" number="4">casualties</token>
<token t_id="121" sentence="4" number="5">could</token>
<token t_id="122" sentence="4" number="6">be</token>
<token t_id="123" sentence="4" number="7">high</token>
<token t_id="124" sentence="4" number="8">in</token>
<token t_id="125" sentence="4" number="9">such</token>
<token t_id="126" sentence="4" number="10">attacks</token>
<token t_id="127" sentence="4" number="11">because</token>
<token t_id="128" sentence="4" number="12">pirates</token>
<token t_id="129" sentence="4" number="13">would</token>
<token t_id="130" sentence="4" number="14">be</token>
<token t_id="131" sentence="4" number="15">hard</token>
<token t_id="132" sentence="4" number="16">to</token>
<token t_id="133" sentence="4" number="17">identify</token>
<token t_id="134" sentence="4" number="18">.</token>
<token t_id="135" sentence="5" number="0">Instead</token>
<token t_id="136" sentence="5" number="1">,</token>
<token t_id="137" sentence="5" number="2">he</token>
<token t_id="138" sentence="5" number="3">suggested</token>
<token t_id="139" sentence="5" number="4">shippers</token>
<token t_id="140" sentence="5" number="5">employ</token>
<token t_id="141" sentence="5" number="6">armed</token>
<token t_id="142" sentence="5" number="7">guards</token>
<token t_id="143" sentence="5" number="8">to</token>
<token t_id="144" sentence="5" number="9">protect</token>
<token t_id="145" sentence="5" number="10">their</token>
<token t_id="146" sentence="5" number="11">vessels</token>
<token t_id="147" sentence="5" number="12">from</token>
<token t_id="148" sentence="5" number="13">hijackings</token>
<token t_id="149" sentence="5" number="14">.</token>
<token t_id="150" sentence="6" number="0">Meanwhile</token>
<token t_id="151" sentence="6" number="1">,</token>
<token t_id="152" sentence="6" number="2">Somali</token>
<token t_id="153" sentence="6" number="3">pirates</token>
<token t_id="154" sentence="6" number="4">Saturday</token>
<token t_id="155" sentence="6" number="5">released</token>
<token t_id="156" sentence="6" number="6">a</token>
<token t_id="157" sentence="6" number="7">Greek</token>
<token t_id="158" sentence="6" number="8">chemical</token>
<token t_id="159" sentence="6" number="9">tanker</token>
<token t_id="160" sentence="6" number="10">,</token>
<token t_id="161" sentence="6" number="11">the</token>
<token t_id="162" sentence="6" number="12">MV</token>
<token t_id="163" sentence="6" number="13">Action</token>
<token t_id="164" sentence="6" number="14">,</token>
<token t_id="165" sentence="6" number="15">they</token>
<token t_id="166" sentence="6" number="16">had</token>
<token t_id="167" sentence="6" number="17">held</token>
<token t_id="168" sentence="6" number="18">since</token>
<token t_id="169" sentence="6" number="19">October</token>
<token t_id="170" sentence="6" number="20">,</token>
<token t_id="171" sentence="6" number="21">a</token>
<token t_id="172" sentence="6" number="22">piracy</token>
<token t_id="173" sentence="6" number="23">monitor</token>
<token t_id="174" sentence="6" number="24">told</token>
<token t_id="175" sentence="6" number="25">CNN</token>
<token t_id="176" sentence="6" number="26">.</token>
<token t_id="177" sentence="7" number="0">``</token>
<token t_id="178" sentence="7" number="1">She</token>
<token t_id="179" sentence="7" number="2">is</token>
<token t_id="180" sentence="7" number="3">currently</token>
<token t_id="181" sentence="7" number="4">limping</token>
<token t_id="182" sentence="7" number="5">to</token>
<token t_id="183" sentence="7" number="6">safe</token>
<token t_id="184" sentence="7" number="7">waters</token>
<token t_id="185" sentence="7" number="8">(</token>
<token t_id="186" sentence="7" number="9">and</token>
<token t_id="187" sentence="7" number="10">)</token>
<token t_id="188" sentence="7" number="11">it</token>
<token t_id="189" sentence="7" number="12">is</token>
<token t_id="190" sentence="7" number="13">feared</token>
<token t_id="191" sentence="7" number="14">that</token>
<token t_id="192" sentence="7" number="15">three</token>
<token t_id="193" sentence="7" number="16">crew</token>
<token t_id="194" sentence="7" number="17">members</token>
<token t_id="195" sentence="7" number="18">lost</token>
<token t_id="196" sentence="7" number="19">their</token>
<token t_id="197" sentence="7" number="20">lives</token>
<token t_id="198" sentence="7" number="21">under</token>
<token t_id="199" sentence="7" number="22">questionable</token>
<token t_id="200" sentence="7" number="23">circumstances</token>
<token t_id="201" sentence="7" number="24">,</token>
<token t_id="202" sentence="7" number="25">''</token>
<token t_id="203" sentence="7" number="26">Andrew</token>
<token t_id="204" sentence="7" number="27">Mwangura</token>
<token t_id="205" sentence="7" number="28">,</token>
<token t_id="206" sentence="7" number="29">head</token>
<token t_id="207" sentence="7" number="30">of</token>
<token t_id="208" sentence="7" number="31">the</token>
<token t_id="209" sentence="7" number="32">Seafarers</token>
<token t_id="210" sentence="7" number="33">Assistance</token>
<token t_id="211" sentence="7" number="34">Program</token>
<token t_id="212" sentence="7" number="35">in</token>
<token t_id="213" sentence="7" number="36">Mombasa</token>
<token t_id="214" sentence="7" number="37">,</token>
<token t_id="215" sentence="7" number="38">Kenya</token>
<Markables>
<ACTION_OCCURRENCE m_id="16"  >
  <token_anchor t_id="8"/>
</ACTION_OCCURRENCE>
<ACTION_OCCURRENCE m_id="17"  >
  <token_anchor t_id="13"/>
</ACTION_OCCURRENCE>
<ACTION_OCCURRENCE m_id="18"  >
  <token_anchor t_id="15"/>
</ACTION_OCCURRENCE>
<ACTION_REPORTING m_id="12"  >
  <token_anchor t_id="4"/>
</ACTION_REPORTING>
<HUMAN_PART_ORG m_id="13"  >
  <token_anchor t_id="3"/>
</HUMAN_PART_ORG>
<HUMAN_PART_ORG m_id="14"  >
  <token_anchor t_id="6"/>
</HUMAN_PART_ORG>
<HUMAN_PART_PER m_id="20"  >
  <token_anchor t_id="12"/>
</HUMAN_PART_PER>
<HUMAN_PART_PER m_id="19"  >
  <token_anchor t_id="10"/>
</HUMAN_PART_PER>
<LOC_GEO m_id="21"  >
  <token_anchor t_id="20"/>
  <token_anchor t_id="21"/>
  <token_anchor t_id="22"/>
  <token_anchor t_id="23"/>
</LOC_GEO>
<TIME_DATE m_id="15"  >
  <token_anchor t_id="5"/>
</TIME_DATE>


<HUMAN_PART_VEH m_id="23" note="byCROMER" >
  <token_anchor t_id="18"/>
</HUMAN_PART_VEH>


<HUMAN_PART_PER m_id="31" RELATED_TO="" TAG_DESCRIPTOR="t12b_pirates" instance_id="HUM17403498594960941" />
<ACTION_OCCURRENCE m_id="30" RELATED_TO="" TAG_DESCRIPTOR="t12b_tried" instance_id="ACT17404482478144688" />
<ACTION_REPORTING m_id="29" RELATED_TO="" TAG_DESCRIPTOR="t12b_navy_said" instance_id="ACT27318289234455324" />
<ACTION_OCCURRENCE m_id="28" RELATED_TO="" TAG_DESCRIPTOR="t12b_capture" instance_id="ACT17403639225065902" />
<HUMAN_PART_ORG m_id="27" RELATED_TO="" TAG_DESCRIPTOR="t12b_navy" instance_id="HUM17403785688719729" />
<LOC_GEO m_id="26" RELATED_TO="" TAG_DESCRIPTOR="t12_gulf_of_aden" instance_id="LOC17399309192531980" />
<TIME_DATE m_id="25" RELATED_TO="" TAG_DESCRIPTOR="t12b_saturday" instance_id="TIM17403559059252907" />
<HUMAN_PART_VEH m_id="24" RELATED_TO="" TAG_DESCRIPTOR="t12b_merchant_vessel" instance_id="HUM17403484329637243" />
</Markables>

<Relations>
<CROSS_DOC_COREF r_id="33933" note="HUM17403484329637243" >
  <source m_id="23" />
  <target m_id="24" />
</CROSS_DOC_COREF>
<CROSS_DOC_COREF r_id="33934" note="TIM17403559059252907" >
  <source m_id="15" />
  <target m_id="25" />
</CROSS_DOC_COREF>
<CROSS_DOC_COREF r_id="33935" note="LOC17399309192531980" >
  <source m_id="21" />
  <target m_id="26" />
</CROSS_DOC_COREF>
<CROSS_DOC_COREF r_id="33936" note="HUM17403785688719729" >
  <source m_id="13" />
  <source m_id="14" />
  <target m_id="27" />
</CROSS_DOC_COREF>
<CROSS_DOC_COREF r_id="33937" note="ACT17403639225065902" >
  <source m_id="16" />
  <target m_id="28" />
</CROSS_DOC_COREF>
<CROSS_DOC_COREF r_id="33938" note="ACT27318289234455324" >
  <source m_id="12" />
  <target m_id="29" />
</CROSS_DOC_COREF>
<CROSS_DOC_COREF r_id="33939" note="ACT17404482478144688" >
  <source m_id="17" />
  <target m_id="30" />
</CROSS_DOC_COREF>
<CROSS_DOC_COREF r_id="33940" note="HUM17403498594960941" >
  <source m_id="19" />
  <source m_id="20" />
  <target m_id="31" />
</CROSS_DOC_COREF>

</Relations>
</Document>
