<Document doc_name="12_14ecb.xml" doc_id="DOC15654142143714316">
<token t_id="1" sentence="0" number="0">The</token>
<token t_id="2" sentence="0" number="1">Indian</token>
<token t_id="3" sentence="0" number="2">navy</token>
<token t_id="4" sentence="0" number="3">has</token>
<token t_id="5" sentence="0" number="4">captured</token>
<token t_id="6" sentence="0" number="5">23</token>
<token t_id="7" sentence="0" number="6">pirates</token>
<token t_id="8" sentence="0" number="7">who</token>
<token t_id="9" sentence="0" number="8">threatened</token>
<token t_id="10" sentence="0" number="9">a</token>
<token t_id="11" sentence="0" number="10">merchant</token>
<token t_id="12" sentence="0" number="11">vessel</token>
<token t_id="13" sentence="0" number="12">in</token>
<token t_id="14" sentence="0" number="13">the</token>
<token t_id="15" sentence="0" number="14">lawless</token>
<token t_id="16" sentence="0" number="15">waters</token>
<token t_id="17" sentence="0" number="16">of</token>
<token t_id="18" sentence="0" number="17">the</token>
<token t_id="19" sentence="0" number="18">Gulf</token>
<token t_id="20" sentence="0" number="19">of</token>
<token t_id="21" sentence="0" number="20">Aden</token>
<token t_id="22" sentence="0" number="21">.</token>
<token t_id="23" sentence="1" number="0">The</token>
<token t_id="24" sentence="1" number="1">Indians</token>
<token t_id="25" sentence="1" number="2">say</token>
<token t_id="26" sentence="1" number="3">the</token>
<token t_id="27" sentence="1" number="4">pirates</token>
<token t_id="28" sentence="1" number="5">were</token>
<token t_id="29" sentence="1" number="6">from</token>
<token t_id="30" sentence="1" number="7">Somalia</token>
<token t_id="31" sentence="1" number="8">and</token>
<token t_id="32" sentence="1" number="9">Yemen</token>
<token t_id="33" sentence="1" number="10">,</token>
<token t_id="34" sentence="1" number="11">two</token>
<token t_id="35" sentence="1" number="12">countries</token>
<token t_id="36" sentence="1" number="13">on</token>
<token t_id="37" sentence="1" number="14">the</token>
<token t_id="38" sentence="1" number="15">coast</token>
<token t_id="39" sentence="1" number="16">of</token>
<token t_id="40" sentence="1" number="17">the</token>
<token t_id="41" sentence="1" number="18">Gulf</token>
<token t_id="42" sentence="1" number="19">.</token>
<token t_id="43" sentence="2" number="0">Also</token>
<token t_id="44" sentence="2" number="1">,</token>
<token t_id="45" sentence="2" number="2">a</token>
<token t_id="46" sentence="2" number="3">German</token>
<token t_id="47" sentence="2" number="4">naval</token>
<token t_id="48" sentence="2" number="5">helicopter</token>
<token t_id="49" sentence="2" number="6">thwarted</token>
<token t_id="50" sentence="2" number="7">another</token>
<token t_id="51" sentence="2" number="8">attack</token>
<token t_id="52" sentence="2" number="9">today</token>
<token t_id="53" sentence="2" number="10">on</token>
<token t_id="54" sentence="2" number="11">a</token>
<token t_id="55" sentence="2" number="12">freighter</token>
<token t_id="56" sentence="2" number="13">being</token>
<token t_id="57" sentence="2" number="14">chased</token>
<token t_id="58" sentence="2" number="15">by</token>
<token t_id="59" sentence="2" number="16">speedboats</token>
<token t_id="60" sentence="2" number="17">off</token>
<token t_id="61" sentence="2" number="18">Yemen</token>
<token t_id="62" sentence="2" number="19">.</token>
<token t_id="63" sentence="3" number="0">Both</token>
<token t_id="64" sentence="3" number="1">ships</token>
<token t_id="65" sentence="3" number="2">that</token>
<token t_id="66" sentence="3" number="3">were</token>
<token t_id="67" sentence="3" number="4">targeted</token>
<token t_id="68" sentence="3" number="5">by</token>
<token t_id="69" sentence="3" number="6">the</token>
<token t_id="70" sentence="3" number="7">pirates</token>
<token t_id="71" sentence="3" number="8">are</token>
<token t_id="72" sentence="3" number="9">said</token>
<token t_id="73" sentence="3" number="10">to</token>
<token t_id="74" sentence="3" number="11">be</token>
<token t_id="75" sentence="3" number="12">Ethiopian</token>
<token t_id="76" sentence="3" number="13">.</token>
<token t_id="77" sentence="4" number="0">Somali</token>
<token t_id="78" sentence="4" number="1">pirates</token>
<token t_id="79" sentence="4" number="2">recently</token>
<token t_id="80" sentence="4" number="3">seized</token>
<token t_id="81" sentence="4" number="4">a</token>
<token t_id="82" sentence="4" number="5">Saudi</token>
<token t_id="83" sentence="4" number="6">supertanker</token>
<token t_id="84" sentence="4" number="7">loaded</token>
<token t_id="85" sentence="4" number="8">with</token>
<token t_id="86" sentence="4" number="9">$</token>
<token t_id="87" sentence="4" number="10">100</token>
<token t_id="88" sentence="4" number="11">million</token>
<token t_id="89" sentence="4" number="12">of</token>
<token t_id="90" sentence="4" number="13">crude</token>
<token t_id="91" sentence="4" number="14">oil</token>
<token t_id="92" sentence="4" number="15">.</token>
<token t_id="93" sentence="5" number="0">Also</token>
<token t_id="94" sentence="5" number="1">,</token>
<token t_id="95" sentence="5" number="2">the</token>
<token t_id="96" sentence="5" number="3">threat</token>
<token t_id="97" sentence="5" number="4">of</token>
<token t_id="98" sentence="5" number="5">pirates</token>
<token t_id="99" sentence="5" number="6">recently</token>
<token t_id="100" sentence="5" number="7">prompted</token>
<token t_id="101" sentence="5" number="8">a</token>
<token t_id="102" sentence="5" number="9">German</token>
<token t_id="103" sentence="5" number="10">cruise</token>
<token t_id="104" sentence="5" number="11">ship</token>
<token t_id="105" sentence="5" number="12">to</token>
<token t_id="106" sentence="5" number="13">evacuate</token>
<token t_id="107" sentence="5" number="14">some</token>
<token t_id="108" sentence="5" number="15">420</token>
<token t_id="109" sentence="5" number="16">passengers</token>
<token t_id="110" sentence="5" number="17">and</token>
<token t_id="111" sentence="5" number="18">crew</token>
<token t_id="112" sentence="5" number="19">after</token>
<token t_id="113" sentence="5" number="20">the</token>
<token t_id="114" sentence="5" number="21">company</token>
<token t_id="115" sentence="5" number="22">decided</token>
<token t_id="116" sentence="5" number="23">not</token>
<token t_id="117" sentence="5" number="24">to</token>
<token t_id="118" sentence="5" number="25">risk</token>
<token t_id="119" sentence="5" number="26">their</token>
<token t_id="120" sentence="5" number="27">safety</token>
<token t_id="121" sentence="5" number="28">as</token>
<token t_id="122" sentence="5" number="29">the</token>
<token t_id="123" sentence="5" number="30">ship</token>
<token t_id="124" sentence="5" number="31">passed</token>
<token t_id="125" sentence="5" number="32">through</token>
<token t_id="126" sentence="5" number="33">the</token>
<token t_id="127" sentence="5" number="34">Gulf</token>
<token t_id="128" sentence="5" number="35">of</token>
<token t_id="129" sentence="5" number="36">Aden</token>
<token t_id="130" sentence="5" number="37">.</token>
<token t_id="131" sentence="6" number="0">Secretary</token>
<token t_id="132" sentence="6" number="1">of</token>
<token t_id="133" sentence="6" number="2">State</token>
<token t_id="134" sentence="6" number="3">Condoleezza</token>
<token t_id="135" sentence="6" number="4">Rice</token>
<token t_id="136" sentence="6" number="5">is</token>
<token t_id="137" sentence="6" number="6">set</token>
<token t_id="138" sentence="6" number="7">to</token>
<token t_id="139" sentence="6" number="8">ask</token>
<token t_id="140" sentence="6" number="9">the</token>
<token t_id="141" sentence="6" number="10">U.N.</token>
<token t_id="142" sentence="6" number="11">to</token>
<token t_id="143" sentence="6" number="12">authorize</token>
<token t_id="144" sentence="6" number="13">``</token>
<token t_id="145" sentence="6" number="14">all</token>
<token t_id="146" sentence="6" number="15">necessary</token>
<token t_id="147" sentence="6" number="16">measures</token>
<token t_id="148" sentence="6" number="17">''</token>
<token t_id="149" sentence="6" number="18">against</token>
<token t_id="150" sentence="6" number="19">the</token>
<token t_id="151" sentence="6" number="20">increasingly</token>
<token t_id="152" sentence="6" number="21">bold</token>
<token t_id="153" sentence="6" number="22">Somalian</token>
<token t_id="154" sentence="6" number="23">pirates</token>
<token t_id="155" sentence="6" number="24">.</token>
<Markables>
<ACTION_OCCURRENCE m_id="9"  >
  <token_anchor t_id="5"/>
</ACTION_OCCURRENCE>
<ACTION_OCCURRENCE m_id="10"  >
  <token_anchor t_id="9"/>
</ACTION_OCCURRENCE>
<ACTION_STATE m_id="14"  >
  <token_anchor t_id="15"/>
</ACTION_STATE>
<HUMAN_PART_ORG m_id="8"  >
  <token_anchor t_id="3"/>
</HUMAN_PART_ORG>
<HUMAN_PART_PER m_id="11"  >
  <token_anchor t_id="7"/>
</HUMAN_PART_PER>
<HUMAN_PART_VEH m_id="12"  >
  <token_anchor t_id="12"/>
</HUMAN_PART_VEH>
<LOC_GEO m_id="13"  >
  <token_anchor t_id="18"/>
  <token_anchor t_id="19"/>
  <token_anchor t_id="20"/>
  <token_anchor t_id="21"/>
</LOC_GEO>




<ACTION_OCCURRENCE m_id="19" RELATED_TO="" TAG_DESCRIPTOR="t12b_capture" instance_id="ACT17403639225065902" />
<HUMAN_PART_PER m_id="20" RELATED_TO="" TAG_DESCRIPTOR="t12b_pirates" instance_id="HUM17403498594960941" />
<HUMAN_PART_ORG m_id="18" RELATED_TO="" TAG_DESCRIPTOR="t12b_navy" instance_id="HUM17403785688719729" />
<ACTION_OCCURRENCE m_id="17" RELATED_TO="" TAG_DESCRIPTOR="t12b_threatened" instance_id="ACT17404348848702571" />
<LOC_GEO m_id="16" RELATED_TO="" TAG_DESCRIPTOR="t12_gulf_of_aden" instance_id="LOC17399309192531980" />
<HUMAN_PART_VEH m_id="15" RELATED_TO="" TAG_DESCRIPTOR="t12b_merchant_vessel" instance_id="HUM17403484329637243" />
</Markables>

<Relations>
<CROSS_DOC_COREF r_id="34217" note="HUM17403484329637243" >
  <source m_id="12" />
  <target m_id="15" />
</CROSS_DOC_COREF>
<CROSS_DOC_COREF r_id="34218" note="LOC17399309192531980" >
  <source m_id="13" />
  <target m_id="16" />
</CROSS_DOC_COREF>
<CROSS_DOC_COREF r_id="34219" note="ACT17404348848702571" >
  <source m_id="10" />
  <target m_id="17" />
</CROSS_DOC_COREF>
<CROSS_DOC_COREF r_id="34220" note="HUM17403785688719729" >
  <source m_id="8" />
  <target m_id="18" />
</CROSS_DOC_COREF>
<CROSS_DOC_COREF r_id="34221" note="ACT17403639225065902" >
  <source m_id="9" />
  <target m_id="19" />
</CROSS_DOC_COREF>
<CROSS_DOC_COREF r_id="34222" note="HUM17403498594960941" >
  <source m_id="11" />
  <target m_id="20" />
</CROSS_DOC_COREF>

</Relations>
</Document>
