<Document doc_name="12_5ecb.xml" doc_id="DOC15654142035377642">
<token t_id="1" sentence="0" number="0">Striking</token>
<token t_id="2" sentence="0" number="1">yet</token>
<token t_id="3" sentence="0" number="2">another</token>
<token t_id="4" sentence="0" number="3">blow</token>
<token t_id="5" sentence="0" number="4">at</token>
<token t_id="6" sentence="0" number="5">the</token>
<token t_id="7" sentence="0" number="6">very</token>
<token t_id="8" sentence="0" number="7">heart</token>
<token t_id="9" sentence="0" number="8">of</token>
<token t_id="10" sentence="0" number="9">piracy</token>
<token t_id="11" sentence="0" number="10">in</token>
<token t_id="12" sentence="0" number="11">the</token>
<token t_id="13" sentence="0" number="12">Gulf</token>
<token t_id="14" sentence="0" number="13">of</token>
<token t_id="15" sentence="0" number="14">Aden</token>
<token t_id="16" sentence="0" number="15">,</token>
<token t_id="17" sentence="0" number="16">Indian</token>
<token t_id="18" sentence="0" number="17">warship</token>
<token t_id="19" sentence="0" number="18">INS</token>
<token t_id="20" sentence="0" number="19">Mysore</token>
<token t_id="21" sentence="0" number="20">and</token>
<token t_id="22" sentence="0" number="21">its</token>
<token t_id="23" sentence="0" number="22">marine</token>
<token t_id="24" sentence="0" number="23">commandos</token>
<token t_id="25" sentence="0" number="24">thwarted</token>
<token t_id="26" sentence="0" number="25">a</token>
<token t_id="27" sentence="0" number="26">hijack</token>
<token t_id="28" sentence="0" number="27">attempt</token>
<token t_id="29" sentence="0" number="28">on</token>
<token t_id="30" sentence="0" number="29">an</token>
<token t_id="31" sentence="0" number="30">Ethiopian</token>
<token t_id="32" sentence="0" number="31">merchant</token>
<token t_id="33" sentence="0" number="32">vessel</token>
<token t_id="34" sentence="0" number="33">on</token>
<token t_id="35" sentence="0" number="34">Saturday</token>
<token t_id="36" sentence="0" number="35">and</token>
<token t_id="37" sentence="0" number="36">captured</token>
<token t_id="38" sentence="0" number="37">23</token>
<token t_id="39" sentence="0" number="38">pirates</token>
<token t_id="40" sentence="0" number="39">and</token>
<token t_id="41" sentence="0" number="40">a</token>
<token t_id="42" sentence="0" number="41">large</token>
<token t_id="43" sentence="0" number="42">arms</token>
<token t_id="44" sentence="0" number="43">cache</token>
<token t_id="45" sentence="0" number="44">in</token>
<token t_id="46" sentence="0" number="45">the</token>
<token t_id="47" sentence="0" number="46">operation</token>
<token t_id="48" sentence="0" number="47">.</token>
<token t_id="49" sentence="1" number="0">The</token>
<token t_id="50" sentence="1" number="1">arrest</token>
<token t_id="51" sentence="1" number="2">of</token>
<token t_id="52" sentence="1" number="3">the</token>
<token t_id="53" sentence="1" number="4">23</token>
<token t_id="54" sentence="1" number="5">pirates</token>
<token t_id="55" sentence="1" number="6">(</token>
<token t_id="56" sentence="1" number="7">12</token>
<token t_id="57" sentence="1" number="8">Somali</token>
<token t_id="58" sentence="1" number="9">and</token>
<token t_id="59" sentence="1" number="10">11</token>
<token t_id="60" sentence="1" number="11">Yemeni</token>
<token t_id="61" sentence="1" number="12">)</token>
<token t_id="62" sentence="1" number="13">and</token>
<token t_id="63" sentence="1" number="14">the</token>
<token t_id="64" sentence="1" number="15">arms</token>
<token t_id="65" sentence="1" number="16">haul</token>
<token t_id="66" sentence="1" number="17">is</token>
<token t_id="67" sentence="1" number="18">the</token>
<token t_id="68" sentence="1" number="19">largest</token>
<token t_id="69" sentence="1" number="20">such</token>
<token t_id="70" sentence="1" number="21">seizure</token>
<token t_id="71" sentence="1" number="22">in</token>
<token t_id="72" sentence="1" number="23">the</token>
<token t_id="73" sentence="1" number="24">ongoing</token>
<token t_id="74" sentence="1" number="25">anti-piracy</token>
<token t_id="75" sentence="1" number="26">operations</token>
<token t_id="76" sentence="1" number="27">off</token>
<token t_id="77" sentence="1" number="28">Somalia</token>
<token t_id="78" sentence="1" number="29">.</token>
<token t_id="79" sentence="2" number="0">The</token>
<token t_id="80" sentence="2" number="1">confiscated</token>
<token t_id="81" sentence="2" number="2">arms</token>
<token t_id="82" sentence="2" number="3">and</token>
<token t_id="83" sentence="2" number="4">equipment</token>
<token t_id="84" sentence="2" number="5">included</token>
<token t_id="85" sentence="2" number="6">seven</token>
<token t_id="86" sentence="2" number="7">AK-47s</token>
<token t_id="87" sentence="2" number="8">,</token>
<token t_id="88" sentence="2" number="9">three</token>
<token t_id="89" sentence="2" number="10">other</token>
<token t_id="90" sentence="2" number="11">assault</token>
<token t_id="91" sentence="2" number="12">rifles</token>
<token t_id="92" sentence="2" number="13">,</token>
<token t_id="93" sentence="2" number="14">13</token>
<token t_id="94" sentence="2" number="15">loaded</token>
<token t_id="95" sentence="2" number="16">magazines</token>
<token t_id="96" sentence="2" number="17">,</token>
<token t_id="97" sentence="2" number="18">a</token>
<token t_id="98" sentence="2" number="19">rocket-propelled</token>
<token t_id="99" sentence="2" number="20">grenade</token>
<token t_id="100" sentence="2" number="21">launcher</token>
<token t_id="101" sentence="2" number="22">with</token>
<token t_id="102" sentence="2" number="23">two</token>
<token t_id="103" sentence="2" number="24">rockets</token>
<token t_id="104" sentence="2" number="25">,</token>
<token t_id="105" sentence="2" number="26">several</token>
<token t_id="106" sentence="2" number="27">grenades</token>
<token t_id="107" sentence="2" number="28">,</token>
<token t_id="108" sentence="2" number="29">a</token>
<token t_id="109" sentence="2" number="30">GPS</token>
<token t_id="110" sentence="2" number="31">set</token>
<token t_id="111" sentence="2" number="32">and</token>
<token t_id="112" sentence="2" number="33">a</token>
<token t_id="113" sentence="2" number="34">mobile</token>
<token t_id="114" sentence="2" number="35">phone</token>
<token t_id="115" sentence="2" number="36">.</token>
<token t_id="116" sentence="3" number="0">Early</token>
<token t_id="117" sentence="3" number="1">November</token>
<token t_id="118" sentence="3" number="2">,</token>
<token t_id="119" sentence="3" number="3">the</token>
<token t_id="120" sentence="3" number="4">British</token>
<token t_id="121" sentence="3" number="5">Royal</token>
<token t_id="122" sentence="3" number="6">Navy</token>
<token t_id="123" sentence="3" number="7">had</token>
<token t_id="124" sentence="3" number="8">captured</token>
<token t_id="125" sentence="3" number="9">eight</token>
<token t_id="126" sentence="3" number="10">pirates</token>
<token t_id="127" sentence="3" number="11">,</token>
<token t_id="128" sentence="3" number="12">who</token>
<token t_id="129" sentence="3" number="13">were</token>
<token t_id="130" sentence="3" number="14">subsequently</token>
<token t_id="131" sentence="3" number="15">handed</token>
<token t_id="132" sentence="3" number="16">over</token>
<token t_id="133" sentence="3" number="17">to</token>
<token t_id="134" sentence="3" number="18">Kenya</token>
<token t_id="135" sentence="3" number="19">to</token>
<token t_id="136" sentence="3" number="20">face</token>
<token t_id="137" sentence="3" number="21">trial</token>
<token t_id="138" sentence="3" number="22">in</token>
<token t_id="139" sentence="3" number="23">the</token>
<token t_id="140" sentence="3" number="24">port</token>
<token t_id="141" sentence="3" number="25">town</token>
<token t_id="142" sentence="3" number="26">of</token>
<token t_id="143" sentence="3" number="27">Mombasa</token>
<token t_id="144" sentence="3" number="28">.</token>
<token t_id="145" sentence="4" number="0">``</token>
<token t_id="146" sentence="4" number="1">The</token>
<token t_id="147" sentence="4" number="2">external</token>
<token t_id="148" sentence="4" number="3">affairs</token>
<token t_id="149" sentence="4" number="4">ministry</token>
<token t_id="150" sentence="4" number="5">is</token>
<token t_id="151" sentence="4" number="6">now</token>
<token t_id="152" sentence="4" number="7">working</token>
<token t_id="153" sentence="4" number="8">to</token>
<token t_id="154" sentence="4" number="9">find</token>
<token t_id="155" sentence="4" number="10">out</token>
<token t_id="156" sentence="4" number="11">to</token>
<token t_id="157" sentence="4" number="12">which</token>
<token t_id="158" sentence="4" number="13">country</token>
<token t_id="159" sentence="4" number="14">the</token>
<token t_id="160" sentence="4" number="15">23</token>
<token t_id="161" sentence="4" number="16">pirates</token>
<token t_id="162" sentence="4" number="17">in</token>
<token t_id="163" sentence="4" number="18">INS</token>
<token t_id="164" sentence="4" number="19">Mysore</token>
<token t_id="165" sentence="4" number="20">'s</token>
<token t_id="166" sentence="4" number="21">custody</token>
<token t_id="167" sentence="4" number="22">can</token>
<token t_id="168" sentence="4" number="23">be</token>
<token t_id="169" sentence="4" number="24">handed</token>
<token t_id="170" sentence="4" number="25">over</token>
<token t_id="171" sentence="4" number="26">,</token>
<token t_id="172" sentence="4" number="27">''</token>
<token t_id="173" sentence="4" number="28">said</token>
<token t_id="174" sentence="4" number="29">a</token>
<token t_id="175" sentence="4" number="30">senior</token>
<token t_id="176" sentence="4" number="31">officer</token>
<token t_id="177" sentence="4" number="32">.</token>
<token t_id="178" sentence="5" number="0">``</token>
<token t_id="179" sentence="5" number="1">INS</token>
<token t_id="180" sentence="5" number="2">Mysore</token>
<token t_id="181" sentence="5" number="3">,</token>
<token t_id="182" sentence="5" number="4">which</token>
<token t_id="183" sentence="5" number="5">replaced</token>
<token t_id="184" sentence="5" number="6">stealth</token>
<token t_id="185" sentence="5" number="7">frigate</token>
<token t_id="186" sentence="5" number="8">INS</token>
<token t_id="187" sentence="5" number="9">Tabar</token>
<token t_id="188" sentence="5" number="10">early</token>
<token t_id="189" sentence="5" number="11">December</token>
<token t_id="190" sentence="5" number="12">,</token>
<token t_id="191" sentence="5" number="13">may</token>
<token t_id="192" sentence="5" number="14">head</token>
<token t_id="193" sentence="5" number="15">for</token>
<token t_id="194" sentence="5" number="16">Djibouti</token>
<token t_id="195" sentence="5" number="17">on</token>
<token t_id="196" sentence="5" number="18">the</token>
<token t_id="197" sentence="5" number="19">horn</token>
<token t_id="198" sentence="5" number="20">of</token>
<token t_id="199" sentence="5" number="21">Africa</token>
<token t_id="200" sentence="5" number="22">.</token>
<token t_id="201" sentence="6" number="0">Our</token>
<token t_id="202" sentence="6" number="1">plan</token>
<token t_id="203" sentence="6" number="2">to</token>
<token t_id="204" sentence="6" number="3">base</token>
<token t_id="205" sentence="6" number="4">a</token>
<token t_id="206" sentence="6" number="5">maritime</token>
<token t_id="207" sentence="6" number="6">reconnaissance</token>
<token t_id="208" sentence="6" number="7">aircraft</token>
<token t_id="209" sentence="6" number="8">like</token>
<token t_id="210" sentence="6" number="9">a</token>
<token t_id="211" sentence="6" number="10">Dornier</token>
<token t_id="212" sentence="6" number="11">at</token>
<token t_id="213" sentence="6" number="12">Djibouti</token>
<token t_id="214" sentence="6" number="13">(</token>
<token t_id="215" sentence="6" number="14">which</token>
<token t_id="216" sentence="6" number="15">has</token>
<token t_id="217" sentence="6" number="16">a</token>
<token t_id="218" sentence="6" number="17">French</token>
<token t_id="219" sentence="6" number="18">military</token>
<token t_id="220" sentence="6" number="19">base</token>
<token t_id="221" sentence="6" number="20">)</token>
<token t_id="222" sentence="6" number="21">is</token>
<token t_id="223" sentence="6" number="22">also</token>
<token t_id="224" sentence="6" number="23">underway</token>
<token t_id="225" sentence="6" number="24">,</token>
<token t_id="226" sentence="6" number="25">''</token>
<token t_id="227" sentence="6" number="26">he</token>
<token t_id="228" sentence="6" number="27">added</token>
<token t_id="229" sentence="6" number="28">.</token>
<token t_id="230" sentence="7" number="0">Pirates</token>
<token t_id="231" sentence="7" number="1">operating</token>
<token t_id="232" sentence="7" number="2">with</token>
<token t_id="233" sentence="7" number="3">sheer</token>
<token t_id="234" sentence="7" number="4">impunity</token>
<token t_id="235" sentence="7" number="5">from</token>
<token t_id="236" sentence="7" number="6">ports</token>
<token t_id="237" sentence="7" number="7">like</token>
<token t_id="238" sentence="7" number="8">Eyl</token>
<token t_id="239" sentence="7" number="9">and</token>
<token t_id="240" sentence="7" number="10">Hobyo</token>
<token t_id="241" sentence="7" number="11">in</token>
<token t_id="242" sentence="7" number="12">Somalia</token>
<token t_id="243" sentence="7" number="13">,</token>
<token t_id="244" sentence="7" number="14">torn</token>
<token t_id="245" sentence="7" number="15">apart</token>
<token t_id="246" sentence="7" number="16">by</token>
<token t_id="247" sentence="7" number="17">an</token>
<token t_id="248" sentence="7" number="18">18-year-old</token>
<token t_id="249" sentence="7" number="19">civil</token>
<token t_id="250" sentence="7" number="20">war</token>
<token t_id="251" sentence="7" number="21">,</token>
<token t_id="252" sentence="7" number="22">have</token>
<token t_id="253" sentence="7" number="23">already</token>
<token t_id="254" sentence="7" number="24">attacked</token>
<token t_id="255" sentence="7" number="25">as</token>
<token t_id="256" sentence="7" number="26">many</token>
<token t_id="257" sentence="7" number="27">as</token>
<token t_id="258" sentence="7" number="28">100</token>
<token t_id="259" sentence="7" number="29">merchant</token>
<token t_id="260" sentence="7" number="30">vessels</token>
<token t_id="261" sentence="7" number="31">transiting</token>
<token t_id="262" sentence="7" number="32">through</token>
<token t_id="263" sentence="7" number="33">the</token>
<token t_id="264" sentence="7" number="34">crucial</token>
<token t_id="265" sentence="7" number="35">shipping</token>
<token t_id="266" sentence="7" number="36">lane</token>
<token t_id="267" sentence="7" number="37">this</token>
<token t_id="268" sentence="7" number="38">year</token>
<token t_id="269" sentence="7" number="39">.</token>
<token t_id="270" sentence="8" number="0">At</token>
<token t_id="271" sentence="8" number="1">least</token>
<token t_id="272" sentence="8" number="2">17</token>
<token t_id="273" sentence="8" number="3">of</token>
<token t_id="274" sentence="8" number="4">the</token>
<token t_id="275" sentence="8" number="5">hijacked</token>
<token t_id="276" sentence="8" number="6">ships</token>
<token t_id="277" sentence="8" number="7">and</token>
<token t_id="278" sentence="8" number="8">their</token>
<token t_id="279" sentence="8" number="9">crew</token>
<token t_id="280" sentence="8" number="10">are</token>
<token t_id="281" sentence="8" number="11">still</token>
<token t_id="282" sentence="8" number="12">being</token>
<token t_id="283" sentence="8" number="13">held</token>
<token t_id="284" sentence="8" number="14">captive</token>
<token t_id="285" sentence="8" number="15">by</token>
<token t_id="286" sentence="8" number="16">the</token>
<token t_id="287" sentence="8" number="17">pirates</token>
<token t_id="288" sentence="8" number="18">for</token>
<token t_id="289" sentence="8" number="19">ransom</token>
<token t_id="290" sentence="8" number="20">.</token>
<token t_id="291" sentence="9" number="0">The</token>
<token t_id="292" sentence="9" number="1">dramatic</token>
<token t_id="293" sentence="9" number="2">action</token>
<token t_id="294" sentence="9" number="3">on</token>
<token t_id="295" sentence="9" number="4">the</token>
<token t_id="296" sentence="9" number="5">high</token>
<token t_id="297" sentence="9" number="6">seas</token>
<token t_id="298" sentence="9" number="7">on</token>
<token t_id="299" sentence="9" number="8">Saturday</token>
<token t_id="300" sentence="9" number="9">began</token>
<token t_id="301" sentence="9" number="10">at</token>
<token t_id="302" sentence="9" number="11">11am</token>
<token t_id="303" sentence="9" number="12">IST</token>
<token t_id="304" sentence="9" number="13">when</token>
<token t_id="305" sentence="9" number="14">the</token>
<token t_id="306" sentence="9" number="15">6,900-tonne</token>
<token t_id="307" sentence="9" number="16">Delhi-class</token>
<token t_id="308" sentence="9" number="17">missile</token>
<token t_id="309" sentence="9" number="18">destroyer</token>
<token t_id="310" sentence="9" number="19">INS</token>
<token t_id="311" sentence="9" number="20">Mysore</token>
<token t_id="312" sentence="9" number="21">received</token>
<token t_id="313" sentence="9" number="22">a</token>
<token t_id="314" sentence="9" number="23">``</token>
<token t_id="315" sentence="9" number="24">distress</token>
<token t_id="316" sentence="9" number="25">call</token>
<token t_id="317" sentence="9" number="26">''</token>
<token t_id="318" sentence="9" number="27">over</token>
<token t_id="319" sentence="9" number="28">the</token>
<token t_id="320" sentence="9" number="29">MMB</token>
<token t_id="321" sentence="9" number="30">Channel</token>
<token t_id="322" sentence="9" number="31">16</token>
<token t_id="323" sentence="9" number="32">from</token>
<token t_id="324" sentence="9" number="33">Ethiopian</token>
<token t_id="325" sentence="9" number="34">merchant</token>
<token t_id="326" sentence="9" number="35">vessel</token>
<token t_id="327" sentence="9" number="36">Gibe</token>
<token t_id="328" sentence="9" number="37">that</token>
<token t_id="329" sentence="9" number="38">it</token>
<token t_id="330" sentence="9" number="39">was</token>
<token t_id="331" sentence="9" number="40">being</token>
<token t_id="332" sentence="9" number="41">attacked</token>
<token t_id="333" sentence="9" number="42">by</token>
<token t_id="334" sentence="9" number="43">a</token>
<token t_id="335" sentence="9" number="44">pirate</token>
<token t_id="336" sentence="9" number="45">``</token>
<token t_id="337" sentence="9" number="46">mother</token>
<token t_id="338" sentence="9" number="47">dhow</token>
<token t_id="339" sentence="9" number="48">''</token>
<token t_id="340" sentence="9" number="49">and</token>
<token t_id="341" sentence="9" number="50">a</token>
<token t_id="342" sentence="9" number="51">speedboat</token>
<token t_id="343" sentence="9" number="52">around</token>
<token t_id="344" sentence="9" number="53">150</token>
<token t_id="345" sentence="9" number="54">nautical</token>
<token t_id="346" sentence="9" number="55">miles</token>
<token t_id="347" sentence="9" number="56">east</token>
<token t_id="348" sentence="9" number="57">of</token>
<token t_id="349" sentence="9" number="58">Aden</token>
<token t_id="350" sentence="9" number="59">.</token>
<token t_id="351" sentence="10" number="0">An</token>
<token t_id="352" sentence="10" number="1">armed</token>
<token t_id="353" sentence="10" number="2">Chetak</token>
<token t_id="354" sentence="10" number="3">helicopter</token>
<token t_id="355" sentence="10" number="4">,</token>
<token t_id="356" sentence="10" number="5">with</token>
<token t_id="357" sentence="10" number="6">four</token>
<token t_id="358" sentence="10" number="7">marine</token>
<token t_id="359" sentence="10" number="8">commandos</token>
<token t_id="360" sentence="10" number="9">,</token>
<token t_id="361" sentence="10" number="10">was</token>
<token t_id="362" sentence="10" number="11">immediately</token>
<token t_id="363" sentence="10" number="12">``</token>
<token t_id="364" sentence="10" number="13">launched</token>
<token t_id="365" sentence="10" number="14">''</token>
<token t_id="366" sentence="10" number="15">from</token>
<token t_id="367" sentence="10" number="16">INS</token>
<token t_id="368" sentence="10" number="17">Mysore</token>
<token t_id="369" sentence="10" number="18">towards</token>
<token t_id="370" sentence="10" number="19">Gibe</token>
<token t_id="371" sentence="10" number="20">,</token>
<token t_id="372" sentence="10" number="21">which</token>
<token t_id="373" sentence="10" number="22">was</token>
<token t_id="374" sentence="10" number="23">13</token>
<token t_id="375" sentence="10" number="24">nautical</token>
<token t_id="376" sentence="10" number="25">miles</token>
<token t_id="377" sentence="10" number="26">from</token>
<token t_id="378" sentence="10" number="27">the</token>
<token t_id="379" sentence="10" number="28">Indian</token>
<token t_id="380" sentence="10" number="29">warship</token>
<token t_id="381" sentence="10" number="30">at</token>
<token t_id="382" sentence="10" number="31">that</token>
<token t_id="383" sentence="10" number="32">point</token>
<token t_id="384" sentence="10" number="33">in</token>
<token t_id="385" sentence="10" number="34">time</token>
<token t_id="386" sentence="10" number="35">.</token>
<token t_id="387" sentence="11" number="0">``</token>
<token t_id="388" sentence="11" number="1">The</token>
<token t_id="389" sentence="11" number="2">sailors</token>
<token t_id="390" sentence="11" number="3">on</token>
<token t_id="391" sentence="11" number="4">Gibe</token>
<token t_id="392" sentence="11" number="5">were</token>
<token t_id="393" sentence="11" number="6">exchanging</token>
<token t_id="394" sentence="11" number="7">small</token>
<token t_id="395" sentence="11" number="8">arms</token>
<token t_id="396" sentence="11" number="9">fire</token>
<token t_id="397" sentence="11" number="10">with</token>
<token t_id="398" sentence="11" number="11">the</token>
<token t_id="399" sentence="11" number="12">pirates</token>
<token t_id="400" sentence="11" number="13">.</token>
<token t_id="401" sentence="12" number="0">On</token>
<token t_id="402" sentence="12" number="1">spotting</token>
<token t_id="403" sentence="12" number="2">the</token>
<token t_id="404" sentence="12" number="3">armed</token>
<token t_id="405" sentence="12" number="4">Chetak</token>
<token t_id="406" sentence="12" number="5">hovering</token>
<token t_id="407" sentence="12" number="6">overhead</token>
<token t_id="408" sentence="12" number="7">,</token>
<token t_id="409" sentence="12" number="8">the</token>
<token t_id="410" sentence="12" number="9">pirate</token>
<token t_id="411" sentence="12" number="10">boats</token>
<token t_id="412" sentence="12" number="11">broke</token>
<token t_id="413" sentence="12" number="12">off</token>
<token t_id="414" sentence="12" number="13">their</token>
<token t_id="415" sentence="12" number="14">attack</token>
<token t_id="416" sentence="12" number="15">,</token>
<token t_id="417" sentence="12" number="16">''</token>
<token t_id="418" sentence="12" number="17">said</token>
<token t_id="419" sentence="12" number="18">an</token>
<token t_id="420" sentence="12" number="19">officer</token>
<token t_id="421" sentence="12" number="20">.</token>
<token t_id="422" sentence="13" number="0">Soon</token>
<token t_id="423" sentence="13" number="1">after</token>
<token t_id="424" sentence="13" number="2">,</token>
<token t_id="425" sentence="13" number="3">steaming</token>
<token t_id="426" sentence="13" number="4">at</token>
<token t_id="427" sentence="13" number="5">full</token>
<token t_id="428" sentence="13" number="6">speed</token>
<token t_id="429" sentence="13" number="7">,</token>
<token t_id="430" sentence="13" number="8">the</token>
<token t_id="431" sentence="13" number="9">deadly</token>
<token t_id="432" sentence="13" number="10">INS</token>
<token t_id="433" sentence="13" number="11">Mysore</token>
<token t_id="434" sentence="13" number="12">also</token>
<token t_id="435" sentence="13" number="13">reached</token>
<token t_id="436" sentence="13" number="14">the</token>
<token t_id="437" sentence="13" number="15">spot</token>
<token t_id="438" sentence="13" number="16">.</token>
<token t_id="439" sentence="14" number="0">By</token>
<token t_id="440" sentence="14" number="1">then</token>
<token t_id="441" sentence="14" number="2">,</token>
<token t_id="442" sentence="14" number="3">all</token>
<token t_id="443" sentence="14" number="4">23</token>
<token t_id="444" sentence="14" number="5">pirates</token>
<token t_id="445" sentence="14" number="6">had</token>
<token t_id="446" sentence="14" number="7">clambered</token>
<token t_id="447" sentence="14" number="8">onto</token>
<token t_id="448" sentence="14" number="9">the</token>
<token t_id="449" sentence="14" number="10">10-metre-long</token>
<token t_id="450" sentence="14" number="11">dhow</token>
<token t_id="451" sentence="14" number="12">--</token>
<token t_id="452" sentence="14" number="13">later</token>
<token t_id="453" sentence="14" number="14">identified</token>
<token t_id="454" sentence="14" number="15">as</token>
<token t_id="455" sentence="14" number="16">`Salahaddin</token>
<token t_id="456" sentence="14" number="17">'</token>
<token t_id="457" sentence="14" number="18">--</token>
<token t_id="458" sentence="14" number="19">in</token>
<token t_id="459" sentence="14" number="20">a</token>
<token t_id="460" sentence="14" number="21">bid</token>
<token t_id="461" sentence="14" number="22">to</token>
<token t_id="462" sentence="14" number="23">escape</token>
<token t_id="463" sentence="14" number="24">.</token>
<token t_id="464" sentence="15" number="0">INS</token>
<token t_id="465" sentence="15" number="1">Mysore</token>
<token t_id="466" sentence="15" number="2">then</token>
<token t_id="467" sentence="15" number="3">opened</token>
<token t_id="468" sentence="15" number="4">fire</token>
<token t_id="469" sentence="15" number="5">across</token>
<token t_id="470" sentence="15" number="6">the</token>
<token t_id="471" sentence="15" number="7">dhow</token>
<token t_id="472" sentence="15" number="8">'s</token>
<token t_id="473" sentence="15" number="9">bows</token>
<token t_id="474" sentence="15" number="10">with</token>
<token t_id="475" sentence="15" number="11">its</token>
<token t_id="476" sentence="15" number="12">heavy-calibre</token>
<token t_id="477" sentence="15" number="13">machine</token>
<token t_id="478" sentence="15" number="14">guns</token>
<token t_id="479" sentence="15" number="15">,</token>
<token t_id="480" sentence="15" number="16">forcing</token>
<token t_id="481" sentence="15" number="17">the</token>
<token t_id="482" sentence="15" number="18">sea</token>
<token t_id="483" sentence="15" number="19">bandits</token>
<token t_id="484" sentence="15" number="20">to</token>
<token t_id="485" sentence="15" number="21">come</token>
<token t_id="486" sentence="15" number="22">to</token>
<token t_id="487" sentence="15" number="23">a</token>
<token t_id="488" sentence="15" number="24">complete</token>
<token t_id="489" sentence="15" number="25">halt</token>
<token t_id="490" sentence="15" number="26">.</token>
<token t_id="491" sentence="16" number="0">A</token>
<token t_id="492" sentence="16" number="1">detachment</token>
<token t_id="493" sentence="16" number="2">of</token>
<token t_id="494" sentence="16" number="3">heavily-armed</token>
<token t_id="495" sentence="16" number="4">marine</token>
<token t_id="496" sentence="16" number="5">commandos</token>
<token t_id="497" sentence="16" number="6">promptly</token>
<token t_id="498" sentence="16" number="7">sped</token>
<token t_id="499" sentence="16" number="8">across</token>
<token t_id="500" sentence="16" number="9">to</token>
<token t_id="501" sentence="16" number="10">the</token>
<token t_id="502" sentence="16" number="11">pirate</token>
<token t_id="503" sentence="16" number="12">dhow</token>
<token t_id="504" sentence="16" number="13">in</token>
<token t_id="505" sentence="16" number="14">their</token>
<token t_id="506" sentence="16" number="15">fibre-glass</token>
<token t_id="507" sentence="16" number="16">inflatable</token>
<token t_id="508" sentence="16" number="17">boats</token>
<token t_id="509" sentence="16" number="18">.</token>
<token t_id="510" sentence="17" number="0">``</token>
<token t_id="511" sentence="17" number="1">Seeing</token>
<token t_id="512" sentence="17" number="2">the</token>
<token t_id="513" sentence="17" number="3">Marcos</token>
<token t_id="514" sentence="17" number="4">,</token>
<token t_id="515" sentence="17" number="5">the</token>
<token t_id="516" sentence="17" number="6">pirates</token>
<token t_id="517" sentence="17" number="7">surrendered</token>
<token t_id="518" sentence="17" number="8">quite</token>
<token t_id="519" sentence="17" number="9">easily</token>
<token t_id="520" sentence="17" number="10">,</token>
<token t_id="521" sentence="17" number="11">even</token>
<token t_id="522" sentence="17" number="12">though</token>
<token t_id="523" sentence="17" number="13">for</token>
<token t_id="524" sentence="17" number="14">some</token>
<token t_id="525" sentence="17" number="15">time</token>
<token t_id="526" sentence="17" number="16">they</token>
<token t_id="527" sentence="17" number="17">pretended</token>
<token t_id="528" sentence="17" number="18">to</token>
<token t_id="529" sentence="17" number="19">be</token>
<token t_id="530" sentence="17" number="20">plain</token>
<token t_id="531" sentence="17" number="21">fishermen</token>
<token t_id="532" sentence="17" number="22">.</token>
<token t_id="533" sentence="18" number="0">A</token>
<token t_id="534" sentence="18" number="1">search</token>
<token t_id="535" sentence="18" number="2">of</token>
<token t_id="536" sentence="18" number="3">the</token>
<token t_id="537" sentence="18" number="4">dhow</token>
<token t_id="538" sentence="18" number="5">led</token>
<token t_id="539" sentence="18" number="6">to</token>
<token t_id="540" sentence="18" number="7">the</token>
<token t_id="541" sentence="18" number="8">discovery</token>
<token t_id="542" sentence="18" number="9">of</token>
<token t_id="543" sentence="18" number="10">the</token>
<token t_id="544" sentence="18" number="11">large</token>
<token t_id="545" sentence="18" number="12">arms</token>
<token t_id="546" sentence="18" number="13">cache</token>
<token t_id="547" sentence="18" number="14">and</token>
<token t_id="548" sentence="18" number="15">three</token>
<token t_id="549" sentence="18" number="16">outboard</token>
<token t_id="550" sentence="18" number="17">motors</token>
<token t_id="551" sentence="18" number="18">,</token>
<token t_id="552" sentence="18" number="19">''</token>
<token t_id="553" sentence="18" number="20">he</token>
<token t_id="554" sentence="18" number="21">said</token>
<token t_id="555" sentence="18" number="22">.</token>
<token t_id="556" sentence="19" number="0">``</token>
<token t_id="557" sentence="19" number="1">The</token>
<token t_id="558" sentence="19" number="2">grenades</token>
<token t_id="559" sentence="19" number="3">,</token>
<token t_id="560" sentence="19" number="4">being</token>
<token t_id="561" sentence="19" number="5">unstable</token>
<token t_id="562" sentence="19" number="6">,</token>
<token t_id="563" sentence="19" number="7">were</token>
<token t_id="564" sentence="19" number="8">thrown</token>
<token t_id="565" sentence="19" number="9">off</token>
<token t_id="566" sentence="19" number="10">overboard</token>
<token t_id="567" sentence="19" number="11">.</token>
<token t_id="568" sentence="20" number="0">The</token>
<token t_id="569" sentence="20" number="1">23</token>
<token t_id="570" sentence="20" number="2">pirates</token>
<token t_id="571" sentence="20" number="3">and</token>
<token t_id="572" sentence="20" number="4">the</token>
<token t_id="573" sentence="20" number="5">other</token>
<token t_id="574" sentence="20" number="6">arms</token>
<token t_id="575" sentence="20" number="7">were</token>
<token t_id="576" sentence="20" number="8">taken</token>
<token t_id="577" sentence="20" number="9">on</token>
<token t_id="578" sentence="20" number="10">board</token>
<token t_id="579" sentence="20" number="11">INS</token>
<token t_id="580" sentence="20" number="12">Mysore</token>
<token t_id="581" sentence="20" number="13">,</token>
<token t_id="582" sentence="20" number="14">which</token>
<token t_id="583" sentence="20" number="15">will</token>
<token t_id="584" sentence="20" number="16">resume</token>
<token t_id="585" sentence="20" number="17">its</token>
<token t_id="586" sentence="20" number="18">patrolling</token>
<token t_id="587" sentence="20" number="19">duties</token>
<token t_id="588" sentence="20" number="20">after</token>
<token t_id="589" sentence="20" number="21">handing</token>
<token t_id="590" sentence="20" number="22">over</token>
<token t_id="591" sentence="20" number="23">them</token>
<token t_id="592" sentence="20" number="24">over</token>
<token t_id="593" sentence="20" number="25">to</token>
<token t_id="594" sentence="20" number="26">appropriate</token>
<token t_id="595" sentence="20" number="27">ashore</token>
<token t_id="596" sentence="20" number="28">authorities</token>
<token t_id="597" sentence="20" number="29">,</token>
<token t_id="598" sentence="20" number="30">''</token>
<token t_id="599" sentence="20" number="31">he</token>
<token t_id="600" sentence="20" number="32">added</token>
<token t_id="601" sentence="20" number="33">.</token>
<token t_id="602" sentence="21" number="0">Though</token>
<token t_id="603" sentence="21" number="1">over</token>
<token t_id="604" sentence="21" number="2">20</token>
<token t_id="605" sentence="21" number="3">warships</token>
<token t_id="606" sentence="21" number="4">from</token>
<token t_id="607" sentence="21" number="5">US</token>
<token t_id="608" sentence="21" number="6">,</token>
<token t_id="609" sentence="21" number="7">EU</token>
<token t_id="610" sentence="21" number="8">and</token>
<token t_id="611" sentence="21" number="9">other</token>
<token t_id="612" sentence="21" number="10">countries</token>
<token t_id="613" sentence="21" number="11">are</token>
<token t_id="614" sentence="21" number="12">patrolling</token>
<token t_id="615" sentence="21" number="13">the</token>
<token t_id="616" sentence="21" number="14">piracy-infested</token>
<token t_id="617" sentence="21" number="15">Gulf</token>
<token t_id="618" sentence="21" number="16">of</token>
<token t_id="619" sentence="21" number="17">Aden</token>
<token t_id="620" sentence="21" number="18">,</token>
<token t_id="621" sentence="21" number="19">which</token>
<token t_id="622" sentence="21" number="20">connects</token>
<token t_id="623" sentence="21" number="21">the</token>
<token t_id="624" sentence="21" number="22">Red</token>
<token t_id="625" sentence="21" number="23">Sea</token>
<token t_id="626" sentence="21" number="24">to</token>
<token t_id="627" sentence="21" number="25">the</token>
<token t_id="628" sentence="21" number="26">Indian</token>
<token t_id="629" sentence="21" number="27">Ocean</token>
<token t_id="630" sentence="21" number="28">,</token>
<token t_id="631" sentence="21" number="29">it</token>
<token t_id="632" sentence="21" number="30">'s</token>
<token t_id="633" sentence="21" number="31">actually</token>
<token t_id="634" sentence="21" number="32">the</token>
<token t_id="635" sentence="21" number="33">Indian</token>
<token t_id="636" sentence="21" number="34">Navy</token>
<token t_id="637" sentence="21" number="35">which</token>
<token t_id="638" sentence="21" number="36">has</token>
<token t_id="639" sentence="21" number="37">taken</token>
<token t_id="640" sentence="21" number="38">the</token>
<token t_id="641" sentence="21" number="39">battle</token>
<token t_id="642" sentence="21" number="40">to</token>
<token t_id="643" sentence="21" number="41">the</token>
<token t_id="644" sentence="21" number="42">pirates</token>
<token t_id="645" sentence="21" number="43">.</token>
<token t_id="646" sentence="22" number="0">On</token>
<token t_id="647" sentence="22" number="1">November</token>
<token t_id="648" sentence="22" number="2">11</token>
<token t_id="649" sentence="22" number="3">,</token>
<token t_id="650" sentence="22" number="4">INS</token>
<token t_id="651" sentence="22" number="5">Tabar</token>
<token t_id="652" sentence="22" number="6">had</token>
<token t_id="653" sentence="22" number="7">repulsed</token>
<token t_id="654" sentence="22" number="8">two</token>
<token t_id="655" sentence="22" number="9">hijack</token>
<token t_id="656" sentence="22" number="10">attempts</token>
<token t_id="657" sentence="22" number="11">,</token>
<token t_id="658" sentence="22" number="12">one</token>
<token t_id="659" sentence="22" number="13">on</token>
<token t_id="660" sentence="22" number="14">an</token>
<token t_id="661" sentence="22" number="15">Indian</token>
<token t_id="662" sentence="22" number="16">ship</token>
<token t_id="663" sentence="22" number="17">(</token>
<token t_id="664" sentence="22" number="18">MV</token>
<token t_id="665" sentence="22" number="19">Jag</token>
<token t_id="666" sentence="22" number="20">Arnav</token>
<token t_id="667" sentence="22" number="21">)</token>
<token t_id="668" sentence="22" number="22">and</token>
<token t_id="669" sentence="22" number="23">the</token>
<token t_id="670" sentence="22" number="24">other</token>
<token t_id="671" sentence="22" number="25">on</token>
<token t_id="672" sentence="22" number="26">a</token>
<token t_id="673" sentence="22" number="27">Saudi</token>
<token t_id="674" sentence="22" number="28">oil</token>
<token t_id="675" sentence="22" number="29">carrier</token>
<token t_id="676" sentence="22" number="30">(</token>
<token t_id="677" sentence="22" number="31">NCC</token>
<token t_id="678" sentence="22" number="32">Tihama</token>
<token t_id="679" sentence="22" number="33">)</token>
<token t_id="680" sentence="22" number="34">,</token>
<token t_id="681" sentence="22" number="35">one</token>
<token t_id="682" sentence="22" number="36">after</token>
<token t_id="683" sentence="22" number="37">the</token>
<token t_id="684" sentence="22" number="38">other</token>
<token t_id="685" sentence="22" number="39">.</token>
<token t_id="686" sentence="23" number="0">Then</token>
<token t_id="687" sentence="23" number="1">,</token>
<token t_id="688" sentence="23" number="2">on</token>
<token t_id="689" sentence="23" number="3">November</token>
<token t_id="690" sentence="23" number="4">18</token>
<token t_id="691" sentence="23" number="5">,</token>
<token t_id="692" sentence="23" number="6">it</token>
<token t_id="693" sentence="23" number="7">had</token>
<token t_id="694" sentence="23" number="8">sunk</token>
<token t_id="695" sentence="23" number="9">Thai</token>
<token t_id="696" sentence="23" number="10">trawler</token>
<token t_id="697" sentence="23" number="11">``</token>
<token t_id="698" sentence="23" number="12">Ekawat</token>
<token t_id="699" sentence="23" number="13">Nava</token>
<token t_id="700" sentence="23" number="14">5</token>
<token t_id="701" sentence="23" number="15">''</token>
<token t_id="702" sentence="23" number="16">,</token>
<token t_id="703" sentence="23" number="17">which</token>
<token t_id="704" sentence="23" number="18">had</token>
<token t_id="705" sentence="23" number="19">been</token>
<token t_id="706" sentence="23" number="20">commandeered</token>
<token t_id="707" sentence="23" number="21">by</token>
<token t_id="708" sentence="23" number="22">pirates</token>
<token t_id="709" sentence="23" number="23">,</token>
<token t_id="710" sentence="23" number="24">after</token>
<token t_id="711" sentence="23" number="25">a</token>
<token t_id="712" sentence="23" number="26">gunbattle</token>
<token t_id="713" sentence="23" number="27">.</token>
<token t_id="714" sentence="24" number="0">Though</token>
<token t_id="715" sentence="24" number="1">the</token>
<token t_id="716" sentence="24" number="2">Navy</token>
<token t_id="717" sentence="24" number="3">had</token>
<token t_id="718" sentence="24" number="4">come</token>
<token t_id="719" sentence="24" number="5">in</token>
<token t_id="720" sentence="24" number="6">for</token>
<token t_id="721" sentence="24" number="7">some</token>
<token t_id="722" sentence="24" number="8">criticism</token>
<token t_id="723" sentence="24" number="9">for</token>
<token t_id="724" sentence="24" number="10">sinking</token>
<token t_id="725" sentence="24" number="11">the</token>
<token t_id="726" sentence="24" number="12">Thai</token>
<token t_id="727" sentence="24" number="13">trawler</token>
<token t_id="728" sentence="24" number="14">,</token>
<token t_id="729" sentence="24" number="15">Admiral</token>
<token t_id="730" sentence="24" number="16">Sureesh</token>
<token t_id="731" sentence="24" number="17">Mehta</token>
<token t_id="732" sentence="24" number="18">had</token>
<token t_id="733" sentence="24" number="19">declared</token>
<token t_id="734" sentence="24" number="20">that</token>
<token t_id="735" sentence="24" number="21">his</token>
<token t_id="736" sentence="24" number="22">force</token>
<token t_id="737" sentence="24" number="23">had</token>
<token t_id="738" sentence="24" number="24">done</token>
<token t_id="739" sentence="24" number="25">nothing</token>
<token t_id="740" sentence="24" number="26">wrong</token>
<token t_id="741" sentence="24" number="27">.</token>
<token t_id="742" sentence="25" number="0">``</token>
<token t_id="743" sentence="25" number="1">Thai</token>
<token t_id="744" sentence="25" number="2">ownership</token>
<token t_id="745" sentence="25" number="3">does</token>
<token t_id="746" sentence="25" number="4">not</token>
<token t_id="747" sentence="25" number="5">change</token>
<token t_id="748" sentence="25" number="6">the</token>
<token t_id="749" sentence="25" number="7">situation</token>
<token t_id="750" sentence="25" number="8">.</token>
<token t_id="751" sentence="26" number="0">It</token>
<token t_id="752" sentence="26" number="1">was</token>
<token t_id="753" sentence="26" number="2">under</token>
<token t_id="754" sentence="26" number="3">the</token>
<token t_id="755" sentence="26" number="4">command</token>
<token t_id="756" sentence="26" number="5">of</token>
<token t_id="757" sentence="26" number="6">pirates</token>
<token t_id="758" sentence="26" number="7">.</token>
<token t_id="759" sentence="27" number="0">Use</token>
<token t_id="760" sentence="27" number="1">of</token>
<token t_id="761" sentence="27" number="2">force</token>
<token t_id="762" sentence="27" number="3">was</token>
<token t_id="763" sentence="27" number="4">inevitable</token>
<token t_id="764" sentence="27" number="5">...</token>
<token t_id="765" sentence="28" number="0">We</token>
<token t_id="766" sentence="28" number="1">acted</token>
<token t_id="767" sentence="28" number="2">in</token>
<token t_id="768" sentence="28" number="3">self-defence</token>
<token t_id="769" sentence="28" number="4">,</token>
<token t_id="770" sentence="28" number="5">''</token>
<token t_id="771" sentence="28" number="6">said</token>
<token t_id="772" sentence="28" number="7">the</token>
<token t_id="773" sentence="28" number="8">Navy</token>
<token t_id="774" sentence="28" number="9">chief</token>
<token t_id="775" sentence="28" number="10">.</token>
<token t_id="776" sentence="29" number="0">External</token>
<token t_id="777" sentence="29" number="1">affairs</token>
<token t_id="778" sentence="29" number="2">minister</token>
<token t_id="779" sentence="29" number="3">Pranab</token>
<token t_id="780" sentence="29" number="4">Mukherjee</token>
<token t_id="781" sentence="29" number="5">,</token>
<token t_id="782" sentence="29" number="6">too</token>
<token t_id="783" sentence="29" number="7">,</token>
<token t_id="784" sentence="29" number="8">had</token>
<token t_id="785" sentence="29" number="9">strongly</token>
<token t_id="786" sentence="29" number="10">defended</token>
<token t_id="787" sentence="29" number="11">the</token>
<token t_id="788" sentence="29" number="12">Navy</token>
<token t_id="789" sentence="29" number="13">'s</token>
<token t_id="790" sentence="29" number="14">anti-piracy</token>
<token t_id="791" sentence="29" number="15">action</token>
<token t_id="792" sentence="29" number="16">on</token>
<token t_id="793" sentence="29" number="17">the</token>
<token t_id="794" sentence="29" number="18">high</token>
<token t_id="795" sentence="29" number="19">seas</token>
<token t_id="796" sentence="29" number="20">.</token>
<Markables>
<ACTION_OCCURRENCE m_id="29"  >
  <token_anchor t_id="28"/>
</ACTION_OCCURRENCE>
<ACTION_OCCURRENCE m_id="30"  >
  <token_anchor t_id="27"/>
</ACTION_OCCURRENCE>
<ACTION_OCCURRENCE m_id="33"  >
  <token_anchor t_id="47"/>
</ACTION_OCCURRENCE>
<ACTION_OCCURRENCE m_id="19"  >
  <token_anchor t_id="4"/>
</ACTION_OCCURRENCE>
<ACTION_OCCURRENCE m_id="20"  >
  <token_anchor t_id="1"/>
</ACTION_OCCURRENCE>
<ACTION_OCCURRENCE m_id="21"  >
  <token_anchor t_id="37"/>
</ACTION_OCCURRENCE>
<ACTION_OCCURRENCE m_id="24"  >
  <token_anchor t_id="25"/>
</ACTION_OCCURRENCE>
<ACTION_OCCURRENCE m_id="26"  >
  <token_anchor t_id="10"/>
</ACTION_OCCURRENCE>
<HUMAN_PART_PER m_id="28"  >
  <token_anchor t_id="24"/>
</HUMAN_PART_PER>
<HUMAN_PART_PER m_id="23"  >
  <token_anchor t_id="39"/>
</HUMAN_PART_PER>
<HUMAN_PART_VEH m_id="27"  >
  <token_anchor t_id="19"/>
  <token_anchor t_id="20"/>
</HUMAN_PART_VEH>
<LOC_GEO m_id="22"  >
  <token_anchor t_id="12"/>
  <token_anchor t_id="13"/>
  <token_anchor t_id="14"/>
  <token_anchor t_id="15"/>
</LOC_GEO>
<NON_HUMAN_PART m_id="25"  >
  <token_anchor t_id="44"/>
</NON_HUMAN_PART>
<TIME_DATE m_id="32"  >
  <token_anchor t_id="35"/>
</TIME_DATE>


<HUMAN_PART_VEH m_id="34" note="byCROMER" >
  <token_anchor t_id="33"/>
</HUMAN_PART_VEH>


<ACTION_OCCURRENCE m_id="39" RELATED_TO="" TAG_DESCRIPTOR="t12b_operation" instance_id="ACT17404475445628468" />
<TIME_DATE m_id="38" RELATED_TO="" TAG_DESCRIPTOR="t12b_saturday" instance_id="TIM17403559059252907" />
<HUMAN_PART_VEH m_id="37" RELATED_TO="" TAG_DESCRIPTOR="t12b_mysore" instance_id="HUM17403809721645960" />
<HUMAN_PART_VEH m_id="36" RELATED_TO="" TAG_DESCRIPTOR="t12b_merchant_vessel" instance_id="HUM17403484329637243" />
<ACTION_OCCURRENCE m_id="35" RELATED_TO="" TAG_DESCRIPTOR="t12b_attack" instance_id="ACT17403630531063654" />
<ACTION_OCCURRENCE m_id="46" RELATED_TO="" TAG_DESCRIPTOR="t12b_striking" instance_id="ACT17404459114113339" />
<HUMAN_PART_PER m_id="45" RELATED_TO="" TAG_DESCRIPTOR="t12b_pirates" instance_id="HUM17403498594960941" />
<ACTION_OCCURRENCE m_id="44" RELATED_TO="" TAG_DESCRIPTOR="t12b_thwarted" instance_id="ACT17403689640951774" />
<ACTION_OCCURRENCE m_id="43" RELATED_TO="" TAG_DESCRIPTOR="t12b_capture" instance_id="ACT17403639225065902" />
<ACTION_OCCURRENCE m_id="42" RELATED_TO="" TAG_DESCRIPTOR="t12b_blow" instance_id="ACT17404467408265962" />
<ACTION_OCCURRENCE m_id="41" RELATED_TO="" TAG_DESCRIPTOR="t12b_piracy" instance_id="ACT17403774139472624" />
<LOC_GEO m_id="40" RELATED_TO="" TAG_DESCRIPTOR="t12_gulf_of_aden" instance_id="LOC17399309192531980" />
</Markables>

<Relations>
<CROSS_DOC_COREF r_id="41542" note="ACT17403630531063654" >
  <source m_id="29" />
  <target m_id="35" />
</CROSS_DOC_COREF>
<CROSS_DOC_COREF r_id="41543" note="HUM17403484329637243" >
  <source m_id="34" />
  <target m_id="36" />
</CROSS_DOC_COREF>
<CROSS_DOC_COREF r_id="41544" note="HUM17403809721645960" >
  <source m_id="27" />
  <target m_id="37" />
</CROSS_DOC_COREF>
<CROSS_DOC_COREF r_id="41545" note="TIM17403559059252907" >
  <source m_id="32" />
  <target m_id="38" />
</CROSS_DOC_COREF>
<CROSS_DOC_COREF r_id="41546" note="ACT17404475445628468" >
  <source m_id="33" />
  <target m_id="39" />
</CROSS_DOC_COREF>
<CROSS_DOC_COREF r_id="41547" note="LOC17399309192531980" >
  <source m_id="22" />
  <target m_id="40" />
</CROSS_DOC_COREF>
<CROSS_DOC_COREF r_id="41548" note="ACT17403774139472624" >
  <source m_id="26" />
  <target m_id="41" />
</CROSS_DOC_COREF>
<CROSS_DOC_COREF r_id="41549" note="ACT17404467408265962" >
  <source m_id="19" />
  <target m_id="42" />
</CROSS_DOC_COREF>
<CROSS_DOC_COREF r_id="41550" note="ACT17403639225065902" >
  <source m_id="21" />
  <target m_id="43" />
</CROSS_DOC_COREF>
<CROSS_DOC_COREF r_id="41551" note="ACT17403689640951774" >
  <source m_id="24" />
  <target m_id="44" />
</CROSS_DOC_COREF>
<CROSS_DOC_COREF r_id="41552" note="HUM17403498594960941" >
  <source m_id="23" />
  <target m_id="45" />
</CROSS_DOC_COREF>
<CROSS_DOC_COREF r_id="41553" note="ACT17404459114113339" >
  <source m_id="20" />
  <target m_id="46" />
</CROSS_DOC_COREF>

</Relations>
</Document>
