<Document doc_name="12_7ecb.xml" doc_id="DOC15654141529494733">
<token t_id="1" sentence="0" number="0">The</token>
<token t_id="2" sentence="0" number="1">Indian</token>
<token t_id="3" sentence="0" number="2">navy</token>
<token t_id="4" sentence="0" number="3">said</token>
<token t_id="5" sentence="0" number="4">it</token>
<token t_id="6" sentence="0" number="5">has</token>
<token t_id="7" sentence="0" number="6">captured</token>
<token t_id="8" sentence="0" number="7">23</token>
<token t_id="9" sentence="0" number="8">Somali</token>
<token t_id="10" sentence="0" number="9">and</token>
<token t_id="11" sentence="0" number="10">Yemeni</token>
<token t_id="12" sentence="0" number="11">pirates</token>
<token t_id="13" sentence="0" number="12">who</token>
<token t_id="14" sentence="0" number="13">attacked</token>
<token t_id="15" sentence="0" number="14">a</token>
<token t_id="16" sentence="0" number="15">merchant</token>
<token t_id="17" sentence="0" number="16">vessel</token>
<token t_id="18" sentence="0" number="17">in</token>
<token t_id="19" sentence="0" number="18">the</token>
<token t_id="20" sentence="0" number="19">Gulf</token>
<token t_id="21" sentence="0" number="20">of</token>
<token t_id="22" sentence="0" number="21">Aden</token>
<token t_id="23" sentence="0" number="22">on</token>
<token t_id="24" sentence="0" number="23">Saturday</token>
<token t_id="25" sentence="0" number="24">.</token>
<token t_id="26" sentence="1" number="0">An</token>
<token t_id="27" sentence="1" number="1">Indian</token>
<token t_id="28" sentence="1" number="2">navy</token>
<token t_id="29" sentence="1" number="3">ship</token>
<token t_id="30" sentence="1" number="4">sent</token>
<token t_id="31" sentence="1" number="5">its</token>
<token t_id="32" sentence="1" number="6">marine</token>
<token t_id="33" sentence="1" number="7">commandos</token>
<token t_id="34" sentence="1" number="8">on</token>
<token t_id="35" sentence="1" number="9">a</token>
<token t_id="36" sentence="1" number="10">helicopter</token>
<token t_id="37" sentence="1" number="11">towards</token>
<token t_id="38" sentence="1" number="12">the</token>
<token t_id="39" sentence="1" number="13">Ethiopian</token>
<token t_id="40" sentence="1" number="14">flag-bearing</token>
<token t_id="41" sentence="1" number="15">vessel</token>
<token t_id="42" sentence="1" number="16">MV</token>
<token t_id="43" sentence="1" number="17">Gibe</token>
<token t_id="44" sentence="1" number="18">after</token>
<token t_id="45" sentence="1" number="19">getting</token>
<token t_id="46" sentence="1" number="20">a</token>
<token t_id="47" sentence="1" number="21">distress</token>
<token t_id="48" sentence="1" number="22">call</token>
<token t_id="49" sentence="1" number="23">from</token>
<token t_id="50" sentence="1" number="24">it</token>
<token t_id="51" sentence="1" number="25">as</token>
<token t_id="52" sentence="1" number="26">it</token>
<token t_id="53" sentence="1" number="27">came</token>
<token t_id="54" sentence="1" number="28">under</token>
<token t_id="55" sentence="1" number="29">fire</token>
<token t_id="56" sentence="1" number="30">from</token>
<token t_id="57" sentence="1" number="31">two</token>
<token t_id="58" sentence="1" number="32">boats</token>
<token t_id="59" sentence="1" number="33">,</token>
<token t_id="60" sentence="1" number="34">the</token>
<token t_id="61" sentence="1" number="35">navy</token>
<token t_id="62" sentence="1" number="36">said</token>
<token t_id="63" sentence="1" number="37">in</token>
<token t_id="64" sentence="1" number="38">a</token>
<token t_id="65" sentence="1" number="39">statement</token>
<token t_id="66" sentence="1" number="40">.</token>
<token t_id="67" sentence="2" number="0">The</token>
<token t_id="68" sentence="2" number="1">boats</token>
<token t_id="69" sentence="2" number="2">tried</token>
<token t_id="70" sentence="2" number="3">to</token>
<token t_id="71" sentence="2" number="4">escape</token>
<token t_id="72" sentence="2" number="5">on</token>
<token t_id="73" sentence="2" number="6">seeing</token>
<token t_id="74" sentence="2" number="7">the</token>
<token t_id="75" sentence="2" number="8">navy</token>
<token t_id="76" sentence="2" number="9">ship</token>
<token t_id="77" sentence="2" number="10">but</token>
<token t_id="78" sentence="2" number="11">were</token>
<token t_id="79" sentence="2" number="12">chased</token>
<token t_id="80" sentence="2" number="13">and</token>
<token t_id="81" sentence="2" number="14">the</token>
<token t_id="82" sentence="2" number="15">pirates</token>
<token t_id="83" sentence="2" number="16">surrendered</token>
<token t_id="84" sentence="2" number="17">to</token>
<token t_id="85" sentence="2" number="18">the</token>
<token t_id="86" sentence="2" number="19">commandos</token>
<token t_id="87" sentence="2" number="20">when</token>
<token t_id="88" sentence="2" number="21">they</token>
<token t_id="89" sentence="2" number="22">boarded</token>
<token t_id="90" sentence="2" number="23">the</token>
<token t_id="91" sentence="2" number="24">boats</token>
<token t_id="92" sentence="2" number="25">.</token>
<token t_id="93" sentence="3" number="0">``</token>
<token t_id="94" sentence="3" number="1">Twenty-three</token>
<token t_id="95" sentence="3" number="2">personnel</token>
<token t_id="96" sentence="3" number="3">(</token>
<token t_id="97" sentence="3" number="4">12</token>
<token t_id="98" sentence="3" number="5">Somali</token>
<token t_id="99" sentence="3" number="6">and</token>
<token t_id="100" sentence="3" number="7">11</token>
<token t_id="101" sentence="3" number="8">Yemeni</token>
<token t_id="102" sentence="3" number="9">)</token>
<token t_id="103" sentence="3" number="10">surrendered</token>
<token t_id="104" sentence="3" number="11">on</token>
<token t_id="105" sentence="3" number="12">boarding</token>
<token t_id="106" sentence="3" number="13">,</token>
<token t_id="107" sentence="3" number="14">''</token>
<token t_id="108" sentence="3" number="15">the</token>
<token t_id="109" sentence="3" number="16">navy</token>
<token t_id="110" sentence="3" number="17">said</token>
<token t_id="111" sentence="3" number="18">.</token>
<token t_id="112" sentence="4" number="0">The</token>
<token t_id="113" sentence="4" number="1">pirates</token>
<token t_id="114" sentence="4" number="2">,</token>
<token t_id="115" sentence="4" number="3">along</token>
<token t_id="116" sentence="4" number="4">with</token>
<token t_id="117" sentence="4" number="5">their</token>
<token t_id="118" sentence="4" number="6">arms</token>
<token t_id="119" sentence="4" number="7">and</token>
<token t_id="120" sentence="4" number="8">equipment</token>
<token t_id="121" sentence="4" number="9">,</token>
<token t_id="122" sentence="4" number="10">would</token>
<token t_id="123" sentence="4" number="11">be</token>
<token t_id="124" sentence="4" number="12">handed</token>
<token t_id="125" sentence="4" number="13">over</token>
<token t_id="126" sentence="4" number="14">to</token>
<token t_id="127" sentence="4" number="15">the</token>
<token t_id="128" sentence="4" number="16">appropriate</token>
<token t_id="129" sentence="4" number="17">authorities</token>
<token t_id="130" sentence="4" number="18">,</token>
<token t_id="131" sentence="4" number="19">it</token>
<token t_id="132" sentence="4" number="20">said</token>
<token t_id="133" sentence="4" number="21">,</token>
<token t_id="134" sentence="4" number="22">adding</token>
<token t_id="135" sentence="4" number="23">that</token>
<token t_id="136" sentence="4" number="24">the</token>
<token t_id="137" sentence="4" number="25">ship</token>
<token t_id="138" sentence="4" number="26">would</token>
<token t_id="139" sentence="4" number="27">return</token>
<token t_id="140" sentence="4" number="28">to</token>
<token t_id="141" sentence="4" number="29">patrolling</token>
<token t_id="142" sentence="4" number="30">the</token>
<token t_id="143" sentence="4" number="31">Gulf</token>
<token t_id="144" sentence="4" number="32">of</token>
<token t_id="145" sentence="4" number="33">Aden</token>
<token t_id="146" sentence="4" number="34">.</token>
<token t_id="147" sentence="5" number="0">Last</token>
<token t_id="148" sentence="5" number="1">month</token>
<token t_id="149" sentence="5" number="2">,</token>
<token t_id="150" sentence="5" number="3">the</token>
<token t_id="151" sentence="5" number="4">navy</token>
<token t_id="152" sentence="5" number="5">said</token>
<token t_id="153" sentence="5" number="6">it</token>
<token t_id="154" sentence="5" number="7">had</token>
<token t_id="155" sentence="5" number="8">sunk</token>
<token t_id="156" sentence="5" number="9">a</token>
<token t_id="157" sentence="5" number="10">pirate</token>
<token t_id="158" sentence="5" number="11">``</token>
<token t_id="159" sentence="5" number="12">mother</token>
<token t_id="160" sentence="5" number="13">vessel</token>
<token t_id="161" sentence="5" number="14">''</token>
<token t_id="162" sentence="5" number="15">off</token>
<token t_id="163" sentence="5" number="16">Somalia</token>
<token t_id="164" sentence="5" number="17">in</token>
<token t_id="165" sentence="5" number="18">a</token>
<token t_id="166" sentence="5" number="19">battle</token>
<token t_id="167" sentence="5" number="20">that</token>
<token t_id="168" sentence="5" number="21">erupted</token>
<token t_id="169" sentence="5" number="22">after</token>
<token t_id="170" sentence="5" number="23">the</token>
<token t_id="171" sentence="5" number="24">Indian</token>
<token t_id="172" sentence="5" number="25">ship</token>
<token t_id="173" sentence="5" number="26">INS</token>
<token t_id="174" sentence="5" number="27">Tabar</token>
<token t_id="175" sentence="5" number="28">came</token>
<token t_id="176" sentence="5" number="29">under</token>
<token t_id="177" sentence="5" number="30">attack</token>
<token t_id="178" sentence="5" number="31">from</token>
<token t_id="179" sentence="5" number="32">gunmen</token>
<token t_id="180" sentence="5" number="33">on</token>
<token t_id="181" sentence="5" number="34">board</token>
<token t_id="182" sentence="5" number="35">the</token>
<token t_id="183" sentence="5" number="36">boat</token>
<token t_id="184" sentence="5" number="37">.</token>
<token t_id="185" sentence="6" number="0">But</token>
<token t_id="186" sentence="6" number="1">the</token>
<token t_id="187" sentence="6" number="2">International</token>
<token t_id="188" sentence="6" number="3">Maritime</token>
<token t_id="189" sentence="6" number="4">Bureau</token>
<token t_id="190" sentence="6" number="5">later</token>
<token t_id="191" sentence="6" number="6">said</token>
<token t_id="192" sentence="6" number="7">that</token>
<token t_id="193" sentence="6" number="8">the</token>
<token t_id="194" sentence="6" number="9">vessel</token>
<token t_id="195" sentence="6" number="10">destroyed</token>
<token t_id="196" sentence="6" number="11">by</token>
<token t_id="197" sentence="6" number="12">the</token>
<token t_id="198" sentence="6" number="13">Indian</token>
<token t_id="199" sentence="6" number="14">navy</token>
<token t_id="200" sentence="6" number="15">was</token>
<token t_id="201" sentence="6" number="16">actually</token>
<token t_id="202" sentence="6" number="17">a</token>
<token t_id="203" sentence="6" number="18">Thai</token>
<token t_id="204" sentence="6" number="19">fishing</token>
<token t_id="205" sentence="6" number="20">trawler</token>
<token t_id="206" sentence="6" number="21">that</token>
<token t_id="207" sentence="6" number="22">had</token>
<token t_id="208" sentence="6" number="23">been</token>
<token t_id="209" sentence="6" number="24">seized</token>
<token t_id="210" sentence="6" number="25">by</token>
<token t_id="211" sentence="6" number="26">pirates</token>
<token t_id="212" sentence="6" number="27">off</token>
<token t_id="213" sentence="6" number="28">Yemen</token>
<token t_id="214" sentence="6" number="29">.</token>
<token t_id="215" sentence="7" number="0">Somali</token>
<token t_id="216" sentence="7" number="1">pirates</token>
<token t_id="217" sentence="7" number="2">have</token>
<token t_id="218" sentence="7" number="3">carried</token>
<token t_id="219" sentence="7" number="4">out</token>
<token t_id="220" sentence="7" number="5">around</token>
<token t_id="221" sentence="7" number="6">100</token>
<token t_id="222" sentence="7" number="7">attacks</token>
<token t_id="223" sentence="7" number="8">in</token>
<token t_id="224" sentence="7" number="9">the</token>
<token t_id="225" sentence="7" number="10">Gulf</token>
<token t_id="226" sentence="7" number="11">of</token>
<token t_id="227" sentence="7" number="12">Aden</token>
<token t_id="228" sentence="7" number="13">and</token>
<token t_id="229" sentence="7" number="14">Indian</token>
<token t_id="230" sentence="7" number="15">Ocean</token>
<token t_id="231" sentence="7" number="16">since</token>
<token t_id="232" sentence="7" number="17">the</token>
<token t_id="233" sentence="7" number="18">start</token>
<token t_id="234" sentence="7" number="19">of</token>
<token t_id="235" sentence="7" number="20">this</token>
<token t_id="236" sentence="7" number="21">year</token>
<token t_id="237" sentence="7" number="22">.</token>
<token t_id="238" sentence="8" number="0">They</token>
<token t_id="239" sentence="8" number="1">still</token>
<token t_id="240" sentence="8" number="2">hold</token>
<token t_id="241" sentence="8" number="3">at</token>
<token t_id="242" sentence="8" number="4">least</token>
<token t_id="243" sentence="8" number="5">14</token>
<token t_id="244" sentence="8" number="6">foreign</token>
<token t_id="245" sentence="8" number="7">vessels</token>
<token t_id="246" sentence="8" number="8">and</token>
<token t_id="247" sentence="8" number="9">more</token>
<token t_id="248" sentence="8" number="10">than</token>
<token t_id="249" sentence="8" number="11">300</token>
<token t_id="250" sentence="8" number="12">crew</token>
<token t_id="251" sentence="8" number="13">members</token>
<token t_id="252" sentence="8" number="14">to</token>
<token t_id="253" sentence="8" number="15">ransom</token>
<token t_id="254" sentence="8" number="16">.</token>
<Markables>
<ACTION_OCCURRENCE m_id="13"  >
  <token_anchor t_id="7"/>
</ACTION_OCCURRENCE>
<ACTION_OCCURRENCE m_id="15"  >
  <token_anchor t_id="14"/>
</ACTION_OCCURRENCE>
<ACTION_REPORTING m_id="12"  >
  <token_anchor t_id="4"/>
</ACTION_REPORTING>
<HUMAN_PART_ORG m_id="10"  >
  <token_anchor t_id="3"/>
</HUMAN_PART_ORG>
<HUMAN_PART_ORG m_id="11"  >
  <token_anchor t_id="5"/>
</HUMAN_PART_ORG>
<HUMAN_PART_PER m_id="14"  >
  <token_anchor t_id="12"/>
</HUMAN_PART_PER>
<HUMAN_PART_VEH m_id="18"  >
  <token_anchor t_id="17"/>
</HUMAN_PART_VEH>
<LOC_GEO m_id="16"  >
  <token_anchor t_id="19"/>
  <token_anchor t_id="20"/>
  <token_anchor t_id="21"/>
  <token_anchor t_id="22"/>
</LOC_GEO>
<TIME_DATE m_id="17"  >
  <token_anchor t_id="24"/>
</TIME_DATE>




<HUMAN_PART_PER m_id="26" RELATED_TO="" TAG_DESCRIPTOR="t12b_pirates" instance_id="HUM17403498594960941" />
<ACTION_OCCURRENCE m_id="25" RELATED_TO="" TAG_DESCRIPTOR="t12b_capture" instance_id="ACT17403639225065902" />
<ACTION_REPORTING m_id="24" RELATED_TO="" TAG_DESCRIPTOR="t12b_navy_said" instance_id="ACT27318289234455324" />
<HUMAN_PART_ORG m_id="23" RELATED_TO="" TAG_DESCRIPTOR="t12b_navy" instance_id="HUM17403785688719729" />
<LOC_GEO m_id="22" RELATED_TO="" TAG_DESCRIPTOR="t12_gulf_of_aden" instance_id="LOC17399309192531980" />
<TIME_DATE m_id="21" RELATED_TO="" TAG_DESCRIPTOR="t12b_saturday" instance_id="TIM17403559059252907" />
<ACTION_OCCURRENCE m_id="19" RELATED_TO="" TAG_DESCRIPTOR="t12b_attack" instance_id="ACT17403630531063654" />
<HUMAN_PART_VEH m_id="20" RELATED_TO="" TAG_DESCRIPTOR="t12b_merchant_vessel" instance_id="HUM17403484329637243" />
</Markables>

<Relations>
<CROSS_DOC_COREF r_id="33897" note="ACT17403630531063654" >
  <source m_id="15" />
  <target m_id="19" />
</CROSS_DOC_COREF>
<CROSS_DOC_COREF r_id="33898" note="HUM17403484329637243" >
  <source m_id="18" />
  <target m_id="20" />
</CROSS_DOC_COREF>
<CROSS_DOC_COREF r_id="33899" note="TIM17403559059252907" >
  <source m_id="17" />
  <target m_id="21" />
</CROSS_DOC_COREF>
<CROSS_DOC_COREF r_id="33900" note="LOC17399309192531980" >
  <source m_id="16" />
  <target m_id="22" />
</CROSS_DOC_COREF>
<CROSS_DOC_COREF r_id="33901" note="HUM17403785688719729" >
  <source m_id="10" />
  <source m_id="11" />
  <target m_id="23" />
</CROSS_DOC_COREF>
<CROSS_DOC_COREF r_id="33902" note="ACT27318289234455324" >
  <source m_id="12" />
  <target m_id="24" />
</CROSS_DOC_COREF>
<CROSS_DOC_COREF r_id="33903" note="ACT17403639225065902" >
  <source m_id="13" />
  <target m_id="25" />
</CROSS_DOC_COREF>
<CROSS_DOC_COREF r_id="33904" note="HUM17403498594960941" >
  <source m_id="14" />
  <target m_id="26" />
</CROSS_DOC_COREF>

</Relations>
</Document>
