<Document doc_name="3_1ecbplus.xml" doc_id="DOC15645975622360084">
<token t_id="1" sentence="0" number="0">http</token>
<token t_id="2" sentence="0" number="1">:</token>
<token t_id="3" sentence="0" number="2">/</token>
<token t_id="4" sentence="0" number="3">/</token>
<token t_id="5" sentence="0" number="4">www</token>
<token t_id="6" sentence="0" number="5">.</token>
<token t_id="7" sentence="0" number="6">huffingtonpost</token>
<token t_id="8" sentence="0" number="7">.</token>
<token t_id="9" sentence="0" number="8">com</token>
<token t_id="10" sentence="0" number="9">/</token>
<token t_id="11" sentence="0" number="10">2009</token>
<token t_id="12" sentence="0" number="11">/</token>
<token t_id="13" sentence="0" number="12">11</token>
<token t_id="14" sentence="0" number="13">/</token>
<token t_id="15" sentence="0" number="14">30</token>
<token t_id="16" sentence="0" number="15">/</token>
<token t_id="17" sentence="0" number="16">arcade</token>
<token t_id="18" sentence="0" number="17">-</token>
<token t_id="19" sentence="0" number="18">joseph</token>
<token t_id="20" sentence="0" number="19">-</token>
<token t_id="21" sentence="0" number="20">comeaux</token>
<token t_id="22" sentence="0" number="21">-</token>
<token t_id="23" sentence="0" number="22">jr</token>
<token t_id="24" sentence="0" number="23">-</token>
<token t_id="25" sentence="0" number="24">_</token>
<token t_id="26" sentence="0" number="25">n</token>
<token t_id="27" sentence="0" number="26">_</token>
<token t_id="28" sentence="0" number="27">374452</token>
<token t_id="29" sentence="0" number="28">.</token>
<token t_id="30" sentence="0" number="29">html</token>
<token t_id="31" sentence="1" number="0">Arcade</token>
<token t_id="32" sentence="1" number="1">Joseph</token>
<token t_id="33" sentence="1" number="2">Comeaux</token>
<token t_id="34" sentence="1" number="3">Jr</token>
<token t_id="35" sentence="1" number="4">,</token>
<token t_id="36" sentence="1" number="5">Prison</token>
<token t_id="37" sentence="1" number="6">Inmate</token>
<token t_id="38" sentence="1" number="7">,</token>
<token t_id="39" sentence="1" number="8">Pulls</token>
<token t_id="40" sentence="1" number="9">Gun</token>
<token t_id="41" sentence="1" number="10">On</token>
<token t_id="42" sentence="1" number="11">And</token>
<token t_id="43" sentence="1" number="12">Handcuffs</token>
<token t_id="44" sentence="1" number="13">Guards</token>
<token t_id="45" sentence="1" number="14">,</token>
<token t_id="46" sentence="1" number="15">Runs</token>
<token t_id="47" sentence="1" number="16">Away</token>
<token t_id="48" sentence="2" number="0">11</token>
<token t_id="49" sentence="2" number="1">/</token>
<token t_id="50" sentence="2" number="2">30</token>
<token t_id="51" sentence="2" number="3">/</token>
<token t_id="52" sentence="2" number="4">09</token>
<token t_id="53" sentence="2" number="5">05</token>
<token t_id="54" sentence="2" number="6">:</token>
<token t_id="55" sentence="2" number="7">40</token>
<token t_id="56" sentence="2" number="8">PM</token>
<token t_id="57" sentence="2" number="9">ET</token>
<token t_id="58" sentence="3" number="0">A</token>
<token t_id="59" sentence="3" number="1">convicted</token>
<token t_id="60" sentence="3" number="2">sex</token>
<token t_id="61" sentence="3" number="3">offender</token>
<token t_id="62" sentence="3" number="4">sentenced</token>
<token t_id="63" sentence="3" number="5">to</token>
<token t_id="64" sentence="3" number="6">life</token>
<token t_id="65" sentence="3" number="7">in</token>
<token t_id="66" sentence="3" number="8">prison</token>
<token t_id="67" sentence="3" number="9">pulled</token>
<token t_id="68" sentence="3" number="10">a</token>
<token t_id="69" sentence="3" number="11">gun</token>
<token t_id="70" sentence="3" number="12">on</token>
<token t_id="71" sentence="3" number="13">two</token>
<token t_id="72" sentence="3" number="14">guards</token>
<token t_id="73" sentence="3" number="15">during</token>
<token t_id="74" sentence="3" number="16">a</token>
<token t_id="75" sentence="3" number="17">prison</token>
<token t_id="76" sentence="3" number="18">transfer</token>
<token t_id="77" sentence="3" number="19">Monday</token>
<token t_id="78" sentence="3" number="20">and</token>
<token t_id="79" sentence="3" number="21">held</token>
<token t_id="80" sentence="3" number="22">them</token>
<token t_id="81" sentence="3" number="23">hostage</token>
<token t_id="82" sentence="3" number="24">temporarily</token>
<token t_id="83" sentence="3" number="25">before</token>
<token t_id="84" sentence="3" number="26">fleeing</token>
<token t_id="85" sentence="3" number="27">on</token>
<token t_id="86" sentence="3" number="28">foot</token>
<token t_id="87" sentence="3" number="29">in</token>
<token t_id="88" sentence="3" number="30">one</token>
<token t_id="89" sentence="3" number="31">of</token>
<token t_id="90" sentence="3" number="32">the</token>
<token t_id="91" sentence="3" number="33">guard's</token>
<token t_id="92" sentence="3" number="34">uniforms</token>
<token t_id="93" sentence="3" number="35">,</token>
<token t_id="94" sentence="3" number="36">authorities</token>
<token t_id="95" sentence="3" number="37">said</token>
<token t_id="96" sentence="3" number="38">.</token>
<token t_id="97" sentence="4" number="0">At</token>
<token t_id="98" sentence="4" number="1">the</token>
<token t_id="99" sentence="4" number="2">time</token>
<token t_id="100" sentence="4" number="3">of</token>
<token t_id="101" sentence="4" number="4">the</token>
<token t_id="102" sentence="4" number="5">escape</token>
<token t_id="103" sentence="4" number="6">,</token>
<token t_id="104" sentence="4" number="7">the</token>
<token t_id="105" sentence="4" number="8">inmate</token>
<token t_id="106" sentence="4" number="9">was</token>
<token t_id="107" sentence="4" number="10">in</token>
<token t_id="108" sentence="4" number="11">a</token>
<token t_id="109" sentence="4" number="12">wheelchair</token>
<token t_id="110" sentence="4" number="13">,</token>
<token t_id="111" sentence="4" number="14">which</token>
<token t_id="112" sentence="4" number="15">he</token>
<token t_id="113" sentence="4" number="16">claimed</token>
<token t_id="114" sentence="4" number="17">he</token>
<token t_id="115" sentence="4" number="18">needed</token>
<token t_id="116" sentence="4" number="19">to</token>
<token t_id="117" sentence="4" number="20">help</token>
<token t_id="118" sentence="4" number="21">move</token>
<token t_id="119" sentence="4" number="22">him</token>
<token t_id="120" sentence="4" number="23">around</token>
<token t_id="121" sentence="4" number="24">,</token>
<token t_id="122" sentence="4" number="25">officials</token>
<token t_id="123" sentence="4" number="26">said</token>
<token t_id="124" sentence="4" number="27">.</token>
<token t_id="125" sentence="5" number="0">Comeaux</token>
<token t_id="126" sentence="5" number="1">,</token>
<token t_id="127" sentence="5" number="2">49</token>
<token t_id="128" sentence="5" number="3">,</token>
<token t_id="129" sentence="5" number="4">took</token>
<token t_id="130" sentence="5" number="5">the</token>
<token t_id="131" sentence="5" number="6">officers'</token>
<token t_id="132" sentence="5" number="7">weapons</token>
<token t_id="133" sentence="5" number="8">and</token>
<token t_id="134" sentence="5" number="9">handcuffed</token>
<token t_id="135" sentence="5" number="10">them</token>
<token t_id="136" sentence="5" number="11">together</token>
<token t_id="137" sentence="5" number="12">in</token>
<token t_id="138" sentence="5" number="13">the</token>
<token t_id="139" sentence="5" number="14">back</token>
<token t_id="140" sentence="5" number="15">of</token>
<token t_id="141" sentence="5" number="16">the</token>
<token t_id="142" sentence="5" number="17">vehicle</token>
<token t_id="143" sentence="5" number="18">before</token>
<token t_id="144" sentence="5" number="19">fleeing</token>
<token t_id="145" sentence="5" number="20">on</token>
<token t_id="146" sentence="5" number="21">foot</token>
<token t_id="147" sentence="5" number="22">at</token>
<token t_id="148" sentence="5" number="23">around</token>
<token t_id="149" sentence="5" number="24">9</token>
<token t_id="150" sentence="5" number="25">a</token>
<token t_id="151" sentence="5" number="26">.</token>
<token t_id="152" sentence="5" number="27">m</token>
<token t_id="153" sentence="5" number="28">.</token>
<token t_id="154" sentence="5" number="29">,</token>
<token t_id="155" sentence="5" number="30">Lyons</token>
<token t_id="156" sentence="5" number="31">said</token>
<token t_id="157" sentence="5" number="32">.</token>
<token t_id="158" sentence="6" number="0">He</token>
<token t_id="159" sentence="6" number="1">was</token>
<token t_id="160" sentence="6" number="2">serving</token>
<token t_id="161" sentence="6" number="3">a</token>
<token t_id="162" sentence="6" number="4">life</token>
<token t_id="163" sentence="6" number="5">sentence</token>
<token t_id="164" sentence="6" number="6">after</token>
<token t_id="165" sentence="6" number="7">being</token>
<token t_id="166" sentence="6" number="8">convicted</token>
<token t_id="167" sentence="6" number="9">in</token>
<token t_id="168" sentence="6" number="10">June</token>
<token t_id="169" sentence="6" number="11">1998</token>
<token t_id="170" sentence="6" number="12">of</token>
<token t_id="171" sentence="6" number="13">aggravated</token>
<token t_id="172" sentence="6" number="14">sexual</token>
<token t_id="173" sentence="6" number="15">assault</token>
<token t_id="174" sentence="6" number="16">out</token>
<token t_id="175" sentence="6" number="17">of</token>
<token t_id="176" sentence="6" number="18">Brazos</token>
<token t_id="177" sentence="6" number="19">County</token>
<token t_id="178" sentence="6" number="20">,</token>
<token t_id="179" sentence="6" number="21">located</token>
<token t_id="180" sentence="6" number="22">northwest</token>
<token t_id="181" sentence="6" number="23">of</token>
<token t_id="182" sentence="6" number="24">Houston</token>
<token t_id="183" sentence="6" number="25">.</token>
<token t_id="184" sentence="7" number="0">Comeaux</token>
<token t_id="185" sentence="7" number="1">was</token>
<token t_id="186" sentence="7" number="2">given</token>
<token t_id="187" sentence="7" number="3">two</token>
<token t_id="188" sentence="7" number="4">extra</token>
<token t_id="189" sentence="7" number="5">life</token>
<token t_id="190" sentence="7" number="6">sentences</token>
<token t_id="191" sentence="7" number="7">after</token>
<token t_id="192" sentence="7" number="8">being</token>
<token t_id="193" sentence="7" number="9">convicted</token>
<token t_id="194" sentence="7" number="10">for</token>
<token t_id="195" sentence="7" number="11">stabbing</token>
<token t_id="196" sentence="7" number="12">his</token>
<token t_id="197" sentence="7" number="13">wife</token>
<token t_id="198" sentence="7" number="14">and</token>
<token t_id="199" sentence="7" number="15">another</token>
<token t_id="200" sentence="7" number="16">person</token>
<token t_id="201" sentence="7" number="17">in</token>
<token t_id="202" sentence="7" number="18">1999</token>
<token t_id="203" sentence="7" number="19">while</token>
<token t_id="204" sentence="7" number="20">she</token>
<token t_id="205" sentence="7" number="21">visited</token>
<token t_id="206" sentence="7" number="22">him</token>
<token t_id="207" sentence="7" number="23">in</token>
<token t_id="208" sentence="7" number="24">prison</token>
<token t_id="209" sentence="7" number="25">.</token>
<token t_id="210" sentence="8" number="0">She</token>
<token t_id="211" sentence="8" number="1">survived</token>
<token t_id="212" sentence="8" number="2">the</token>
<token t_id="213" sentence="8" number="3">attack</token>
<token t_id="214" sentence="8" number="4">.</token>
<token t_id="215" sentence="9" number="0">Comeaux</token>
<token t_id="216" sentence="9" number="1">also</token>
<token t_id="217" sentence="9" number="2">injured</token>
<token t_id="218" sentence="9" number="3">a</token>
<token t_id="219" sentence="9" number="4">man</token>
<token t_id="220" sentence="9" number="5">who</token>
<token t_id="221" sentence="9" number="6">was</token>
<token t_id="222" sentence="9" number="7">visiting</token>
<token t_id="223" sentence="9" number="8">another</token>
<token t_id="224" sentence="9" number="9">inmate</token>
<token t_id="225" sentence="9" number="10">at</token>
<token t_id="226" sentence="9" number="11">the</token>
<token t_id="227" sentence="9" number="12">time</token>
<token t_id="228" sentence="9" number="13">and</token>
<token t_id="229" sentence="9" number="14">tried</token>
<token t_id="230" sentence="9" number="15">to</token>
<token t_id="231" sentence="9" number="16">stop</token>
<token t_id="232" sentence="9" number="17">the</token>
<token t_id="233" sentence="9" number="18">attack</token>
<token t_id="234" sentence="9" number="19">.</token>
<token t_id="235" sentence="10" number="0">The</token>
<token t_id="236" sentence="10" number="1">escape</token>
<token t_id="237" sentence="10" number="2">triggered</token>
<token t_id="238" sentence="10" number="3">a</token>
<token t_id="239" sentence="10" number="4">lockdown</token>
<token t_id="240" sentence="10" number="5">at</token>
<token t_id="241" sentence="10" number="6">Lee</token>
<token t_id="242" sentence="10" number="7">College</token>
<token t_id="243" sentence="10" number="8">and</token>
<token t_id="244" sentence="10" number="9">three</token>
<token t_id="245" sentence="10" number="10">campuses</token>
<token t_id="246" sentence="10" number="11">in</token>
<token t_id="247" sentence="10" number="12">the</token>
<token t_id="248" sentence="10" number="13">Goose</token>
<token t_id="249" sentence="10" number="14">Creek</token>
<token t_id="250" sentence="10" number="15">school</token>
<token t_id="251" sentence="10" number="16">district</token>
<token t_id="252" sentence="10" number="17">,</token>
<token t_id="253" sentence="10" number="18">in</token>
<token t_id="254" sentence="10" number="19">and</token>
<token t_id="255" sentence="10" number="20">around</token>
<token t_id="256" sentence="10" number="21">Baytown</token>
<token t_id="257" sentence="10" number="22">.</token>
<Markables>
<ACTION_OCCURRENCE m_id="41"  >
  <token_anchor t_id="213"/>
</ACTION_OCCURRENCE>
<ACTION_OCCURRENCE m_id="42"  >
  <token_anchor t_id="217"/>
</ACTION_OCCURRENCE>
<ACTION_OCCURRENCE m_id="43"  >
  <token_anchor t_id="222"/>
</ACTION_OCCURRENCE>
<ACTION_OCCURRENCE m_id="75"  >
  <token_anchor t_id="163"/>
</ACTION_OCCURRENCE>
<ACTION_OCCURRENCE m_id="44"  >
  <token_anchor t_id="233"/>
</ACTION_OCCURRENCE>
<ACTION_OCCURRENCE m_id="45"  >
  <token_anchor t_id="229"/>
</ACTION_OCCURRENCE>
<ACTION_OCCURRENCE m_id="46"  >
  <token_anchor t_id="236"/>
</ACTION_OCCURRENCE>
<ACTION_OCCURRENCE m_id="47"  >
  <token_anchor t_id="237"/>
</ACTION_OCCURRENCE>
<ACTION_OCCURRENCE m_id="48"  >
  <token_anchor t_id="239"/>
</ACTION_OCCURRENCE>
<ACTION_OCCURRENCE m_id="18"  >
  <token_anchor t_id="39"/>
  <token_anchor t_id="41"/>
</ACTION_OCCURRENCE>
<ACTION_OCCURRENCE m_id="20"  >
  <token_anchor t_id="43"/>
</ACTION_OCCURRENCE>
<ACTION_OCCURRENCE m_id="21"  >
  <token_anchor t_id="46"/>
</ACTION_OCCURRENCE>
<ACTION_OCCURRENCE m_id="22"  >
  <token_anchor t_id="62"/>
</ACTION_OCCURRENCE>
<ACTION_OCCURRENCE m_id="23"  >
  <token_anchor t_id="67"/>
  <token_anchor t_id="70"/>
</ACTION_OCCURRENCE>
<ACTION_OCCURRENCE m_id="24"  >
  <token_anchor t_id="76"/>
</ACTION_OCCURRENCE>
<ACTION_OCCURRENCE m_id="25"  >
  <token_anchor t_id="79"/>
  <token_anchor t_id="81"/>
</ACTION_OCCURRENCE>
<ACTION_OCCURRENCE m_id="57"  >
  <token_anchor t_id="190"/>
</ACTION_OCCURRENCE>
<ACTION_OCCURRENCE m_id="26"  >
  <token_anchor t_id="84"/>
</ACTION_OCCURRENCE>
<ACTION_OCCURRENCE m_id="27"  >
  <token_anchor t_id="113"/>
</ACTION_OCCURRENCE>
<ACTION_OCCURRENCE m_id="28"  >
  <token_anchor t_id="115"/>
</ACTION_OCCURRENCE>
<ACTION_OCCURRENCE m_id="29"  >
  <token_anchor t_id="118"/>
</ACTION_OCCURRENCE>
<ACTION_OCCURRENCE m_id="30"  >
  <token_anchor t_id="129"/>
</ACTION_OCCURRENCE>
<ACTION_OCCURRENCE m_id="31"  >
  <token_anchor t_id="134"/>
</ACTION_OCCURRENCE>
<ACTION_OCCURRENCE m_id="32"  >
  <token_anchor t_id="144"/>
</ACTION_OCCURRENCE>
<ACTION_OCCURRENCE m_id="33"  >
  <token_anchor t_id="160"/>
</ACTION_OCCURRENCE>
<ACTION_OCCURRENCE m_id="34"  >
  <token_anchor t_id="166"/>
</ACTION_OCCURRENCE>
<ACTION_OCCURRENCE m_id="35"  >
  <token_anchor t_id="173"/>
</ACTION_OCCURRENCE>
<ACTION_OCCURRENCE m_id="36"  >
  <token_anchor t_id="186"/>
</ACTION_OCCURRENCE>
<ACTION_OCCURRENCE m_id="68"  >
  <token_anchor t_id="117"/>
</ACTION_OCCURRENCE>
<ACTION_OCCURRENCE m_id="37"  >
  <token_anchor t_id="193"/>
</ACTION_OCCURRENCE>
<ACTION_OCCURRENCE m_id="38"  >
  <token_anchor t_id="195"/>
</ACTION_OCCURRENCE>
<ACTION_OCCURRENCE m_id="39"  >
  <token_anchor t_id="205"/>
</ACTION_OCCURRENCE>
<ACTION_OCCURRENCE m_id="40"  >
  <token_anchor t_id="211"/>
</ACTION_OCCURRENCE>
<ACTION_REPORTING m_id="74"  >
  <token_anchor t_id="156"/>
</ACTION_REPORTING>
<ACTION_REPORTING m_id="63"  >
  <token_anchor t_id="95"/>
</ACTION_REPORTING>
<ACTION_REPORTING m_id="69"  >
  <token_anchor t_id="123"/>
</ACTION_REPORTING>
<HUMAN_PART_PER m_id="9"  >
  <token_anchor t_id="135"/>
</HUMAN_PART_PER>
<HUMAN_PART_PER m_id="10"  >
  <token_anchor t_id="155"/>
</HUMAN_PART_PER>
<HUMAN_PART_PER m_id="11"  >
  <token_anchor t_id="158"/>
</HUMAN_PART_PER>
<HUMAN_PART_PER m_id="12"  >
  <token_anchor t_id="184"/>
</HUMAN_PART_PER>
<HUMAN_PART_PER m_id="80"  >
  <token_anchor t_id="31"/>
  <token_anchor t_id="32"/>
  <token_anchor t_id="33"/>
  <token_anchor t_id="34"/>
</HUMAN_PART_PER>
<HUMAN_PART_PER m_id="13"  >
  <token_anchor t_id="210"/>
</HUMAN_PART_PER>
<HUMAN_PART_PER m_id="14"  >
  <token_anchor t_id="215"/>
</HUMAN_PART_PER>
<HUMAN_PART_PER m_id="15"  >
  <token_anchor t_id="219"/>
</HUMAN_PART_PER>
<HUMAN_PART_PER m_id="16"  >
  <token_anchor t_id="224"/>
</HUMAN_PART_PER>
<HUMAN_PART_PER m_id="17"  >
  <token_anchor t_id="44"/>
</HUMAN_PART_PER>
<HUMAN_PART_PER m_id="58"  >
  <token_anchor t_id="197"/>
</HUMAN_PART_PER>
<HUMAN_PART_PER m_id="59"  >
  <token_anchor t_id="200"/>
</HUMAN_PART_PER>
<HUMAN_PART_PER m_id="61"  >
  <token_anchor t_id="204"/>
</HUMAN_PART_PER>
<HUMAN_PART_PER m_id="1"  >
  <token_anchor t_id="61"/>
</HUMAN_PART_PER>
<HUMAN_PART_PER m_id="2"  >
  <token_anchor t_id="72"/>
</HUMAN_PART_PER>
<HUMAN_PART_PER m_id="3"  >
  <token_anchor t_id="91"/>
</HUMAN_PART_PER>
<HUMAN_PART_PER m_id="67"  >
  <token_anchor t_id="114"/>
</HUMAN_PART_PER>
<HUMAN_PART_PER m_id="4"  >
  <token_anchor t_id="105"/>
</HUMAN_PART_PER>
<HUMAN_PART_PER m_id="5"  >
  <token_anchor t_id="112"/>
</HUMAN_PART_PER>
<HUMAN_PART_PER m_id="6"  >
  <token_anchor t_id="119"/>
</HUMAN_PART_PER>
<HUMAN_PART_PER m_id="7"  >
  <token_anchor t_id="122"/>
</HUMAN_PART_PER>
<HUMAN_PART_PER m_id="8"  >
  <token_anchor t_id="125"/>
</HUMAN_PART_PER>
<LOC_FAC m_id="51"  >
  <token_anchor t_id="207"/>
  <token_anchor t_id="208"/>
</LOC_FAC>
<LOC_FAC m_id="52"  >
  <token_anchor t_id="240"/>
  <token_anchor t_id="241"/>
  <token_anchor t_id="242"/>
</LOC_FAC>
<LOC_FAC m_id="53"  >
  <token_anchor t_id="244"/>
  <token_anchor t_id="245"/>
  <token_anchor t_id="246"/>
  <token_anchor t_id="247"/>
  <token_anchor t_id="248"/>
  <token_anchor t_id="249"/>
  <token_anchor t_id="250"/>
  <token_anchor t_id="251"/>
  <token_anchor t_id="252"/>
  <token_anchor t_id="253"/>
  <token_anchor t_id="254"/>
  <token_anchor t_id="255"/>
  <token_anchor t_id="256"/>
</LOC_FAC>
<LOC_GEO m_id="50"  >
  <token_anchor t_id="176"/>
  <token_anchor t_id="177"/>
  <token_anchor t_id="178"/>
  <token_anchor t_id="179"/>
  <token_anchor t_id="180"/>
  <token_anchor t_id="181"/>
  <token_anchor t_id="182"/>
</LOC_GEO>
<NON_HUMAN_PART m_id="19"  >
  <token_anchor t_id="40"/>
</NON_HUMAN_PART>
<NON_HUMAN_PART m_id="62"  >
  <token_anchor t_id="69"/>
</NON_HUMAN_PART>
<NON_HUMAN_PART m_id="66"  >
  <token_anchor t_id="109"/>
</NON_HUMAN_PART>
<NON_HUMAN_PART m_id="70"  >
  <token_anchor t_id="132"/>
</NON_HUMAN_PART>
<NON_HUMAN_PART m_id="72"  >
  <token_anchor t_id="142"/>
</NON_HUMAN_PART>
<TIME_DATE m_id="54"  >
  <token_anchor t_id="77"/>
</TIME_DATE>
<TIME_DATE m_id="56"  >
  <token_anchor t_id="167"/>
  <token_anchor t_id="168"/>
  <token_anchor t_id="169"/>
</TIME_DATE>
<TIME_DATE m_id="60"  >
  <token_anchor t_id="201"/>
  <token_anchor t_id="202"/>
</TIME_DATE>
<TIME_OF_THE_DAY m_id="55"  >
  <token_anchor t_id="48"/>
  <token_anchor t_id="49"/>
  <token_anchor t_id="50"/>
  <token_anchor t_id="51"/>
  <token_anchor t_id="52"/>
  <token_anchor t_id="53"/>
  <token_anchor t_id="54"/>
  <token_anchor t_id="55"/>
  <token_anchor t_id="56"/>
  <token_anchor t_id="57"/>
</TIME_OF_THE_DAY>
<TIME_OF_THE_DAY m_id="65"  >
  <token_anchor t_id="97"/>
  <token_anchor t_id="98"/>
  <token_anchor t_id="99"/>
  <token_anchor t_id="100"/>
  <token_anchor t_id="101"/>
  <token_anchor t_id="102"/>
</TIME_OF_THE_DAY>


<HUMAN_PART_PER m_id="81" note="byCROMER" >
  <token_anchor t_id="80"/>
</HUMAN_PART_PER>
<NON_HUMAN_PART m_id="82" note="byCROMER" >
  <token_anchor t_id="137"/>
  <token_anchor t_id="138"/>
  <token_anchor t_id="139"/>
  <token_anchor t_id="140"/>
  <token_anchor t_id="141"/>
  <token_anchor t_id="142"/>
</NON_HUMAN_PART>
<ACTION_OCCURRENCE m_id="83" note="byCROMER" >
  <token_anchor t_id="64"/>
  <token_anchor t_id="65"/>
  <token_anchor t_id="66"/>
</ACTION_OCCURRENCE>
<LOC_FAC m_id="84" note="byCROMER" >
  <token_anchor t_id="65"/>
  <token_anchor t_id="66"/>
</LOC_FAC>
<HUMAN_PART_PER m_id="85" note="byCROMER" >
  <token_anchor t_id="94"/>
</HUMAN_PART_PER>
<NON_HUMAN_PART m_id="86" note="byCROMER" >
  <token_anchor t_id="92"/>
</NON_HUMAN_PART>
<TIME_DATE m_id="87" note="byCROMER" >
  <token_anchor t_id="147"/>
  <token_anchor t_id="148"/>
  <token_anchor t_id="149"/>
  <token_anchor t_id="150"/>
  <token_anchor t_id="151"/>
  <token_anchor t_id="152"/>
</TIME_DATE>


<ACTION_OCCURRENCE m_id="99" RELATED_TO="" TAG_DESCRIPTOR="t3_transport_to_beaumont" instance_id="ACT16190221130826649" />
<ACTION_OCCURRENCE m_id="98" RELATED_TO="" TAG_DESCRIPTOR="t3_convicted_98" instance_id="ACT16359189190252970" />
<ACTION_OCCURRENCE m_id="109" RELATED_TO="" TAG_DESCRIPTOR="t3_wife_attack" instance_id="ACT16365725523134804" />
<ACTION_OCCURRENCE m_id="97" RELATED_TO="" TAG_DESCRIPTOR="t3_wife_visiting" instance_id="ACT16359238305249129" />
<HUMAN_PART_PER m_id="108" RELATED_TO="" TAG_DESCRIPTOR="t3_authorities" instance_id="HUM16190805392864110" />
<TIME_DATE m_id="96" RELATED_TO="" TAG_DESCRIPTOR="t3_nov_30" instance_id="TIM16194146972480475" />
<NON_HUMAN_PART m_id="107" RELATED_TO="" TAG_DESCRIPTOR="t3_guards_guns" instance_id="NON16190573113308635" />
<HUMAN_PART_PER m_id="95" RELATED_TO="" TAG_DESCRIPTOR="t3_wife" instance_id="HUM16191108038332472" />
<ACTION_OCCURRENCE m_id="106" RELATED_TO="" TAG_DESCRIPTOR="t3_escape_nov_30" instance_id="ACT16190399378875259" />
<HUMAN_PART_PER m_id="94" RELATED_TO="" TAG_DESCRIPTOR="t3_arcade_joseph_comeaux" instance_id="HUM16191028103267917" />
<ACTION_OCCURRENCE m_id="105" RELATED_TO="" TAG_DESCRIPTOR="t3_life_sentence" instance_id="ACT16190287009148925" />
<ACTION_OCCURRENCE m_id="93" RELATED_TO="" TAG_DESCRIPTOR="t3_aggravated_child_rape" instance_id="ACT16190539395261503" />
<ACTION_OCCURRENCE m_id="104" RELATED_TO="" TAG_DESCRIPTOR="t3_needed_wheelchair" instance_id="ACT16359306151984426" />
<HUMAN_PART_PER m_id="92" RELATED_TO="" TAG_DESCRIPTOR="t3_2_guards" instance_id="HUM16191073352696029" />
<ACTION_OCCURRENCE m_id="103" RELATED_TO="" TAG_DESCRIPTOR="t3_life_sentences_additional" instance_id="ACT16365819542938839" />
<ACTION_OCCURRENCE m_id="91" RELATED_TO="" TAG_DESCRIPTOR="t3_pulled_a_gun_on" instance_id="ACT16193905793611389" />
<NON_HUMAN_PART m_id="102" RELATED_TO="" TAG_DESCRIPTOR="t3_van" instance_id="NON16190758645925671" />
<NON_HUMAN_PART m_id="90" RELATED_TO="" TAG_DESCRIPTOR="t3_smuggled_gun" instance_id="NON16359258290270841" />
<LOC_FAC m_id="101" RELATED_TO="" TAG_DESCRIPTOR="t3_in_prison" instance_id="LOC16194091374025808" />
<NON_HUMAN_PART m_id="100" RELATED_TO="" TAG_DESCRIPTOR="t3_uniforms" instance_id="NON16343577923617706" />
<ACTION_OCCURRENCE m_id="115" RELATED_TO="" TAG_DESCRIPTOR="t3_stole_weapons" instance_id="ACT16190557470409823" />
<ACTION_OCCURRENCE m_id="114" RELATED_TO="" TAG_DESCRIPTOR="t3_held_guards_hostage" instance_id="ACT16190271605978849" />
<HUMAN_PART_PER m_id="113" RELATED_TO="" TAG_DESCRIPTOR="t3_lyons" instance_id="HUM16379737465826225" />
<ACTION_REPORTING m_id="112" RELATED_TO="" TAG_DESCRIPTOR="t3_authorities_said" instance_id="ACT16379701740048856" />
<ACTION_OCCURRENCE m_id="111" RELATED_TO="" TAG_DESCRIPTOR="t3_serving_98_sentence" instance_id="ACT16359289275604968" />
<HUMAN_PART_PER m_id="110" RELATED_TO="" TAG_DESCRIPTOR="t3_1999_injured_inmate" instance_id="HUM16191097421604217" />
<ACTION_OCCURRENCE m_id="89" RELATED_TO="" TAG_DESCRIPTOR="t3_handcuffed" instance_id="ACT16190455057553790" />
<NON_HUMAN_PART m_id="88" RELATED_TO="" TAG_DESCRIPTOR="t3_wheelchair" instance_id="NON16190657921842030" />
</Markables>

<Relations>
<CROSS_DOC_COREF r_id="22172" note="NON16190657921842030" >
  <source m_id="66" />
  <target m_id="88" />
</CROSS_DOC_COREF>
<CROSS_DOC_COREF r_id="22173" note="ACT16190455057553790" >
  <source m_id="20" />
  <source m_id="31" />
  <target m_id="89" />
</CROSS_DOC_COREF>
<CROSS_DOC_COREF r_id="22174" note="NON16359258290270841" >
  <source m_id="19" />
  <source m_id="62" />
  <target m_id="90" />
</CROSS_DOC_COREF>
<CROSS_DOC_COREF r_id="22175" note="ACT16193905793611389" >
  <source m_id="18" />
  <source m_id="23" />
  <target m_id="91" />
</CROSS_DOC_COREF>
<CROSS_DOC_COREF r_id="22176" note="HUM16191073352696029" >
  <source m_id="81" />
  <source m_id="2" />
  <source m_id="9" />
  <source m_id="17" />
  <source m_id="3" />
  <target m_id="92" />
</CROSS_DOC_COREF>
<CROSS_DOC_COREF r_id="22177" note="ACT16190539395261503" >
  <source m_id="35" />
  <target m_id="93" />
</CROSS_DOC_COREF>
<CROSS_DOC_COREF r_id="22178" note="HUM16191028103267917" >
  <source m_id="67" />
  <source m_id="5" />
  <source m_id="11" />
  <source m_id="6" />
  <source m_id="80" />
  <source m_id="8" />
  <source m_id="14" />
  <source m_id="4" />
  <source m_id="1" />
  <source m_id="16" />
  <source m_id="12" />
  <target m_id="94" />
</CROSS_DOC_COREF>
<CROSS_DOC_COREF r_id="22179" note="HUM16191108038332472" >
  <source m_id="58" />
  <source m_id="61" />
  <source m_id="13" />
  <target m_id="95" />
</CROSS_DOC_COREF>
<CROSS_DOC_COREF r_id="22180" note="TIM16194146972480475" >
  <source m_id="54" />
  <source m_id="87" />
  <target m_id="96" />
</CROSS_DOC_COREF>
<CROSS_DOC_COREF r_id="22181" note="ACT16359238305249129" >
  <source m_id="39" />
  <target m_id="97" />
</CROSS_DOC_COREF>
<CROSS_DOC_COREF r_id="22182" note="ACT16359189190252970" >
  <source m_id="34" />
  <source m_id="22" />
  <target m_id="98" />
</CROSS_DOC_COREF>
<CROSS_DOC_COREF r_id="22183" note="ACT16190221130826649" >
  <source m_id="24" />
  <target m_id="99" />
</CROSS_DOC_COREF>
<CROSS_DOC_COREF r_id="22184" note="NON16343577923617706" >
  <source m_id="86" />
  <target m_id="100" />
</CROSS_DOC_COREF>
<CROSS_DOC_COREF r_id="22185" note="LOC16194091374025808" >
  <source m_id="84" />
  <target m_id="101" />
</CROSS_DOC_COREF>
<CROSS_DOC_COREF r_id="22186" note="NON16190758645925671" >
  <source m_id="82" />
  <source m_id="72" />
  <target m_id="102" />
</CROSS_DOC_COREF>
<CROSS_DOC_COREF r_id="22187" note="ACT16365819542938839" >
  <source m_id="57" />
  <target m_id="103" />
</CROSS_DOC_COREF>
<CROSS_DOC_COREF r_id="22188" note="ACT16359306151984426" >
  <source m_id="28" />
  <target m_id="104" />
</CROSS_DOC_COREF>
<CROSS_DOC_COREF r_id="22189" note="ACT16190287009148925" >
  <source m_id="83" />
  <source m_id="75" />
  <target m_id="105" />
</CROSS_DOC_COREF>
<CROSS_DOC_COREF r_id="22190" note="ACT16190399378875259" >
  <source m_id="26" />
  <source m_id="46" />
  <source m_id="32" />
  <source m_id="21" />
  <target m_id="106" />
</CROSS_DOC_COREF>
<CROSS_DOC_COREF r_id="22191" note="NON16190573113308635" >
  <source m_id="70" />
  <target m_id="107" />
</CROSS_DOC_COREF>
<CROSS_DOC_COREF r_id="22192" note="HUM16190805392864110" >
  <source m_id="7" />
  <source m_id="85" />
  <target m_id="108" />
</CROSS_DOC_COREF>
<CROSS_DOC_COREF r_id="22193" note="ACT16365725523134804" >
  <source m_id="38" />
  <source m_id="41" />
  <target m_id="109" />
</CROSS_DOC_COREF>
<CROSS_DOC_COREF r_id="22194" note="HUM16191097421604217" >
  <source m_id="59" />
  <source m_id="15" />
  <target m_id="110" />
</CROSS_DOC_COREF>
<CROSS_DOC_COREF r_id="22195" note="ACT16359289275604968" >
  <source m_id="33" />
  <target m_id="111" />
</CROSS_DOC_COREF>
<CROSS_DOC_COREF r_id="22196" note="ACT16379701740048856" >
  <source m_id="63" />
  <target m_id="112" />
</CROSS_DOC_COREF>
<CROSS_DOC_COREF r_id="22197" note="HUM16379737465826225" >
  <source m_id="10" />
  <target m_id="113" />
</CROSS_DOC_COREF>
<CROSS_DOC_COREF r_id="22198" note="ACT16190271605978849" >
  <source m_id="25" />
  <target m_id="114" />
</CROSS_DOC_COREF>
<CROSS_DOC_COREF r_id="22199" note="ACT16190557470409823" >
  <source m_id="30" />
  <target m_id="115" />
</CROSS_DOC_COREF>

</Relations>
</Document>
