<Document doc_name="3_6ecb.xml" doc_id="DOC15653621972866126">
<token t_id="1" sentence="0" number="0">An</token>
<token t_id="2" sentence="0" number="1">Atlanta</token>
<token t_id="3" sentence="0" number="2">judge</token>
<token t_id="4" sentence="0" number="3">sentenced</token>
<token t_id="5" sentence="0" number="4">Brian</token>
<token t_id="6" sentence="0" number="5">Nichols</token>
<token t_id="7" sentence="0" number="6">to</token>
<token t_id="8" sentence="0" number="7">life</token>
<token t_id="9" sentence="0" number="8">in</token>
<token t_id="10" sentence="0" number="9">prison</token>
<token t_id="11" sentence="0" number="10">Saturday</token>
<token t_id="12" sentence="0" number="11">morning</token>
<token t_id="13" sentence="0" number="12">.</token>
<token t_id="14" sentence="1" number="0">He</token>
<token t_id="15" sentence="1" number="1">'s</token>
<token t_id="16" sentence="1" number="2">the</token>
<token t_id="17" sentence="1" number="3">former</token>
<token t_id="18" sentence="1" number="4">Kutztown</token>
<token t_id="19" sentence="1" number="5">University</token>
<token t_id="20" sentence="1" number="6">football</token>
<token t_id="21" sentence="1" number="7">player</token>
<token t_id="22" sentence="1" number="8">who</token>
<token t_id="23" sentence="1" number="9">went</token>
<token t_id="24" sentence="1" number="10">on</token>
<token t_id="25" sentence="1" number="11">a</token>
<token t_id="26" sentence="1" number="12">shooting</token>
<token t_id="27" sentence="1" number="13">rampage</token>
<token t_id="28" sentence="1" number="14">at</token>
<token t_id="29" sentence="1" number="15">an</token>
<token t_id="30" sentence="1" number="16">Atlanta</token>
<token t_id="31" sentence="1" number="17">courthouse</token>
<token t_id="32" sentence="1" number="18">in</token>
<token t_id="33" sentence="1" number="19">2005</token>
<token t_id="34" sentence="1" number="20">,</token>
<token t_id="35" sentence="1" number="21">killing</token>
<token t_id="36" sentence="1" number="22">four</token>
<token t_id="37" sentence="1" number="23">people</token>
<token t_id="38" sentence="1" number="24">.</token>
<token t_id="39" sentence="2" number="0">The</token>
<token t_id="40" sentence="2" number="1">jury</token>
<token t_id="41" sentence="2" number="2">was</token>
<token t_id="42" sentence="2" number="3">unable</token>
<token t_id="43" sentence="2" number="4">to</token>
<token t_id="44" sentence="2" number="5">come</token>
<token t_id="45" sentence="2" number="6">to</token>
<token t_id="46" sentence="2" number="7">a</token>
<token t_id="47" sentence="2" number="8">decision</token>
<token t_id="48" sentence="2" number="9">after</token>
<token t_id="49" sentence="2" number="10">30</token>
<token t_id="50" sentence="2" number="11">hours</token>
<token t_id="51" sentence="2" number="12">of</token>
<token t_id="52" sentence="2" number="13">deliberation</token>
<token t_id="53" sentence="2" number="14">.</token>
<token t_id="54" sentence="3" number="0">The</token>
<token t_id="55" sentence="3" number="1">judge</token>
<token t_id="56" sentence="3" number="2">,</token>
<token t_id="57" sentence="3" number="3">by</token>
<token t_id="58" sentence="3" number="4">law</token>
<token t_id="59" sentence="3" number="5">sentenced</token>
<token t_id="60" sentence="3" number="6">Nichols</token>
<token t_id="61" sentence="3" number="7">to</token>
<token t_id="62" sentence="3" number="8">consecutive</token>
<token t_id="63" sentence="3" number="9">maximum</token>
<token t_id="64" sentence="3" number="10">sentences</token>
<token t_id="65" sentence="3" number="11">on</token>
<token t_id="66" sentence="3" number="12">each</token>
<token t_id="67" sentence="3" number="13">of</token>
<token t_id="68" sentence="3" number="14">his</token>
<token t_id="69" sentence="3" number="15">charges</token>
<token t_id="70" sentence="3" number="16">.</token>
<token t_id="71" sentence="4" number="0">While</token>
<token t_id="72" sentence="4" number="1">Nichols</token>
<token t_id="73" sentence="4" number="2">did</token>
<token t_id="74" sentence="4" number="3">not</token>
<token t_id="75" sentence="4" number="4">recieve</token>
<token t_id="76" sentence="4" number="5">the</token>
<token t_id="77" sentence="4" number="6">death</token>
<token t_id="78" sentence="4" number="7">penalty</token>
<token t_id="79" sentence="4" number="8">,</token>
<token t_id="80" sentence="4" number="9">he</token>
<token t_id="81" sentence="4" number="10">will</token>
<token t_id="82" sentence="4" number="11">likely</token>
<token t_id="83" sentence="4" number="12">die</token>
<token t_id="84" sentence="4" number="13">in</token>
<token t_id="85" sentence="4" number="14">prison</token>
<token t_id="86" sentence="4" number="15">.</token>
<token t_id="87" sentence="5" number="0">Death</token>
<token t_id="88" sentence="5" number="1">sentences</token>
<token t_id="89" sentence="5" number="2">in</token>
<token t_id="90" sentence="5" number="3">Georgia</token>
<token t_id="91" sentence="5" number="4">require</token>
<token t_id="92" sentence="5" number="5">a</token>
<token t_id="93" sentence="5" number="6">unanimous</token>
<token t_id="94" sentence="5" number="7">decision</token>
<token t_id="95" sentence="5" number="8">by</token>
<token t_id="96" sentence="5" number="9">a</token>
<token t_id="97" sentence="5" number="10">jury</token>
<token t_id="98" sentence="5" number="11">.</token>
<token t_id="99" sentence="6" number="0">Nichols</token>
<token t_id="100" sentence="6" number="1">faced</token>
<token t_id="101" sentence="6" number="2">more</token>
<token t_id="102" sentence="6" number="3">than</token>
<token t_id="103" sentence="6" number="4">50</token>
<token t_id="104" sentence="6" number="5">charges</token>
<token t_id="105" sentence="6" number="6">in</token>
<token t_id="106" sentence="6" number="7">the</token>
<token t_id="107" sentence="6" number="8">case</token>
<token t_id="108" sentence="6" number="9">.</token>
<token t_id="109" sentence="7" number="0">He</token>
<token t_id="110" sentence="7" number="1">was</token>
<token t_id="111" sentence="7" number="2">on</token>
<token t_id="112" sentence="7" number="3">trial</token>
<token t_id="113" sentence="7" number="4">for</token>
<token t_id="114" sentence="7" number="5">rape</token>
<token t_id="115" sentence="7" number="6">in</token>
<token t_id="116" sentence="7" number="7">2005</token>
<token t_id="117" sentence="7" number="8">in</token>
<token t_id="118" sentence="7" number="9">an</token>
<token t_id="119" sentence="7" number="10">Atlanta</token>
<token t_id="120" sentence="7" number="11">courtroom</token>
<token t_id="121" sentence="7" number="12">when</token>
<token t_id="122" sentence="7" number="13">he</token>
<token t_id="123" sentence="7" number="14">grabbed</token>
<token t_id="124" sentence="7" number="15">a</token>
<token t_id="125" sentence="7" number="16">guard</token>
<token t_id="126" sentence="7" number="17">'s</token>
<token t_id="127" sentence="7" number="18">gun</token>
<token t_id="128" sentence="7" number="19">,</token>
<token t_id="129" sentence="7" number="20">fatally</token>
<token t_id="130" sentence="7" number="21">shooting</token>
<token t_id="131" sentence="7" number="22">a</token>
<token t_id="132" sentence="7" number="23">judge</token>
<token t_id="133" sentence="7" number="24">,</token>
<token t_id="134" sentence="7" number="25">court</token>
<token t_id="135" sentence="7" number="26">reporter</token>
<token t_id="136" sentence="7" number="27">,</token>
<token t_id="137" sentence="7" number="28">sherrif</token>
<token t_id="138" sentence="7" number="29">'s</token>
<token t_id="139" sentence="7" number="30">deputy</token>
<token t_id="140" sentence="7" number="31">and</token>
<token t_id="141" sentence="7" number="32">later</token>
<token t_id="142" sentence="7" number="33">,</token>
<token t_id="143" sentence="7" number="34">a</token>
<token t_id="144" sentence="7" number="35">federal</token>
<token t_id="145" sentence="7" number="36">agent</token>
<token t_id="146" sentence="7" number="37">.</token>
<Markables>
<ACTION_OCCURRENCE m_id="9"  >
  <token_anchor t_id="4"/>
</ACTION_OCCURRENCE>
<HUMAN_PART_PER m_id="7"  >
  <token_anchor t_id="3"/>
</HUMAN_PART_PER>
<HUMAN_PART_PER m_id="8"  >
  <token_anchor t_id="5"/>
  <token_anchor t_id="6"/>
</HUMAN_PART_PER>
<TIME_DATE m_id="12" note="byCROMER" >
  <token_anchor t_id="11"/>
  <token_anchor t_id="12"/>
</TIME_DATE>
<NON_HUMAN_PART m_id="13" note="byCROMER" >
  <token_anchor t_id="8"/>
  <token_anchor t_id="9"/>
  <token_anchor t_id="10"/>
</NON_HUMAN_PART>


<HUMAN_PART_PER m_id="18" RELATED_TO="" TAG_DESCRIPTOR="t3b_judge" instance_id="HUM17394069217658264" />
<TIME_DATE m_id="17" RELATED_TO="" TAG_DESCRIPTOR="t3b_saturday" instance_id="TIM17394005099245792" />
<NON_HUMAN_PART m_id="16" RELATED_TO="" TAG_DESCRIPTOR="t3b_life_sentences" instance_id="NON16364101653183219" />
<HUMAN_PART_PER m_id="15" RELATED_TO="" TAG_DESCRIPTOR="t3b_nichols" instance_id="HUM16363941427037066" />
<ACTION_OCCURRENCE m_id="14" RELATED_TO="" TAG_DESCRIPTOR="t3b_judge_gave_life_sentence" instance_id="ACT16364140299507831" />
</Markables>

<Relations>
<CROSS_DOC_COREF r_id="32463" note="ACT16364140299507831" >
  <source m_id="9" />
  <target m_id="14" />
</CROSS_DOC_COREF>
<CROSS_DOC_COREF r_id="32464" note="HUM16363941427037066" >
  <source m_id="8" />
  <target m_id="15" />
</CROSS_DOC_COREF>
<CROSS_DOC_COREF r_id="32465" note="NON16364101653183219" >
  <source m_id="13" />
  <target m_id="16" />
</CROSS_DOC_COREF>
<CROSS_DOC_COREF r_id="32466" note="TIM17394005099245792" >
  <source m_id="12" />
  <target m_id="17" />
</CROSS_DOC_COREF>
<CROSS_DOC_COREF r_id="32467" note="HUM17394069217658264" >
  <source m_id="7" />
  <target m_id="18" />
</CROSS_DOC_COREF>

</Relations>
</Document>
