<Document doc_name="10_1ecbplus.xml" doc_id="DOC15646126216752246">
<token t_id="1" sentence="0" number="0">http</token>
<token t_id="2" sentence="0" number="1">:</token>
<token t_id="3" sentence="0" number="2">/</token>
<token t_id="4" sentence="0" number="3">/</token>
<token t_id="5" sentence="0" number="4">boston</token>
<token t_id="6" sentence="0" number="5">.</token>
<token t_id="7" sentence="0" number="6">redsox</token>
<token t_id="8" sentence="0" number="7">.</token>
<token t_id="9" sentence="0" number="8">mlb</token>
<token t_id="10" sentence="0" number="9">.</token>
<token t_id="11" sentence="0" number="10">com</token>
<token t_id="12" sentence="0" number="11">/</token>
<token t_id="13" sentence="0" number="12">news</token>
<token t_id="14" sentence="0" number="13">/</token>
<token t_id="15" sentence="0" number="14">article</token>
<token t_id="16" sentence="0" number="15">.</token>
<token t_id="17" sentence="0" number="16">jsp</token>
<token t_id="18" sentence="0" number="17">?</token>
<token t_id="19" sentence="0" number="18">ymd=20081216&amp;content</token>
<token t_id="20" sentence="0" number="19">_</token>
<token t_id="21" sentence="0" number="20">id=3718580&amp;vkey=news</token>
<token t_id="22" sentence="0" number="21">_</token>
<token t_id="23" sentence="0" number="22">bos&amp;fext=</token>
<token t_id="24" sentence="0" number="23">.</token>
<token t_id="25" sentence="0" number="24">jsp&amp;c</token>
<token t_id="26" sentence="0" number="25">_</token>
<token t_id="27" sentence="0" number="26">id=bos</token>
<token t_id="28" sentence="1" number="0">Red</token>
<token t_id="29" sentence="1" number="1">Sox</token>
<token t_id="30" sentence="1" number="2">extend</token>
<token t_id="31" sentence="1" number="3">offer</token>
<token t_id="32" sentence="1" number="4">to</token>
<token t_id="33" sentence="1" number="5">Teixeira</token>
<token t_id="34" sentence="2" number="0">Boston</token>
<token t_id="35" sentence="2" number="1">reportedly</token>
<token t_id="36" sentence="2" number="2">looks</token>
<token t_id="37" sentence="2" number="3">to</token>
<token t_id="38" sentence="2" number="4">ink</token>
<token t_id="39" sentence="2" number="5">free</token>
<token t_id="40" sentence="2" number="6">-</token>
<token t_id="41" sentence="2" number="7">agent</token>
<token t_id="42" sentence="2" number="8">slugger</token>
<token t_id="43" sentence="2" number="9">for</token>
<token t_id="44" sentence="2" number="10">eight</token>
<token t_id="45" sentence="2" number="11">years</token>
<token t_id="46" sentence="3" number="0">12</token>
<token t_id="47" sentence="3" number="1">/</token>
<token t_id="48" sentence="3" number="2">16</token>
<token t_id="49" sentence="3" number="3">/</token>
<token t_id="50" sentence="3" number="4">08</token>
<token t_id="51" sentence="3" number="5">1</token>
<token t_id="52" sentence="3" number="6">:</token>
<token t_id="53" sentence="3" number="7">30</token>
<token t_id="54" sentence="3" number="8">AM</token>
<token t_id="55" sentence="3" number="9">EST</token>
<token t_id="56" sentence="4" number="0">Though</token>
<token t_id="57" sentence="4" number="1">the</token>
<token t_id="58" sentence="4" number="2">Red</token>
<token t_id="59" sentence="4" number="3">Sox</token>
<token t_id="60" sentence="4" number="4">continue</token>
<token t_id="61" sentence="4" number="5">to</token>
<token t_id="62" sentence="4" number="6">operate</token>
<token t_id="63" sentence="4" number="7">in</token>
<token t_id="64" sentence="4" number="8">intriguing</token>
<token t_id="65" sentence="4" number="9">secrecy</token>
<token t_id="66" sentence="4" number="10">when</token>
<token t_id="67" sentence="4" number="11">it</token>
<token t_id="68" sentence="4" number="12">comes</token>
<token t_id="69" sentence="4" number="13">to</token>
<token t_id="70" sentence="4" number="14">their</token>
<token t_id="71" sentence="4" number="15">pursuit</token>
<token t_id="72" sentence="4" number="16">of</token>
<token t_id="73" sentence="4" number="17">free</token>
<token t_id="74" sentence="4" number="18">-</token>
<token t_id="75" sentence="4" number="19">agent</token>
<token t_id="76" sentence="4" number="20">slugger</token>
<token t_id="77" sentence="4" number="21">Mark</token>
<token t_id="78" sentence="4" number="22">Teixeira</token>
<token t_id="79" sentence="4" number="23">,</token>
<token t_id="80" sentence="4" number="24">it</token>
<token t_id="81" sentence="4" number="25">appears</token>
<token t_id="82" sentence="4" number="26">an</token>
<token t_id="83" sentence="4" number="27">offer</token>
<token t_id="84" sentence="4" number="28">has</token>
<token t_id="85" sentence="4" number="29">been</token>
<token t_id="86" sentence="4" number="30">transmitted</token>
<token t_id="87" sentence="4" number="31">from</token>
<token t_id="88" sentence="4" number="32">the</token>
<token t_id="89" sentence="4" number="33">offices</token>
<token t_id="90" sentence="4" number="34">of</token>
<token t_id="91" sentence="4" number="35">4</token>
<token t_id="92" sentence="4" number="36">Yawkey</token>
<token t_id="93" sentence="4" number="37">Way</token>
<token t_id="94" sentence="4" number="38">in</token>
<token t_id="95" sentence="4" number="39">Boston</token>
<token t_id="96" sentence="4" number="40">to</token>
<token t_id="97" sentence="4" number="41">the</token>
<token t_id="98" sentence="4" number="42">corporation</token>
<token t_id="99" sentence="4" number="43">of</token>
<token t_id="100" sentence="4" number="44">power</token>
<token t_id="101" sentence="4" number="45">agent</token>
<token t_id="102" sentence="4" number="46">Scott</token>
<token t_id="103" sentence="4" number="47">Boras</token>
<token t_id="104" sentence="4" number="48">in</token>
<token t_id="105" sentence="4" number="49">Southern</token>
<token t_id="106" sentence="4" number="50">California</token>
<token t_id="107" sentence="4" number="51">.</token>
<token t_id="108" sentence="5" number="0">The</token>
<token t_id="109" sentence="5" number="1">Boston</token>
<token t_id="110" sentence="5" number="2">Herald</token>
<token t_id="111" sentence="5" number="3">reported</token>
<token t_id="112" sentence="5" number="4">in</token>
<token t_id="113" sentence="5" number="5">its</token>
<token t_id="114" sentence="5" number="6">Tuesday</token>
<token t_id="115" sentence="5" number="7">editions</token>
<token t_id="116" sentence="5" number="8">that</token>
<token t_id="117" sentence="5" number="9">the</token>
<token t_id="118" sentence="5" number="10">Red</token>
<token t_id="119" sentence="5" number="11">Sox</token>
<token t_id="120" sentence="5" number="12">have</token>
<token t_id="121" sentence="5" number="13">extended</token>
<token t_id="122" sentence="5" number="14">an</token>
<token t_id="123" sentence="5" number="15">offer</token>
<token t_id="124" sentence="5" number="16">for</token>
<token t_id="125" sentence="5" number="17">Teixeira</token>
<token t_id="126" sentence="5" number="18">,</token>
<token t_id="127" sentence="5" number="19">believed</token>
<token t_id="128" sentence="5" number="20">to</token>
<token t_id="129" sentence="5" number="21">be</token>
<token t_id="130" sentence="5" number="22">the</token>
<token t_id="131" sentence="5" number="23">longest</token>
<token t_id="132" sentence="5" number="24">and</token>
<token t_id="133" sentence="5" number="25">richest</token>
<token t_id="134" sentence="5" number="26">in</token>
<token t_id="135" sentence="5" number="27">the</token>
<token t_id="136" sentence="5" number="28">seven</token>
<token t_id="137" sentence="5" number="29">-</token>
<token t_id="138" sentence="5" number="30">year</token>
<token t_id="139" sentence="5" number="31">history</token>
<token t_id="140" sentence="5" number="32">of</token>
<token t_id="141" sentence="5" number="33">the</token>
<token t_id="142" sentence="5" number="34">ownership</token>
<token t_id="143" sentence="5" number="35">group</token>
<token t_id="144" sentence="5" number="36">led</token>
<token t_id="145" sentence="5" number="37">by</token>
<token t_id="146" sentence="5" number="38">John</token>
<token t_id="147" sentence="5" number="39">W</token>
<token t_id="148" sentence="5" number="40">.</token>
<token t_id="149" sentence="5" number="41">Henry</token>
<token t_id="150" sentence="5" number="42">.</token>
<token t_id="151" sentence="6" number="0">Though</token>
<token t_id="152" sentence="6" number="1">the</token>
<token t_id="153" sentence="6" number="2">newspaper</token>
<token t_id="154" sentence="6" number="3">doesn't</token>
<token t_id="155" sentence="6" number="4">cite</token>
<token t_id="156" sentence="6" number="5">its</token>
<token t_id="157" sentence="6" number="6">source</token>
<token t_id="158" sentence="6" number="7">,</token>
<token t_id="159" sentence="6" number="8">it</token>
<token t_id="160" sentence="6" number="9">stated</token>
<token t_id="161" sentence="6" number="10">that</token>
<token t_id="162" sentence="6" number="11">the</token>
<token t_id="163" sentence="6" number="12">offer</token>
<token t_id="164" sentence="6" number="13">is</token>
<token t_id="165" sentence="6" number="14">"believed</token>
<token t_id="166" sentence="6" number="15">to</token>
<token t_id="167" sentence="6" number="16">be</token>
<token t_id="168" sentence="6" number="17">for</token>
<token t_id="169" sentence="6" number="18">at</token>
<token t_id="170" sentence="6" number="19">least</token>
<token t_id="171" sentence="6" number="20">eight</token>
<token t_id="172" sentence="6" number="21">years</token>
<token t_id="173" sentence="6" number="22">.</token>
<token t_id="174" sentence="6" number="23">"</token>
<token t_id="175" sentence="7" number="0">The</token>
<token t_id="176" sentence="7" number="1">Red</token>
<token t_id="177" sentence="7" number="2">Sox</token>
<token t_id="178" sentence="7" number="3">have</token>
<token t_id="179" sentence="7" number="4">a</token>
<token t_id="180" sentence="7" number="5">club</token>
<token t_id="181" sentence="7" number="6">policy</token>
<token t_id="182" sentence="7" number="7">of</token>
<token t_id="183" sentence="7" number="8">not</token>
<token t_id="184" sentence="7" number="9">commenting</token>
<token t_id="185" sentence="7" number="10">on</token>
<token t_id="186" sentence="7" number="11">their</token>
<token t_id="187" sentence="7" number="12">negotiating</token>
<token t_id="188" sentence="7" number="13">stance</token>
<token t_id="189" sentence="7" number="14">with</token>
<token t_id="190" sentence="7" number="15">any</token>
<token t_id="191" sentence="7" number="16">free</token>
<token t_id="192" sentence="7" number="17">agents</token>
<token t_id="193" sentence="7" number="18">.</token>
<token t_id="194" sentence="8" number="0">Last</token>
<token t_id="195" sentence="8" number="1">week</token>
<token t_id="196" sentence="8" number="2">at</token>
<token t_id="197" sentence="8" number="3">the</token>
<token t_id="198" sentence="8" number="4">Winter</token>
<token t_id="199" sentence="8" number="5">Meetings</token>
<token t_id="200" sentence="8" number="6">,</token>
<token t_id="201" sentence="8" number="7">the</token>
<token t_id="202" sentence="8" number="8">Washington</token>
<token t_id="203" sentence="8" number="9">Nationals</token>
<token t_id="204" sentence="8" number="10">made</token>
<token t_id="205" sentence="8" number="11">Teixeira</token>
<token t_id="206" sentence="8" number="12">an</token>
<token t_id="207" sentence="8" number="13">eight</token>
<token t_id="208" sentence="8" number="14">-</token>
<token t_id="209" sentence="8" number="15">year</token>
<token t_id="210" sentence="8" number="16">,</token>
<token t_id="211" sentence="8" number="17">$160</token>
<token t_id="212" sentence="8" number="18">million</token>
<token t_id="213" sentence="8" number="19">offer</token>
<token t_id="214" sentence="8" number="20">.</token>
<token t_id="215" sentence="9" number="0">Angels</token>
<token t_id="216" sentence="9" number="1">general</token>
<token t_id="217" sentence="9" number="2">manager</token>
<token t_id="218" sentence="9" number="3">Tony</token>
<token t_id="219" sentence="9" number="4">Reagins</token>
<token t_id="220" sentence="9" number="5">recently</token>
<token t_id="221" sentence="9" number="6">confirmed</token>
<token t_id="222" sentence="9" number="7">that</token>
<token t_id="223" sentence="9" number="8">his</token>
<token t_id="224" sentence="9" number="9">club</token>
<token t_id="225" sentence="9" number="10">had</token>
<token t_id="226" sentence="9" number="11">also</token>
<token t_id="227" sentence="9" number="12">made</token>
<token t_id="228" sentence="9" number="13">an</token>
<token t_id="229" sentence="9" number="14">eight</token>
<token t_id="230" sentence="9" number="15">-</token>
<token t_id="231" sentence="9" number="16">year</token>
<token t_id="232" sentence="9" number="17">offer</token>
<token t_id="233" sentence="9" number="18">.</token>
<token t_id="234" sentence="10" number="0">The</token>
<token t_id="235" sentence="10" number="1">Orioles</token>
<token t_id="236" sentence="10" number="2">,</token>
<token t_id="237" sentence="10" number="3">according</token>
<token t_id="238" sentence="10" number="4">to</token>
<token t_id="239" sentence="10" number="5">reports</token>
<token t_id="240" sentence="10" number="6">,</token>
<token t_id="241" sentence="10" number="7">have</token>
<token t_id="242" sentence="10" number="8">offered</token>
<token t_id="243" sentence="10" number="9">Teixeira</token>
<token t_id="244" sentence="10" number="10">a</token>
<token t_id="245" sentence="10" number="11">seven</token>
<token t_id="246" sentence="10" number="12">-</token>
<token t_id="247" sentence="10" number="13">year</token>
<token t_id="248" sentence="10" number="14">deal</token>
<token t_id="249" sentence="10" number="15">worth</token>
<token t_id="250" sentence="10" number="16">between</token>
<token t_id="251" sentence="10" number="17">$140</token>
<token t_id="252" sentence="10" number="18">million</token>
<token t_id="253" sentence="10" number="19">and</token>
<token t_id="254" sentence="10" number="20">$150</token>
<token t_id="255" sentence="10" number="21">million</token>
<token t_id="256" sentence="10" number="22">.</token>
<token t_id="257" sentence="11" number="0">As</token>
<token t_id="258" sentence="11" number="1">for</token>
<token t_id="259" sentence="11" number="2">the</token>
<token t_id="260" sentence="11" number="3">Red</token>
<token t_id="261" sentence="11" number="4">Sox</token>
<token t_id="262" sentence="11" number="5">,</token>
<token t_id="263" sentence="11" number="6">GM</token>
<token t_id="264" sentence="11" number="7">Theo</token>
<token t_id="265" sentence="11" number="8">Epstein</token>
<token t_id="266" sentence="11" number="9">hasn't</token>
<token t_id="267" sentence="11" number="10">so</token>
<token t_id="268" sentence="11" number="11">much</token>
<token t_id="269" sentence="11" number="12">as</token>
<token t_id="270" sentence="11" number="13">uttered</token>
<token t_id="271" sentence="11" number="14">Teixeira's</token>
<token t_id="272" sentence="11" number="15">name</token>
<token t_id="273" sentence="11" number="16">in</token>
<token t_id="274" sentence="11" number="17">any</token>
<token t_id="275" sentence="11" number="18">interviews</token>
<token t_id="276" sentence="11" number="19">with</token>
<token t_id="277" sentence="11" number="20">media</token>
<token t_id="278" sentence="11" number="21">members</token>
<token t_id="279" sentence="11" number="22">this</token>
<token t_id="280" sentence="11" number="23">offseason</token>
<token t_id="281" sentence="11" number="24">.</token>
<token t_id="282" sentence="12" number="0">That</token>
<token t_id="283" sentence="12" number="1">has</token>
<token t_id="284" sentence="12" number="2">always</token>
<token t_id="285" sentence="12" number="3">been</token>
<token t_id="286" sentence="12" number="4">the</token>
<token t_id="287" sentence="12" number="5">way</token>
<token t_id="288" sentence="12" number="6">Epstein</token>
<token t_id="289" sentence="12" number="7">conducts</token>
<token t_id="290" sentence="12" number="8">his</token>
<token t_id="291" sentence="12" number="9">business</token>
<token t_id="292" sentence="12" number="10">,</token>
<token t_id="293" sentence="12" number="11">and</token>
<token t_id="294" sentence="12" number="12">it's</token>
<token t_id="295" sentence="12" number="13">why</token>
<token t_id="296" sentence="12" number="14">you</token>
<token t_id="297" sentence="12" number="15">won't</token>
<token t_id="298" sentence="12" number="16">hear</token>
<token t_id="299" sentence="12" number="17">any</token>
<token t_id="300" sentence="12" number="18">public</token>
<token t_id="301" sentence="12" number="19">comments</token>
<token t_id="302" sentence="12" number="20">from</token>
<token t_id="303" sentence="12" number="21">the</token>
<token t_id="304" sentence="12" number="22">Red</token>
<token t_id="305" sentence="12" number="23">Sox</token>
<token t_id="306" sentence="12" number="24">regarding</token>
<token t_id="307" sentence="12" number="25">Teixeira</token>
<token t_id="308" sentence="12" number="26">until</token>
<token t_id="309" sentence="12" number="27">he</token>
<token t_id="310" sentence="12" number="28">either</token>
<token t_id="311" sentence="12" number="29">signs</token>
<token t_id="312" sentence="12" number="30">with</token>
<token t_id="313" sentence="12" number="31">Boston</token>
<token t_id="314" sentence="12" number="32">or</token>
<token t_id="315" sentence="12" number="33">goes</token>
<token t_id="316" sentence="12" number="34">somewhere</token>
<token t_id="317" sentence="12" number="35">else</token>
<token t_id="318" sentence="12" number="36">.</token>
<token t_id="319" sentence="13" number="0">"We're</token>
<token t_id="320" sentence="13" number="1">being</token>
<token t_id="321" sentence="13" number="2">aggressive</token>
<token t_id="322" sentence="13" number="3">,</token>
<token t_id="323" sentence="13" number="4">really</token>
<token t_id="324" sentence="13" number="5">aggressive</token>
<token t_id="325" sentence="13" number="6">on</token>
<token t_id="326" sentence="13" number="7">players</token>
<token t_id="327" sentence="13" number="8">that</token>
<token t_id="328" sentence="13" number="9">we</token>
<token t_id="329" sentence="13" number="10">like</token>
<token t_id="330" sentence="13" number="11">,</token>
<token t_id="331" sentence="13" number="12">"</token>
<token t_id="332" sentence="13" number="13">Epstein</token>
<token t_id="333" sentence="13" number="14">said</token>
<token t_id="334" sentence="13" number="15">last</token>
<token t_id="335" sentence="13" number="16">week</token>
<token t_id="336" sentence="13" number="17">.</token>
<token t_id="337" sentence="14" number="0">The</token>
<token t_id="338" sentence="14" number="1">two</token>
<token t_id="339" sentence="14" number="2">biggest</token>
<token t_id="340" sentence="14" number="3">investments</token>
<token t_id="341" sentence="14" number="4">the</token>
<token t_id="342" sentence="14" number="5">Red</token>
<token t_id="343" sentence="14" number="6">Sox</token>
<token t_id="344" sentence="14" number="7">have</token>
<token t_id="345" sentence="14" number="8">made</token>
<token t_id="346" sentence="14" number="9">under</token>
<token t_id="347" sentence="14" number="10">current</token>
<token t_id="348" sentence="14" number="11">ownership</token>
<token t_id="349" sentence="14" number="12">?</token>
<token t_id="350" sentence="15" number="0">A</token>
<token t_id="351" sentence="15" number="1">$103</token>
<token t_id="352" sentence="15" number="2">.</token>
<token t_id="353" sentence="15" number="3">1</token>
<token t_id="354" sentence="15" number="4">million</token>
<token t_id="355" sentence="15" number="5">sum</token>
<token t_id="356" sentence="15" number="6">-</token>
<token t_id="357" sentence="15" number="7">-</token>
<token t_id="358" sentence="15" number="8">including</token>
<token t_id="359" sentence="15" number="9">the</token>
<token t_id="360" sentence="15" number="10">$51</token>
<token t_id="361" sentence="15" number="11">.</token>
<token t_id="362" sentence="15" number="12">1</token>
<token t_id="363" sentence="15" number="13">million</token>
<token t_id="364" sentence="15" number="14">posting</token>
<token t_id="365" sentence="15" number="15">fee</token>
<token t_id="366" sentence="15" number="16">-</token>
<token t_id="367" sentence="15" number="17">-</token>
<token t_id="368" sentence="15" number="18">to</token>
<token t_id="369" sentence="15" number="19">Daisuke</token>
<token t_id="370" sentence="15" number="20">Matsuzaka</token>
<token t_id="371" sentence="15" number="21">over</token>
<token t_id="372" sentence="15" number="22">six</token>
<token t_id="373" sentence="15" number="23">seasons</token>
<token t_id="374" sentence="15" number="24">and</token>
<token t_id="375" sentence="15" number="25">a</token>
<token t_id="376" sentence="15" number="26">five</token>
<token t_id="377" sentence="15" number="27">-</token>
<token t_id="378" sentence="15" number="28">year</token>
<token t_id="379" sentence="15" number="29">,</token>
<token t_id="380" sentence="15" number="30">$70</token>
<token t_id="381" sentence="15" number="31">million</token>
<token t_id="382" sentence="15" number="32">contract</token>
<token t_id="383" sentence="15" number="33">for</token>
<token t_id="384" sentence="15" number="34">J</token>
<token t_id="385" sentence="15" number="35">.</token>
<token t_id="386" sentence="15" number="36">D</token>
<token t_id="387" sentence="15" number="37">.</token>
<token t_id="388" sentence="15" number="38">Drew</token>
<token t_id="389" sentence="15" number="39">.</token>
<token t_id="390" sentence="16" number="0">Though</token>
<token t_id="391" sentence="16" number="1">breaking</token>
<token t_id="392" sentence="16" number="2">the</token>
<token t_id="393" sentence="16" number="3">bank</token>
<token t_id="394" sentence="16" number="4">in</token>
<token t_id="395" sentence="16" number="5">free</token>
<token t_id="396" sentence="16" number="6">agency</token>
<token t_id="397" sentence="16" number="7">isn't</token>
<token t_id="398" sentence="16" number="8">typically</token>
<token t_id="399" sentence="16" number="9">the</token>
<token t_id="400" sentence="16" number="10">way</token>
<token t_id="401" sentence="16" number="11">the</token>
<token t_id="402" sentence="16" number="12">Red</token>
<token t_id="403" sentence="16" number="13">Sox</token>
<token t_id="404" sentence="16" number="14">go</token>
<token t_id="405" sentence="16" number="15">about</token>
<token t_id="406" sentence="16" number="16">their</token>
<token t_id="407" sentence="16" number="17">Hot</token>
<token t_id="408" sentence="16" number="18">Stove</token>
<token t_id="409" sentence="16" number="19">business</token>
<token t_id="410" sentence="16" number="20">,</token>
<token t_id="411" sentence="16" number="21">they</token>
<token t_id="412" sentence="16" number="22">feel</token>
<token t_id="413" sentence="16" number="23">that</token>
<token t_id="414" sentence="16" number="24">Teixeira</token>
<token t_id="415" sentence="16" number="25">-</token>
<token t_id="416" sentence="16" number="26">-</token>
<token t_id="417" sentence="16" number="27">who</token>
<token t_id="418" sentence="16" number="28">will</token>
<token t_id="419" sentence="16" number="29">turn</token>
<token t_id="420" sentence="16" number="30">29</token>
<token t_id="421" sentence="16" number="31">in</token>
<token t_id="422" sentence="16" number="32">April</token>
<token t_id="423" sentence="16" number="33">-</token>
<token t_id="424" sentence="16" number="34">-</token>
<token t_id="425" sentence="16" number="35">could</token>
<token t_id="426" sentence="16" number="36">be</token>
<token t_id="427" sentence="16" number="37">the</token>
<token t_id="428" sentence="16" number="38">centerpiece</token>
<token t_id="429" sentence="16" number="39">of</token>
<token t_id="430" sentence="16" number="40">their</token>
<token t_id="431" sentence="16" number="41">lineup</token>
<token t_id="432" sentence="16" number="42">for</token>
<token t_id="433" sentence="16" number="43">the</token>
<token t_id="434" sentence="16" number="44">better</token>
<token t_id="435" sentence="16" number="45">part</token>
<token t_id="436" sentence="16" number="46">of</token>
<token t_id="437" sentence="16" number="47">a</token>
<token t_id="438" sentence="16" number="48">decade</token>
<token t_id="439" sentence="16" number="49">.</token>
<token t_id="440" sentence="17" number="0">The</token>
<token t_id="441" sentence="17" number="1">switch</token>
<token t_id="442" sentence="17" number="2">-</token>
<token t_id="443" sentence="17" number="3">hitter</token>
<token t_id="444" sentence="17" number="4">does</token>
<token t_id="445" sentence="17" number="5">everything</token>
<token t_id="446" sentence="17" number="6">the</token>
<token t_id="447" sentence="17" number="7">Red</token>
<token t_id="448" sentence="17" number="8">Sox</token>
<token t_id="449" sentence="17" number="9">like</token>
<token t_id="450" sentence="17" number="10">,</token>
<token t_id="451" sentence="17" number="11">from</token>
<token t_id="452" sentence="17" number="12">getting</token>
<token t_id="453" sentence="17" number="13">on</token>
<token t_id="454" sentence="17" number="14">base</token>
<token t_id="455" sentence="17" number="15">to</token>
<token t_id="456" sentence="17" number="16">hitting</token>
<token t_id="457" sentence="17" number="17">for</token>
<token t_id="458" sentence="17" number="18">power</token>
<token t_id="459" sentence="17" number="19">to</token>
<token t_id="460" sentence="17" number="20">playing</token>
<token t_id="461" sentence="17" number="21">terrific</token>
<token t_id="462" sentence="17" number="22">defense</token>
<token t_id="463" sentence="17" number="23">at</token>
<token t_id="464" sentence="17" number="24">first</token>
<token t_id="465" sentence="17" number="25">base</token>
<token t_id="466" sentence="17" number="26">.</token>
<token t_id="467" sentence="18" number="0">Epstein</token>
<token t_id="468" sentence="18" number="1">was</token>
<token t_id="469" sentence="18" number="2">asked</token>
<token t_id="470" sentence="18" number="3">at</token>
<token t_id="471" sentence="18" number="4">the</token>
<token t_id="472" sentence="18" number="5">Winter</token>
<token t_id="473" sentence="18" number="6">Meetings</token>
<token t_id="474" sentence="18" number="7">if</token>
<token t_id="475" sentence="18" number="8">the</token>
<token t_id="476" sentence="18" number="9">Red</token>
<token t_id="477" sentence="18" number="10">Sox</token>
<token t_id="478" sentence="18" number="11">could</token>
<token t_id="479" sentence="18" number="12">sign</token>
<token t_id="480" sentence="18" number="13">a</token>
<token t_id="481" sentence="18" number="14">marquee</token>
<token t_id="482" sentence="18" number="15">free</token>
<token t_id="483" sentence="18" number="16">agent</token>
<token t_id="484" sentence="18" number="17">this</token>
<token t_id="485" sentence="18" number="18">winter</token>
<token t_id="486" sentence="18" number="19">.</token>
<token t_id="487" sentence="19" number="0">"I</token>
<token t_id="488" sentence="19" number="1">think</token>
<token t_id="489" sentence="19" number="2">there's</token>
<token t_id="490" sentence="19" number="3">a</token>
<token t_id="491" sentence="19" number="4">chance</token>
<token t_id="492" sentence="19" number="5">of</token>
<token t_id="493" sentence="19" number="6">it</token>
<token t_id="494" sentence="19" number="7">,</token>
<token t_id="495" sentence="19" number="8">"</token>
<token t_id="496" sentence="19" number="9">he</token>
<token t_id="497" sentence="19" number="10">said</token>
<token t_id="498" sentence="19" number="11">.</token>
<token t_id="499" sentence="20" number="0">"There's</token>
<token t_id="500" sentence="20" number="1">definitely</token>
<token t_id="501" sentence="20" number="2">a</token>
<token t_id="502" sentence="20" number="3">chance</token>
<token t_id="503" sentence="20" number="4">that</token>
<token t_id="504" sentence="20" number="5">we</token>
<token t_id="505" sentence="20" number="6">don't</token>
<token t_id="506" sentence="20" number="7">.</token>
<token t_id="507" sentence="21" number="0">I</token>
<token t_id="508" sentence="21" number="1">can't</token>
<token t_id="509" sentence="21" number="2">tell</token>
<token t_id="510" sentence="21" number="3">you</token>
<token t_id="511" sentence="21" number="4">which</token>
<token t_id="512" sentence="21" number="5">[</token>
<token t_id="513" sentence="21" number="6">answer</token>
<token t_id="514" sentence="21" number="7">]</token>
<token t_id="515" sentence="21" number="8">,</token>
<token t_id="516" sentence="21" number="9">eight</token>
<token t_id="517" sentence="21" number="10">,</token>
<token t_id="518" sentence="21" number="11">10</token>
<token t_id="519" sentence="21" number="12">,</token>
<token t_id="520" sentence="21" number="13">12</token>
<token t_id="521" sentence="21" number="14">years</token>
<token t_id="522" sentence="21" number="15">from</token>
<token t_id="523" sentence="21" number="16">now</token>
<token t_id="524" sentence="21" number="17">would</token>
<token t_id="525" sentence="21" number="18">have</token>
<token t_id="526" sentence="21" number="19">been</token>
<token t_id="527" sentence="21" number="20">better</token>
<token t_id="528" sentence="21" number="21">for</token>
<token t_id="529" sentence="21" number="22">the</token>
<token t_id="530" sentence="21" number="23">organization</token>
<token t_id="531" sentence="21" number="24">.</token>
<token t_id="532" sentence="22" number="0">But</token>
<token t_id="533" sentence="22" number="1">players</token>
<token t_id="534" sentence="22" number="2">that</token>
<token t_id="535" sentence="22" number="3">we</token>
<token t_id="536" sentence="22" number="4">like</token>
<token t_id="537" sentence="22" number="5">and</token>
<token t_id="538" sentence="22" number="6">think</token>
<token t_id="539" sentence="22" number="7">can</token>
<token t_id="540" sentence="22" number="8">help</token>
<token t_id="541" sentence="22" number="9">us</token>
<token t_id="542" sentence="22" number="10">,</token>
<token t_id="543" sentence="22" number="11">we're</token>
<token t_id="544" sentence="22" number="12">going</token>
<token t_id="545" sentence="22" number="13">to</token>
<token t_id="546" sentence="22" number="14">try</token>
<token t_id="547" sentence="22" number="15">to</token>
<token t_id="548" sentence="22" number="16">sign</token>
<token t_id="549" sentence="22" number="17">to</token>
<token t_id="550" sentence="22" number="18">numbers</token>
<token t_id="551" sentence="22" number="19">that</token>
<token t_id="552" sentence="22" number="20">we</token>
<token t_id="553" sentence="22" number="21">think</token>
<token t_id="554" sentence="22" number="22">are</token>
<token t_id="555" sentence="22" number="23">reasonable</token>
<token t_id="556" sentence="22" number="24">and</token>
<token t_id="557" sentence="22" number="25">help</token>
<token t_id="558" sentence="22" number="26">us</token>
<token t_id="559" sentence="22" number="27">going</token>
<token t_id="560" sentence="22" number="28">forward</token>
<token t_id="561" sentence="22" number="29">and</token>
<token t_id="562" sentence="22" number="30">help</token>
<token t_id="563" sentence="22" number="31">us</token>
<token t_id="564" sentence="22" number="32">with</token>
<token t_id="565" sentence="22" number="33">our</token>
<token t_id="566" sentence="22" number="34">foundation</token>
<token t_id="567" sentence="22" number="35">.</token>
<token t_id="568" sentence="23" number="0">If</token>
<token t_id="569" sentence="23" number="1">we</token>
<token t_id="570" sentence="23" number="2">get</token>
<token t_id="571" sentence="23" number="3">them</token>
<token t_id="572" sentence="23" number="4">,</token>
<token t_id="573" sentence="23" number="5">great</token>
<token t_id="574" sentence="23" number="6">.</token>
<token t_id="575" sentence="24" number="0">If</token>
<token t_id="576" sentence="24" number="1">we</token>
<token t_id="577" sentence="24" number="2">don't</token>
<token t_id="578" sentence="24" number="3">,</token>
<token t_id="579" sentence="24" number="4">then</token>
<token t_id="580" sentence="24" number="5">we'll</token>
<token t_id="581" sentence="24" number="6">move</token>
<token t_id="582" sentence="24" number="7">on</token>
<token t_id="583" sentence="24" number="8">.</token>
<token t_id="584" sentence="24" number="9">"</token>
<token t_id="585" sentence="25" number="0">The</token>
<token t_id="586" sentence="25" number="1">Yankees</token>
<token t_id="587" sentence="25" number="2">,</token>
<token t_id="588" sentence="25" number="3">Boston's</token>
<token t_id="589" sentence="25" number="4">top</token>
<token t_id="590" sentence="25" number="5">rival</token>
<token t_id="591" sentence="25" number="6">,</token>
<token t_id="592" sentence="25" number="7">have</token>
<token t_id="593" sentence="25" number="8">already</token>
<token t_id="594" sentence="25" number="9">made</token>
<token t_id="595" sentence="25" number="10">a</token>
<token t_id="596" sentence="25" number="11">loud</token>
<token t_id="597" sentence="25" number="12">statement</token>
<token t_id="598" sentence="25" number="13">this</token>
<token t_id="599" sentence="25" number="14">winter</token>
<token t_id="600" sentence="25" number="15">,</token>
<token t_id="601" sentence="25" number="16">agreeing</token>
<token t_id="602" sentence="25" number="17">to</token>
<token t_id="603" sentence="25" number="18">terms</token>
<token t_id="604" sentence="25" number="19">with</token>
<token t_id="605" sentence="25" number="20">starters</token>
<token t_id="606" sentence="25" number="21">CC</token>
<token t_id="607" sentence="25" number="22">Sabathia</token>
<token t_id="608" sentence="25" number="23">and</token>
<token t_id="609" sentence="25" number="24">A</token>
<token t_id="610" sentence="25" number="25">.</token>
<token t_id="611" sentence="25" number="26">J</token>
<token t_id="612" sentence="25" number="27">.</token>
<token t_id="613" sentence="25" number="28">Burnett</token>
<token t_id="614" sentence="25" number="29">.</token>
<token t_id="615" sentence="26" number="0">Though</token>
<token t_id="616" sentence="26" number="1">Epstein</token>
<token t_id="617" sentence="26" number="2">never</token>
<token t_id="618" sentence="26" number="3">likes</token>
<token t_id="619" sentence="26" number="4">to</token>
<token t_id="620" sentence="26" number="5">act</token>
<token t_id="621" sentence="26" number="6">as</token>
<token t_id="622" sentence="26" number="7">if</token>
<token t_id="623" sentence="26" number="8">he</token>
<token t_id="624" sentence="26" number="9">is</token>
<token t_id="625" sentence="26" number="10">counteracting</token>
<token t_id="626" sentence="26" number="11">the</token>
<token t_id="627" sentence="26" number="12">Yankees</token>
<token t_id="628" sentence="26" number="13">,</token>
<token t_id="629" sentence="26" number="14">Teixeira</token>
<token t_id="630" sentence="26" number="15">would</token>
<token t_id="631" sentence="26" number="16">clearly</token>
<token t_id="632" sentence="26" number="17">give</token>
<token t_id="633" sentence="26" number="18">Boston's</token>
<token t_id="634" sentence="26" number="19">lineup</token>
<token t_id="635" sentence="26" number="20">a</token>
<token t_id="636" sentence="26" number="21">more</token>
<token t_id="637" sentence="26" number="22">dynamic</token>
<token t_id="638" sentence="26" number="23">look</token>
<token t_id="639" sentence="26" number="24">.</token>
<token t_id="640" sentence="27" number="0">There</token>
<token t_id="641" sentence="27" number="1">have</token>
<token t_id="642" sentence="27" number="2">been</token>
<token t_id="643" sentence="27" number="3">conflicting</token>
<token t_id="644" sentence="27" number="4">reports</token>
<token t_id="645" sentence="27" number="5">as</token>
<token t_id="646" sentence="27" number="6">to</token>
<token t_id="647" sentence="27" number="7">whether</token>
<token t_id="648" sentence="27" number="8">the</token>
<token t_id="649" sentence="27" number="9">Yankees</token>
<token t_id="650" sentence="27" number="10">have</token>
<token t_id="651" sentence="27" number="11">interest</token>
<token t_id="652" sentence="27" number="12">in</token>
<token t_id="653" sentence="27" number="13">Teixeira</token>
<token t_id="654" sentence="27" number="14">.</token>
<token t_id="655" sentence="28" number="0">When</token>
<token t_id="656" sentence="28" number="1">Boras</token>
<token t_id="657" sentence="28" number="2">spoke</token>
<token t_id="658" sentence="28" number="3">at</token>
<token t_id="659" sentence="28" number="4">the</token>
<token t_id="660" sentence="28" number="5">Winter</token>
<token t_id="661" sentence="28" number="6">Meetings</token>
<token t_id="662" sentence="28" number="7">,</token>
<token t_id="663" sentence="28" number="8">he</token>
<token t_id="664" sentence="28" number="9">didn't</token>
<token t_id="665" sentence="28" number="10">sound</token>
<token t_id="666" sentence="28" number="11">as</token>
<token t_id="667" sentence="28" number="12">if</token>
<token t_id="668" sentence="28" number="13">he</token>
<token t_id="669" sentence="28" number="14">was</token>
<token t_id="670" sentence="28" number="15">in</token>
<token t_id="671" sentence="28" number="16">any</token>
<token t_id="672" sentence="28" number="17">rush</token>
<token t_id="673" sentence="28" number="18">to</token>
<token t_id="674" sentence="28" number="19">close</token>
<token t_id="675" sentence="28" number="20">the</token>
<token t_id="676" sentence="28" number="21">Teixeira</token>
<token t_id="677" sentence="28" number="22">deal</token>
<token t_id="678" sentence="28" number="23">.</token>
<token t_id="679" sentence="29" number="0">Back</token>
<token t_id="680" sentence="29" number="1">in</token>
<token t_id="681" sentence="29" number="2">November</token>
<token t_id="682" sentence="29" number="3">,</token>
<token t_id="683" sentence="29" number="4">while</token>
<token t_id="684" sentence="29" number="5">attending</token>
<token t_id="685" sentence="29" number="6">a</token>
<token t_id="686" sentence="29" number="7">Georgia</token>
<token t_id="687" sentence="29" number="8">Tech</token>
<token t_id="688" sentence="29" number="9">football</token>
<token t_id="689" sentence="29" number="10">game</token>
<token t_id="690" sentence="29" number="11">,</token>
<token t_id="691" sentence="29" number="12">Teixeira</token>
<token t_id="692" sentence="29" number="13">told</token>
<token t_id="693" sentence="29" number="14">ESPN</token>
<token t_id="694" sentence="29" number="15">that</token>
<token t_id="695" sentence="29" number="16">he'd</token>
<token t_id="696" sentence="29" number="17">like</token>
<token t_id="697" sentence="29" number="18">to</token>
<token t_id="698" sentence="29" number="19">sign</token>
<token t_id="699" sentence="29" number="20">by</token>
<token t_id="700" sentence="29" number="21">Christmas</token>
<token t_id="701" sentence="29" number="22">.</token>
<token t_id="702" sentence="30" number="0">If</token>
<token t_id="703" sentence="30" number="1">the</token>
<token t_id="704" sentence="30" number="2">Red</token>
<token t_id="705" sentence="30" number="3">Sox</token>
<token t_id="706" sentence="30" number="4">are</token>
<token t_id="707" sentence="30" number="5">successful</token>
<token t_id="708" sentence="30" number="6">in</token>
<token t_id="709" sentence="30" number="7">landing</token>
<token t_id="710" sentence="30" number="8">Teixeira</token>
<token t_id="711" sentence="30" number="9">,</token>
<token t_id="712" sentence="30" number="10">it</token>
<token t_id="713" sentence="30" number="11">will</token>
<token t_id="714" sentence="30" number="12">create</token>
<token t_id="715" sentence="30" number="13">a</token>
<token t_id="716" sentence="30" number="14">somewhat</token>
<token t_id="717" sentence="30" number="15">sticky</token>
<token t_id="718" sentence="30" number="16">situation</token>
<token t_id="719" sentence="30" number="17">.</token>
<token t_id="720" sentence="31" number="0">The</token>
<token t_id="721" sentence="31" number="1">Red</token>
<token t_id="722" sentence="31" number="2">Sox</token>
<token t_id="723" sentence="31" number="3">have</token>
<token t_id="724" sentence="31" number="4">Kevin</token>
<token t_id="725" sentence="31" number="5">Youkilis</token>
<token t_id="726" sentence="31" number="6">at</token>
<token t_id="727" sentence="31" number="7">first</token>
<token t_id="728" sentence="31" number="8">base</token>
<token t_id="729" sentence="31" number="9">and</token>
<token t_id="730" sentence="31" number="10">Mike</token>
<token t_id="731" sentence="31" number="11">Lowell</token>
<token t_id="732" sentence="31" number="12">at</token>
<token t_id="733" sentence="31" number="13">third</token>
<token t_id="734" sentence="31" number="14">.</token>
<token t_id="735" sentence="32" number="0">To</token>
<token t_id="736" sentence="32" number="1">open</token>
<token t_id="737" sentence="32" number="2">a</token>
<token t_id="738" sentence="32" number="3">spot</token>
<token t_id="739" sentence="32" number="4">for</token>
<token t_id="740" sentence="32" number="5">Teixeira</token>
<token t_id="741" sentence="32" number="6">,</token>
<token t_id="742" sentence="32" number="7">the</token>
<token t_id="743" sentence="32" number="8">Red</token>
<token t_id="744" sentence="32" number="9">Sox</token>
<token t_id="745" sentence="32" number="10">might</token>
<token t_id="746" sentence="32" number="11">have</token>
<token t_id="747" sentence="32" number="12">to</token>
<token t_id="748" sentence="32" number="13">trade</token>
<token t_id="749" sentence="32" number="14">Lowell</token>
<token t_id="750" sentence="32" number="15">and</token>
<token t_id="751" sentence="32" number="16">move</token>
<token t_id="752" sentence="32" number="17">Youkilis</token>
<token t_id="753" sentence="32" number="18">across</token>
<token t_id="754" sentence="32" number="19">the</token>
<token t_id="755" sentence="32" number="20">diamond</token>
<token t_id="756" sentence="32" number="21">.</token>
<token t_id="757" sentence="33" number="0">However</token>
<token t_id="758" sentence="33" number="1">,</token>
<token t_id="759" sentence="33" number="2">Lowell</token>
<token t_id="760" sentence="33" number="3">,</token>
<token t_id="761" sentence="33" number="4">coming</token>
<token t_id="762" sentence="33" number="5">off</token>
<token t_id="763" sentence="33" number="6">right</token>
<token t_id="764" sentence="33" number="7">hip</token>
<token t_id="765" sentence="33" number="8">surgery</token>
<token t_id="766" sentence="33" number="9">,</token>
<token t_id="767" sentence="33" number="10">is</token>
<token t_id="768" sentence="33" number="11">likely</token>
<token t_id="769" sentence="33" number="12">to</token>
<token t_id="770" sentence="33" number="13">have</token>
<token t_id="771" sentence="33" number="14">to</token>
<token t_id="772" sentence="33" number="15">prove</token>
<token t_id="773" sentence="33" number="16">his</token>
<token t_id="774" sentence="33" number="17">health</token>
<token t_id="775" sentence="33" number="18">in</token>
<token t_id="776" sentence="33" number="19">Spring</token>
<token t_id="777" sentence="33" number="20">Training</token>
<token t_id="778" sentence="33" number="21">if</token>
<token t_id="779" sentence="33" number="22">he</token>
<token t_id="780" sentence="33" number="23">is</token>
<token t_id="781" sentence="33" number="24">to</token>
<token t_id="782" sentence="33" number="25">be</token>
<token t_id="783" sentence="33" number="26">dealt</token>
<token t_id="784" sentence="33" number="27">.</token>
<token t_id="785" sentence="34" number="0">Last</token>
<token t_id="786" sentence="34" number="1">winter</token>
<token t_id="787" sentence="34" number="2">the</token>
<token t_id="788" sentence="34" number="3">Red</token>
<token t_id="789" sentence="34" number="4">Sox</token>
<token t_id="790" sentence="34" number="5">re</token>
<token t_id="791" sentence="34" number="6">-</token>
<token t_id="792" sentence="34" number="7">signed</token>
<token t_id="793" sentence="34" number="8">Lowell</token>
<token t_id="794" sentence="34" number="9">,</token>
<token t_id="795" sentence="34" number="10">the</token>
<token t_id="796" sentence="34" number="11">Most</token>
<token t_id="797" sentence="34" number="12">Valuable</token>
<token t_id="798" sentence="34" number="13">Player</token>
<token t_id="799" sentence="34" number="14">of</token>
<token t_id="800" sentence="34" number="15">the</token>
<token t_id="801" sentence="34" number="16">2007</token>
<token t_id="802" sentence="34" number="17">World</token>
<token t_id="803" sentence="34" number="18">Series</token>
<token t_id="804" sentence="34" number="19">,</token>
<token t_id="805" sentence="34" number="20">to</token>
<token t_id="806" sentence="34" number="21">a</token>
<token t_id="807" sentence="34" number="22">three</token>
<token t_id="808" sentence="34" number="23">-</token>
<token t_id="809" sentence="34" number="24">year</token>
<token t_id="810" sentence="34" number="25">,</token>
<token t_id="811" sentence="34" number="26">$37</token>
<token t_id="812" sentence="34" number="27">.</token>
<token t_id="813" sentence="34" number="28">5</token>
<token t_id="814" sentence="34" number="29">million</token>
<token t_id="815" sentence="34" number="30">contract</token>
<token t_id="816" sentence="34" number="31">.</token>
<token t_id="817" sentence="35" number="0">The</token>
<token t_id="818" sentence="35" number="1">Red</token>
<token t_id="819" sentence="35" number="2">Sox</token>
<token t_id="820" sentence="35" number="3">control</token>
<token t_id="821" sentence="35" number="4">Youkilis</token>
<token t_id="822" sentence="35" number="5">contractually</token>
<token t_id="823" sentence="35" number="6">for</token>
<token t_id="824" sentence="35" number="7">the</token>
<token t_id="825" sentence="35" number="8">next</token>
<token t_id="826" sentence="35" number="9">two</token>
<token t_id="827" sentence="35" number="10">years</token>
<token t_id="828" sentence="35" number="11">,</token>
<token t_id="829" sentence="35" number="12">so</token>
<token t_id="830" sentence="35" number="13">it's</token>
<token t_id="831" sentence="35" number="14">highly</token>
<token t_id="832" sentence="35" number="15">doubtful</token>
<token t_id="833" sentence="35" number="16">he</token>
<token t_id="834" sentence="35" number="17">would</token>
<token t_id="835" sentence="35" number="18">be</token>
<token t_id="836" sentence="35" number="19">moved</token>
<token t_id="837" sentence="35" number="20">.</token>
<token t_id="838" sentence="36" number="0">Youkilis</token>
<token t_id="839" sentence="36" number="1">finished</token>
<token t_id="840" sentence="36" number="2">third</token>
<token t_id="841" sentence="36" number="3">in</token>
<token t_id="842" sentence="36" number="4">the</token>
<token t_id="843" sentence="36" number="5">American</token>
<token t_id="844" sentence="36" number="6">League</token>
<token t_id="845" sentence="36" number="7">Most</token>
<token t_id="846" sentence="36" number="8">Valuable</token>
<token t_id="847" sentence="36" number="9">Player</token>
<token t_id="848" sentence="36" number="10">voting</token>
<token t_id="849" sentence="36" number="11">in</token>
<token t_id="850" sentence="36" number="12">November</token>
<token t_id="851" sentence="36" number="13">.</token>
<token t_id="852" sentence="37" number="0">David</token>
<token t_id="853" sentence="37" number="1">Ortiz</token>
<token t_id="854" sentence="37" number="2">,</token>
<token t_id="855" sentence="37" number="3">Boston's</token>
<token t_id="856" sentence="37" number="4">star</token>
<token t_id="857" sentence="37" number="5">designated</token>
<token t_id="858" sentence="37" number="6">hitter</token>
<token t_id="859" sentence="37" number="7">,</token>
<token t_id="860" sentence="37" number="8">is</token>
<token t_id="861" sentence="37" number="9">a</token>
<token t_id="862" sentence="37" number="10">10</token>
<token t_id="863" sentence="37" number="11">-</token>
<token t_id="864" sentence="37" number="12">5</token>
<token t_id="865" sentence="37" number="13">man</token>
<token t_id="866" sentence="37" number="14">(</token>
<token t_id="867" sentence="37" number="15">10</token>
<token t_id="868" sentence="37" number="16">years</token>
<token t_id="869" sentence="37" number="17">in</token>
<token t_id="870" sentence="37" number="18">the</token>
<token t_id="871" sentence="37" number="19">Majors</token>
<token t_id="872" sentence="37" number="20">,</token>
<token t_id="873" sentence="37" number="21">five</token>
<token t_id="874" sentence="37" number="22">with</token>
<token t_id="875" sentence="37" number="23">the</token>
<token t_id="876" sentence="37" number="24">same</token>
<token t_id="877" sentence="37" number="25">team</token>
<token t_id="878" sentence="37" number="26">)</token>
<token t_id="879" sentence="37" number="27">,</token>
<token t_id="880" sentence="37" number="28">meaning</token>
<token t_id="881" sentence="37" number="29">he</token>
<token t_id="882" sentence="37" number="30">could</token>
<token t_id="883" sentence="37" number="31">veto</token>
<token t_id="884" sentence="37" number="32">any</token>
<token t_id="885" sentence="37" number="33">trade</token>
<token t_id="886" sentence="37" number="34">.</token>
<Markables>
<ACTION_ASPECTUAL m_id="7"  >
  <token_anchor t_id="60"/>
</ACTION_ASPECTUAL>
<ACTION_OCCURRENCE m_id="12"  >
  <token_anchor t_id="62"/>
</ACTION_OCCURRENCE>
<ACTION_OCCURRENCE m_id="13"  >
  <token_anchor t_id="71"/>
</ACTION_OCCURRENCE>
<ACTION_OCCURRENCE m_id="14"  >
  <token_anchor t_id="36"/>
</ACTION_OCCURRENCE>
<ACTION_OCCURRENCE m_id="15"  >
  <token_anchor t_id="38"/>
</ACTION_OCCURRENCE>
<ACTION_OCCURRENCE m_id="16"  >
  <token_anchor t_id="83"/>
</ACTION_OCCURRENCE>
<ACTION_OCCURRENCE m_id="17"  >
  <token_anchor t_id="86"/>
</ACTION_OCCURRENCE>
<ACTION_OCCURRENCE m_id="24"  >
  <token_anchor t_id="121"/>
</ACTION_OCCURRENCE>
<ACTION_OCCURRENCE m_id="30"  >
  <token_anchor t_id="139"/>
</ACTION_OCCURRENCE>
<ACTION_OCCURRENCE m_id="35"  >
  <token_anchor t_id="30"/>
</ACTION_OCCURRENCE>
<ACTION_REPORTING m_id="21"  >
  <token_anchor t_id="111"/>
</ACTION_REPORTING>
<ACTION_STATE m_id="28"  >
  <token_anchor t_id="127"/>
</ACTION_STATE>
<HUMAN_PART_ORG m_id="9"  >
  <token_anchor t_id="34"/>
</HUMAN_PART_ORG>
<HUMAN_PART_ORG m_id="19"  >
  <token_anchor t_id="98"/>
</HUMAN_PART_ORG>
<HUMAN_PART_ORG m_id="20"  >
  <token_anchor t_id="108"/>
  <token_anchor t_id="109"/>
  <token_anchor t_id="110"/>
</HUMAN_PART_ORG>
<HUMAN_PART_ORG m_id="23"  >
  <token_anchor t_id="118"/>
  <token_anchor t_id="119"/>
</HUMAN_PART_ORG>
<HUMAN_PART_ORG m_id="31"  >
  <token_anchor t_id="143"/>
</HUMAN_PART_ORG>
<HUMAN_PART_ORG m_id="1"  >
  <token_anchor t_id="28"/>
  <token_anchor t_id="29"/>
</HUMAN_PART_ORG>
<HUMAN_PART_ORG m_id="2"  >
  <token_anchor t_id="58"/>
  <token_anchor t_id="59"/>
</HUMAN_PART_ORG>
<HUMAN_PART_PER m_id="10"  >
  <token_anchor t_id="42"/>
</HUMAN_PART_PER>
<HUMAN_PART_PER m_id="25"  >
  <token_anchor t_id="125"/>
</HUMAN_PART_PER>
<HUMAN_PART_PER m_id="26"  >
  <token_anchor t_id="146"/>
  <token_anchor t_id="147"/>
  <token_anchor t_id="148"/>
  <token_anchor t_id="149"/>
</HUMAN_PART_PER>
<HUMAN_PART_PER m_id="3"  >
  <token_anchor t_id="33"/>
</HUMAN_PART_PER>
<HUMAN_PART_PER m_id="4"  >
  <token_anchor t_id="77"/>
  <token_anchor t_id="78"/>
</HUMAN_PART_PER>
<HUMAN_PART_PER m_id="5"  >
  <token_anchor t_id="102"/>
  <token_anchor t_id="103"/>
</HUMAN_PART_PER>
<LOC_FAC m_id="18"  >
  <token_anchor t_id="88"/>
  <token_anchor t_id="89"/>
  <token_anchor t_id="90"/>
  <token_anchor t_id="91"/>
  <token_anchor t_id="92"/>
  <token_anchor t_id="93"/>
  <token_anchor t_id="94"/>
  <token_anchor t_id="95"/>
</LOC_FAC>
<LOC_GEO m_id="6"  >
  <token_anchor t_id="105"/>
  <token_anchor t_id="106"/>
</LOC_GEO>
<NON_HUMAN_PART m_id="22"  >
  <token_anchor t_id="115"/>
</NON_HUMAN_PART>
<TIME_DURATION m_id="11"  >
  <token_anchor t_id="44"/>
  <token_anchor t_id="45"/>
</TIME_DURATION>
<TIME_DURATION m_id="29"  >
  <token_anchor t_id="136"/>
  <token_anchor t_id="137"/>
  <token_anchor t_id="138"/>
</TIME_DURATION>


<ACTION_OCCURRENCE m_id="37" note="byCROMER" >
  <token_anchor t_id="123"/>
</ACTION_OCCURRENCE>
<ACTION_OCCURRENCE m_id="38" note="byCROMER" >
  <token_anchor t_id="31"/>
</ACTION_OCCURRENCE>


<ACTION_OCCURRENCE m_id="48" RELATED_TO="" TAG_DESCRIPTOR="t10_extend_offer" instance_id="ACT17228268927342610" />
<HUMAN_PART_ORG m_id="47" RELATED_TO="" TAG_DESCRIPTOR="t10_red_sox" instance_id="HUM17227556758659704" />
<HUMAN_PART_PER m_id="46" RELATED_TO="" TAG_DESCRIPTOR="t10_teixeira" instance_id="HUM17227544654464282" />
<HUMAN_PART_ORG m_id="45" RELATED_TO="" TAG_DESCRIPTOR="t10_boston_herald" instance_id="HUM17228289052548531" />
<ACTION_OCCURRENCE m_id="44" RELATED_TO="" TAG_DESCRIPTOR="t10_offered_teixeira_8_years" instance_id="ACT17227533690017485" />
<TIME_DURATION m_id="43" RELATED_TO="" TAG_DESCRIPTOR="t10_seven_years" instance_id="TIM17230190187232098" />
<LOC_GEO m_id="42" RELATED_TO="" TAG_DESCRIPTOR="t10_southern_california" instance_id="LOC17228311168733522" />
<ACTION_OCCURRENCE m_id="41" RELATED_TO="" TAG_DESCRIPTOR="t10_red_sox_history" instance_id="ACT17228249286360396" />
<HUMAN_PART_PER m_id="39" RELATED_TO="" TAG_DESCRIPTOR="t10_john_henry" instance_id="HUM17227761226960871" />
<TIME_DURATION m_id="40" RELATED_TO="" TAG_DESCRIPTOR="t10_8_year" instance_id="TIM17227593624160638" />
</Markables>

<Relations>
<CROSS_DOC_COREF r_id="25010" note="HUM17227761226960871" >
  <source m_id="26" />
  <target m_id="39" />
</CROSS_DOC_COREF>
<CROSS_DOC_COREF r_id="25011" note="TIM17227593624160638" >
  <source m_id="11" />
  <target m_id="40" />
</CROSS_DOC_COREF>
<CROSS_DOC_COREF r_id="25012" note="ACT17228249286360396" >
  <source m_id="30" />
  <target m_id="41" />
</CROSS_DOC_COREF>
<CROSS_DOC_COREF r_id="25013" note="LOC17228311168733522" >
  <source m_id="6" />
  <target m_id="42" />
</CROSS_DOC_COREF>
<CROSS_DOC_COREF r_id="25014" note="TIM17230190187232098" >
  <source m_id="29" />
  <target m_id="43" />
</CROSS_DOC_COREF>
<CROSS_DOC_COREF r_id="25015" note="ACT17227533690017485" >
  <source m_id="37" />
  <source m_id="38" />
  <target m_id="44" />
</CROSS_DOC_COREF>
<CROSS_DOC_COREF r_id="25016" note="HUM17228289052548531" >
  <source m_id="20" />
  <target m_id="45" />
</CROSS_DOC_COREF>
<CROSS_DOC_COREF r_id="25017" note="HUM17227544654464282" >
  <source m_id="25" />
  <source m_id="4" />
  <source m_id="3" />
  <source m_id="10" />
  <target m_id="46" />
</CROSS_DOC_COREF>
<CROSS_DOC_COREF r_id="25018" note="HUM17227556758659704" >
  <source m_id="23" />
  <source m_id="9" />
  <source m_id="2" />
  <source m_id="1" />
  <target m_id="47" />
</CROSS_DOC_COREF>
<CROSS_DOC_COREF r_id="25019" note="ACT17228268927342610" >
  <source m_id="24" />
  <source m_id="35" />
  <source m_id="17" />
  <target m_id="48" />
</CROSS_DOC_COREF>

</Relations>
</Document>
