<Document doc_name="10_15ecbplus.xml" doc_id="DOC15646126806518805">
<token t_id="1" sentence="0" number="0">http</token>
<token t_id="2" sentence="0" number="1">:</token>
<token t_id="3" sentence="0" number="2">/</token>
<token t_id="4" sentence="0" number="3">/</token>
<token t_id="5" sentence="0" number="4">www</token>
<token t_id="6" sentence="0" number="5">.</token>
<token t_id="7" sentence="0" number="6">fannation</token>
<token t_id="8" sentence="0" number="7">.</token>
<token t_id="9" sentence="0" number="8">com</token>
<token t_id="10" sentence="0" number="9">/</token>
<token t_id="11" sentence="0" number="10">truth</token>
<token t_id="12" sentence="0" number="11">_</token>
<token t_id="13" sentence="0" number="12">and</token>
<token t_id="14" sentence="0" number="13">_</token>
<token t_id="15" sentence="0" number="14">rumors</token>
<token t_id="16" sentence="0" number="15">/</token>
<token t_id="17" sentence="0" number="16">view</token>
<token t_id="18" sentence="0" number="17">/</token>
<token t_id="19" sentence="0" number="18">78310</token>
<token t_id="20" sentence="0" number="19">-</token>
<token t_id="21" sentence="0" number="20">red</token>
<token t_id="22" sentence="0" number="21">-</token>
<token t_id="23" sentence="0" number="22">sox</token>
<token t_id="24" sentence="0" number="23">-</token>
<token t_id="25" sentence="0" number="24">to</token>
<token t_id="26" sentence="0" number="25">-</token>
<token t_id="27" sentence="0" number="26">break</token>
<token t_id="28" sentence="0" number="27">-</token>
<token t_id="29" sentence="0" number="28">bank</token>
<token t_id="30" sentence="0" number="29">-</token>
<token t_id="31" sentence="0" number="30">for</token>
<token t_id="32" sentence="0" number="31">-</token>
<token t_id="33" sentence="0" number="32">teixeira</token>
<token t_id="34" sentence="1" number="0">Red</token>
<token t_id="35" sentence="1" number="1">Sox</token>
<token t_id="36" sentence="1" number="2">to</token>
<token t_id="37" sentence="1" number="3">break</token>
<token t_id="38" sentence="1" number="4">bank</token>
<token t_id="39" sentence="1" number="5">for</token>
<token t_id="40" sentence="1" number="6">Teixeira</token>
<token t_id="41" sentence="2" number="0">Here's</token>
<token t_id="42" sentence="2" number="1">a</token>
<token t_id="43" sentence="2" number="2">prediction</token>
<token t_id="44" sentence="2" number="3">:</token>
<token t_id="45" sentence="2" number="4">By</token>
<token t_id="46" sentence="2" number="5">the</token>
<token t_id="47" sentence="2" number="6">time</token>
<token t_id="48" sentence="2" number="7">this</token>
<token t_id="49" sentence="2" number="8">is</token>
<token t_id="50" sentence="2" number="9">over</token>
<token t_id="51" sentence="2" number="10">,</token>
<token t_id="52" sentence="2" number="11">win</token>
<token t_id="53" sentence="2" number="12">or</token>
<token t_id="54" sentence="2" number="13">lose</token>
<token t_id="55" sentence="2" number="14">,</token>
<token t_id="56" sentence="2" number="15">the</token>
<token t_id="57" sentence="2" number="16">Red</token>
<token t_id="58" sentence="2" number="17">Sox</token>
<token t_id="59" sentence="2" number="18">effectively</token>
<token t_id="60" sentence="2" number="19">will</token>
<token t_id="61" sentence="2" number="20">have</token>
<token t_id="62" sentence="2" number="21">made</token>
<token t_id="63" sentence="2" number="22">Mark</token>
<token t_id="64" sentence="2" number="23">Teixeira</token>
<token t_id="65" sentence="2" number="24">the</token>
<token t_id="66" sentence="2" number="25">largest</token>
<token t_id="67" sentence="2" number="26">contract</token>
<token t_id="68" sentence="2" number="27">offer</token>
<token t_id="69" sentence="2" number="28">in</token>
<token t_id="70" sentence="2" number="29">the</token>
<token t_id="71" sentence="2" number="30">history</token>
<token t_id="72" sentence="2" number="31">of</token>
<token t_id="73" sentence="2" number="32">your</token>
<token t_id="74" sentence="2" number="33">storied</token>
<token t_id="75" sentence="2" number="34">franchise</token>
<token t_id="76" sentence="2" number="35">.</token>
<token t_id="77" sentence="3" number="0">When</token>
<token t_id="78" sentence="3" number="1">the</token>
<token t_id="79" sentence="3" number="2">Sox</token>
<token t_id="80" sentence="3" number="3">want</token>
<token t_id="81" sentence="3" number="4">something</token>
<token t_id="82" sentence="3" number="5">enough</token>
<token t_id="83" sentence="3" number="6">,</token>
<token t_id="84" sentence="3" number="7">they</token>
<token t_id="85" sentence="3" number="8">make</token>
<token t_id="86" sentence="3" number="9">sure</token>
<token t_id="87" sentence="3" number="10">they</token>
<token t_id="88" sentence="3" number="11">get</token>
<token t_id="89" sentence="3" number="12">it</token>
<token t_id="90" sentence="3" number="13">.</token>
<token t_id="91" sentence="4" number="0">In</token>
<token t_id="92" sentence="4" number="1">the</token>
<token t_id="93" sentence="4" number="2">case</token>
<token t_id="94" sentence="4" number="3">of</token>
<token t_id="95" sentence="4" number="4">Teixeira</token>
<token t_id="96" sentence="4" number="5">,</token>
<token t_id="97" sentence="4" number="6">rest</token>
<token t_id="98" sentence="4" number="7">assured</token>
<token t_id="99" sentence="4" number="8">that</token>
<token t_id="100" sentence="4" number="9">the</token>
<token t_id="101" sentence="4" number="10">Sox</token>
<token t_id="102" sentence="4" number="11">want</token>
<token t_id="103" sentence="4" number="12">him</token>
<token t_id="104" sentence="4" number="13">,</token>
<token t_id="105" sentence="4" number="14">no</token>
<token t_id="106" sentence="4" number="15">matter</token>
<token t_id="107" sentence="4" number="16">what</token>
<token t_id="108" sentence="4" number="17">games</token>
<token t_id="109" sentence="4" number="18">are</token>
<token t_id="110" sentence="4" number="19">being</token>
<token t_id="111" sentence="4" number="20">played</token>
<token t_id="112" sentence="4" number="21">by</token>
<token t_id="113" sentence="4" number="22">club</token>
<token t_id="114" sentence="4" number="23">officials</token>
<token t_id="115" sentence="4" number="24">.</token>
<token t_id="116" sentence="5" number="0">Publicly</token>
<token t_id="117" sentence="5" number="1">and</token>
<token t_id="118" sentence="5" number="2">privately</token>
<token t_id="119" sentence="5" number="3">,</token>
<token t_id="120" sentence="5" number="4">the</token>
<token t_id="121" sentence="5" number="5">Sox</token>
<token t_id="122" sentence="5" number="6">are</token>
<token t_id="123" sentence="5" number="7">saying</token>
<token t_id="124" sentence="5" number="8">nothing</token>
<token t_id="125" sentence="5" number="9">about</token>
<token t_id="126" sentence="5" number="10">their</token>
<token t_id="127" sentence="5" number="11">interest</token>
<token t_id="128" sentence="5" number="12">in</token>
<token t_id="129" sentence="5" number="13">Teixeira</token>
<token t_id="130" sentence="5" number="14">and</token>
<token t_id="131" sentence="5" number="15">playing</token>
<token t_id="132" sentence="5" number="16">dumb</token>
<token t_id="133" sentence="5" number="17">every</token>
<token t_id="134" sentence="5" number="18">time</token>
<token t_id="135" sentence="5" number="19">his</token>
<token t_id="136" sentence="5" number="20">name</token>
<token t_id="137" sentence="5" number="21">comes</token>
<token t_id="138" sentence="5" number="22">up</token>
<token t_id="139" sentence="5" number="23">.</token>
<token t_id="140" sentence="6" number="0">It's</token>
<token t_id="141" sentence="6" number="1">as</token>
<token t_id="142" sentence="6" number="2">sure</token>
<token t_id="143" sentence="6" number="3">a</token>
<token t_id="144" sentence="6" number="4">sign</token>
<token t_id="145" sentence="6" number="5">as</token>
<token t_id="146" sentence="6" number="6">any</token>
<token t_id="147" sentence="6" number="7">that</token>
<token t_id="148" sentence="6" number="8">they</token>
<token t_id="149" sentence="6" number="9">are</token>
<token t_id="150" sentence="6" number="10">preparing</token>
<token t_id="151" sentence="6" number="11">to</token>
<token t_id="152" sentence="6" number="12">go</token>
<token t_id="153" sentence="6" number="13">to</token>
<token t_id="154" sentence="6" number="14">extraordinary</token>
<token t_id="155" sentence="6" number="15">lengths</token>
<token t_id="156" sentence="6" number="16">.</token>
<token t_id="157" sentence="7" number="0">what</token>
<token t_id="158" sentence="7" number="1">the</token>
<token t_id="159" sentence="7" number="2">Red</token>
<token t_id="160" sentence="7" number="3">Sox</token>
<token t_id="161" sentence="7" number="4">truly</token>
<token t_id="162" sentence="7" number="5">fear</token>
<token t_id="163" sentence="7" number="6">here</token>
<token t_id="164" sentence="7" number="7">is</token>
<token t_id="165" sentence="7" number="8">that</token>
<token t_id="166" sentence="7" number="9">the</token>
<token t_id="167" sentence="7" number="10">Yankees</token>
<token t_id="168" sentence="7" number="11">can</token>
<token t_id="169" sentence="7" number="12">outbid</token>
<token t_id="170" sentence="7" number="13">them</token>
<token t_id="171" sentence="7" number="14">on</token>
<token t_id="172" sentence="7" number="15">Teixeira</token>
<token t_id="173" sentence="7" number="16">,</token>
<token t_id="174" sentence="7" number="17">explaining</token>
<token t_id="175" sentence="7" number="18">why</token>
<token t_id="176" sentence="7" number="19">the</token>
<token t_id="177" sentence="7" number="20">Sox</token>
<token t_id="178" sentence="7" number="21">have</token>
<token t_id="179" sentence="7" number="22">failed</token>
<token t_id="180" sentence="7" number="23">to</token>
<token t_id="181" sentence="7" number="24">confirm</token>
<token t_id="182" sentence="7" number="25">any</token>
<token t_id="183" sentence="7" number="26">interest</token>
<token t_id="184" sentence="7" number="27">in</token>
<token t_id="185" sentence="7" number="28">the</token>
<token t_id="186" sentence="7" number="29">player</token>
<token t_id="187" sentence="7" number="30">at</token>
<token t_id="188" sentence="7" number="31">all</token>
<token t_id="189" sentence="7" number="32">.</token>
<token t_id="190" sentence="8" number="0">With</token>
<token t_id="191" sentence="8" number="1">the</token>
<token t_id="192" sentence="8" number="2">possible</token>
<token t_id="193" sentence="8" number="3">exception</token>
<token t_id="194" sentence="8" number="4">of</token>
<token t_id="195" sentence="8" number="5">the</token>
<token t_id="196" sentence="8" number="6">New</token>
<token t_id="197" sentence="8" number="7">York</token>
<token t_id="198" sentence="8" number="8">Mets</token>
<token t_id="199" sentence="8" number="9">,</token>
<token t_id="200" sentence="8" number="10">who</token>
<token t_id="201" sentence="8" number="11">just</token>
<token t_id="202" sentence="8" number="12">exercised</token>
<token t_id="203" sentence="8" number="13">their</token>
<token t_id="204" sentence="8" number="14">contract</token>
<token t_id="205" sentence="8" number="15">option</token>
<token t_id="206" sentence="8" number="16">on</token>
<token t_id="207" sentence="8" number="17">first</token>
<token t_id="208" sentence="8" number="18">baseman</token>
<token t_id="209" sentence="8" number="19">Carlos</token>
<token t_id="210" sentence="8" number="20">Delgado</token>
<token t_id="211" sentence="8" number="21">,</token>
<token t_id="212" sentence="8" number="22">the</token>
<token t_id="213" sentence="8" number="23">Yankees</token>
<token t_id="214" sentence="8" number="24">are</token>
<token t_id="215" sentence="8" number="25">the</token>
<token t_id="216" sentence="8" number="26">only</token>
<token t_id="217" sentence="8" number="27">team</token>
<token t_id="218" sentence="8" number="28">in</token>
<token t_id="219" sentence="8" number="29">baseball</token>
<token t_id="220" sentence="8" number="30">who</token>
<token t_id="221" sentence="8" number="31">could</token>
<token t_id="222" sentence="8" number="32">outbid</token>
<token t_id="223" sentence="8" number="33">the</token>
<token t_id="224" sentence="8" number="34">Red</token>
<token t_id="225" sentence="8" number="35">Sox</token>
<token t_id="226" sentence="8" number="36">for</token>
<token t_id="227" sentence="8" number="37">Teixeira's</token>
<token t_id="228" sentence="8" number="38">services</token>
<token t_id="229" sentence="8" number="39">.</token>
<token t_id="230" sentence="9" number="0">The</token>
<token t_id="231" sentence="9" number="1">Yankees</token>
<token t_id="232" sentence="9" number="2">could</token>
<token t_id="233" sentence="9" number="3">do</token>
<token t_id="234" sentence="9" number="4">it</token>
<token t_id="235" sentence="9" number="5">in</token>
<token t_id="236" sentence="9" number="6">a</token>
<token t_id="237" sentence="9" number="7">big</token>
<token t_id="238" sentence="9" number="8">way</token>
<token t_id="239" sentence="9" number="9">,</token>
<token t_id="240" sentence="9" number="10">too</token>
<token t_id="241" sentence="9" number="11">,</token>
<token t_id="242" sentence="9" number="12">giving</token>
<token t_id="243" sentence="9" number="13">Teixeira</token>
<token t_id="244" sentence="9" number="14">the</token>
<token t_id="245" sentence="9" number="15">kind</token>
<token t_id="246" sentence="9" number="16">of</token>
<token t_id="247" sentence="9" number="17">money</token>
<token t_id="248" sentence="9" number="18">that</token>
<token t_id="249" sentence="9" number="19">would</token>
<token t_id="250" sentence="9" number="20">put</token>
<token t_id="251" sentence="9" number="21">him</token>
<token t_id="252" sentence="9" number="22">in</token>
<token t_id="253" sentence="9" number="23">the</token>
<token t_id="254" sentence="9" number="24">clouds</token>
<token t_id="255" sentence="9" number="25">with</token>
<token t_id="256" sentence="9" number="26">Alex</token>
<token t_id="257" sentence="9" number="27">Rodriguez</token>
<token t_id="258" sentence="9" number="28">.</token>
<Markables>
<ACTION_OCCURRENCE m_id="11"  >
  <token_anchor t_id="71"/>
</ACTION_OCCURRENCE>
<ACTION_OCCURRENCE m_id="14"  >
  <token_anchor t_id="62"/>
</ACTION_OCCURRENCE>
<ACTION_OCCURRENCE m_id="15"  >
  <token_anchor t_id="68"/>
</ACTION_OCCURRENCE>
<ACTION_OCCURRENCE m_id="3"  >
  <token_anchor t_id="37"/>
  <token_anchor t_id="38"/>
</ACTION_OCCURRENCE>
<ACTION_OCCURRENCE m_id="4"  >
  <token_anchor t_id="43"/>
</ACTION_OCCURRENCE>
<ACTION_OCCURRENCE m_id="5"  >
  <token_anchor t_id="52"/>
</ACTION_OCCURRENCE>
<ACTION_OCCURRENCE m_id="6"  >
  <token_anchor t_id="54"/>
</ACTION_OCCURRENCE>
<HUMAN_PART_ORG m_id="10"  >
  <token_anchor t_id="75"/>
</HUMAN_PART_ORG>
<HUMAN_PART_ORG m_id="1"  >
  <token_anchor t_id="34"/>
  <token_anchor t_id="35"/>
</HUMAN_PART_ORG>
<HUMAN_PART_ORG m_id="7"  >
  <token_anchor t_id="57"/>
  <token_anchor t_id="58"/>
</HUMAN_PART_ORG>
<HUMAN_PART_PER m_id="2"  >
  <token_anchor t_id="40"/>
</HUMAN_PART_PER>
<HUMAN_PART_PER m_id="8"  >
  <token_anchor t_id="63"/>
  <token_anchor t_id="64"/>
</HUMAN_PART_PER>
<NON_HUMAN_PART m_id="9"  >
  <token_anchor t_id="67"/>
</NON_HUMAN_PART>




<ACTION_OCCURRENCE m_id="21" RELATED_TO="" TAG_DESCRIPTOR="t10_extend_offer" instance_id="ACT17228268927342610" />
<HUMAN_PART_ORG m_id="20" RELATED_TO="" TAG_DESCRIPTOR="t10_red_sox" instance_id="HUM17227556758659704" />
<HUMAN_PART_PER m_id="19" RELATED_TO="" TAG_DESCRIPTOR="t10_teixeira" instance_id="HUM17227544654464282" />
<ACTION_OCCURRENCE m_id="18" RELATED_TO="" TAG_DESCRIPTOR="t10_offered_teixeira_8_years" instance_id="ACT17227533690017485" />
<NON_HUMAN_PART m_id="17" RELATED_TO="" TAG_DESCRIPTOR="t10_the_deal" instance_id="NON17227581370028900" />
<ACTION_OCCURRENCE m_id="16" RELATED_TO="" TAG_DESCRIPTOR="t10_red_sox_history" instance_id="ACT17228249286360396" />
</Markables>

<Relations>
<CROSS_DOC_COREF r_id="24829" note="ACT17228249286360396" >
  <source m_id="11" />
  <target m_id="16" />
</CROSS_DOC_COREF>
<CROSS_DOC_COREF r_id="24830" note="NON17227581370028900" >
  <source m_id="9" />
  <target m_id="17" />
</CROSS_DOC_COREF>
<CROSS_DOC_COREF r_id="24831" note="ACT17227533690017485" >
  <source m_id="15" />
  <target m_id="18" />
</CROSS_DOC_COREF>
<CROSS_DOC_COREF r_id="24832" note="HUM17227544654464282" >
  <source m_id="2" />
  <source m_id="8" />
  <target m_id="19" />
</CROSS_DOC_COREF>
<CROSS_DOC_COREF r_id="24833" note="HUM17227556758659704" >
  <source m_id="1" />
  <source m_id="7" />
  <target m_id="20" />
</CROSS_DOC_COREF>
<CROSS_DOC_COREF r_id="24834" note="ACT17228268927342610" >
  <source m_id="14" />
  <target m_id="21" />
</CROSS_DOC_COREF>

</Relations>
</Document>
