<Document doc_name="10_13ecbplus.xml" doc_id="DOC15646126688049637">
<token t_id="1" sentence="0" number="0">http</token>
<token t_id="2" sentence="0" number="1">:</token>
<token t_id="3" sentence="0" number="2">/</token>
<token t_id="4" sentence="0" number="3">/</token>
<token t_id="5" sentence="0" number="4">www</token>
<token t_id="6" sentence="0" number="5">.</token>
<token t_id="7" sentence="0" number="6">ocregister</token>
<token t_id="8" sentence="0" number="7">.</token>
<token t_id="9" sentence="0" number="8">com</token>
<token t_id="10" sentence="0" number="9">/</token>
<token t_id="11" sentence="0" number="10">angels</token>
<token t_id="12" sentence="0" number="11">/</token>
<token t_id="13" sentence="0" number="12">million</token>
<token t_id="14" sentence="0" number="13">-</token>
<token t_id="15" sentence="0" number="14">416271</token>
<token t_id="16" sentence="0" number="15">-</token>
<token t_id="17" sentence="0" number="16">http</token>
<token t_id="18" sentence="0" number="17">-</token>
<token t_id="19" sentence="0" number="18">red</token>
<token t_id="20" sentence="0" number="19">.</token>
<token t_id="21" sentence="0" number="20">html</token>
<token t_id="22" sentence="1" number="0">Report</token>
<token t_id="23" sentence="1" number="1">:</token>
<token t_id="24" sentence="1" number="2">Red</token>
<token t_id="25" sentence="1" number="3">Sox</token>
<token t_id="26" sentence="1" number="4">offer</token>
<token t_id="27" sentence="1" number="5">Teixeira</token>
<token t_id="28" sentence="1" number="6">$200</token>
<token t_id="29" sentence="1" number="7">million</token>
<token t_id="30" sentence="2" number="0">December</token>
<token t_id="31" sentence="2" number="1">15th</token>
<token t_id="32" sentence="2" number="2">,</token>
<token t_id="33" sentence="2" number="3">2008</token>
<token t_id="34" sentence="2" number="4">,</token>
<token t_id="35" sentence="2" number="5">7</token>
<token t_id="36" sentence="2" number="6">:</token>
<token t_id="37" sentence="2" number="7">35</token>
<token t_id="38" sentence="2" number="8">am</token>
<token t_id="39" sentence="3" number="0">Dan</token>
<token t_id="40" sentence="3" number="1">Patrick</token>
<token t_id="41" sentence="3" number="2">reported</token>
<token t_id="42" sentence="3" number="3">on</token>
<token t_id="43" sentence="3" number="4">his</token>
<token t_id="44" sentence="3" number="5">show</token>
<token t_id="45" sentence="3" number="6">on</token>
<token t_id="46" sentence="3" number="7">AM</token>
<token t_id="47" sentence="3" number="8">570</token>
<token t_id="48" sentence="3" number="9">that</token>
<token t_id="49" sentence="3" number="10">the</token>
<token t_id="50" sentence="3" number="11">Boston</token>
<token t_id="51" sentence="3" number="12">Red</token>
<token t_id="52" sentence="3" number="13">Sox</token>
<token t_id="53" sentence="3" number="14">have</token>
<token t_id="54" sentence="3" number="15">made</token>
<token t_id="55" sentence="3" number="16">first</token>
<token t_id="56" sentence="3" number="17">baseman</token>
<token t_id="57" sentence="3" number="18">Mark</token>
<token t_id="58" sentence="3" number="19">Teixeira</token>
<token t_id="59" sentence="3" number="20">an</token>
<token t_id="60" sentence="3" number="21">eight</token>
<token t_id="61" sentence="3" number="22">-</token>
<token t_id="62" sentence="3" number="23">year</token>
<token t_id="63" sentence="3" number="24">,</token>
<token t_id="64" sentence="3" number="25">$200</token>
<token t_id="65" sentence="3" number="26">million</token>
<token t_id="66" sentence="3" number="27">offer</token>
<token t_id="67" sentence="3" number="28">.</token>
<token t_id="68" sentence="4" number="0">If</token>
<token t_id="69" sentence="4" number="1">so</token>
<token t_id="70" sentence="4" number="2">,</token>
<token t_id="71" sentence="4" number="3">that</token>
<token t_id="72" sentence="4" number="4">blows</token>
<token t_id="73" sentence="4" number="5">the</token>
<token t_id="74" sentence="4" number="6">reported</token>
<token t_id="75" sentence="4" number="7">eight</token>
<token t_id="76" sentence="4" number="8">-</token>
<token t_id="77" sentence="4" number="9">year</token>
<token t_id="78" sentence="4" number="10">,</token>
<token t_id="79" sentence="4" number="11">$160</token>
<token t_id="80" sentence="4" number="12">million</token>
<token t_id="81" sentence="4" number="13">offers</token>
<token t_id="82" sentence="4" number="14">by</token>
<token t_id="83" sentence="4" number="15">the</token>
<token t_id="84" sentence="4" number="16">Angels</token>
<token t_id="85" sentence="4" number="17">and</token>
<token t_id="86" sentence="4" number="18">the</token>
<token t_id="87" sentence="4" number="19">Washington</token>
<token t_id="88" sentence="4" number="20">Nationals</token>
<token t_id="89" sentence="4" number="21">out</token>
<token t_id="90" sentence="4" number="22">of</token>
<token t_id="91" sentence="4" number="23">the</token>
<token t_id="92" sentence="4" number="24">water</token>
<token t_id="93" sentence="4" number="25">.</token>
<token t_id="94" sentence="5" number="0">Patrick</token>
<token t_id="95" sentence="5" number="1">said</token>
<token t_id="96" sentence="5" number="2">Monday</token>
<token t_id="97" sentence="5" number="3">morning</token>
<token t_id="98" sentence="5" number="4">:</token>
<token t_id="99" sentence="5" number="5">"If</token>
<token t_id="100" sentence="5" number="6">it's</token>
<token t_id="101" sentence="5" number="7">true</token>
<token t_id="102" sentence="5" number="8">they're</token>
<token t_id="103" sentence="5" number="9">offering</token>
<token t_id="104" sentence="5" number="10">$200</token>
<token t_id="105" sentence="5" number="11">million</token>
<token t_id="106" sentence="5" number="12">to</token>
<token t_id="107" sentence="5" number="13">a</token>
<token t_id="108" sentence="5" number="14">career</token>
<token t_id="109" sentence="5" number="15">.</token>
<token t_id="110" sentence="5" number="16">290</token>
<token t_id="111" sentence="5" number="17">hitter</token>
<token t_id="112" sentence="5" number="18">,</token>
<token t_id="113" sentence="5" number="19">it'll</token>
<token t_id="114" sentence="5" number="20">be</token>
<token t_id="115" sentence="5" number="21">interesting</token>
<token t_id="116" sentence="5" number="22">to</token>
<token t_id="117" sentence="5" number="23">see</token>
<token t_id="118" sentence="5" number="24">what</token>
<token t_id="119" sentence="5" number="25">the</token>
<token t_id="120" sentence="5" number="26">Angels</token>
<token t_id="121" sentence="5" number="27">do</token>
<token t_id="122" sentence="5" number="28">.</token>
<token t_id="123" sentence="5" number="29">"</token>
<token t_id="124" sentence="6" number="0">He</token>
<token t_id="125" sentence="6" number="1">then</token>
<token t_id="126" sentence="6" number="2">speculated</token>
<token t_id="127" sentence="6" number="3">the</token>
<token t_id="128" sentence="6" number="4">Angels</token>
<token t_id="129" sentence="6" number="5">might</token>
<token t_id="130" sentence="6" number="6">turn</token>
<token t_id="131" sentence="6" number="7">their</token>
<token t_id="132" sentence="6" number="8">interest</token>
<token t_id="133" sentence="6" number="9">to</token>
<token t_id="134" sentence="6" number="10">Manny</token>
<token t_id="135" sentence="6" number="11">Ramirez</token>
<token t_id="136" sentence="6" number="12">.</token>
<token t_id="137" sentence="7" number="0">The</token>
<token t_id="138" sentence="7" number="1">Boston</token>
<token t_id="139" sentence="7" number="2">Herald's</token>
<token t_id="140" sentence="7" number="3">Michael</token>
<token t_id="141" sentence="7" number="4">Silverman</token>
<token t_id="142" sentence="7" number="5">wrote</token>
<token t_id="143" sentence="7" number="6">in</token>
<token t_id="144" sentence="7" number="7">his</token>
<token t_id="145" sentence="7" number="8">Monday</token>
<token t_id="146" sentence="7" number="9">column</token>
<token t_id="147" sentence="7" number="10">the</token>
<token t_id="148" sentence="7" number="11">Red</token>
<token t_id="149" sentence="7" number="12">Sox</token>
<token t_id="150" sentence="7" number="13">offer</token>
<token t_id="151" sentence="7" number="14">was</token>
<token t_id="152" sentence="7" number="15">expected</token>
<token t_id="153" sentence="7" number="16">to</token>
<token t_id="154" sentence="7" number="17">be</token>
<token t_id="155" sentence="7" number="18">in</token>
<token t_id="156" sentence="7" number="19">the</token>
<token t_id="157" sentence="7" number="20">range</token>
<token t_id="158" sentence="7" number="21">of</token>
<token t_id="159" sentence="7" number="22">$145</token>
<token t_id="160" sentence="7" number="23">million</token>
<token t_id="161" sentence="7" number="24">to</token>
<token t_id="162" sentence="7" number="25">$175</token>
<token t_id="163" sentence="7" number="26">million</token>
<token t_id="164" sentence="7" number="27">,</token>
<token t_id="165" sentence="7" number="28">possibly</token>
<token t_id="166" sentence="7" number="29">more</token>
<token t_id="167" sentence="7" number="30">.</token>
<token t_id="168" sentence="8" number="0">He</token>
<token t_id="169" sentence="8" number="1">also</token>
<token t_id="170" sentence="8" number="2">noted</token>
<token t_id="171" sentence="8" number="3">that</token>
<token t_id="172" sentence="8" number="4">it</token>
<token t_id="173" sentence="8" number="5">is</token>
<token t_id="174" sentence="8" number="6">rare</token>
<token t_id="175" sentence="8" number="7">for</token>
<token t_id="176" sentence="8" number="8">Boston</token>
<token t_id="177" sentence="8" number="9">to</token>
<token t_id="178" sentence="8" number="10">extend</token>
<token t_id="179" sentence="8" number="11">contracts</token>
<token t_id="180" sentence="8" number="12">to</token>
<token t_id="181" sentence="8" number="13">players</token>
<token t_id="182" sentence="8" number="14">that</token>
<token t_id="183" sentence="8" number="15">go</token>
<token t_id="184" sentence="8" number="16">to</token>
<token t_id="185" sentence="8" number="17">their</token>
<token t_id="186" sentence="8" number="18">36th</token>
<token t_id="187" sentence="8" number="19">birthdays</token>
<token t_id="188" sentence="8" number="20">,</token>
<token t_id="189" sentence="8" number="21">with</token>
<token t_id="190" sentence="8" number="22">the</token>
<token t_id="191" sentence="8" number="23">exceptions</token>
<token t_id="192" sentence="8" number="24">of</token>
<token t_id="193" sentence="8" number="25">Jason</token>
<token t_id="194" sentence="8" number="26">Varitek's</token>
<token t_id="195" sentence="8" number="27">just</token>
<token t_id="196" sentence="8" number="28">-</token>
<token t_id="197" sentence="8" number="29">expired</token>
<token t_id="198" sentence="8" number="30">deal</token>
<token t_id="199" sentence="8" number="31">and</token>
<token t_id="200" sentence="8" number="32">Mike</token>
<token t_id="201" sentence="8" number="33">Lowell's</token>
<token t_id="202" sentence="8" number="34">contract</token>
<token t_id="203" sentence="8" number="35">.</token>
<token t_id="204" sentence="9" number="0">Teixeira</token>
<token t_id="205" sentence="9" number="1">will</token>
<token t_id="206" sentence="9" number="2">be</token>
<token t_id="207" sentence="9" number="3">29</token>
<token t_id="208" sentence="9" number="4">in</token>
<token t_id="209" sentence="9" number="5">April</token>
<token t_id="210" sentence="9" number="6">.</token>
<Markables>
<ACTION_OCCURRENCE m_id="19"  >
  <token_anchor t_id="103"/>
</ACTION_OCCURRENCE>
<ACTION_OCCURRENCE m_id="23"  >
  <token_anchor t_id="121"/>
</ACTION_OCCURRENCE>
<ACTION_OCCURRENCE m_id="29"  >
  <token_anchor t_id="54"/>
</ACTION_OCCURRENCE>
<ACTION_OCCURRENCE m_id="30"  >
  <token_anchor t_id="66"/>
</ACTION_OCCURRENCE>
<ACTION_OCCURRENCE m_id="2"  >
  <token_anchor t_id="26"/>
</ACTION_OCCURRENCE>
<ACTION_PERCEPTION m_id="20"  >
  <token_anchor t_id="117"/>
</ACTION_PERCEPTION>
<ACTION_REPORTING m_id="9"  >
  <token_anchor t_id="44"/>
</ACTION_REPORTING>
<ACTION_REPORTING m_id="15"  >
  <token_anchor t_id="95"/>
</ACTION_REPORTING>
<ACTION_REPORTING m_id="8"  >
  <token_anchor t_id="41"/>
</ACTION_REPORTING>
<HUMAN_PART_ORG m_id="11"  >
  <token_anchor t_id="50"/>
  <token_anchor t_id="51"/>
  <token_anchor t_id="52"/>
</HUMAN_PART_ORG>
<HUMAN_PART_ORG m_id="17"  >
  <token_anchor t_id="102"/>
</HUMAN_PART_ORG>
<HUMAN_PART_ORG m_id="18"  >
  <token_anchor t_id="120"/>
</HUMAN_PART_ORG>
<HUMAN_PART_ORG m_id="1"  >
  <token_anchor t_id="24"/>
  <token_anchor t_id="25"/>
</HUMAN_PART_ORG>
<HUMAN_PART_PER m_id="10"  >
  <token_anchor t_id="43"/>
</HUMAN_PART_PER>
<HUMAN_PART_PER m_id="12"  >
  <token_anchor t_id="57"/>
  <token_anchor t_id="58"/>
</HUMAN_PART_PER>
<HUMAN_PART_PER m_id="14"  >
  <token_anchor t_id="94"/>
</HUMAN_PART_PER>
<HUMAN_PART_PER m_id="22"  >
  <token_anchor t_id="111"/>
</HUMAN_PART_PER>
<HUMAN_PART_PER m_id="24"  >
  <token_anchor t_id="27"/>
</HUMAN_PART_PER>
<HUMAN_PART_PER m_id="7"  >
  <token_anchor t_id="39"/>
  <token_anchor t_id="40"/>
</HUMAN_PART_PER>
<NON_HUMAN_PART m_id="21"  >
  <token_anchor t_id="104"/>
  <token_anchor t_id="105"/>
</NON_HUMAN_PART>
<NON_HUMAN_PART m_id="3"  >
  <token_anchor t_id="28"/>
  <token_anchor t_id="29"/>
</NON_HUMAN_PART>
<NON_HUMAN_PART m_id="4"  >
  <token_anchor t_id="22"/>
</NON_HUMAN_PART>
<NON_HUMAN_PART m_id="6"  >
  <token_anchor t_id="64"/>
  <token_anchor t_id="65"/>
</NON_HUMAN_PART>
<TIME_DURATION m_id="13"  >
  <token_anchor t_id="60"/>
  <token_anchor t_id="61"/>
  <token_anchor t_id="62"/>
</TIME_DURATION>
<TIME_OF_THE_DAY m_id="16"  >
  <token_anchor t_id="96"/>
  <token_anchor t_id="97"/>
</TIME_OF_THE_DAY>
<TIME_OF_THE_DAY m_id="5"  >
  <token_anchor t_id="30"/>
  <token_anchor t_id="31"/>
  <token_anchor t_id="32"/>
  <token_anchor t_id="33"/>
  <token_anchor t_id="34"/>
  <token_anchor t_id="35"/>
  <token_anchor t_id="36"/>
  <token_anchor t_id="37"/>
  <token_anchor t_id="38"/>
</TIME_OF_THE_DAY>




<ACTION_OCCURRENCE m_id="33" RELATED_TO="" TAG_DESCRIPTOR="t10_offered_teixeira_8_years" instance_id="ACT17227533690017485" />
<NON_HUMAN_PART m_id="32" RELATED_TO="" TAG_DESCRIPTOR="t10_200mil" instance_id="NON28274640438504930" />
<TIME_DURATION m_id="31" RELATED_TO="" TAG_DESCRIPTOR="t10_8_year" instance_id="TIM17227593624160638" />
<HUMAN_PART_PER m_id="27" RELATED_TO="" TAG_DESCRIPTOR="patrick" />
<ACTION_OCCURRENCE m_id="36" RELATED_TO="" TAG_DESCRIPTOR="t10_extend_offer" instance_id="ACT17228268927342610" />
<HUMAN_PART_ORG m_id="35" RELATED_TO="" TAG_DESCRIPTOR="t10_red_sox" instance_id="HUM17227556758659704" />
<HUMAN_PART_PER m_id="34" RELATED_TO="" TAG_DESCRIPTOR="t10_teixeira" instance_id="HUM17227544654464282" />
</Markables>

<Relations>
<INTRA_DOC_COREF r_id="24825" >
<source m_id="7" />
<source m_id="10" />
<source m_id="14" />
<target m_id="27" />
</INTRA_DOC_COREF>
<CROSS_DOC_COREF r_id="24827" note="TIM17227593624160638" >
  <source m_id="13" />
  <target m_id="31" />
</CROSS_DOC_COREF>
<CROSS_DOC_COREF r_id="24828" note="NON28274640438504930" >
  <source m_id="6" />
  <source m_id="3" />
  <target m_id="32" />
</CROSS_DOC_COREF>
<CROSS_DOC_COREF r_id="24829" note="ACT17227533690017485" >
  <source m_id="30" />
  <source m_id="2" />
  <source m_id="19" />
  <target m_id="33" />
</CROSS_DOC_COREF>
<CROSS_DOC_COREF r_id="24830" note="HUM17227544654464282" >
  <source m_id="12" />
  <source m_id="22" />
  <source m_id="24" />
  <target m_id="34" />
</CROSS_DOC_COREF>
<CROSS_DOC_COREF r_id="24831" note="HUM17227556758659704" >
  <source m_id="11" />
  <source m_id="1" />
  <source m_id="17" />
  <target m_id="35" />
</CROSS_DOC_COREF>
<CROSS_DOC_COREF r_id="24832" note="ACT17228268927342610" >
  <source m_id="29" />
  <target m_id="36" />
</CROSS_DOC_COREF>

</Relations>
</Document>
