<Document doc_name="10_20ecbplus.xml" doc_id="DOC15646126628837367">
<token t_id="1" sentence="0" number="0">http</token>
<token t_id="2" sentence="0" number="1">:</token>
<token t_id="3" sentence="0" number="2">/</token>
<token t_id="4" sentence="0" number="3">/</token>
<token t_id="5" sentence="0" number="4">www</token>
<token t_id="6" sentence="0" number="5">.</token>
<token t_id="7" sentence="0" number="6">mlbtraderumors</token>
<token t_id="8" sentence="0" number="7">.</token>
<token t_id="9" sentence="0" number="8">com</token>
<token t_id="10" sentence="0" number="9">/</token>
<token t_id="11" sentence="0" number="10">2008</token>
<token t_id="12" sentence="0" number="11">/</token>
<token t_id="13" sentence="0" number="12">12</token>
<token t_id="14" sentence="0" number="13">/</token>
<token t_id="15" sentence="0" number="14">red</token>
<token t_id="16" sentence="0" number="15">-</token>
<token t_id="17" sentence="0" number="16">sox</token>
<token t_id="18" sentence="0" number="17">-</token>
<token t_id="19" sentence="0" number="18">make</token>
<token t_id="20" sentence="0" number="19">-</token>
<token t_id="21" sentence="0" number="20">-</token>
<token t_id="22" sentence="0" number="21">1</token>
<token t_id="23" sentence="0" number="22">.</token>
<token t_id="24" sentence="0" number="23">html</token>
<token t_id="25" sentence="1" number="0">8</token>
<token t_id="26" sentence="1" number="1">:</token>
<token t_id="27" sentence="1" number="2">24am</token>
<token t_id="28" sentence="1" number="3">:</token>
<token t_id="29" sentence="2" number="0">According</token>
<token t_id="30" sentence="2" number="1">to</token>
<token t_id="31" sentence="2" number="2">Michael</token>
<token t_id="32" sentence="2" number="3">Silverman</token>
<token t_id="33" sentence="2" number="4">of</token>
<token t_id="34" sentence="2" number="5">the</token>
<token t_id="35" sentence="2" number="6">Boston</token>
<token t_id="36" sentence="2" number="7">Herald</token>
<token t_id="37" sentence="2" number="8">,</token>
<token t_id="38" sentence="2" number="9">the</token>
<token t_id="39" sentence="2" number="10">Red</token>
<token t_id="40" sentence="2" number="11">Sox</token>
<token t_id="41" sentence="2" number="12">made</token>
<token t_id="42" sentence="2" number="13">an</token>
<token t_id="43" sentence="2" number="14">offer</token>
<token t_id="44" sentence="2" number="15">to</token>
<token t_id="45" sentence="2" number="16">Mark</token>
<token t_id="46" sentence="2" number="17">Teixeira</token>
<token t_id="47" sentence="2" number="18">.</token>
<token t_id="48" sentence="3" number="0">Silverman</token>
<token t_id="49" sentence="3" number="1">believes</token>
<token t_id="50" sentence="3" number="2">it</token>
<token t_id="51" sentence="3" number="3">to</token>
<token t_id="52" sentence="3" number="4">be</token>
<token t_id="53" sentence="3" number="5">for</token>
<token t_id="54" sentence="3" number="6">eight</token>
<token t_id="55" sentence="3" number="7">years</token>
<token t_id="56" sentence="3" number="8">.</token>
<token t_id="57" sentence="4" number="0">Tex</token>
<token t_id="58" sentence="4" number="1">is</token>
<token t_id="59" sentence="4" number="2">believed</token>
<token t_id="60" sentence="4" number="3">to</token>
<token t_id="61" sentence="4" number="4">be</token>
<token t_id="62" sentence="4" number="5">seeking</token>
<token t_id="63" sentence="4" number="6">more</token>
<token t_id="64" sentence="4" number="7">than</token>
<token t_id="65" sentence="4" number="8">$21MM</token>
<token t_id="66" sentence="4" number="9">per</token>
<token t_id="67" sentence="4" number="10">year</token>
<token t_id="68" sentence="4" number="11">,</token>
<token t_id="69" sentence="4" number="12">closer</token>
<token t_id="70" sentence="4" number="13">to</token>
<token t_id="71" sentence="4" number="14">Alex</token>
<token t_id="72" sentence="4" number="15">Rodriguez's</token>
<token t_id="73" sentence="4" number="16">$27</token>
<token t_id="74" sentence="4" number="17">.</token>
<token t_id="75" sentence="4" number="18">5MM</token>
<token t_id="76" sentence="4" number="19">per</token>
<token t_id="77" sentence="4" number="20">year</token>
<token t_id="78" sentence="4" number="21">.</token>
<token t_id="79" sentence="5" number="0">The</token>
<token t_id="80" sentence="5" number="1">Angels</token>
<token t_id="81" sentence="5" number="2">are</token>
<token t_id="82" sentence="5" number="3">reportedly</token>
<token t_id="83" sentence="5" number="4">at</token>
<token t_id="84" sentence="5" number="5">eight</token>
<token t_id="85" sentence="5" number="6">years</token>
<token t_id="86" sentence="5" number="7">and</token>
<token t_id="87" sentence="5" number="8">at</token>
<token t_id="88" sentence="5" number="9">least</token>
<token t_id="89" sentence="5" number="10">$160MM</token>
<token t_id="90" sentence="5" number="11">,</token>
<token t_id="91" sentence="5" number="12">the</token>
<token t_id="92" sentence="5" number="13">Orioles</token>
<token t_id="93" sentence="5" number="14">around</token>
<token t_id="94" sentence="5" number="15">seven</token>
<token t_id="95" sentence="5" number="16">years</token>
<token t_id="96" sentence="5" number="17">,</token>
<token t_id="97" sentence="5" number="18">$140</token>
<token t_id="98" sentence="5" number="19">-</token>
<token t_id="99" sentence="5" number="20">150MM</token>
<token t_id="100" sentence="5" number="21">,</token>
<token t_id="101" sentence="5" number="22">and</token>
<token t_id="102" sentence="5" number="23">the</token>
<token t_id="103" sentence="5" number="24">Nationals</token>
<token t_id="104" sentence="5" number="25">at</token>
<token t_id="105" sentence="5" number="26">eight</token>
<token t_id="106" sentence="5" number="27">years</token>
<token t_id="107" sentence="5" number="28">,</token>
<token t_id="108" sentence="5" number="29">$160MM</token>
<token t_id="109" sentence="5" number="30">.</token>
<Markables>
<ACTION_OCCURRENCE m_id="10"  >
  <token_anchor t_id="41"/>
</ACTION_OCCURRENCE>
<ACTION_OCCURRENCE m_id="7"  >
  <token_anchor t_id="49"/>
</ACTION_OCCURRENCE>
<HUMAN_PART_ORG m_id="5"  >
  <token_anchor t_id="35"/>
  <token_anchor t_id="36"/>
</HUMAN_PART_ORG>
<HUMAN_PART_ORG m_id="6"  >
  <token_anchor t_id="39"/>
  <token_anchor t_id="40"/>
</HUMAN_PART_ORG>
<HUMAN_PART_PER m_id="2"  >
  <token_anchor t_id="31"/>
  <token_anchor t_id="32"/>
</HUMAN_PART_PER>
<HUMAN_PART_PER m_id="3"  >
  <token_anchor t_id="45"/>
  <token_anchor t_id="46"/>
</HUMAN_PART_PER>
<HUMAN_PART_PER m_id="4"  >
  <token_anchor t_id="48"/>
</HUMAN_PART_PER>
<TIME_DURATION m_id="8"  >
  <token_anchor t_id="54"/>
  <token_anchor t_id="55"/>
</TIME_DURATION>
<TIME_OF_THE_DAY m_id="1"  >
  <token_anchor t_id="25"/>
  <token_anchor t_id="26"/>
  <token_anchor t_id="27"/>
</TIME_OF_THE_DAY>


<ACTION_OCCURRENCE m_id="14" note="byCROMER" >
  <token_anchor t_id="43"/>
</ACTION_OCCURRENCE>
<ACTION_OCCURRENCE m_id="15" note="byCROMER" >
  <token_anchor t_id="50"/>
</ACTION_OCCURRENCE>


<ACTION_OCCURRENCE m_id="21" RELATED_TO="" TAG_DESCRIPTOR="t10_extend_offer" instance_id="ACT17228268927342610" />
<HUMAN_PART_ORG m_id="20" RELATED_TO="" TAG_DESCRIPTOR="t10_red_sox" instance_id="HUM17227556758659704" />
<HUMAN_PART_PER m_id="19" RELATED_TO="" TAG_DESCRIPTOR="t10_teixeira" instance_id="HUM17227544654464282" />
<HUMAN_PART_ORG m_id="18" RELATED_TO="" TAG_DESCRIPTOR="t10_boston_herald" instance_id="HUM17228289052548531" />
<HUMAN_PART_PER m_id="9" RELATED_TO="" TAG_DESCRIPTOR="silverman" />
<ACTION_OCCURRENCE m_id="17" RELATED_TO="" TAG_DESCRIPTOR="t10_offered_teixeira_8_years" instance_id="ACT17227533690017485" />
<TIME_DURATION m_id="16" RELATED_TO="" TAG_DESCRIPTOR="t10_8_year" instance_id="TIM17227593624160638" />
</Markables>

<Relations>
<INTRA_DOC_COREF r_id="24840" >
<source m_id="2" />
<source m_id="4" />
<target m_id="9" />
</INTRA_DOC_COREF>
<CROSS_DOC_COREF r_id="25013" note="TIM17227593624160638" >
  <source m_id="8" />
  <target m_id="16" />
</CROSS_DOC_COREF>
<CROSS_DOC_COREF r_id="25014" note="ACT17227533690017485" >
  <source m_id="14" />
  <source m_id="15" />
  <target m_id="17" />
</CROSS_DOC_COREF>
<CROSS_DOC_COREF r_id="25015" note="HUM17228289052548531" >
  <source m_id="5" />
  <target m_id="18" />
</CROSS_DOC_COREF>
<CROSS_DOC_COREF r_id="25016" note="HUM17227544654464282" >
  <source m_id="3" />
  <target m_id="19" />
</CROSS_DOC_COREF>
<CROSS_DOC_COREF r_id="25017" note="HUM17227556758659704" >
  <source m_id="6" />
  <target m_id="20" />
</CROSS_DOC_COREF>
<CROSS_DOC_COREF r_id="25018" note="ACT17228268927342610" >
  <source m_id="10" />
  <target m_id="21" />
</CROSS_DOC_COREF>

</Relations>
</Document>
