<Document doc_name="10_21ecbplus.xml" doc_id="DOC15646125917658958">
<token t_id="1" sentence="0" number="0">http</token>
<token t_id="2" sentence="0" number="1">:</token>
<token t_id="3" sentence="0" number="2">/</token>
<token t_id="4" sentence="0" number="3">/</token>
<token t_id="5" sentence="0" number="4">www</token>
<token t_id="6" sentence="0" number="5">.</token>
<token t_id="7" sentence="0" number="6">mlbtraderumors</token>
<token t_id="8" sentence="0" number="7">.</token>
<token t_id="9" sentence="0" number="8">com</token>
<token t_id="10" sentence="0" number="9">/</token>
<token t_id="11" sentence="0" number="10">2008</token>
<token t_id="12" sentence="0" number="11">/</token>
<token t_id="13" sentence="0" number="12">12</token>
<token t_id="14" sentence="0" number="13">/</token>
<token t_id="15" sentence="0" number="14">red</token>
<token t_id="16" sentence="0" number="15">-</token>
<token t_id="17" sentence="0" number="16">sox</token>
<token t_id="18" sentence="0" number="17">-</token>
<token t_id="19" sentence="0" number="18">made</token>
<token t_id="20" sentence="0" number="19">-</token>
<token t_id="21" sentence="0" number="20">20</token>
<token t_id="22" sentence="0" number="21">.</token>
<token t_id="23" sentence="0" number="22">html</token>
<token t_id="24" sentence="1" number="0">Red</token>
<token t_id="25" sentence="1" number="1">Sox</token>
<token t_id="26" sentence="1" number="2">-</token>
<token t_id="27" sentence="1" number="3">Teixeira</token>
<token t_id="28" sentence="1" number="4">Rumor</token>
<token t_id="29" sentence="2" number="0">December</token>
<token t_id="30" sentence="2" number="1">15</token>
<token t_id="31" sentence="2" number="2">,</token>
<token t_id="32" sentence="2" number="3">2008</token>
<token t_id="33" sentence="2" number="4">at</token>
<token t_id="34" sentence="2" number="5">1</token>
<token t_id="35" sentence="2" number="6">:</token>
<token t_id="36" sentence="2" number="7">00pm</token>
<token t_id="37" sentence="2" number="8">CST</token>
<token t_id="38" sentence="3" number="0">2</token>
<token t_id="39" sentence="3" number="1">:</token>
<token t_id="40" sentence="3" number="2">16pm</token>
<token t_id="41" sentence="3" number="3">:</token>
<token t_id="42" sentence="3" number="4">Take</token>
<token t_id="43" sentence="3" number="5">it</token>
<token t_id="44" sentence="3" number="6">with</token>
<token t_id="45" sentence="3" number="7">a</token>
<token t_id="46" sentence="3" number="8">grain</token>
<token t_id="47" sentence="3" number="9">of</token>
<token t_id="48" sentence="3" number="10">salt</token>
<token t_id="49" sentence="3" number="11">,</token>
<token t_id="50" sentence="3" number="12">but</token>
<token t_id="51" sentence="3" number="13">we</token>
<token t_id="52" sentence="3" number="14">have</token>
<token t_id="53" sentence="3" number="15">a</token>
<token t_id="54" sentence="3" number="16">report</token>
<token t_id="55" sentence="3" number="17">of</token>
<token t_id="56" sentence="3" number="18">a</token>
<token t_id="57" sentence="3" number="19">report</token>
<token t_id="58" sentence="3" number="20">that</token>
<token t_id="59" sentence="3" number="21">the</token>
<token t_id="60" sentence="3" number="22">Red</token>
<token t_id="61" sentence="3" number="23">Sox</token>
<token t_id="62" sentence="3" number="24">offered</token>
<token t_id="63" sentence="3" number="25">Mark</token>
<token t_id="64" sentence="3" number="26">Teixeira</token>
<token t_id="65" sentence="3" number="27">an</token>
<token t_id="66" sentence="3" number="28">eight</token>
<token t_id="67" sentence="3" number="29">-</token>
<token t_id="68" sentence="3" number="30">year</token>
<token t_id="69" sentence="3" number="31">,</token>
<token t_id="70" sentence="3" number="32">$200MM</token>
<token t_id="71" sentence="3" number="33">deal</token>
<token t_id="72" sentence="3" number="34">.</token>
<token t_id="73" sentence="4" number="0">Earl</token>
<token t_id="74" sentence="4" number="1">Bloom</token>
<token t_id="75" sentence="4" number="2">of</token>
<token t_id="76" sentence="4" number="3">the</token>
<token t_id="77" sentence="4" number="4">Orange</token>
<token t_id="78" sentence="4" number="5">County</token>
<token t_id="79" sentence="4" number="6">Register</token>
<token t_id="80" sentence="4" number="7">heard</token>
<token t_id="81" sentence="4" number="8">Dan</token>
<token t_id="82" sentence="4" number="9">Patrick</token>
<token t_id="83" sentence="4" number="10">say</token>
<token t_id="84" sentence="4" number="11">it</token>
<token t_id="85" sentence="4" number="12">on</token>
<token t_id="86" sentence="4" number="13">his</token>
<token t_id="87" sentence="4" number="14">radio</token>
<token t_id="88" sentence="4" number="15">show</token>
<token t_id="89" sentence="4" number="16">.</token>
<token t_id="90" sentence="5" number="0">It'd</token>
<token t_id="91" sentence="5" number="1">be</token>
<token t_id="92" sentence="5" number="2">best</token>
<token t_id="93" sentence="5" number="3">to</token>
<token t_id="94" sentence="5" number="4">treat</token>
<token t_id="95" sentence="5" number="5">the</token>
<token t_id="96" sentence="5" number="6">report</token>
<token t_id="97" sentence="5" number="7">with</token>
<token t_id="98" sentence="5" number="8">skepticism</token>
<token t_id="99" sentence="5" number="9">until</token>
<token t_id="100" sentence="5" number="10">it's</token>
<token t_id="101" sentence="5" number="11">confirmed</token>
<token t_id="102" sentence="5" number="12">by</token>
<token t_id="103" sentence="5" number="13">another</token>
<token t_id="104" sentence="5" number="14">source</token>
<token t_id="105" sentence="5" number="15">.</token>
<Markables>
<ACTION_OCCURRENCE m_id="14"  >
  <token_anchor t_id="62"/>
</ACTION_OCCURRENCE>
<ACTION_OCCURRENCE m_id="3"  >
  <token_anchor t_id="28"/>
</ACTION_OCCURRENCE>
<ACTION_STATE m_id="17"  >
  <token_anchor t_id="52"/>
</ACTION_STATE>
<HUMAN_PART_ORG m_id="1"  >
  <token_anchor t_id="24"/>
  <token_anchor t_id="25"/>
</HUMAN_PART_ORG>
<HUMAN_PART_ORG m_id="6"  >
  <token_anchor t_id="51"/>
</HUMAN_PART_ORG>
<HUMAN_PART_ORG m_id="7"  >
  <token_anchor t_id="60"/>
  <token_anchor t_id="61"/>
</HUMAN_PART_ORG>
<HUMAN_PART_PER m_id="2"  >
  <token_anchor t_id="27"/>
</HUMAN_PART_PER>
<HUMAN_PART_PER m_id="8"  >
  <token_anchor t_id="63"/>
  <token_anchor t_id="64"/>
</HUMAN_PART_PER>
<NON_HUMAN_PART m_id="10"  >
  <token_anchor t_id="70"/>
</NON_HUMAN_PART>
<NON_HUMAN_PART m_id="11"  >
  <token_anchor t_id="71"/>
</NON_HUMAN_PART>
<NON_HUMAN_PART m_id="12"  >
  <token_anchor t_id="57"/>
</NON_HUMAN_PART>
<NON_HUMAN_PART m_id="13"  >
  <token_anchor t_id="54"/>
</NON_HUMAN_PART>
<TIME_DURATION m_id="9"  >
  <token_anchor t_id="66"/>
  <token_anchor t_id="67"/>
  <token_anchor t_id="68"/>
</TIME_DURATION>
<TIME_OF_THE_DAY m_id="4"  >
  <token_anchor t_id="29"/>
  <token_anchor t_id="30"/>
  <token_anchor t_id="31"/>
  <token_anchor t_id="32"/>
  <token_anchor t_id="33"/>
  <token_anchor t_id="34"/>
  <token_anchor t_id="35"/>
  <token_anchor t_id="36"/>
  <token_anchor t_id="37"/>
</TIME_OF_THE_DAY>
<TIME_OF_THE_DAY m_id="5"  >
  <token_anchor t_id="38"/>
  <token_anchor t_id="39"/>
  <token_anchor t_id="40"/>
</TIME_OF_THE_DAY>




<HUMAN_PART_ORG m_id="23" RELATED_TO="" TAG_DESCRIPTOR="t10_red_sox" instance_id="HUM17227556758659704" />
<HUMAN_PART_PER m_id="22" RELATED_TO="" TAG_DESCRIPTOR="t10_teixeira" instance_id="HUM17227544654464282" />
<ACTION_OCCURRENCE m_id="21" RELATED_TO="" TAG_DESCRIPTOR="t10_offered_teixeira_8_years" instance_id="ACT17227533690017485" />
<NON_HUMAN_PART m_id="20" RELATED_TO="" TAG_DESCRIPTOR="t10_the_deal" instance_id="NON17227581370028900" />
<NON_HUMAN_PART m_id="19" RELATED_TO="" TAG_DESCRIPTOR="t10_200mil" instance_id="NON28274640438504930" />
<TIME_DURATION m_id="18" RELATED_TO="" TAG_DESCRIPTOR="t10_8_year" instance_id="TIM17227593624160638" />
</Markables>

<Relations>
<CROSS_DOC_COREF r_id="24843" note="TIM17227593624160638" >
  <source m_id="9" />
  <target m_id="18" />
</CROSS_DOC_COREF>
<CROSS_DOC_COREF r_id="24844" note="NON28274640438504930" >
  <source m_id="10" />
  <target m_id="19" />
</CROSS_DOC_COREF>
<CROSS_DOC_COREF r_id="24845" note="NON17227581370028900" >
  <source m_id="11" />
  <target m_id="20" />
</CROSS_DOC_COREF>
<CROSS_DOC_COREF r_id="24846" note="ACT17227533690017485" >
  <source m_id="14" />
  <target m_id="21" />
</CROSS_DOC_COREF>
<CROSS_DOC_COREF r_id="24847" note="HUM17227544654464282" >
  <source m_id="8" />
  <source m_id="2" />
  <target m_id="22" />
</CROSS_DOC_COREF>
<CROSS_DOC_COREF r_id="24848" note="HUM17227556758659704" >
  <source m_id="1" />
  <source m_id="7" />
  <target m_id="23" />
</CROSS_DOC_COREF>

</Relations>
</Document>
