<Document doc_name="10_2ecb.xml" doc_id="DOC15654093506907879">
<token t_id="1" sentence="0" number="0">Angels</token>
<token t_id="2" sentence="0" number="1">general</token>
<token t_id="3" sentence="0" number="2">manager</token>
<token t_id="4" sentence="0" number="3">Tony</token>
<token t_id="5" sentence="0" number="4">Reagins</token>
<token t_id="6" sentence="0" number="5">confirmed</token>
<token t_id="7" sentence="0" number="6">to</token>
<token t_id="8" sentence="0" number="7">the</token>
<token t_id="9" sentence="0" number="8">Los</token>
<token t_id="10" sentence="0" number="9">Angeles</token>
<token t_id="11" sentence="0" number="10">Times</token>
<token t_id="12" sentence="0" number="11">that</token>
<token t_id="13" sentence="0" number="12">he</token>
<token t_id="14" sentence="0" number="13">has</token>
<token t_id="15" sentence="0" number="14">made</token>
<token t_id="16" sentence="0" number="15">an</token>
<token t_id="17" sentence="0" number="16">eight-year</token>
<token t_id="18" sentence="0" number="17">offer</token>
<token t_id="19" sentence="0" number="18">to</token>
<token t_id="20" sentence="0" number="19">free</token>
<token t_id="21" sentence="0" number="20">agent</token>
<token t_id="22" sentence="0" number="21">first</token>
<token t_id="23" sentence="0" number="22">baseman</token>
<token t_id="24" sentence="0" number="23">Mark</token>
<token t_id="25" sentence="0" number="24">Teixeira</token>
<token t_id="26" sentence="0" number="25">.</token>
<token t_id="27" sentence="1" number="0">Regains</token>
<token t_id="28" sentence="1" number="1">did</token>
<token t_id="29" sentence="1" number="2">n't</token>
<token t_id="30" sentence="1" number="3">reveal</token>
<token t_id="31" sentence="1" number="4">the</token>
<token t_id="32" sentence="1" number="5">dollar</token>
<token t_id="33" sentence="1" number="6">amounts</token>
<token t_id="34" sentence="1" number="7">,</token>
<token t_id="35" sentence="1" number="8">but</token>
<token t_id="36" sentence="1" number="9">the</token>
<token t_id="37" sentence="1" number="10">newspaper</token>
<token t_id="38" sentence="1" number="11">speculates</token>
<token t_id="39" sentence="1" number="12">the</token>
<token t_id="40" sentence="1" number="13">deal</token>
<token t_id="41" sentence="1" number="14">is</token>
<token t_id="42" sentence="1" number="15">worth</token>
<token t_id="43" sentence="1" number="16">at</token>
<token t_id="44" sentence="1" number="17">least</token>
<token t_id="45" sentence="1" number="18">$</token>
<token t_id="46" sentence="1" number="19">160</token>
<token t_id="47" sentence="1" number="20">million</token>
<token t_id="48" sentence="1" number="21">.</token>
<token t_id="49" sentence="2" number="0">Teixeira</token>
<token t_id="50" sentence="2" number="1">is</token>
<token t_id="51" sentence="2" number="2">considered</token>
<token t_id="52" sentence="2" number="3">the</token>
<token t_id="53" sentence="2" number="4">top</token>
<token t_id="54" sentence="2" number="5">offensive</token>
<token t_id="55" sentence="2" number="6">player</token>
<token t_id="56" sentence="2" number="7">available</token>
<token t_id="57" sentence="2" number="8">on</token>
<token t_id="58" sentence="2" number="9">the</token>
<token t_id="59" sentence="2" number="10">free</token>
<token t_id="60" sentence="2" number="11">agent</token>
<token t_id="61" sentence="2" number="12">market</token>
<token t_id="62" sentence="2" number="13">,</token>
<token t_id="63" sentence="2" number="14">and</token>
<token t_id="64" sentence="2" number="15">the</token>
<token t_id="65" sentence="2" number="16">Orioles</token>
<token t_id="66" sentence="2" number="17">(</token>
<token t_id="67" sentence="2" number="18">seven</token>
<token t_id="68" sentence="2" number="19">years</token>
<token t_id="69" sentence="2" number="20">,</token>
<token t_id="70" sentence="2" number="21">$</token>
<token t_id="71" sentence="2" number="22">140-</token>
<token t_id="72" sentence="2" number="23">$</token>
<token t_id="73" sentence="2" number="24">150</token>
<token t_id="74" sentence="2" number="25">million</token>
<token t_id="75" sentence="2" number="26">)</token>
<token t_id="76" sentence="2" number="27">and</token>
<token t_id="77" sentence="2" number="28">Nationals</token>
<token t_id="78" sentence="2" number="29">(</token>
<token t_id="79" sentence="2" number="30">eight</token>
<token t_id="80" sentence="2" number="31">years</token>
<token t_id="81" sentence="2" number="32">,</token>
<token t_id="82" sentence="2" number="33">$</token>
<token t_id="83" sentence="2" number="34">160</token>
<token t_id="84" sentence="2" number="35">million</token>
<token t_id="85" sentence="2" number="36">)</token>
<token t_id="86" sentence="2" number="37">reportedly</token>
<token t_id="87" sentence="2" number="38">have</token>
<token t_id="88" sentence="2" number="39">made</token>
<token t_id="89" sentence="2" number="40">sizeable</token>
<token t_id="90" sentence="2" number="41">offers</token>
<token t_id="91" sentence="2" number="42">as</token>
<token t_id="92" sentence="2" number="43">well</token>
<token t_id="93" sentence="2" number="44">.</token>
<token t_id="94" sentence="3" number="0">The</token>
<token t_id="95" sentence="3" number="1">Red</token>
<token t_id="96" sentence="3" number="2">Sox</token>
<token t_id="97" sentence="3" number="3">,</token>
<token t_id="98" sentence="3" number="4">considered</token>
<token t_id="99" sentence="3" number="5">to</token>
<token t_id="100" sentence="3" number="6">be</token>
<token t_id="101" sentence="3" number="7">the</token>
<token t_id="102" sentence="3" number="8">front-runner</token>
<token t_id="103" sentence="3" number="9">for</token>
<token t_id="104" sentence="3" number="10">Teixeira</token>
<token t_id="105" sentence="3" number="11">,</token>
<token t_id="106" sentence="3" number="12">also</token>
<token t_id="107" sentence="3" number="13">have</token>
<token t_id="108" sentence="3" number="14">put</token>
<token t_id="109" sentence="3" number="15">in</token>
<token t_id="110" sentence="3" number="16">a</token>
<token t_id="111" sentence="3" number="17">bid</token>
<token t_id="112" sentence="3" number="18">,</token>
<token t_id="113" sentence="3" number="19">though</token>
<token t_id="114" sentence="3" number="20">monetary</token>
<token t_id="115" sentence="3" number="21">details</token>
<token t_id="116" sentence="3" number="22">have</token>
<token t_id="117" sentence="3" number="23">been</token>
<token t_id="118" sentence="3" number="24">kept</token>
<token t_id="119" sentence="3" number="25">quiet</token>
<token t_id="120" sentence="3" number="26">.</token>
<token t_id="121" sentence="4" number="0">There</token>
<token t_id="122" sentence="4" number="1">has</token>
<token t_id="123" sentence="4" number="2">been</token>
<token t_id="124" sentence="4" number="3">talk</token>
<token t_id="125" sentence="4" number="4">of</token>
<token t_id="126" sentence="4" number="5">the</token>
<token t_id="127" sentence="4" number="6">Yankees</token>
<token t_id="128" sentence="4" number="7">being</token>
<token t_id="129" sentence="4" number="8">in</token>
<token t_id="130" sentence="4" number="9">the</token>
<token t_id="131" sentence="4" number="10">Teixeira</token>
<token t_id="132" sentence="4" number="11">sweepstakes</token>
<token t_id="133" sentence="4" number="12">as</token>
<token t_id="134" sentence="4" number="13">well</token>
<token t_id="135" sentence="4" number="14">.</token>
<token t_id="136" sentence="5" number="0">Teixeira</token>
<token t_id="137" sentence="5" number="1">,</token>
<token t_id="138" sentence="5" number="2">28</token>
<token t_id="139" sentence="5" number="3">,</token>
<token t_id="140" sentence="5" number="4">has</token>
<token t_id="141" sentence="5" number="5">hit</token>
<token t_id="142" sentence="5" number="6">at</token>
<token t_id="143" sentence="5" number="7">least</token>
<token t_id="144" sentence="5" number="8">30</token>
<token t_id="145" sentence="5" number="9">homers</token>
<token t_id="146" sentence="5" number="10">and</token>
<token t_id="147" sentence="5" number="11">driven</token>
<token t_id="148" sentence="5" number="12">in</token>
<token t_id="149" sentence="5" number="13">at</token>
<token t_id="150" sentence="5" number="14">least</token>
<token t_id="151" sentence="5" number="15">105</token>
<token t_id="152" sentence="5" number="16">runs</token>
<token t_id="153" sentence="5" number="17">in</token>
<token t_id="154" sentence="5" number="18">each</token>
<token t_id="155" sentence="5" number="19">of</token>
<token t_id="156" sentence="5" number="20">the</token>
<token t_id="157" sentence="5" number="21">past</token>
<token t_id="158" sentence="5" number="22">five</token>
<token t_id="159" sentence="5" number="23">seasons</token>
<token t_id="160" sentence="5" number="24">.</token>
<token t_id="161" sentence="6" number="0">After</token>
<token t_id="162" sentence="6" number="1">being</token>
<token t_id="163" sentence="6" number="2">acquired</token>
<token t_id="164" sentence="6" number="3">from</token>
<token t_id="165" sentence="6" number="4">the</token>
<token t_id="166" sentence="6" number="5">Braves</token>
<token t_id="167" sentence="6" number="6">before</token>
<token t_id="168" sentence="6" number="7">the</token>
<token t_id="169" sentence="6" number="8">trading</token>
<token t_id="170" sentence="6" number="9">deadline</token>
<token t_id="171" sentence="6" number="10">this</token>
<token t_id="172" sentence="6" number="11">past</token>
<token t_id="173" sentence="6" number="12">season</token>
<token t_id="174" sentence="6" number="13">,</token>
<token t_id="175" sentence="6" number="14">Teixeira</token>
<token t_id="176" sentence="6" number="15">hit</token>
<token t_id="177" sentence="6" number="16">.358</token>
<token t_id="178" sentence="6" number="17">with</token>
<token t_id="179" sentence="6" number="18">13</token>
<token t_id="180" sentence="6" number="19">homers</token>
<token t_id="181" sentence="6" number="20">and</token>
<token t_id="182" sentence="6" number="21">43</token>
<token t_id="183" sentence="6" number="22">RBIs</token>
<token t_id="184" sentence="6" number="23">in</token>
<token t_id="185" sentence="6" number="24">54</token>
<token t_id="186" sentence="6" number="25">games</token>
<token t_id="187" sentence="6" number="26">with</token>
<token t_id="188" sentence="6" number="27">the</token>
<token t_id="189" sentence="6" number="28">Angels</token>
<token t_id="190" sentence="6" number="29">.</token>
<Markables>
<ACTION_OCCURRENCE m_id="13"  >
  <token_anchor t_id="15"/>
</ACTION_OCCURRENCE>
<ACTION_REPORTING m_id="9"  >
  <token_anchor t_id="6"/>
</ACTION_REPORTING>
<HUMAN_PART_ORG m_id="8"  >
  <token_anchor t_id="9"/>
  <token_anchor t_id="10"/>
  <token_anchor t_id="11"/>
</HUMAN_PART_ORG>
<HUMAN_PART_PER m_id="10"  >
  <token_anchor t_id="4"/>
  <token_anchor t_id="5"/>
</HUMAN_PART_PER>
<HUMAN_PART_PER m_id="11"  >
  <token_anchor t_id="13"/>
</HUMAN_PART_PER>
<HUMAN_PART_PER m_id="12"  >
  <token_anchor t_id="24"/>
  <token_anchor t_id="25"/>
</HUMAN_PART_PER>
<ACTION_OCCURRENCE m_id="15" note="byCROMER" >
  <token_anchor t_id="18"/>
</ACTION_OCCURRENCE>


<ACTION_OCCURRENCE m_id="21" RELATED_TO="" TAG_DESCRIPTOR="t10b_made_the_offer" instance_id="ACT17229825635405215" />
<HUMAN_PART_PER m_id="19" RELATED_TO="" TAG_DESCRIPTOR="t10_teixeira" instance_id="HUM17227544654464282" />
<ACTION_OCCURRENCE m_id="20" RELATED_TO="" TAG_DESCRIPTOR="t10_angels_offer" instance_id="ACT18506703165453432" />
<HUMAN_PART_ORG m_id="18" RELATED_TO="" TAG_DESCRIPTOR="t10_la_times" instance_id="HUM17230683578154481" />
<HUMAN_PART_PER m_id="17" RELATED_TO="" TAG_DESCRIPTOR="t10_tony_reagins" instance_id="HUM17230538151741014" />
<ACTION_REPORTING m_id="16" RELATED_TO="" TAG_DESCRIPTOR="t10b_reagins_confirms_offer" instance_id="ACT27312180329568104" />
</Markables>

<Relations>
<CROSS_DOC_COREF r_id="34246" note="ACT27312180329568104" >
  <source m_id="9" />
  <target m_id="16" />
</CROSS_DOC_COREF>
<CROSS_DOC_COREF r_id="34247" note="HUM17230538151741014" >
  <source m_id="11" />
  <source m_id="10" />
  <target m_id="17" />
</CROSS_DOC_COREF>
<CROSS_DOC_COREF r_id="34248" note="HUM17230683578154481" >
  <source m_id="8" />
  <target m_id="18" />
</CROSS_DOC_COREF>
<CROSS_DOC_COREF r_id="34249" note="HUM17227544654464282" >
  <source m_id="12" />
  <target m_id="19" />
</CROSS_DOC_COREF>
<CROSS_DOC_COREF r_id="34250" note="ACT18506703165453432" >
  <source m_id="15" />
  <target m_id="20" />
</CROSS_DOC_COREF>
<CROSS_DOC_COREF r_id="34251" note="ACT17229825635405215" >
  <source m_id="13" />
  <target m_id="21" />
</CROSS_DOC_COREF>

</Relations>
</Document>
