<Document doc_name="10_2ecbplus.xml" doc_id="DOC15646125981478707">
<token t_id="1" sentence="0" number="0">http</token>
<token t_id="2" sentence="0" number="1">:</token>
<token t_id="3" sentence="0" number="2">/</token>
<token t_id="4" sentence="0" number="3">/</token>
<token t_id="5" sentence="0" number="4">sports</token>
<token t_id="6" sentence="0" number="5">.</token>
<token t_id="7" sentence="0" number="6">yahoo</token>
<token t_id="8" sentence="0" number="7">.</token>
<token t_id="9" sentence="0" number="8">com</token>
<token t_id="10" sentence="0" number="9">/</token>
<token t_id="11" sentence="0" number="10">mlb</token>
<token t_id="12" sentence="0" number="11">/</token>
<token t_id="13" sentence="0" number="12">news</token>
<token t_id="14" sentence="0" number="13">?</token>
<token t_id="15" sentence="0" number="14">slug=ge</token>
<token t_id="16" sentence="0" number="15">-</token>
<token t_id="17" sentence="0" number="16">teixeiraredsoxmeet121808</token>
<token t_id="18" sentence="1" number="0">Boston</token>
<token t_id="19" sentence="1" number="1">Red</token>
<token t_id="20" sentence="1" number="2">Sox</token>
<token t_id="21" sentence="1" number="3">majority</token>
<token t_id="22" sentence="1" number="4">owner</token>
<token t_id="23" sentence="1" number="5">John</token>
<token t_id="24" sentence="1" number="6">W</token>
<token t_id="25" sentence="1" number="7">.</token>
<token t_id="26" sentence="1" number="8">Henry</token>
<token t_id="27" sentence="1" number="9">,</token>
<token t_id="28" sentence="1" number="10">CEO</token>
<token t_id="29" sentence="1" number="11">Larry</token>
<token t_id="30" sentence="1" number="12">Lucchino</token>
<token t_id="31" sentence="1" number="13">and</token>
<token t_id="32" sentence="1" number="14">general</token>
<token t_id="33" sentence="1" number="15">manager</token>
<token t_id="34" sentence="1" number="16">Theo</token>
<token t_id="35" sentence="1" number="17">Epstein</token>
<token t_id="36" sentence="1" number="18">flew</token>
<token t_id="37" sentence="1" number="19">to</token>
<token t_id="38" sentence="1" number="20">Texas</token>
<token t_id="39" sentence="1" number="21">on</token>
<token t_id="40" sentence="1" number="22">Thursday</token>
<token t_id="41" sentence="1" number="23">night</token>
<token t_id="42" sentence="1" number="24">to</token>
<token t_id="43" sentence="1" number="25">meet</token>
<token t_id="44" sentence="1" number="26">with</token>
<token t_id="45" sentence="1" number="27">free</token>
<token t_id="46" sentence="1" number="28">agent</token>
<token t_id="47" sentence="1" number="29">Mark</token>
<token t_id="48" sentence="1" number="30">Teixeira</token>
<token t_id="49" sentence="1" number="31">and</token>
<token t_id="50" sentence="1" number="32">his</token>
<token t_id="51" sentence="1" number="33">agent</token>
<token t_id="52" sentence="1" number="34">,</token>
<token t_id="53" sentence="1" number="35">Scott</token>
<token t_id="54" sentence="1" number="36">Boras</token>
<token t_id="55" sentence="1" number="37">,</token>
<token t_id="56" sentence="1" number="38">in</token>
<token t_id="57" sentence="1" number="39">an</token>
<token t_id="58" sentence="1" number="40">effort</token>
<token t_id="59" sentence="1" number="41">to</token>
<token t_id="60" sentence="1" number="42">convince</token>
<token t_id="61" sentence="1" number="43">the</token>
<token t_id="62" sentence="1" number="44">switch</token>
<token t_id="63" sentence="1" number="45">-</token>
<token t_id="64" sentence="1" number="46">hitting</token>
<token t_id="65" sentence="1" number="47">first</token>
<token t_id="66" sentence="1" number="48">baseman</token>
<token t_id="67" sentence="1" number="49">to</token>
<token t_id="68" sentence="1" number="50">sign</token>
<token t_id="69" sentence="1" number="51">with</token>
<token t_id="70" sentence="1" number="52">Boston</token>
<token t_id="71" sentence="1" number="53">.</token>
<token t_id="72" sentence="2" number="0">The</token>
<token t_id="73" sentence="2" number="1">Red</token>
<token t_id="74" sentence="2" number="2">Sox</token>
<token t_id="75" sentence="2" number="3">have</token>
<token t_id="76" sentence="2" number="4">made</token>
<token t_id="77" sentence="2" number="5">an</token>
<token t_id="78" sentence="2" number="6">eight</token>
<token t_id="79" sentence="2" number="7">-</token>
<token t_id="80" sentence="2" number="8">year</token>
<token t_id="81" sentence="2" number="9">offer</token>
<token t_id="82" sentence="2" number="10">to</token>
<token t_id="83" sentence="2" number="11">Teixeira</token>
<token t_id="84" sentence="2" number="12">in</token>
<token t_id="85" sentence="2" number="13">excess</token>
<token t_id="86" sentence="2" number="14">of</token>
<token t_id="87" sentence="2" number="15">$160</token>
<token t_id="88" sentence="2" number="16">million</token>
<token t_id="89" sentence="2" number="17">,</token>
<token t_id="90" sentence="2" number="18">but</token>
<token t_id="91" sentence="2" number="19">sources</token>
<token t_id="92" sentence="2" number="20">close</token>
<token t_id="93" sentence="2" number="21">to</token>
<token t_id="94" sentence="2" number="22">the</token>
<token t_id="95" sentence="2" number="23">negotiations</token>
<token t_id="96" sentence="2" number="24">say</token>
<token t_id="97" sentence="2" number="25">it</token>
<token t_id="98" sentence="2" number="26">is</token>
<token t_id="99" sentence="2" number="27">less</token>
<token t_id="100" sentence="2" number="28">than</token>
<token t_id="101" sentence="2" number="29">the</token>
<token t_id="102" sentence="2" number="30">$184</token>
<token t_id="103" sentence="2" number="31">million</token>
<token t_id="104" sentence="2" number="32">reported</token>
<token t_id="105" sentence="2" number="33">by</token>
<token t_id="106" sentence="2" number="34">Boston</token>
<token t_id="107" sentence="2" number="35">WCVB</token>
<token t_id="108" sentence="2" number="36">sportscaster</token>
<token t_id="109" sentence="2" number="37">Mike</token>
<token t_id="110" sentence="2" number="38">Lynch</token>
<token t_id="111" sentence="2" number="39">,</token>
<token t_id="112" sentence="2" number="40">who</token>
<token t_id="113" sentence="2" number="41">first</token>
<token t_id="114" sentence="2" number="42">reported</token>
<token t_id="115" sentence="2" number="43">that</token>
<token t_id="116" sentence="2" number="44">the</token>
<token t_id="117" sentence="2" number="45">meeting</token>
<token t_id="118" sentence="2" number="46">would</token>
<token t_id="119" sentence="2" number="47">take</token>
<token t_id="120" sentence="2" number="48">place</token>
<token t_id="121" sentence="2" number="49">.</token>
<token t_id="122" sentence="3" number="0">The</token>
<token t_id="123" sentence="3" number="1">meeting</token>
<token t_id="124" sentence="3" number="2">will</token>
<token t_id="125" sentence="3" number="3">not</token>
<token t_id="126" sentence="3" number="4">result</token>
<token t_id="127" sentence="3" number="5">in</token>
<token t_id="128" sentence="3" number="6">a</token>
<token t_id="129" sentence="3" number="7">“</token>
<token t_id="130" sentence="3" number="8">take</token>
<token t_id="131" sentence="3" number="9">it</token>
<token t_id="132" sentence="3" number="10">or</token>
<token t_id="133" sentence="3" number="11">leave</token>
<token t_id="134" sentence="3" number="12">it</token>
<token t_id="135" sentence="3" number="13">”</token>
<token t_id="136" sentence="3" number="14">scenario</token>
<token t_id="137" sentence="3" number="15">by</token>
<token t_id="138" sentence="3" number="16">the</token>
<token t_id="139" sentence="3" number="17">Red</token>
<token t_id="140" sentence="3" number="18">Sox</token>
<token t_id="141" sentence="3" number="19">,</token>
<token t_id="142" sentence="3" number="20">a</token>
<token t_id="143" sentence="3" number="21">source</token>
<token t_id="144" sentence="3" number="22">said</token>
<token t_id="145" sentence="3" number="23">.</token>
<token t_id="146" sentence="4" number="0">However</token>
<token t_id="147" sentence="4" number="1">,</token>
<token t_id="148" sentence="4" number="2">Henry</token>
<token t_id="149" sentence="4" number="3">said</token>
<token t_id="150" sentence="4" number="4">earlier</token>
<token t_id="151" sentence="4" number="5">this</token>
<token t_id="152" sentence="4" number="6">week</token>
<token t_id="153" sentence="4" number="7">that</token>
<token t_id="154" sentence="4" number="8">the</token>
<token t_id="155" sentence="4" number="9">Red</token>
<token t_id="156" sentence="4" number="10">Sox</token>
<token t_id="157" sentence="4" number="11">will</token>
<token t_id="158" sentence="4" number="12">not</token>
<token t_id="159" sentence="4" number="13">satisfy</token>
<token t_id="160" sentence="4" number="14">Boras</token>
<token t_id="161" sentence="4" number="15">’</token>
<token t_id="162" sentence="4" number="16">request</token>
<token t_id="163" sentence="4" number="17">for</token>
<token t_id="164" sentence="4" number="18">a</token>
<token t_id="165" sentence="4" number="19">10</token>
<token t_id="166" sentence="4" number="20">-</token>
<token t_id="167" sentence="4" number="21">year</token>
<token t_id="168" sentence="4" number="22">deal</token>
<token t_id="169" sentence="4" number="23">,</token>
<token t_id="170" sentence="4" number="24">and</token>
<token t_id="171" sentence="4" number="25">it</token>
<token t_id="172" sentence="4" number="26">appears</token>
<token t_id="173" sentence="4" number="27">highly</token>
<token t_id="174" sentence="4" number="28">unlikely</token>
<token t_id="175" sentence="4" number="29">that</token>
<token t_id="176" sentence="4" number="30">Boston</token>
<token t_id="177" sentence="4" number="31">will</token>
<token t_id="178" sentence="4" number="32">go</token>
<token t_id="179" sentence="4" number="33">beyond</token>
<token t_id="180" sentence="4" number="34">eight</token>
<token t_id="181" sentence="4" number="35">years</token>
<token t_id="182" sentence="4" number="36">.</token>
<token t_id="183" sentence="5" number="0">The</token>
<token t_id="184" sentence="5" number="1">parties</token>
<token t_id="185" sentence="5" number="2">are</token>
<token t_id="186" sentence="5" number="3">meeting</token>
<token t_id="187" sentence="5" number="4">at</token>
<token t_id="188" sentence="5" number="5">an</token>
<token t_id="189" sentence="5" number="6">undisclosed</token>
<token t_id="190" sentence="5" number="7">location</token>
<token t_id="191" sentence="5" number="8">in</token>
<token t_id="192" sentence="5" number="9">Texas</token>
<token t_id="193" sentence="5" number="10">,</token>
<token t_id="194" sentence="5" number="11">the</token>
<token t_id="195" sentence="5" number="12">Red</token>
<token t_id="196" sentence="5" number="13">Sox</token>
<token t_id="197" sentence="5" number="14">having</token>
<token t_id="198" sentence="5" number="15">requested</token>
<token t_id="199" sentence="5" number="16">the</token>
<token t_id="200" sentence="5" number="17">face</token>
<token t_id="201" sentence="5" number="18">-</token>
<token t_id="202" sentence="5" number="19">to</token>
<token t_id="203" sentence="5" number="20">-</token>
<token t_id="204" sentence="5" number="21">face</token>
<token t_id="205" sentence="5" number="22">meeting</token>
<token t_id="206" sentence="5" number="23">with</token>
<token t_id="207" sentence="5" number="24">the</token>
<token t_id="208" sentence="5" number="25">player</token>
<token t_id="209" sentence="5" number="26">so</token>
<token t_id="210" sentence="5" number="27">he</token>
<token t_id="211" sentence="5" number="28">can</token>
<token t_id="212" sentence="5" number="29">hear</token>
<token t_id="213" sentence="5" number="30">directly</token>
<token t_id="214" sentence="5" number="31">from</token>
<token t_id="215" sentence="5" number="32">them</token>
<token t_id="216" sentence="5" number="33">why</token>
<token t_id="217" sentence="5" number="34">they</token>
<token t_id="218" sentence="5" number="35">believe</token>
<token t_id="219" sentence="5" number="36">he</token>
<token t_id="220" sentence="5" number="37">should</token>
<token t_id="221" sentence="5" number="38">spend</token>
<token t_id="222" sentence="5" number="39">the</token>
<token t_id="223" sentence="5" number="40">next</token>
<token t_id="224" sentence="5" number="41">eight</token>
<token t_id="225" sentence="5" number="42">years</token>
<token t_id="226" sentence="5" number="43">in</token>
<token t_id="227" sentence="5" number="44">Boston</token>
<token t_id="228" sentence="5" number="45">.</token>
<token t_id="229" sentence="6" number="0">The</token>
<token t_id="230" sentence="6" number="1">Los</token>
<token t_id="231" sentence="6" number="2">Angeles</token>
<token t_id="232" sentence="6" number="3">Angels</token>
<token t_id="233" sentence="6" number="4">,</token>
<token t_id="234" sentence="6" number="5">Baltimore</token>
<token t_id="235" sentence="6" number="6">Orioles</token>
<token t_id="236" sentence="6" number="7">and</token>
<token t_id="237" sentence="6" number="8">Washington</token>
<token t_id="238" sentence="6" number="9">Nationals</token>
<token t_id="239" sentence="6" number="10">also</token>
<token t_id="240" sentence="6" number="11">have</token>
<token t_id="241" sentence="6" number="12">made</token>
<token t_id="242" sentence="6" number="13">offers</token>
<token t_id="243" sentence="6" number="14">to</token>
<token t_id="244" sentence="6" number="15">Teixeira</token>
<token t_id="245" sentence="6" number="16">,</token>
<token t_id="246" sentence="6" number="17">but</token>
<token t_id="247" sentence="6" number="18">to</token>
<token t_id="248" sentence="6" number="19">date</token>
<token t_id="249" sentence="6" number="20">none</token>
<token t_id="250" sentence="6" number="21">of</token>
<token t_id="251" sentence="6" number="22">those</token>
<token t_id="252" sentence="6" number="23">offers</token>
<token t_id="253" sentence="6" number="24">are</token>
<token t_id="254" sentence="6" number="25">believed</token>
<token t_id="255" sentence="6" number="26">to</token>
<token t_id="256" sentence="6" number="27">be</token>
<token t_id="257" sentence="6" number="28">for</token>
<token t_id="258" sentence="6" number="29">more</token>
<token t_id="259" sentence="6" number="30">than</token>
<token t_id="260" sentence="6" number="31">eight</token>
<token t_id="261" sentence="6" number="32">years</token>
<token t_id="262" sentence="6" number="33">.</token>
<token t_id="263" sentence="7" number="0">Yankees</token>
<token t_id="264" sentence="7" number="1">general</token>
<token t_id="265" sentence="7" number="2">manager</token>
<token t_id="266" sentence="7" number="3">Brian</token>
<token t_id="267" sentence="7" number="4">Cashman</token>
<token t_id="268" sentence="7" number="5">also</token>
<token t_id="269" sentence="7" number="6">met</token>
<token t_id="270" sentence="7" number="7">with</token>
<token t_id="271" sentence="7" number="8">Teixeira</token>
<token t_id="272" sentence="7" number="9">earlier</token>
<token t_id="273" sentence="7" number="10">this</token>
<token t_id="274" sentence="7" number="11">month</token>
<token t_id="275" sentence="7" number="12">,</token>
<token t_id="276" sentence="7" number="13">but</token>
<token t_id="277" sentence="7" number="14">that</token>
<token t_id="278" sentence="7" number="15">was</token>
<token t_id="279" sentence="7" number="16">before</token>
<token t_id="280" sentence="7" number="17">the</token>
<token t_id="281" sentence="7" number="18">Yankees</token>
<token t_id="282" sentence="7" number="19">committed</token>
<token t_id="283" sentence="7" number="20">more</token>
<token t_id="284" sentence="7" number="21">than</token>
<token t_id="285" sentence="7" number="22">$240</token>
<token t_id="286" sentence="7" number="23">million</token>
<token t_id="287" sentence="7" number="24">to</token>
<token t_id="288" sentence="7" number="25">sign</token>
<token t_id="289" sentence="7" number="26">pitchers</token>
<token t_id="290" sentence="7" number="27">CC</token>
<token t_id="291" sentence="7" number="28">Sabathia</token>
<token t_id="292" sentence="7" number="29">and</token>
<token t_id="293" sentence="7" number="30">A</token>
<token t_id="294" sentence="7" number="31">.</token>
<token t_id="295" sentence="7" number="32">J</token>
<token t_id="296" sentence="7" number="33">.</token>
<token t_id="297" sentence="7" number="34">Burnett</token>
<token t_id="298" sentence="7" number="35">,</token>
<token t_id="299" sentence="7" number="36">so</token>
<token t_id="300" sentence="7" number="37">it</token>
<token t_id="301" sentence="7" number="38">appears</token>
<token t_id="302" sentence="7" number="39">unlikely</token>
<token t_id="303" sentence="7" number="40">they</token>
<token t_id="304" sentence="7" number="41">would</token>
<token t_id="305" sentence="7" number="42">make</token>
<token t_id="306" sentence="7" number="43">a</token>
<token t_id="307" sentence="7" number="44">grab</token>
<token t_id="308" sentence="7" number="45">for</token>
<token t_id="309" sentence="7" number="46">Teixeira</token>
<token t_id="310" sentence="7" number="47">as</token>
<token t_id="311" sentence="7" number="48">well</token>
<token t_id="312" sentence="7" number="49">.</token>
<token t_id="313" sentence="8" number="0">Boras</token>
<token t_id="314" sentence="8" number="1">also</token>
<token t_id="315" sentence="8" number="2">represents</token>
<token t_id="316" sentence="8" number="3">free</token>
<token t_id="317" sentence="8" number="4">-</token>
<token t_id="318" sentence="8" number="5">agent</token>
<token t_id="319" sentence="8" number="6">catcher</token>
<token t_id="320" sentence="8" number="7">Jason</token>
<token t_id="321" sentence="8" number="8">Varitek</token>
<token t_id="322" sentence="8" number="9">,</token>
<token t_id="323" sentence="8" number="10">the</token>
<token t_id="324" sentence="8" number="11">Red</token>
<token t_id="325" sentence="8" number="12">Sox</token>
<token t_id="326" sentence="8" number="13">captain</token>
<token t_id="327" sentence="8" number="14">who</token>
<token t_id="328" sentence="8" number="15">declined</token>
<token t_id="329" sentence="8" number="16">an</token>
<token t_id="330" sentence="8" number="17">offer</token>
<token t_id="331" sentence="8" number="18">of</token>
<token t_id="332" sentence="8" number="19">salary</token>
<token t_id="333" sentence="8" number="20">arbitration</token>
<token t_id="334" sentence="8" number="21">from</token>
<token t_id="335" sentence="8" number="22">the</token>
<token t_id="336" sentence="8" number="23">team</token>
<token t_id="337" sentence="8" number="24">.</token>
<token t_id="338" sentence="9" number="0">Boston</token>
<token t_id="339" sentence="9" number="1">has</token>
<token t_id="340" sentence="9" number="2">not</token>
<token t_id="341" sentence="9" number="3">made</token>
<token t_id="342" sentence="9" number="4">another</token>
<token t_id="343" sentence="9" number="5">offer</token>
<token t_id="344" sentence="9" number="6">to</token>
<token t_id="345" sentence="9" number="7">Varitek</token>
<token t_id="346" sentence="9" number="8">since</token>
<token t_id="347" sentence="9" number="9">,</token>
<token t_id="348" sentence="9" number="10">though</token>
<token t_id="349" sentence="9" number="11">the</token>
<token t_id="350" sentence="9" number="12">sides</token>
<token t_id="351" sentence="9" number="13">continue</token>
<token t_id="352" sentence="9" number="14">to</token>
<token t_id="353" sentence="9" number="15">talk</token>
<token t_id="354" sentence="9" number="16">.</token>
<token t_id="355" sentence="10" number="0">A</token>
<token t_id="356" sentence="10" number="1">third</token>
<token t_id="357" sentence="10" number="2">Boras</token>
<token t_id="358" sentence="10" number="3">client</token>
<token t_id="359" sentence="10" number="4">,</token>
<token t_id="360" sentence="10" number="5">free</token>
<token t_id="361" sentence="10" number="6">-</token>
<token t_id="362" sentence="10" number="7">agent</token>
<token t_id="363" sentence="10" number="8">pitcher</token>
<token t_id="364" sentence="10" number="9">Derek</token>
<token t_id="365" sentence="10" number="10">Lowe</token>
<token t_id="366" sentence="10" number="11">,</token>
<token t_id="367" sentence="10" number="12">also</token>
<token t_id="368" sentence="10" number="13">is</token>
<token t_id="369" sentence="10" number="14">of</token>
<token t_id="370" sentence="10" number="15">interest</token>
<token t_id="371" sentence="10" number="16">to</token>
<token t_id="372" sentence="10" number="17">the</token>
<token t_id="373" sentence="10" number="18">Red</token>
<token t_id="374" sentence="10" number="19">Sox</token>
<token t_id="375" sentence="10" number="20">,</token>
<token t_id="376" sentence="10" number="21">but</token>
<token t_id="377" sentence="10" number="22">they</token>
<token t_id="378" sentence="10" number="23">have</token>
<token t_id="379" sentence="10" number="24">not</token>
<token t_id="380" sentence="10" number="25">made</token>
<token t_id="381" sentence="10" number="26">him</token>
<token t_id="382" sentence="10" number="27">an</token>
<token t_id="383" sentence="10" number="28">offer</token>
<token t_id="384" sentence="10" number="29">and</token>
<token t_id="385" sentence="10" number="30">are</token>
<token t_id="386" sentence="10" number="31">expected</token>
<token t_id="387" sentence="10" number="32">to</token>
<token t_id="388" sentence="10" number="33">do</token>
<token t_id="389" sentence="10" number="34">so</token>
<token t_id="390" sentence="10" number="35">only</token>
<token t_id="391" sentence="10" number="36">if</token>
<token t_id="392" sentence="10" number="37">he</token>
<token t_id="393" sentence="10" number="38">drops</token>
<token t_id="394" sentence="10" number="39">his</token>
<token t_id="395" sentence="10" number="40">price</token>
<token t_id="396" sentence="10" number="41">.</token>
<token t_id="397" sentence="11" number="0">Lowe</token>
<token t_id="398" sentence="11" number="1">is</token>
<token t_id="399" sentence="11" number="2">believed</token>
<token t_id="400" sentence="11" number="3">to</token>
<token t_id="401" sentence="11" number="4">be</token>
<token t_id="402" sentence="11" number="5">seeking</token>
<token t_id="403" sentence="11" number="6">a</token>
<token t_id="404" sentence="11" number="7">five</token>
<token t_id="405" sentence="11" number="8">-</token>
<token t_id="406" sentence="11" number="9">year</token>
<token t_id="407" sentence="11" number="10">deal</token>
<token t_id="408" sentence="11" number="11">in</token>
<token t_id="409" sentence="11" number="12">the</token>
<token t_id="410" sentence="11" number="13">$75</token>
<token t_id="411" sentence="11" number="14">million</token>
<token t_id="412" sentence="11" number="15">range</token>
<token t_id="413" sentence="11" number="16">.</token>
<token t_id="414" sentence="12" number="0">Teixeira</token>
<token t_id="415" sentence="12" number="1">,</token>
<token t_id="416" sentence="12" number="2">who</token>
<token t_id="417" sentence="12" number="3">turns</token>
<token t_id="418" sentence="12" number="4">29</token>
<token t_id="419" sentence="12" number="5">on</token>
<token t_id="420" sentence="12" number="6">April</token>
<token t_id="421" sentence="12" number="7">11</token>
<token t_id="422" sentence="12" number="8">,</token>
<token t_id="423" sentence="12" number="9">has</token>
<token t_id="424" sentence="12" number="10">averaged</token>
<token t_id="425" sentence="12" number="11">more</token>
<token t_id="426" sentence="12" number="12">than</token>
<token t_id="427" sentence="12" number="13">30</token>
<token t_id="428" sentence="12" number="14">home</token>
<token t_id="429" sentence="12" number="15">runs</token>
<token t_id="430" sentence="12" number="16">and</token>
<token t_id="431" sentence="12" number="17">100</token>
<token t_id="432" sentence="12" number="18">RBIs</token>
<token t_id="433" sentence="12" number="19">in</token>
<token t_id="434" sentence="12" number="20">his</token>
<token t_id="435" sentence="12" number="21">six</token>
<token t_id="436" sentence="12" number="22">big</token>
<token t_id="437" sentence="12" number="23">-</token>
<token t_id="438" sentence="12" number="24">league</token>
<token t_id="439" sentence="12" number="25">seasons</token>
<token t_id="440" sentence="12" number="26">,</token>
<token t_id="441" sentence="12" number="27">while</token>
<token t_id="442" sentence="12" number="28">posting</token>
<token t_id="443" sentence="12" number="29">a</token>
<token t_id="444" sentence="12" number="30">.</token>
<token t_id="445" sentence="12" number="31">919</token>
<token t_id="446" sentence="12" number="32">OPS</token>
<token t_id="447" sentence="12" number="33">and</token>
<token t_id="448" sentence="12" number="34">playing</token>
<token t_id="449" sentence="12" number="35">Gold</token>
<token t_id="450" sentence="12" number="36">Glove</token>
<token t_id="451" sentence="12" number="37">-</token>
<token t_id="452" sentence="12" number="38">caliber</token>
<token t_id="453" sentence="12" number="39">defense</token>
<token t_id="454" sentence="12" number="40">.</token>
<token t_id="455" sentence="13" number="0">The</token>
<token t_id="456" sentence="13" number="1">Red</token>
<token t_id="457" sentence="13" number="2">Sox</token>
<token t_id="458" sentence="13" number="3">envision</token>
<token t_id="459" sentence="13" number="4">him</token>
<token t_id="460" sentence="13" number="5">as</token>
<token t_id="461" sentence="13" number="6">a</token>
<token t_id="462" sentence="13" number="7">middle</token>
<token t_id="463" sentence="13" number="8">-</token>
<token t_id="464" sentence="13" number="9">of</token>
<token t_id="465" sentence="13" number="10">-</token>
<token t_id="466" sentence="13" number="11">the</token>
<token t_id="467" sentence="13" number="12">-</token>
<token t_id="468" sentence="13" number="13">lineup</token>
<token t_id="469" sentence="13" number="14">presence</token>
<token t_id="470" sentence="13" number="15">to</token>
<token t_id="471" sentence="13" number="16">offset</token>
<token t_id="472" sentence="13" number="17">last</token>
<token t_id="473" sentence="13" number="18">July</token>
<token t_id="474" sentence="13" number="19">’</token>
<token t_id="475" sentence="13" number="20">s</token>
<token t_id="476" sentence="13" number="21">departure</token>
<token t_id="477" sentence="13" number="22">of</token>
<token t_id="478" sentence="13" number="23">Manny</token>
<token t_id="479" sentence="13" number="24">Ramirez</token>
<token t_id="480" sentence="13" number="25">to</token>
<token t_id="481" sentence="13" number="26">the</token>
<token t_id="482" sentence="13" number="27">Dodgers</token>
<token t_id="483" sentence="13" number="28">.</token>
<token t_id="484" sentence="14" number="0">If</token>
<token t_id="485" sentence="14" number="1">Teixeira</token>
<token t_id="486" sentence="14" number="2">signs</token>
<token t_id="487" sentence="14" number="3">with</token>
<token t_id="488" sentence="14" number="4">the</token>
<token t_id="489" sentence="14" number="5">Red</token>
<token t_id="490" sentence="14" number="6">Sox</token>
<token t_id="491" sentence="14" number="7">,</token>
<token t_id="492" sentence="14" number="8">they</token>
<token t_id="493" sentence="14" number="9">would</token>
<token t_id="494" sentence="14" number="10">move</token>
<token t_id="495" sentence="14" number="11">All</token>
<token t_id="496" sentence="14" number="12">-</token>
<token t_id="497" sentence="14" number="13">Star</token>
<token t_id="498" sentence="14" number="14">Kevin</token>
<token t_id="499" sentence="14" number="15">Youkilis</token>
<token t_id="500" sentence="14" number="16">from</token>
<token t_id="501" sentence="14" number="17">first</token>
<token t_id="502" sentence="14" number="18">to</token>
<token t_id="503" sentence="14" number="19">third</token>
<token t_id="504" sentence="14" number="20">base</token>
<token t_id="505" sentence="14" number="21">while</token>
<token t_id="506" sentence="14" number="22">looking</token>
<token t_id="507" sentence="14" number="23">to</token>
<token t_id="508" sentence="14" number="24">trade</token>
<token t_id="509" sentence="14" number="25">third</token>
<token t_id="510" sentence="14" number="26">baseman</token>
<token t_id="511" sentence="14" number="27">Mike</token>
<token t_id="512" sentence="14" number="28">Lowell</token>
<token t_id="513" sentence="14" number="29">,</token>
<token t_id="514" sentence="14" number="30">the</token>
<token t_id="515" sentence="14" number="31">2007</token>
<token t_id="516" sentence="14" number="32">World</token>
<token t_id="517" sentence="14" number="33">Series</token>
<token t_id="518" sentence="14" number="34">MVP</token>
<token t_id="519" sentence="14" number="35">.</token>
<Markables>
<ACTION_OCCURRENCE m_id="9"  >
  <token_anchor t_id="36"/>
</ACTION_OCCURRENCE>
<ACTION_OCCURRENCE m_id="10"  >
  <token_anchor t_id="43"/>
</ACTION_OCCURRENCE>
<ACTION_OCCURRENCE m_id="11"  >
  <token_anchor t_id="58"/>
</ACTION_OCCURRENCE>
<ACTION_OCCURRENCE m_id="12"  >
  <token_anchor t_id="60"/>
</ACTION_OCCURRENCE>
<ACTION_OCCURRENCE m_id="13"  >
  <token_anchor t_id="68"/>
</ACTION_OCCURRENCE>
<ACTION_OCCURRENCE m_id="19"  >
  <token_anchor t_id="95"/>
</ACTION_OCCURRENCE>
<ACTION_OCCURRENCE m_id="20"  >
  <token_anchor t_id="117"/>
</ACTION_OCCURRENCE>
<ACTION_OCCURRENCE m_id="28"  >
  <token_anchor t_id="119"/>
  <token_anchor t_id="120"/>
</ACTION_OCCURRENCE>
<ACTION_REPORTING m_id="25"  >
  <token_anchor t_id="96"/>
</ACTION_REPORTING>
<ACTION_REPORTING m_id="26"  >
  <token_anchor t_id="104"/>
</ACTION_REPORTING>
<ACTION_REPORTING m_id="27"  >
  <token_anchor t_id="114"/>
</ACTION_REPORTING>
<HUMAN_PART_ORG m_id="15"  >
  <token_anchor t_id="73"/>
  <token_anchor t_id="74"/>
</HUMAN_PART_ORG>
<HUMAN_PART_ORG m_id="6"  >
  <token_anchor t_id="70"/>
</HUMAN_PART_ORG>
<HUMAN_PART_PER m_id="14"  >
  <token_anchor t_id="66"/>
</HUMAN_PART_PER>
<HUMAN_PART_PER m_id="16"  >
  <token_anchor t_id="83"/>
</HUMAN_PART_PER>
<HUMAN_PART_PER m_id="17"  >
  <token_anchor t_id="109"/>
  <token_anchor t_id="110"/>
</HUMAN_PART_PER>
<HUMAN_PART_PER m_id="24"  >
  <token_anchor t_id="91"/>
</HUMAN_PART_PER>
<HUMAN_PART_PER m_id="1"  >
  <token_anchor t_id="23"/>
  <token_anchor t_id="24"/>
  <token_anchor t_id="25"/>
  <token_anchor t_id="26"/>
</HUMAN_PART_PER>
<HUMAN_PART_PER m_id="2"  >
  <token_anchor t_id="29"/>
  <token_anchor t_id="30"/>
</HUMAN_PART_PER>
<HUMAN_PART_PER m_id="3"  >
  <token_anchor t_id="34"/>
  <token_anchor t_id="35"/>
</HUMAN_PART_PER>
<HUMAN_PART_PER m_id="4"  >
  <token_anchor t_id="47"/>
  <token_anchor t_id="48"/>
</HUMAN_PART_PER>
<HUMAN_PART_PER m_id="5"  >
  <token_anchor t_id="53"/>
  <token_anchor t_id="54"/>
</HUMAN_PART_PER>
<LOC_GEO m_id="7"  >
  <token_anchor t_id="38"/>
</LOC_GEO>
<NON_HUMAN_PART m_id="22"  >
  <token_anchor t_id="87"/>
  <token_anchor t_id="88"/>
</NON_HUMAN_PART>
<NON_HUMAN_PART m_id="23"  >
  <token_anchor t_id="102"/>
  <token_anchor t_id="103"/>
</NON_HUMAN_PART>
<TIME_DURATION m_id="21"  >
  <token_anchor t_id="78"/>
  <token_anchor t_id="79"/>
  <token_anchor t_id="80"/>
</TIME_DURATION>
<TIME_DATE m_id="31" note="byCROMER" >
  <token_anchor t_id="40"/>
  <token_anchor t_id="41"/>
</TIME_DATE>
<ACTION_OCCURRENCE m_id="32" note="byCROMER" >
  <token_anchor t_id="81"/>
</ACTION_OCCURRENCE>
<ACTION_OCCURRENCE m_id="33" note="byCROMER" >
  <token_anchor t_id="76"/>
</ACTION_OCCURRENCE>


<NON_HUMAN_PART m_id="43" RELATED_TO="" TAG_DESCRIPTOR="t10_160m" instance_id="NON17227847656567080" />
<ACTION_OCCURRENCE m_id="42" RELATED_TO="" TAG_DESCRIPTOR="t10_extend_offer" instance_id="ACT17228268927342610" />
<HUMAN_PART_ORG m_id="41" RELATED_TO="" TAG_DESCRIPTOR="t10_red_sox" instance_id="HUM17227556758659704" />
<TIME_DATE m_id="39" RELATED_TO="" TAG_DESCRIPTOR="t10_thursday_night" instance_id="TIM17227641003344473" />
<LOC_GEO m_id="40" RELATED_TO="" TAG_DESCRIPTOR="t10_texas" instance_id="LOC17227624711802226" />
<HUMAN_PART_PER m_id="38" RELATED_TO="" TAG_DESCRIPTOR="t10_teixeira" instance_id="HUM17227544654464282" />
<ACTION_OCCURRENCE m_id="37" RELATED_TO="" TAG_DESCRIPTOR="t10_meeting" instance_id="ACT17227673818923557" />
<ACTION_OCCURRENCE m_id="36" RELATED_TO="" TAG_DESCRIPTOR="t10_offered_teixeira_8_years" instance_id="ACT17227533690017485" />
<NON_HUMAN_PART m_id="35" RELATED_TO="" TAG_DESCRIPTOR="t10_184m" instance_id="NON17227866366583473" />
<TIME_DURATION m_id="34" RELATED_TO="" TAG_DESCRIPTOR="t10_8_year" instance_id="TIM17227593624160638" />
</Markables>

<Relations>
<CROSS_DOC_COREF r_id="24845" note="TIM17227593624160638" >
  <source m_id="21" />
  <target m_id="34" />
</CROSS_DOC_COREF>
<CROSS_DOC_COREF r_id="24846" note="NON17227866366583473" >
  <source m_id="23" />
  <target m_id="35" />
</CROSS_DOC_COREF>
<CROSS_DOC_COREF r_id="24847" note="ACT17227533690017485" >
  <source m_id="32" />
  <target m_id="36" />
</CROSS_DOC_COREF>
<CROSS_DOC_COREF r_id="24848" note="ACT17227673818923557" >
  <source m_id="20" />
  <source m_id="10" />
  <target m_id="37" />
</CROSS_DOC_COREF>
<CROSS_DOC_COREF r_id="24849" note="HUM17227544654464282" >
  <source m_id="14" />
  <source m_id="16" />
  <source m_id="4" />
  <target m_id="38" />
</CROSS_DOC_COREF>
<CROSS_DOC_COREF r_id="24850" note="TIM17227641003344473" >
  <source m_id="31" />
  <target m_id="39" />
</CROSS_DOC_COREF>
<CROSS_DOC_COREF r_id="24851" note="LOC17227624711802226" >
  <source m_id="7" />
  <target m_id="40" />
</CROSS_DOC_COREF>
<CROSS_DOC_COREF r_id="24852" note="HUM17227556758659704" >
  <source m_id="6" />
  <source m_id="15" />
  <target m_id="41" />
</CROSS_DOC_COREF>
<CROSS_DOC_COREF r_id="24853" note="ACT17228268927342610" >
  <source m_id="33" />
  <target m_id="42" />
</CROSS_DOC_COREF>
<CROSS_DOC_COREF r_id="24854" note="NON17227847656567080" >
  <source m_id="22" />
  <target m_id="43" />
</CROSS_DOC_COREF>

</Relations>
</Document>
