<Document doc_name="10_4ecb.xml" doc_id="DOC15654093978955629">
<token t_id="1" sentence="0" number="0">The</token>
<token t_id="2" sentence="0" number="1">Angels</token>
<token t_id="3" sentence="0" number="2">have</token>
<token t_id="4" sentence="0" number="3">offered</token>
<token t_id="5" sentence="0" number="4">an</token>
<token t_id="6" sentence="0" number="5">eight-year</token>
<token t_id="7" sentence="0" number="6">contract</token>
<token t_id="8" sentence="0" number="7">to</token>
<token t_id="9" sentence="0" number="8">Mark</token>
<token t_id="10" sentence="0" number="9">Teixeira</token>
<token t_id="11" sentence="0" number="10">,</token>
<token t_id="12" sentence="0" number="11">general</token>
<token t_id="13" sentence="0" number="12">manager</token>
<token t_id="14" sentence="0" number="13">Tony</token>
<token t_id="15" sentence="0" number="14">Reagins</token>
<token t_id="16" sentence="0" number="15">said</token>
<token t_id="17" sentence="0" number="16">Friday</token>
<token t_id="18" sentence="0" number="17">night</token>
<token t_id="19" sentence="0" number="18">.</token>
<token t_id="20" sentence="1" number="0">The</token>
<token t_id="21" sentence="1" number="1">contract</token>
<token t_id="22" sentence="1" number="2">would</token>
<token t_id="23" sentence="1" number="3">be</token>
<token t_id="24" sentence="1" number="4">the</token>
<token t_id="25" sentence="1" number="5">longest</token>
<token t_id="26" sentence="1" number="6">and</token>
<token t_id="27" sentence="1" number="7">richest</token>
<token t_id="28" sentence="1" number="8">in</token>
<token t_id="29" sentence="1" number="9">club</token>
<token t_id="30" sentence="1" number="10">history</token>
<token t_id="31" sentence="1" number="11">.</token>
<token t_id="32" sentence="2" number="0">The</token>
<token t_id="33" sentence="2" number="1">value</token>
<token t_id="34" sentence="2" number="2">could</token>
<token t_id="35" sentence="2" number="3">almost</token>
<token t_id="36" sentence="2" number="4">double</token>
<token t_id="37" sentence="2" number="5">the</token>
<token t_id="38" sentence="2" number="6">previous</token>
<token t_id="39" sentence="2" number="7">club</token>
<token t_id="40" sentence="2" number="8">record</token>
<token t_id="41" sentence="2" number="9">,</token>
<token t_id="42" sentence="2" number="10">the</token>
<token t_id="43" sentence="2" number="11">$</token>
<token t_id="44" sentence="2" number="12">90</token>
<token t_id="45" sentence="2" number="13">million</token>
<token t_id="46" sentence="2" number="14">guaranteed</token>
<token t_id="47" sentence="2" number="15">last</token>
<token t_id="48" sentence="2" number="16">year</token>
<token t_id="49" sentence="2" number="17">to</token>
<token t_id="50" sentence="2" number="18">Torii</token>
<token t_id="51" sentence="2" number="19">Hunter</token>
<token t_id="52" sentence="2" number="20">.</token>
<token t_id="53" sentence="3" number="0">Reagins</token>
<token t_id="54" sentence="3" number="1">declined</token>
<token t_id="55" sentence="3" number="2">to</token>
<token t_id="56" sentence="3" number="3">provide</token>
<token t_id="57" sentence="3" number="4">the</token>
<token t_id="58" sentence="3" number="5">value</token>
<token t_id="59" sentence="3" number="6">of</token>
<token t_id="60" sentence="3" number="7">Teixeira</token>
<token t_id="61" sentence="3" number="8">'s</token>
<token t_id="62" sentence="3" number="9">offer</token>
<token t_id="63" sentence="3" number="10">.</token>
<token t_id="64" sentence="4" number="0">The</token>
<token t_id="65" sentence="4" number="1">Angels</token>
<token t_id="66" sentence="4" number="2">are</token>
<token t_id="67" sentence="4" number="3">believed</token>
<token t_id="68" sentence="4" number="4">to</token>
<token t_id="69" sentence="4" number="5">have</token>
<token t_id="70" sentence="4" number="6">offered</token>
<token t_id="71" sentence="4" number="7">at</token>
<token t_id="72" sentence="4" number="8">least</token>
<token t_id="73" sentence="4" number="9">$</token>
<token t_id="74" sentence="4" number="10">160</token>
<token t_id="75" sentence="4" number="11">million</token>
<token t_id="76" sentence="4" number="12">,</token>
<token t_id="77" sentence="4" number="13">matching</token>
<token t_id="78" sentence="4" number="14">or</token>
<token t_id="79" sentence="4" number="15">exceeding</token>
<token t_id="80" sentence="4" number="16">the</token>
<token t_id="81" sentence="4" number="17">highest</token>
<token t_id="82" sentence="4" number="18">offer</token>
<token t_id="83" sentence="4" number="19">so</token>
<token t_id="84" sentence="4" number="20">far</token>
<token t_id="85" sentence="4" number="21">reported</token>
<token t_id="86" sentence="4" number="22">for</token>
<token t_id="87" sentence="4" number="23">Teixeira</token>
<token t_id="88" sentence="4" number="24">.</token>
<token t_id="89" sentence="5" number="0">Owner</token>
<token t_id="90" sentence="5" number="1">Arte</token>
<token t_id="91" sentence="5" number="2">Moreno</token>
<token t_id="92" sentence="5" number="3">flew</token>
<token t_id="93" sentence="5" number="4">from</token>
<token t_id="94" sentence="5" number="5">his</token>
<token t_id="95" sentence="5" number="6">Arizona</token>
<token t_id="96" sentence="5" number="7">home</token>
<token t_id="97" sentence="5" number="8">to</token>
<token t_id="98" sentence="5" number="9">Las</token>
<token t_id="99" sentence="5" number="10">Vegas</token>
<token t_id="100" sentence="5" number="11">on</token>
<token t_id="101" sentence="5" number="12">Tuesday</token>
<token t_id="102" sentence="5" number="13">and</token>
<token t_id="103" sentence="5" number="14">met</token>
<token t_id="104" sentence="5" number="15">personally</token>
<token t_id="105" sentence="5" number="16">with</token>
<token t_id="106" sentence="5" number="17">Scott</token>
<token t_id="107" sentence="5" number="18">Boras</token>
<token t_id="108" sentence="5" number="19">,</token>
<token t_id="109" sentence="5" number="20">the</token>
<token t_id="110" sentence="5" number="21">agent</token>
<token t_id="111" sentence="5" number="22">for</token>
<token t_id="112" sentence="5" number="23">Teixeira</token>
<token t_id="113" sentence="5" number="24">.</token>
<token t_id="114" sentence="6" number="0">Angels</token>
<token t_id="115" sentence="6" number="1">spokesman</token>
<token t_id="116" sentence="6" number="2">Tim</token>
<token t_id="117" sentence="6" number="3">Mead</token>
<token t_id="118" sentence="6" number="4">said</token>
<token t_id="119" sentence="6" number="5">he</token>
<token t_id="120" sentence="6" number="6">believed</token>
<token t_id="121" sentence="6" number="7">Moreno</token>
<token t_id="122" sentence="6" number="8">presented</token>
<token t_id="123" sentence="6" number="9">the</token>
<token t_id="124" sentence="6" number="10">offer</token>
<token t_id="125" sentence="6" number="11">to</token>
<token t_id="126" sentence="6" number="12">Boras</token>
<token t_id="127" sentence="6" number="13">at</token>
<token t_id="128" sentence="6" number="14">that</token>
<token t_id="129" sentence="6" number="15">time</token>
<token t_id="130" sentence="6" number="16">.</token>
<token t_id="131" sentence="7" number="0">Mead</token>
<token t_id="132" sentence="7" number="1">also</token>
<token t_id="133" sentence="7" number="2">said</token>
<token t_id="134" sentence="7" number="3">he</token>
<token t_id="135" sentence="7" number="4">did</token>
<token t_id="136" sentence="7" number="5">not</token>
<token t_id="137" sentence="7" number="6">know</token>
<token t_id="138" sentence="7" number="7">when</token>
<token t_id="139" sentence="7" number="8">the</token>
<token t_id="140" sentence="7" number="9">offer</token>
<token t_id="141" sentence="7" number="10">might</token>
<token t_id="142" sentence="7" number="11">expire</token>
<token t_id="143" sentence="7" number="12">.</token>
<token t_id="144" sentence="8" number="0">None</token>
<token t_id="145" sentence="8" number="1">of</token>
<token t_id="146" sentence="8" number="2">the</token>
<token t_id="147" sentence="8" number="3">other</token>
<token t_id="148" sentence="8" number="4">teams</token>
<token t_id="149" sentence="8" number="5">in</token>
<token t_id="150" sentence="8" number="6">the</token>
<token t_id="151" sentence="8" number="7">Teixeira</token>
<token t_id="152" sentence="8" number="8">sweepstakes</token>
<token t_id="153" sentence="8" number="9">--</token>
<token t_id="154" sentence="8" number="10">the</token>
<token t_id="155" sentence="8" number="11">Boston</token>
<token t_id="156" sentence="8" number="12">Red</token>
<token t_id="157" sentence="8" number="13">Sox</token>
<token t_id="158" sentence="8" number="14">,</token>
<token t_id="159" sentence="8" number="15">Baltimore</token>
<token t_id="160" sentence="8" number="16">Orioles</token>
<token t_id="161" sentence="8" number="17">and</token>
<token t_id="162" sentence="8" number="18">Washington</token>
<token t_id="163" sentence="8" number="19">Nationals</token>
<token t_id="164" sentence="8" number="20">--</token>
<token t_id="165" sentence="8" number="21">has</token>
<token t_id="166" sentence="8" number="22">been</token>
<token t_id="167" sentence="8" number="23">reported</token>
<token t_id="168" sentence="8" number="24">to</token>
<token t_id="169" sentence="8" number="25">have</token>
<token t_id="170" sentence="8" number="26">offered</token>
<token t_id="171" sentence="8" number="27">more</token>
<token t_id="172" sentence="8" number="28">than</token>
<token t_id="173" sentence="8" number="29">eight</token>
<token t_id="174" sentence="8" number="30">years</token>
<token t_id="175" sentence="8" number="31">.</token>
<token t_id="176" sentence="9" number="0">The</token>
<token t_id="177" sentence="9" number="1">Nationals</token>
<token t_id="178" sentence="9" number="2">reportedly</token>
<token t_id="179" sentence="9" number="3">have</token>
<token t_id="180" sentence="9" number="4">bid</token>
<token t_id="181" sentence="9" number="5">$</token>
<token t_id="182" sentence="9" number="6">160</token>
<token t_id="183" sentence="9" number="7">million</token>
<token t_id="184" sentence="9" number="8">over</token>
<token t_id="185" sentence="9" number="9">eight</token>
<token t_id="186" sentence="9" number="10">years</token>
<token t_id="187" sentence="9" number="11">,</token>
<token t_id="188" sentence="9" number="12">the</token>
<token t_id="189" sentence="9" number="13">Orioles</token>
<token t_id="190" sentence="9" number="14">between</token>
<token t_id="191" sentence="9" number="15">$</token>
<token t_id="192" sentence="9" number="16">140</token>
<token t_id="193" sentence="9" number="17">million</token>
<token t_id="194" sentence="9" number="18">and</token>
<token t_id="195" sentence="9" number="19">$</token>
<token t_id="196" sentence="9" number="20">150</token>
<token t_id="197" sentence="9" number="21">million</token>
<token t_id="198" sentence="9" number="22">over</token>
<token t_id="199" sentence="9" number="23">seven</token>
<token t_id="200" sentence="9" number="24">years</token>
<token t_id="201" sentence="9" number="25">.</token>
<token t_id="202" sentence="10" number="0">The</token>
<token t_id="203" sentence="10" number="1">details</token>
<token t_id="204" sentence="10" number="2">of</token>
<token t_id="205" sentence="10" number="3">the</token>
<token t_id="206" sentence="10" number="4">Boston</token>
<token t_id="207" sentence="10" number="5">bid</token>
<token t_id="208" sentence="10" number="6">have</token>
<token t_id="209" sentence="10" number="7">not</token>
<token t_id="210" sentence="10" number="8">been</token>
<token t_id="211" sentence="10" number="9">reported</token>
<token t_id="212" sentence="10" number="10">.</token>
<token t_id="213" sentence="11" number="0">The</token>
<token t_id="214" sentence="11" number="1">Angels</token>
<token t_id="215" sentence="11" number="2">had</token>
<token t_id="216" sentence="11" number="3">exclusive</token>
<token t_id="217" sentence="11" number="4">negotiating</token>
<token t_id="218" sentence="11" number="5">rights</token>
<token t_id="219" sentence="11" number="6">with</token>
<token t_id="220" sentence="11" number="7">Teixeira</token>
<token t_id="221" sentence="11" number="8">for</token>
<token t_id="222" sentence="11" number="9">the</token>
<token t_id="223" sentence="11" number="10">first</token>
<token t_id="224" sentence="11" number="11">15</token>
<token t_id="225" sentence="11" number="12">days</token>
<token t_id="226" sentence="11" number="13">after</token>
<token t_id="227" sentence="11" number="14">the</token>
<token t_id="228" sentence="11" number="15">World</token>
<token t_id="229" sentence="11" number="16">Series</token>
<token t_id="230" sentence="11" number="17">,</token>
<token t_id="231" sentence="11" number="18">but</token>
<token t_id="232" sentence="11" number="19">they</token>
<token t_id="233" sentence="11" number="20">declined</token>
<token t_id="234" sentence="11" number="21">to</token>
<token t_id="235" sentence="11" number="22">make</token>
<token t_id="236" sentence="11" number="23">an</token>
<token t_id="237" sentence="11" number="24">offer</token>
<token t_id="238" sentence="11" number="25">during</token>
<token t_id="239" sentence="11" number="26">that</token>
<token t_id="240" sentence="11" number="27">time</token>
<token t_id="241" sentence="11" number="28">and</token>
<token t_id="242" sentence="11" number="29">said</token>
<token t_id="243" sentence="11" number="30">they</token>
<token t_id="244" sentence="11" number="31">would</token>
<token t_id="245" sentence="11" number="32">do</token>
<token t_id="246" sentence="11" number="33">so</token>
<token t_id="247" sentence="11" number="34">at</token>
<token t_id="248" sentence="11" number="35">an</token>
<token t_id="249" sentence="11" number="36">appropriate</token>
<token t_id="250" sentence="11" number="37">time</token>
<token t_id="251" sentence="11" number="38">.</token>
<token t_id="252" sentence="12" number="0">Boras</token>
<token t_id="253" sentence="12" number="1">has</token>
<token t_id="254" sentence="12" number="2">had</token>
<token t_id="255" sentence="12" number="3">one</token>
<token t_id="256" sentence="12" number="4">month</token>
<token t_id="257" sentence="12" number="5">since</token>
<token t_id="258" sentence="12" number="6">then</token>
<token t_id="259" sentence="12" number="7">to</token>
<token t_id="260" sentence="12" number="8">solicit</token>
<token t_id="261" sentence="12" number="9">bids</token>
<token t_id="262" sentence="12" number="10">from</token>
<token t_id="263" sentence="12" number="11">other</token>
<token t_id="264" sentence="12" number="12">teams</token>
<token t_id="265" sentence="12" number="13">,</token>
<token t_id="266" sentence="12" number="14">enabling</token>
<token t_id="267" sentence="12" number="15">him</token>
<token t_id="268" sentence="12" number="16">to</token>
<token t_id="269" sentence="12" number="17">let</token>
<token t_id="270" sentence="12" number="18">Moreno</token>
<token t_id="271" sentence="12" number="19">know</token>
<token t_id="272" sentence="12" number="20">how</token>
<token t_id="273" sentence="12" number="21">the</token>
<token t_id="274" sentence="12" number="22">market</token>
<token t_id="275" sentence="12" number="23">had</token>
<token t_id="276" sentence="12" number="24">developed</token>
<token t_id="277" sentence="12" number="25">and</token>
<token t_id="278" sentence="12" number="26">enabling</token>
<token t_id="279" sentence="12" number="27">Moreno</token>
<token t_id="280" sentence="12" number="28">to</token>
<token t_id="281" sentence="12" number="29">make</token>
<token t_id="282" sentence="12" number="30">his</token>
<token t_id="283" sentence="12" number="31">first</token>
<token t_id="284" sentence="12" number="32">--</token>
<token t_id="285" sentence="12" number="33">and</token>
<token t_id="286" sentence="12" number="34">perhaps</token>
<token t_id="287" sentence="12" number="35">only</token>
<token t_id="288" sentence="12" number="36">--</token>
<token t_id="289" sentence="12" number="37">offer</token>
<token t_id="290" sentence="12" number="38">without</token>
<token t_id="291" sentence="12" number="39">Boras</token>
<token t_id="292" sentence="12" number="40">shopping</token>
<token t_id="293" sentence="12" number="41">that</token>
<token t_id="294" sentence="12" number="42">offer</token>
<token t_id="295" sentence="12" number="43">to</token>
<token t_id="296" sentence="12" number="44">other</token>
<token t_id="297" sentence="12" number="45">teams</token>
<token t_id="298" sentence="12" number="46">.</token>
<token t_id="299" sentence="13" number="0">The</token>
<token t_id="300" sentence="13" number="1">Angels</token>
<token t_id="301" sentence="13" number="2">have</token>
<token t_id="302" sentence="13" number="3">not</token>
<token t_id="303" sentence="13" number="4">wavered</token>
<token t_id="304" sentence="13" number="5">from</token>
<token t_id="305" sentence="13" number="6">treating</token>
<token t_id="306" sentence="13" number="7">Teixeira</token>
<token t_id="307" sentence="13" number="8">as</token>
<token t_id="308" sentence="13" number="9">their</token>
<token t_id="309" sentence="13" number="10">top</token>
<token t_id="310" sentence="13" number="11">priority</token>
<token t_id="311" sentence="13" number="12">,</token>
<token t_id="312" sentence="13" number="13">even</token>
<token t_id="313" sentence="13" number="14">as</token>
<token t_id="314" sentence="13" number="15">other</token>
<token t_id="315" sentence="13" number="16">coveted</token>
<token t_id="316" sentence="13" number="17">options</token>
<token t_id="317" sentence="13" number="18">have</token>
<token t_id="318" sentence="13" number="19">evaporated</token>
<token t_id="319" sentence="13" number="20">.</token>
<token t_id="320" sentence="14" number="0">The</token>
<token t_id="321" sentence="14" number="1">Angels</token>
<token t_id="322" sentence="14" number="2">negotiated</token>
<token t_id="323" sentence="14" number="3">with</token>
<token t_id="324" sentence="14" number="4">pitcher</token>
<token t_id="325" sentence="14" number="5">CC</token>
<token t_id="326" sentence="14" number="6">Sabathia</token>
<token t_id="327" sentence="14" number="7">,</token>
<token t_id="328" sentence="14" number="8">a</token>
<token t_id="329" sentence="14" number="9">favorite</token>
<token t_id="330" sentence="14" number="10">among</token>
<token t_id="331" sentence="14" number="11">their</token>
<token t_id="332" sentence="14" number="12">scouts</token>
<token t_id="333" sentence="14" number="13">,</token>
<token t_id="334" sentence="14" number="14">but</token>
<token t_id="335" sentence="14" number="15">they</token>
<token t_id="336" sentence="14" number="16">chose</token>
<token t_id="337" sentence="14" number="17">not</token>
<token t_id="338" sentence="14" number="18">to</token>
<token t_id="339" sentence="14" number="19">make</token>
<token t_id="340" sentence="14" number="20">an</token>
<token t_id="341" sentence="14" number="21">offer</token>
<token t_id="342" sentence="14" number="22">after</token>
<token t_id="343" sentence="14" number="23">deciding</token>
<token t_id="344" sentence="14" number="24">they</token>
<token t_id="345" sentence="14" number="25">would</token>
<token t_id="346" sentence="14" number="26">not</token>
<token t_id="347" sentence="14" number="27">match</token>
<token t_id="348" sentence="14" number="28">the</token>
<token t_id="349" sentence="14" number="29">New</token>
<token t_id="350" sentence="14" number="30">York</token>
<token t_id="351" sentence="14" number="31">Yankees</token>
<token t_id="352" sentence="14" number="32">'</token>
<token t_id="353" sentence="14" number="33">initial</token>
<token t_id="354" sentence="14" number="34">$</token>
<token t_id="355" sentence="14" number="35">140-million</token>
<token t_id="356" sentence="14" number="36">bid</token>
<token t_id="357" sentence="14" number="37">.</token>
<token t_id="358" sentence="15" number="0">Sabathia</token>
<token t_id="359" sentence="15" number="1">agreed</token>
<token t_id="360" sentence="15" number="2">to</token>
<token t_id="361" sentence="15" number="3">a</token>
<token t_id="362" sentence="15" number="4">seven-year</token>
<token t_id="363" sentence="15" number="5">,</token>
<token t_id="364" sentence="15" number="6">$</token>
<token t_id="365" sentence="15" number="7">161-million</token>
<token t_id="366" sentence="15" number="8">deal</token>
<token t_id="367" sentence="15" number="9">with</token>
<token t_id="368" sentence="15" number="10">the</token>
<token t_id="369" sentence="15" number="11">Yankees</token>
<token t_id="370" sentence="15" number="12">late</token>
<token t_id="371" sentence="15" number="13">Tuesday</token>
<token t_id="372" sentence="15" number="14">night</token>
<token t_id="373" sentence="15" number="15">,</token>
<token t_id="374" sentence="15" number="16">hours</token>
<token t_id="375" sentence="15" number="17">after</token>
<token t_id="376" sentence="15" number="18">Moreno</token>
<token t_id="377" sentence="15" number="19">met</token>
<token t_id="378" sentence="15" number="20">with</token>
<token t_id="379" sentence="15" number="21">Boras</token>
<token t_id="380" sentence="15" number="22">.</token>
<token t_id="381" sentence="16" number="0">On</token>
<token t_id="382" sentence="16" number="1">Friday</token>
<token t_id="383" sentence="16" number="2">,</token>
<token t_id="384" sentence="16" number="3">outfielder</token>
<token t_id="385" sentence="16" number="4">Raul</token>
<token t_id="386" sentence="16" number="5">Ibanez</token>
<token t_id="387" sentence="16" number="6">signed</token>
<token t_id="388" sentence="16" number="7">a</token>
<token t_id="389" sentence="16" number="8">three-year</token>
<token t_id="390" sentence="16" number="9">,</token>
<token t_id="391" sentence="16" number="10">$</token>
<token t_id="392" sentence="16" number="11">31.5-million</token>
<token t_id="393" sentence="16" number="12">contract</token>
<token t_id="394" sentence="16" number="13">with</token>
<token t_id="395" sentence="16" number="14">the</token>
<token t_id="396" sentence="16" number="15">Philadelphia</token>
<token t_id="397" sentence="16" number="16">Phillies</token>
<token t_id="398" sentence="16" number="17">.</token>
<token t_id="399" sentence="17" number="0">The</token>
<token t_id="400" sentence="17" number="1">Angels</token>
<token t_id="401" sentence="17" number="2">had</token>
<token t_id="402" sentence="17" number="3">considered</token>
<token t_id="403" sentence="17" number="4">signing</token>
<token t_id="404" sentence="17" number="5">Ibanez</token>
<token t_id="405" sentence="17" number="6">if</token>
<token t_id="406" sentence="17" number="7">they</token>
<token t_id="407" sentence="17" number="8">lost</token>
<token t_id="408" sentence="17" number="9">out</token>
<token t_id="409" sentence="17" number="10">on</token>
<token t_id="410" sentence="17" number="11">Teixeira</token>
<token t_id="411" sentence="17" number="12">,</token>
<token t_id="412" sentence="17" number="13">with</token>
<token t_id="413" sentence="17" number="14">Ibanez</token>
<token t_id="414" sentence="17" number="15">playing</token>
<token t_id="415" sentence="17" number="16">left</token>
<token t_id="416" sentence="17" number="17">field</token>
<token t_id="417" sentence="17" number="18">and</token>
<token t_id="418" sentence="17" number="19">Kendry</token>
<token t_id="419" sentence="17" number="20">Morales</token>
<token t_id="420" sentence="17" number="21">replacing</token>
<token t_id="421" sentence="17" number="22">Teixeira</token>
<token t_id="422" sentence="17" number="23">at</token>
<token t_id="423" sentence="17" number="24">first</token>
<token t_id="424" sentence="17" number="25">base</token>
<token t_id="425" sentence="17" number="26">.</token>
<token t_id="426" sentence="18" number="0">The</token>
<token t_id="427" sentence="18" number="1">Angels</token>
<token t_id="428" sentence="18" number="2">'</token>
<token t_id="429" sentence="18" number="3">eight-year</token>
<token t_id="430" sentence="18" number="4">offer</token>
<token t_id="431" sentence="18" number="5">first</token>
<token t_id="432" sentence="18" number="6">was</token>
<token t_id="433" sentence="18" number="7">reported</token>
<token t_id="434" sentence="18" number="8">Friday</token>
<token t_id="435" sentence="18" number="9">night</token>
<token t_id="436" sentence="18" number="10">on</token>
<token t_id="437" sentence="18" number="11">the</token>
<token t_id="438" sentence="18" number="12">team-owned</token>
<token t_id="439" sentence="18" number="13">radio</token>
<token t_id="440" sentence="18" number="14">station</token>
<token t_id="441" sentence="18" number="15">,</token>
<token t_id="442" sentence="18" number="16">AM</token>
<token t_id="443" sentence="18" number="17">830</token>
<token t_id="444" sentence="18" number="18">.</token>
<Markables>
<ACTION_OCCURRENCE m_id="10"  >
  <token_anchor t_id="4"/>
</ACTION_OCCURRENCE>
<ACTION_REPORTING m_id="9"  >
  <token_anchor t_id="16"/>
</ACTION_REPORTING>
<HUMAN_PART_ORG m_id="12"  >
  <token_anchor t_id="1"/>
  <token_anchor t_id="2"/>
</HUMAN_PART_ORG>
<HUMAN_PART_PER m_id="11"  >
  <token_anchor t_id="9"/>
  <token_anchor t_id="10"/>
</HUMAN_PART_PER>
<HUMAN_PART_PER m_id="13"  >
  <token_anchor t_id="14"/>
  <token_anchor t_id="15"/>
</HUMAN_PART_PER>
<NON_HUMAN_PART m_id="14"  >
  <token_anchor t_id="7"/>
</NON_HUMAN_PART>
<TIME_OF_THE_DAY m_id="15"  >
  <token_anchor t_id="17"/>
  <token_anchor t_id="18"/>
</TIME_OF_THE_DAY>




<ACTION_OCCURRENCE m_id="21" RELATED_TO="" TAG_DESCRIPTOR="t10_angels_offer" instance_id="ACT18506703165453432" />
<HUMAN_PART_ORG m_id="19" RELATED_TO="" TAG_DESCRIPTOR="t10_angels" instance_id="HUM17230155331352194" />
<HUMAN_PART_PER m_id="20" RELATED_TO="" TAG_DESCRIPTOR="t10_teixeira" instance_id="HUM17227544654464282" />
<HUMAN_PART_PER m_id="18" RELATED_TO="" TAG_DESCRIPTOR="t10_tony_reagins" instance_id="HUM17230538151741014" />
<ACTION_REPORTING m_id="17" RELATED_TO="" TAG_DESCRIPTOR="t10b_reagins_confirms_offer" instance_id="ACT27312180329568104" />
<NON_HUMAN_PART m_id="16" RELATED_TO="" TAG_DESCRIPTOR="t10b_contract_angels_teixeira" instance_id="NON27312439168997997" />
</Markables>

<Relations>
<CROSS_DOC_COREF r_id="34039" note="NON27312439168997997" >
  <source m_id="14" />
  <target m_id="16" />
</CROSS_DOC_COREF>
<CROSS_DOC_COREF r_id="34040" note="ACT27312180329568104" >
  <source m_id="9" />
  <target m_id="17" />
</CROSS_DOC_COREF>
<CROSS_DOC_COREF r_id="34041" note="HUM17230538151741014" >
  <source m_id="13" />
  <target m_id="18" />
</CROSS_DOC_COREF>
<CROSS_DOC_COREF r_id="34042" note="HUM17230155331352194" >
  <source m_id="12" />
  <target m_id="19" />
</CROSS_DOC_COREF>
<CROSS_DOC_COREF r_id="34043" note="HUM17227544654464282" >
  <source m_id="11" />
  <target m_id="20" />
</CROSS_DOC_COREF>
<CROSS_DOC_COREF r_id="34044" note="ACT18506703165453432" >
  <source m_id="10" />
  <target m_id="21" />
</CROSS_DOC_COREF>

</Relations>
</Document>
