<Document doc_name="29_10ecbplus.xml" doc_id="DOC15651942611277123">
<token t_id="1" sentence="0" number="0">http</token>
<token t_id="2" sentence="0" number="1">:</token>
<token t_id="3" sentence="0" number="2">/</token>
<token t_id="4" sentence="0" number="3">/</token>
<token t_id="5" sentence="0" number="4">www</token>
<token t_id="6" sentence="0" number="5">.</token>
<token t_id="7" sentence="0" number="6">colts</token>
<token t_id="8" sentence="0" number="7">.</token>
<token t_id="9" sentence="0" number="8">com</token>
<token t_id="10" sentence="0" number="9">/</token>
<token t_id="11" sentence="0" number="10">news</token>
<token t_id="12" sentence="0" number="11">/</token>
<token t_id="13" sentence="0" number="12">article</token>
<token t_id="14" sentence="0" number="13">-</token>
<token t_id="15" sentence="0" number="14">1</token>
<token t_id="16" sentence="0" number="15">/</token>
<token t_id="17" sentence="0" number="16">COLTS</token>
<token t_id="18" sentence="0" number="17">-</token>
<token t_id="19" sentence="0" number="18">TOP</token>
<token t_id="20" sentence="0" number="19">-</token>
<token t_id="21" sentence="0" number="20">CHIEFS</token>
<token t_id="22" sentence="0" number="21">-</token>
<token t_id="23" sentence="0" number="22">20</token>
<token t_id="24" sentence="0" number="23">-</token>
<token t_id="25" sentence="0" number="24">13</token>
<token t_id="26" sentence="0" number="25">-</token>
<token t_id="27" sentence="0" number="26">REACH</token>
<token t_id="28" sentence="0" number="27">-</token>
<token t_id="29" sentence="0" number="28">PLAYOFFS</token>
<token t_id="30" sentence="0" number="29">/</token>
<token t_id="31" sentence="0" number="30">18bab7d6</token>
<token t_id="32" sentence="0" number="31">-</token>
<token t_id="33" sentence="0" number="32">6c12</token>
<token t_id="34" sentence="0" number="33">-</token>
<token t_id="35" sentence="0" number="34">4873</token>
<token t_id="36" sentence="0" number="35">-</token>
<token t_id="37" sentence="0" number="36">ab0b</token>
<token t_id="38" sentence="0" number="37">-</token>
<token t_id="39" sentence="0" number="38">b33b42a9065c</token>
<token t_id="40" sentence="1" number="0">COLTS</token>
<token t_id="41" sentence="1" number="1">TOP</token>
<token t_id="42" sentence="1" number="2">CHIEFS</token>
<token t_id="43" sentence="1" number="3">,</token>
<token t_id="44" sentence="1" number="4">20</token>
<token t_id="45" sentence="1" number="5">-</token>
<token t_id="46" sentence="1" number="6">13</token>
<token t_id="47" sentence="1" number="7">,</token>
<token t_id="48" sentence="1" number="8">REACH</token>
<token t_id="49" sentence="1" number="9">PLAYOFFS</token>
<token t_id="50" sentence="2" number="0">Posted</token>
<token t_id="51" sentence="2" number="1">Dec</token>
<token t_id="52" sentence="2" number="2">23</token>
<token t_id="53" sentence="2" number="3">,</token>
<token t_id="54" sentence="2" number="4">2012</token>
<token t_id="55" sentence="3" number="0">Indianapolis</token>
<token t_id="56" sentence="3" number="1">lost</token>
<token t_id="57" sentence="3" number="2">a</token>
<token t_id="58" sentence="3" number="3">10</token>
<token t_id="59" sentence="3" number="4">-</token>
<token t_id="60" sentence="3" number="5">point</token>
<token t_id="61" sentence="3" number="6">halftime</token>
<token t_id="62" sentence="3" number="7">lead</token>
<token t_id="63" sentence="3" number="8">at</token>
<token t_id="64" sentence="3" number="9">Kansas</token>
<token t_id="65" sentence="3" number="10">City</token>
<token t_id="66" sentence="3" number="11">,</token>
<token t_id="67" sentence="3" number="12">but</token>
<token t_id="68" sentence="3" number="13">responded</token>
<token t_id="69" sentence="3" number="14">down</token>
<token t_id="70" sentence="3" number="15">the</token>
<token t_id="71" sentence="3" number="16">stretch</token>
<token t_id="72" sentence="3" number="17">with</token>
<token t_id="73" sentence="3" number="18">a</token>
<token t_id="74" sentence="3" number="19">touchdown</token>
<token t_id="75" sentence="3" number="20">with</token>
<token t_id="76" sentence="3" number="21">4</token>
<token t_id="77" sentence="3" number="22">:</token>
<token t_id="78" sentence="3" number="23">08</token>
<token t_id="79" sentence="3" number="24">to</token>
<token t_id="80" sentence="3" number="25">go</token>
<token t_id="81" sentence="3" number="26">to</token>
<token t_id="82" sentence="3" number="27">earn</token>
<token t_id="83" sentence="3" number="28">a</token>
<token t_id="84" sentence="3" number="29">10th</token>
<token t_id="85" sentence="3" number="30">victory</token>
<token t_id="86" sentence="3" number="31">and</token>
<token t_id="87" sentence="3" number="32">a</token>
<token t_id="88" sentence="3" number="33">playoff</token>
<token t_id="89" sentence="3" number="34">berth</token>
<token t_id="90" sentence="3" number="35">with</token>
<token t_id="91" sentence="3" number="36">a</token>
<token t_id="92" sentence="3" number="37">20</token>
<token t_id="93" sentence="3" number="38">-</token>
<token t_id="94" sentence="3" number="39">13</token>
<token t_id="95" sentence="3" number="40">victory</token>
<token t_id="96" sentence="3" number="41">.</token>
<token t_id="97" sentence="4" number="0">It</token>
<token t_id="98" sentence="4" number="1">was</token>
<token t_id="99" sentence="4" number="2">not</token>
<token t_id="100" sentence="4" number="3">pretty</token>
<token t_id="101" sentence="4" number="4">,</token>
<token t_id="102" sentence="4" number="5">but</token>
<token t_id="103" sentence="4" number="6">add</token>
<token t_id="104" sentence="4" number="7">it</token>
<token t_id="105" sentence="4" number="8">up</token>
<token t_id="106" sentence="4" number="9">after</token>
<token t_id="107" sentence="4" number="10">60</token>
<token t_id="108" sentence="4" number="11">minutes</token>
<token t_id="109" sentence="4" number="12">and</token>
<token t_id="110" sentence="4" number="13">the</token>
<token t_id="111" sentence="4" number="14">Colts</token>
<token t_id="112" sentence="4" number="15">will</token>
<token t_id="113" sentence="4" number="16">be</token>
<token t_id="114" sentence="4" number="17">wearing</token>
<token t_id="115" sentence="4" number="18">their</token>
<token t_id="116" sentence="4" number="19">white</token>
<token t_id="117" sentence="4" number="20">jerseys</token>
<token t_id="118" sentence="4" number="21">at</token>
<token t_id="119" sentence="4" number="22">least</token>
<token t_id="120" sentence="4" number="23">one</token>
<token t_id="121" sentence="4" number="24">more</token>
<token t_id="122" sentence="4" number="25">time</token>
<token t_id="123" sentence="4" number="26">this</token>
<token t_id="124" sentence="4" number="27">season</token>
<token t_id="125" sentence="4" number="28">.</token>
<token t_id="126" sentence="5" number="0">A</token>
<token t_id="127" sentence="5" number="1">Reggie</token>
<token t_id="128" sentence="5" number="2">Wayne</token>
<token t_id="129" sentence="5" number="3">seven</token>
<token t_id="130" sentence="5" number="4">-</token>
<token t_id="131" sentence="5" number="5">yard</token>
<token t_id="132" sentence="5" number="6">touchdown</token>
<token t_id="133" sentence="5" number="7">reception</token>
<token t_id="134" sentence="5" number="8">with</token>
<token t_id="135" sentence="5" number="9">just</token>
<token t_id="136" sentence="5" number="10">more</token>
<token t_id="137" sentence="5" number="11">than</token>
<token t_id="138" sentence="5" number="12">four</token>
<token t_id="139" sentence="5" number="13">minutes</token>
<token t_id="140" sentence="5" number="14">remaining</token>
<token t_id="141" sentence="5" number="15">gave</token>
<token t_id="142" sentence="5" number="16">the</token>
<token t_id="143" sentence="5" number="17">Colts</token>
<token t_id="144" sentence="5" number="18">a</token>
<token t_id="145" sentence="5" number="19">20</token>
<token t_id="146" sentence="5" number="20">-</token>
<token t_id="147" sentence="5" number="21">13</token>
<token t_id="148" sentence="5" number="22">lead</token>
<token t_id="149" sentence="5" number="23">at</token>
<token t_id="150" sentence="5" number="24">Kansas</token>
<token t_id="151" sentence="5" number="25">City</token>
<token t_id="152" sentence="5" number="26">,</token>
<token t_id="153" sentence="5" number="27">and</token>
<token t_id="154" sentence="5" number="28">the</token>
<token t_id="155" sentence="5" number="29">defense</token>
<token t_id="156" sentence="5" number="30">made</token>
<token t_id="157" sentence="5" number="31">it</token>
<token t_id="158" sentence="5" number="32">hold</token>
<token t_id="159" sentence="5" number="33">up</token>
<token t_id="160" sentence="5" number="34">as</token>
<token t_id="161" sentence="5" number="35">the</token>
<token t_id="162" sentence="5" number="36">10th</token>
<token t_id="163" sentence="5" number="37">win</token>
<token t_id="164" sentence="5" number="38">for</token>
<token t_id="165" sentence="5" number="39">Indianapolis</token>
<token t_id="166" sentence="5" number="40">(</token>
<token t_id="167" sentence="5" number="41">10</token>
<token t_id="168" sentence="5" number="42">-</token>
<token t_id="169" sentence="5" number="43">5</token>
<token t_id="170" sentence="5" number="44">)</token>
<token t_id="171" sentence="5" number="45">clinched</token>
<token t_id="172" sentence="5" number="46">a</token>
<token t_id="173" sentence="5" number="47">playoff</token>
<token t_id="174" sentence="5" number="48">berth</token>
<token t_id="175" sentence="5" number="49">.</token>
<token t_id="176" sentence="6" number="0">The</token>
<token t_id="177" sentence="6" number="1">Colts</token>
<token t_id="178" sentence="6" number="2">jumped</token>
<token t_id="179" sentence="6" number="3">out</token>
<token t_id="180" sentence="6" number="4">to</token>
<token t_id="181" sentence="6" number="5">a</token>
<token t_id="182" sentence="6" number="6">13</token>
<token t_id="183" sentence="6" number="7">-</token>
<token t_id="184" sentence="6" number="8">3</token>
<token t_id="185" sentence="6" number="9">halftime</token>
<token t_id="186" sentence="6" number="10">lead</token>
<token t_id="187" sentence="6" number="11">thanks</token>
<token t_id="188" sentence="6" number="12">to</token>
<token t_id="189" sentence="6" number="13">cornerback</token>
<token t_id="190" sentence="6" number="14">Darius</token>
<token t_id="191" sentence="6" number="15">Butler</token>
<token t_id="192" sentence="6" number="16">returning</token>
<token t_id="193" sentence="6" number="17">an</token>
<token t_id="194" sentence="6" number="18">interception</token>
<token t_id="195" sentence="6" number="19">32</token>
<token t_id="196" sentence="6" number="20">yards</token>
<token t_id="197" sentence="6" number="21">for</token>
<token t_id="198" sentence="6" number="22">a</token>
<token t_id="199" sentence="6" number="23">touchdown</token>
<token t_id="200" sentence="6" number="24">early</token>
<token t_id="201" sentence="6" number="25">in</token>
<token t_id="202" sentence="6" number="26">the</token>
<token t_id="203" sentence="6" number="27">first</token>
<token t_id="204" sentence="6" number="28">quarter</token>
<token t_id="205" sentence="6" number="29">.</token>
<token t_id="206" sentence="7" number="0">It</token>
<token t_id="207" sentence="7" number="1">was</token>
<token t_id="208" sentence="7" number="2">Butler</token>
<token t_id="209" sentence="7" number="3">’</token>
<token t_id="210" sentence="7" number="4">s</token>
<token t_id="211" sentence="7" number="5">second</token>
<token t_id="212" sentence="7" number="6">interception</token>
<token t_id="213" sentence="7" number="7">returned</token>
<token t_id="214" sentence="7" number="8">for</token>
<token t_id="215" sentence="7" number="9">a</token>
<token t_id="216" sentence="7" number="10">touchdown</token>
<token t_id="217" sentence="7" number="11">this</token>
<token t_id="218" sentence="7" number="12">year</token>
<token t_id="219" sentence="7" number="13">,</token>
<token t_id="220" sentence="7" number="14">and</token>
<token t_id="221" sentence="7" number="15">the</token>
<token t_id="222" sentence="7" number="16">score</token>
<token t_id="223" sentence="7" number="17">tied</token>
<token t_id="224" sentence="7" number="18">a</token>
<token t_id="225" sentence="7" number="19">Colts</token>
<token t_id="226" sentence="7" number="20">club</token>
<token t_id="227" sentence="7" number="21">record</token>
<token t_id="228" sentence="7" number="22">with</token>
<token t_id="229" sentence="7" number="23">a</token>
<token t_id="230" sentence="7" number="24">total</token>
<token t_id="231" sentence="7" number="25">of</token>
<token t_id="232" sentence="7" number="26">four</token>
<token t_id="233" sentence="7" number="27">on</token>
<token t_id="234" sentence="7" number="28">the</token>
<token t_id="235" sentence="7" number="29">season</token>
<token t_id="236" sentence="7" number="30">.</token>
<token t_id="237" sentence="8" number="0">Any</token>
<token t_id="238" sentence="8" number="1">chance</token>
<token t_id="239" sentence="8" number="2">for</token>
<token t_id="240" sentence="8" number="3">a</token>
<token t_id="241" sentence="8" number="4">second</token>
<token t_id="242" sentence="8" number="5">half</token>
<token t_id="243" sentence="8" number="6">without</token>
<token t_id="244" sentence="8" number="7">drama</token>
<token t_id="245" sentence="8" number="8">quickly</token>
<token t_id="246" sentence="8" number="9">was</token>
<token t_id="247" sentence="8" number="10">put</token>
<token t_id="248" sentence="8" number="11">to</token>
<token t_id="249" sentence="8" number="12">rest</token>
<token t_id="250" sentence="8" number="13">as</token>
<token t_id="251" sentence="8" number="14">the</token>
<token t_id="252" sentence="8" number="15">Chiefs</token>
<token t_id="253" sentence="8" number="16">(</token>
<token t_id="254" sentence="8" number="17">2</token>
<token t_id="255" sentence="8" number="18">-</token>
<token t_id="256" sentence="8" number="19">13</token>
<token t_id="257" sentence="8" number="20">)</token>
<token t_id="258" sentence="8" number="21">came</token>
<token t_id="259" sentence="8" number="22">out</token>
<token t_id="260" sentence="8" number="23">and</token>
<token t_id="261" sentence="8" number="24">tied</token>
<token t_id="262" sentence="8" number="25">the</token>
<token t_id="263" sentence="8" number="26">game</token>
<token t_id="264" sentence="8" number="27">with</token>
<token t_id="265" sentence="8" number="28">6</token>
<token t_id="266" sentence="8" number="29">:</token>
<token t_id="267" sentence="8" number="30">00</token>
<token t_id="268" sentence="8" number="31">minutes</token>
<token t_id="269" sentence="8" number="32">remaining</token>
<token t_id="270" sentence="8" number="33">in</token>
<token t_id="271" sentence="8" number="34">the</token>
<token t_id="272" sentence="8" number="35">third</token>
<token t_id="273" sentence="8" number="36">quarter</token>
<token t_id="274" sentence="8" number="37">.</token>
<token t_id="275" sentence="9" number="0">Jamaal</token>
<token t_id="276" sentence="9" number="1">Charles</token>
<token t_id="277" sentence="9" number="2">cut</token>
<token t_id="278" sentence="9" number="3">into</token>
<token t_id="279" sentence="9" number="4">the</token>
<token t_id="280" sentence="9" number="5">deficit</token>
<token t_id="281" sentence="9" number="6">on</token>
<token t_id="282" sentence="9" number="7">the</token>
<token t_id="283" sentence="9" number="8">first</token>
<token t_id="284" sentence="9" number="9">play</token>
<token t_id="285" sentence="9" number="10">of</token>
<token t_id="286" sentence="9" number="11">the</token>
<token t_id="287" sentence="9" number="12">half</token>
<token t_id="288" sentence="9" number="13">with</token>
<token t_id="289" sentence="9" number="14">an</token>
<token t_id="290" sentence="9" number="15">86</token>
<token t_id="291" sentence="9" number="16">-</token>
<token t_id="292" sentence="9" number="17">yard</token>
<token t_id="293" sentence="9" number="18">touchdown</token>
<token t_id="294" sentence="9" number="19">run</token>
<token t_id="295" sentence="9" number="20">,</token>
<token t_id="296" sentence="9" number="21">the</token>
<token t_id="297" sentence="9" number="22">longest</token>
<token t_id="298" sentence="9" number="23">rush</token>
<token t_id="299" sentence="9" number="24">allowed</token>
<token t_id="300" sentence="9" number="25">in</token>
<token t_id="301" sentence="9" number="26">franchise</token>
<token t_id="302" sentence="9" number="27">history</token>
<token t_id="303" sentence="9" number="28">.</token>
<token t_id="304" sentence="10" number="0">Ryan</token>
<token t_id="305" sentence="10" number="1">Succop</token>
<token t_id="306" sentence="10" number="2">hit</token>
<token t_id="307" sentence="10" number="3">a</token>
<token t_id="308" sentence="10" number="4">47</token>
<token t_id="309" sentence="10" number="5">-</token>
<token t_id="310" sentence="10" number="6">yard</token>
<token t_id="311" sentence="10" number="7">field</token>
<token t_id="312" sentence="10" number="8">goal</token>
<token t_id="313" sentence="10" number="9">moments</token>
<token t_id="314" sentence="10" number="10">later</token>
<token t_id="315" sentence="10" number="11">to</token>
<token t_id="316" sentence="10" number="12">tie</token>
<token t_id="317" sentence="10" number="13">the</token>
<token t_id="318" sentence="10" number="14">game</token>
<token t_id="319" sentence="10" number="15">.</token>
<token t_id="320" sentence="11" number="0">With</token>
<token t_id="321" sentence="11" number="1">the</token>
<token t_id="322" sentence="11" number="2">offense</token>
<token t_id="323" sentence="11" number="3">struggling</token>
<token t_id="324" sentence="11" number="4">to</token>
<token t_id="325" sentence="11" number="5">sustain</token>
<token t_id="326" sentence="11" number="6">drives</token>
<token t_id="327" sentence="11" number="7">,</token>
<token t_id="328" sentence="11" number="8">it</token>
<token t_id="329" sentence="11" number="9">was</token>
<token t_id="330" sentence="11" number="10">the</token>
<token t_id="331" sentence="11" number="11">Indianapolis</token>
<token t_id="332" sentence="11" number="12">defense</token>
<token t_id="333" sentence="11" number="13">that</token>
<token t_id="334" sentence="11" number="14">stood</token>
<token t_id="335" sentence="11" number="15">tall</token>
<token t_id="336" sentence="11" number="16">with</token>
<token t_id="337" sentence="11" number="17">a</token>
<token t_id="338" sentence="11" number="18">stand</token>
<token t_id="339" sentence="11" number="19">.</token>
<token t_id="340" sentence="12" number="0">The</token>
<token t_id="341" sentence="12" number="1">Chiefs</token>
<token t_id="342" sentence="12" number="2">were</token>
<token t_id="343" sentence="12" number="3">stuffed</token>
<token t_id="344" sentence="12" number="4">on</token>
<token t_id="345" sentence="12" number="5">a</token>
<token t_id="346" sentence="12" number="6">fourth</token>
<token t_id="347" sentence="12" number="7">-</token>
<token t_id="348" sentence="12" number="8">and</token>
<token t_id="349" sentence="12" number="9">-</token>
<token t_id="350" sentence="12" number="10">one</token>
<token t_id="351" sentence="12" number="11">in</token>
<token t_id="352" sentence="12" number="12">Colts</token>
<token t_id="353" sentence="12" number="13">territory</token>
<token t_id="354" sentence="12" number="14">early</token>
<token t_id="355" sentence="12" number="15">in</token>
<token t_id="356" sentence="12" number="16">the</token>
<token t_id="357" sentence="12" number="17">fourth</token>
<token t_id="358" sentence="12" number="18">quarter</token>
<token t_id="359" sentence="12" number="19">,</token>
<token t_id="360" sentence="12" number="20">and</token>
<token t_id="361" sentence="12" number="21">the</token>
<token t_id="362" sentence="12" number="22">momentum</token>
<token t_id="363" sentence="12" number="23">carried</token>
<token t_id="364" sentence="12" number="24">over</token>
<token t_id="365" sentence="12" number="25">to</token>
<token t_id="366" sentence="12" number="26">offensive</token>
<token t_id="367" sentence="12" number="27">side</token>
<token t_id="368" sentence="12" number="28">of</token>
<token t_id="369" sentence="12" number="29">the</token>
<token t_id="370" sentence="12" number="30">ball</token>
<token t_id="371" sentence="12" number="31">.</token>
<token t_id="372" sentence="13" number="0">The</token>
<token t_id="373" sentence="13" number="1">Colts</token>
<token t_id="374" sentence="13" number="2">embarked</token>
<token t_id="375" sentence="13" number="3">on</token>
<token t_id="376" sentence="13" number="4">a</token>
<token t_id="377" sentence="13" number="5">13</token>
<token t_id="378" sentence="13" number="6">-</token>
<token t_id="379" sentence="13" number="7">play</token>
<token t_id="380" sentence="13" number="8">,</token>
<token t_id="381" sentence="13" number="9">73</token>
<token t_id="382" sentence="13" number="10">-</token>
<token t_id="383" sentence="13" number="11">yard</token>
<token t_id="384" sentence="13" number="12">drive</token>
<token t_id="385" sentence="13" number="13">that</token>
<token t_id="386" sentence="13" number="14">was</token>
<token t_id="387" sentence="13" number="15">capped</token>
<token t_id="388" sentence="13" number="16">off</token>
<token t_id="389" sentence="13" number="17">when</token>
<token t_id="390" sentence="13" number="18">quarterback</token>
<token t_id="391" sentence="13" number="19">Andrew</token>
<token t_id="392" sentence="13" number="20">Luck</token>
<token t_id="393" sentence="13" number="21">found</token>
<token t_id="394" sentence="13" number="22">Wayne</token>
<token t_id="395" sentence="13" number="23">in</token>
<token t_id="396" sentence="13" number="24">the</token>
<token t_id="397" sentence="13" number="25">back</token>
<token t_id="398" sentence="13" number="26">of</token>
<token t_id="399" sentence="13" number="27">the</token>
<token t_id="400" sentence="13" number="28">end</token>
<token t_id="401" sentence="13" number="29">zone</token>
<token t_id="402" sentence="13" number="30">for</token>
<token t_id="403" sentence="13" number="31">the</token>
<token t_id="404" sentence="13" number="32">game</token>
<token t_id="405" sentence="13" number="33">-</token>
<token t_id="406" sentence="13" number="34">winning</token>
<token t_id="407" sentence="13" number="35">score</token>
<token t_id="408" sentence="13" number="36">.</token>
<token t_id="409" sentence="14" number="0">For</token>
<token t_id="410" sentence="14" number="1">the</token>
<token t_id="411" sentence="14" number="2">season</token>
<token t_id="412" sentence="14" number="3">,</token>
<token t_id="413" sentence="14" number="4">the</token>
<token t_id="414" sentence="14" number="5">Colts</token>
<token t_id="415" sentence="14" number="6">were</token>
<token t_id="416" sentence="14" number="7">4</token>
<token t_id="417" sentence="14" number="8">-</token>
<token t_id="418" sentence="14" number="9">4</token>
<token t_id="419" sentence="14" number="10">on</token>
<token t_id="420" sentence="14" number="11">the</token>
<token t_id="421" sentence="14" number="12">road</token>
<token t_id="422" sentence="14" number="13">and</token>
<token t_id="423" sentence="14" number="14">moved</token>
<token t_id="424" sentence="14" number="15">their</token>
<token t_id="425" sentence="14" number="16">record</token>
<token t_id="426" sentence="14" number="17">to</token>
<token t_id="427" sentence="14" number="18">9</token>
<token t_id="428" sentence="14" number="19">-</token>
<token t_id="429" sentence="14" number="20">1</token>
<token t_id="430" sentence="14" number="21">in</token>
<token t_id="431" sentence="14" number="22">one</token>
<token t_id="432" sentence="14" number="23">-</token>
<token t_id="433" sentence="14" number="24">possession</token>
<token t_id="434" sentence="14" number="25">games</token>
<token t_id="435" sentence="14" number="26">.</token>
<token t_id="436" sentence="15" number="0">Luck</token>
<token t_id="437" sentence="15" number="1">also</token>
<token t_id="438" sentence="15" number="2">set</token>
<token t_id="439" sentence="15" number="3">an</token>
<token t_id="440" sentence="15" number="4">NFL</token>
<token t_id="441" sentence="15" number="5">rookie</token>
<token t_id="442" sentence="15" number="6">record</token>
<token t_id="443" sentence="15" number="7">for</token>
<token t_id="444" sentence="15" number="8">a</token>
<token t_id="445" sentence="15" number="9">season</token>
<token t_id="446" sentence="15" number="10">with</token>
<token t_id="447" sentence="15" number="11">4</token>
<token t_id="448" sentence="15" number="12">,</token>
<token t_id="449" sentence="15" number="13">183</token>
<token t_id="450" sentence="15" number="14">passing</token>
<token t_id="451" sentence="15" number="15">yards</token>
<token t_id="452" sentence="15" number="16">.</token>
<token t_id="453" sentence="16" number="0">Defensively</token>
<token t_id="454" sentence="16" number="1">,</token>
<token t_id="455" sentence="16" number="2">the</token>
<token t_id="456" sentence="16" number="3">Colts</token>
<token t_id="457" sentence="16" number="4">forced</token>
<token t_id="458" sentence="16" number="5">three</token>
<token t_id="459" sentence="16" number="6">turnovers</token>
<token t_id="460" sentence="16" number="7">,</token>
<token t_id="461" sentence="16" number="8">with</token>
<token t_id="462" sentence="16" number="9">inside</token>
<token t_id="463" sentence="16" number="10">linebacker</token>
<token t_id="464" sentence="16" number="11">Pat</token>
<token t_id="465" sentence="16" number="12">Angerer</token>
<token t_id="466" sentence="16" number="13">causing</token>
<token t_id="467" sentence="16" number="14">a</token>
<token t_id="468" sentence="16" number="15">fumble</token>
<token t_id="469" sentence="16" number="16">in</token>
<token t_id="470" sentence="16" number="17">the</token>
<token t_id="471" sentence="16" number="18">first</token>
<token t_id="472" sentence="16" number="19">half</token>
<token t_id="473" sentence="16" number="20">.</token>
<token t_id="474" sentence="17" number="0">Cornerback</token>
<token t_id="475" sentence="17" number="1">Vontae</token>
<token t_id="476" sentence="17" number="2">Davis</token>
<token t_id="477" sentence="17" number="3">recorded</token>
<token t_id="478" sentence="17" number="4">his</token>
<token t_id="479" sentence="17" number="5">first</token>
<token t_id="480" sentence="17" number="6">interception</token>
<token t_id="481" sentence="17" number="7">in</token>
<token t_id="482" sentence="17" number="8">a</token>
<token t_id="483" sentence="17" number="9">Colts</token>
<token t_id="484" sentence="17" number="10">uniform</token>
<token t_id="485" sentence="17" number="11">in</token>
<token t_id="486" sentence="17" number="12">the</token>
<token t_id="487" sentence="17" number="13">third</token>
<token t_id="488" sentence="17" number="14">quarter</token>
<token t_id="489" sentence="17" number="15">,</token>
<token t_id="490" sentence="17" number="16">thwarting</token>
<token t_id="491" sentence="17" number="17">another</token>
<token t_id="492" sentence="17" number="18">Chiefs</token>
<token t_id="493" sentence="17" number="19">drive</token>
<token t_id="494" sentence="17" number="20">in</token>
<token t_id="495" sentence="17" number="21">Indianapolis</token>
<token t_id="496" sentence="17" number="22">territory</token>
<token t_id="497" sentence="17" number="23">.</token>
<token t_id="498" sentence="18" number="0">Bruce</token>
<token t_id="499" sentence="18" number="1">Arians</token>
<token t_id="500" sentence="18" number="2">tied</token>
<token t_id="501" sentence="18" number="3">an</token>
<token t_id="502" sentence="18" number="4">NFL</token>
<token t_id="503" sentence="18" number="5">record</token>
<token t_id="504" sentence="18" number="6">with</token>
<token t_id="505" sentence="18" number="7">nine</token>
<token t_id="506" sentence="18" number="8">wins</token>
<token t_id="507" sentence="18" number="9">as</token>
<token t_id="508" sentence="18" number="10">an</token>
<token t_id="509" sentence="18" number="11">interim</token>
<token t_id="510" sentence="18" number="12">head</token>
<token t_id="511" sentence="18" number="13">coach</token>
<token t_id="512" sentence="18" number="14">.</token>
<token t_id="513" sentence="19" number="0">Arians</token>
<token t_id="514" sentence="19" number="1">tied</token>
<token t_id="515" sentence="19" number="2">the</token>
<token t_id="516" sentence="19" number="3">marks</token>
<token t_id="517" sentence="19" number="4">set</token>
<token t_id="518" sentence="19" number="5">by</token>
<token t_id="519" sentence="19" number="6">Hamp</token>
<token t_id="520" sentence="19" number="7">Pool</token>
<token t_id="521" sentence="19" number="8">of</token>
<token t_id="522" sentence="19" number="9">the</token>
<token t_id="523" sentence="19" number="10">Rams</token>
<token t_id="524" sentence="19" number="11">in</token>
<token t_id="525" sentence="19" number="12">1952</token>
<token t_id="526" sentence="19" number="13">and</token>
<token t_id="527" sentence="19" number="14">Wally</token>
<token t_id="528" sentence="19" number="15">Lemm</token>
<token t_id="529" sentence="19" number="16">of</token>
<token t_id="530" sentence="19" number="17">Houston</token>
<token t_id="531" sentence="19" number="18">in</token>
<token t_id="532" sentence="19" number="19">1961</token>
<token t_id="533" sentence="19" number="20">.</token>
<token t_id="534" sentence="20" number="0">Indianapolis</token>
<token t_id="535" sentence="20" number="1">will</token>
<token t_id="536" sentence="20" number="2">close</token>
<token t_id="537" sentence="20" number="3">out</token>
<token t_id="538" sentence="20" number="4">the</token>
<token t_id="539" sentence="20" number="5">regular</token>
<token t_id="540" sentence="20" number="6">season</token>
<token t_id="541" sentence="20" number="7">next</token>
<token t_id="542" sentence="20" number="8">Sunday</token>
<token t_id="543" sentence="20" number="9">when</token>
<token t_id="544" sentence="20" number="10">the</token>
<token t_id="545" sentence="20" number="11">Houston</token>
<token t_id="546" sentence="20" number="12">Texans</token>
<token t_id="547" sentence="20" number="13">(</token>
<token t_id="548" sentence="20" number="14">12</token>
<token t_id="549" sentence="20" number="15">-</token>
<token t_id="550" sentence="20" number="16">3</token>
<token t_id="551" sentence="20" number="17">)</token>
<token t_id="552" sentence="20" number="18">head</token>
<token t_id="553" sentence="20" number="19">to</token>
<token t_id="554" sentence="20" number="20">Lucas</token>
<token t_id="555" sentence="20" number="21">Oil</token>
<token t_id="556" sentence="20" number="22">Stadium</token>
<token t_id="557" sentence="20" number="23">.</token>
<Markables>
<ACTION_OCCURRENCE m_id="41"  >
  <token_anchor t_id="299"/>
</ACTION_OCCURRENCE>
<ACTION_OCCURRENCE m_id="42"  >
  <token_anchor t_id="302"/>
</ACTION_OCCURRENCE>
<ACTION_OCCURRENCE m_id="43"  >
  <token_anchor t_id="374"/>
</ACTION_OCCURRENCE>
<ACTION_OCCURRENCE m_id="44"  >
  <token_anchor t_id="384"/>
</ACTION_OCCURRENCE>
<ACTION_OCCURRENCE m_id="45"  >
  <token_anchor t_id="387"/>
  <token_anchor t_id="388"/>
</ACTION_OCCURRENCE>
<ACTION_OCCURRENCE m_id="46"  >
  <token_anchor t_id="393"/>
</ACTION_OCCURRENCE>
<ACTION_OCCURRENCE m_id="17"  >
  <token_anchor t_id="41"/>
</ACTION_OCCURRENCE>
<ACTION_OCCURRENCE m_id="18"  >
  <token_anchor t_id="48"/>
</ACTION_OCCURRENCE>
<ACTION_OCCURRENCE m_id="50"  >
  <token_anchor t_id="438"/>
</ACTION_OCCURRENCE>
<ACTION_OCCURRENCE m_id="19"  >
  <token_anchor t_id="49"/>
</ACTION_OCCURRENCE>
<ACTION_OCCURRENCE m_id="51"  >
  <token_anchor t_id="442"/>
</ACTION_OCCURRENCE>
<ACTION_OCCURRENCE m_id="20"  >
  <token_anchor t_id="56"/>
</ACTION_OCCURRENCE>
<ACTION_OCCURRENCE m_id="52"  >
  <token_anchor t_id="445"/>
</ACTION_OCCURRENCE>
<ACTION_OCCURRENCE m_id="21"  >
  <token_anchor t_id="62"/>
</ACTION_OCCURRENCE>
<ACTION_OCCURRENCE m_id="22"  >
  <token_anchor t_id="68"/>
</ACTION_OCCURRENCE>
<ACTION_OCCURRENCE m_id="54"  >
  <token_anchor t_id="404"/>
  <token_anchor t_id="405"/>
  <token_anchor t_id="406"/>
  <token_anchor t_id="407"/>
</ACTION_OCCURRENCE>
<ACTION_OCCURRENCE m_id="23"  >
  <token_anchor t_id="74"/>
</ACTION_OCCURRENCE>
<ACTION_OCCURRENCE m_id="24"  >
  <token_anchor t_id="82"/>
</ACTION_OCCURRENCE>
<ACTION_OCCURRENCE m_id="25"  >
  <token_anchor t_id="85"/>
</ACTION_OCCURRENCE>
<ACTION_OCCURRENCE m_id="26"  >
  <token_anchor t_id="132"/>
  <token_anchor t_id="133"/>
</ACTION_OCCURRENCE>
<ACTION_OCCURRENCE m_id="27"  >
  <token_anchor t_id="141"/>
</ACTION_OCCURRENCE>
<ACTION_OCCURRENCE m_id="28"  >
  <token_anchor t_id="148"/>
</ACTION_OCCURRENCE>
<ACTION_OCCURRENCE m_id="29"  >
  <token_anchor t_id="158"/>
  <token_anchor t_id="159"/>
</ACTION_OCCURRENCE>
<ACTION_OCCURRENCE m_id="30"  >
  <token_anchor t_id="163"/>
</ACTION_OCCURRENCE>
<ACTION_OCCURRENCE m_id="31"  >
  <token_anchor t_id="171"/>
</ACTION_OCCURRENCE>
<ACTION_OCCURRENCE m_id="32"  >
  <token_anchor t_id="178"/>
  <token_anchor t_id="179"/>
</ACTION_OCCURRENCE>
<ACTION_OCCURRENCE m_id="33"  >
  <token_anchor t_id="186"/>
</ACTION_OCCURRENCE>
<ACTION_OCCURRENCE m_id="34"  >
  <token_anchor t_id="192"/>
</ACTION_OCCURRENCE>
<ACTION_OCCURRENCE m_id="66"  >
  <token_anchor t_id="194"/>
</ACTION_OCCURRENCE>
<ACTION_OCCURRENCE m_id="35"  >
  <token_anchor t_id="199"/>
</ACTION_OCCURRENCE>
<ACTION_OCCURRENCE m_id="70"  >
  <token_anchor t_id="88"/>
</ACTION_OCCURRENCE>
<ACTION_OCCURRENCE m_id="36"  >
  <token_anchor t_id="277"/>
  <token_anchor t_id="278"/>
</ACTION_OCCURRENCE>
<ACTION_OCCURRENCE m_id="71"  >
  <token_anchor t_id="173"/>
</ACTION_OCCURRENCE>
<ACTION_OCCURRENCE m_id="37"  >
  <token_anchor t_id="280"/>
</ACTION_OCCURRENCE>
<ACTION_OCCURRENCE m_id="38"  >
  <token_anchor t_id="283"/>
  <token_anchor t_id="284"/>
  <token_anchor t_id="285"/>
  <token_anchor t_id="286"/>
  <token_anchor t_id="287"/>
</ACTION_OCCURRENCE>
<ACTION_OCCURRENCE m_id="39"  >
  <token_anchor t_id="293"/>
  <token_anchor t_id="294"/>
</ACTION_OCCURRENCE>
<ACTION_OCCURRENCE m_id="76"  >
  <token_anchor t_id="95"/>
</ACTION_OCCURRENCE>
<ACTION_OCCURRENCE m_id="40"  >
  <token_anchor t_id="298"/>
</ACTION_OCCURRENCE>
<ACTION_STATE m_id="55"  >
  <token_anchor t_id="397"/>
</ACTION_STATE>
<ACTION_STATE m_id="56"  >
  <token_anchor t_id="447"/>
  <token_anchor t_id="448"/>
  <token_anchor t_id="449"/>
  <token_anchor t_id="450"/>
  <token_anchor t_id="451"/>
</ACTION_STATE>
<ACTION_STATE m_id="57"  >
  <token_anchor t_id="69"/>
  <token_anchor t_id="70"/>
  <token_anchor t_id="71"/>
</ACTION_STATE>
<ACTION_STATE m_id="58"  >
  <token_anchor t_id="297"/>
</ACTION_STATE>
<ACTION_STATE m_id="62"  >
  <token_anchor t_id="290"/>
  <token_anchor t_id="291"/>
  <token_anchor t_id="292"/>
</ACTION_STATE>
<ACTION_STATE m_id="63"  >
  <token_anchor t_id="377"/>
  <token_anchor t_id="378"/>
  <token_anchor t_id="379"/>
  <token_anchor t_id="380"/>
  <token_anchor t_id="381"/>
  <token_anchor t_id="382"/>
  <token_anchor t_id="383"/>
</ACTION_STATE>
<ACTION_STATE m_id="64"  >
  <token_anchor t_id="185"/>
</ACTION_STATE>
<ACTION_STATE m_id="65"  >
  <token_anchor t_id="195"/>
  <token_anchor t_id="196"/>
</ACTION_STATE>
<HUMAN_PART_ORG m_id="59"  >
  <token_anchor t_id="440"/>
</HUMAN_PART_ORG>
<HUMAN_PART_ORG m_id="1"  >
  <token_anchor t_id="40"/>
</HUMAN_PART_ORG>
<HUMAN_PART_ORG m_id="2"  >
  <token_anchor t_id="42"/>
</HUMAN_PART_ORG>
<HUMAN_PART_ORG m_id="3"  >
  <token_anchor t_id="55"/>
</HUMAN_PART_ORG>
<HUMAN_PART_ORG m_id="4"  >
  <token_anchor t_id="143"/>
</HUMAN_PART_ORG>
<HUMAN_PART_ORG m_id="5"  >
  <token_anchor t_id="165"/>
</HUMAN_PART_ORG>
<HUMAN_PART_ORG m_id="6"  >
  <token_anchor t_id="177"/>
</HUMAN_PART_ORG>
<HUMAN_PART_ORG m_id="7"  >
  <token_anchor t_id="301"/>
</HUMAN_PART_ORG>
<HUMAN_PART_ORG m_id="8"  >
  <token_anchor t_id="373"/>
</HUMAN_PART_ORG>
<HUMAN_PART_PER m_id="9"  >
  <token_anchor t_id="436"/>
</HUMAN_PART_PER>
<HUMAN_PART_PER m_id="10"  >
  <token_anchor t_id="441"/>
</HUMAN_PART_PER>
<HUMAN_PART_PER m_id="11"  >
  <token_anchor t_id="127"/>
  <token_anchor t_id="128"/>
</HUMAN_PART_PER>
<HUMAN_PART_PER m_id="12"  >
  <token_anchor t_id="155"/>
</HUMAN_PART_PER>
<HUMAN_PART_PER m_id="13"  >
  <token_anchor t_id="190"/>
  <token_anchor t_id="191"/>
</HUMAN_PART_PER>
<HUMAN_PART_PER m_id="14"  >
  <token_anchor t_id="275"/>
  <token_anchor t_id="276"/>
</HUMAN_PART_PER>
<HUMAN_PART_PER m_id="15"  >
  <token_anchor t_id="391"/>
  <token_anchor t_id="392"/>
</HUMAN_PART_PER>
<HUMAN_PART_PER m_id="16"  >
  <token_anchor t_id="394"/>
</HUMAN_PART_PER>
<LOC_OTHER m_id="53"  >
  <token_anchor t_id="400"/>
  <token_anchor t_id="401"/>
</LOC_OTHER>
<NON_HUMAN_PART m_id="73"  >
  <token_anchor t_id="89"/>
</NON_HUMAN_PART>
<NON_HUMAN_PART m_id="74"  >
  <token_anchor t_id="174"/>
</NON_HUMAN_PART>
<TIME_DATE m_id="49"  >
  <token_anchor t_id="51"/>
  <token_anchor t_id="52"/>
  <token_anchor t_id="53"/>
  <token_anchor t_id="54"/>
</TIME_DATE>
<TIME_REPETITION m_id="60"  >
  <token_anchor t_id="84"/>
</TIME_REPETITION>
<TIME_REPETITION m_id="61"  >
  <token_anchor t_id="162"/>
</TIME_REPETITION>


<LOC_FAC m_id="77" note="byCROMER" >
  <token_anchor t_id="63"/>
  <token_anchor t_id="64"/>
  <token_anchor t_id="65"/>
</LOC_FAC>
<NON_HUMAN_PART m_id="78" note="byCROMER" >
  <token_anchor t_id="44"/>
  <token_anchor t_id="45"/>
  <token_anchor t_id="46"/>
</NON_HUMAN_PART>
<NON_HUMAN_PART m_id="79" note="byCROMER" >
  <token_anchor t_id="92"/>
  <token_anchor t_id="93"/>
  <token_anchor t_id="94"/>
</NON_HUMAN_PART>
<LOC_FAC m_id="80" note="byCROMER" >
  <token_anchor t_id="149"/>
  <token_anchor t_id="150"/>
  <token_anchor t_id="151"/>
</LOC_FAC>


<ACTION_OCCURRENCE m_id="91" RELATED_TO="" TAG_DESCRIPTOR="t29_colts_victory" instance_id="ACT16976684395747580" />
<HUMAN_PART_PER m_id="89" RELATED_TO="" TAG_DESCRIPTOR="t29_wayne" instance_id="HUM16976901520377444" />
<HUMAN_PART_ORG m_id="90" RELATED_TO="" TAG_DESCRIPTOR="t29_colts" instance_id="HUM18524150423965861" />
<NON_HUMAN_PART m_id="88" RELATED_TO="" TAG_DESCRIPTOR="t29_playoff_berth" instance_id="NON16976915577800368" />
<LOC_FAC m_id="87" RELATED_TO="" TAG_DESCRIPTOR="t29_kansas_city" instance_id="LOC28592140589788426" />
<HUMAN_PART_PER m_id="86" RELATED_TO="" TAG_DESCRIPTOR="t29_luck" instance_id="HUM16976884072437799" />
<HUMAN_PART_ORG m_id="85" RELATED_TO="" TAG_DESCRIPTOR="t29_chiefs" instance_id="HUM18263750557257525" />
<ACTION_OCCURRENCE m_id="84" RELATED_TO="" TAG_DESCRIPTOR="t29_luck_touchdown" instance_id="ACT16976893498911011" />
<ACTION_OCCURRENCE m_id="83" RELATED_TO="" TAG_DESCRIPTOR="t29_clinch" instance_id="ACT16976816649304572" />
<ACTION_OCCURRENCE m_id="82" RELATED_TO="" TAG_DESCRIPTOR="t29_2012_playoffs" instance_id="ACT16976828207985668" />
<NON_HUMAN_PART m_id="81" RELATED_TO="" TAG_DESCRIPTOR="t29_20_13" instance_id="NON28597088168559097" />
</Markables>

<Relations>
<CROSS_DOC_COREF r_id="38593" note="NON28597088168559097" >
  <source m_id="78" />
  <source m_id="79" />
  <target m_id="81" />
</CROSS_DOC_COREF>
<CROSS_DOC_COREF r_id="38594" note="ACT16976828207985668" >
  <source m_id="71" />
  <source m_id="19" />
  <source m_id="70" />
  <target m_id="82" />
</CROSS_DOC_COREF>
<CROSS_DOC_COREF r_id="38595" note="ACT16976816649304572" >
  <source m_id="31" />
  <source m_id="18" />
  <target m_id="83" />
</CROSS_DOC_COREF>
<CROSS_DOC_COREF r_id="38596" note="ACT16976893498911011" >
  <source m_id="23" />
  <target m_id="84" />
</CROSS_DOC_COREF>
<CROSS_DOC_COREF r_id="38597" note="HUM18263750557257525" >
  <source m_id="2" />
  <target m_id="85" />
</CROSS_DOC_COREF>
<CROSS_DOC_COREF r_id="38598" note="HUM16976884072437799" >
  <source m_id="9" />
  <source m_id="15" />
  <target m_id="86" />
</CROSS_DOC_COREF>
<CROSS_DOC_COREF r_id="38599" note="LOC28592140589788426" >
  <source m_id="77" />
  <source m_id="80" />
  <target m_id="87" />
</CROSS_DOC_COREF>
<CROSS_DOC_COREF r_id="38600" note="NON16976915577800368" >
  <source m_id="74" />
  <source m_id="73" />
  <target m_id="88" />
</CROSS_DOC_COREF>
<CROSS_DOC_COREF r_id="38601" note="HUM16976901520377444" >
  <source m_id="11" />
  <target m_id="89" />
</CROSS_DOC_COREF>
<CROSS_DOC_COREF r_id="38602" note="HUM18524150423965861" >
  <source m_id="3" />
  <source m_id="1" />
  <source m_id="4" />
  <source m_id="5" />
  <target m_id="90" />
</CROSS_DOC_COREF>
<CROSS_DOC_COREF r_id="38603" note="ACT16976684395747580" >
  <source m_id="17" />
  <source m_id="24" />
  <source m_id="25" />
  <source m_id="76" />
  <source m_id="30" />
  <target m_id="91" />
</CROSS_DOC_COREF>

</Relations>
</Document>
