<Document doc_name="29_10ecb.xml" doc_id="DOC15654998170237916">
<token t_id="1" sentence="0" number="0">Colts</token>
<token t_id="2" sentence="0" number="1">Clinch</token>
<token t_id="3" sentence="0" number="2">Playoff</token>
<token t_id="4" sentence="0" number="3">Berth</token>
<token t_id="5" sentence="0" number="4">With</token>
<token t_id="6" sentence="0" number="5">31-24</token>
<token t_id="7" sentence="0" number="6">Victory</token>
<token t_id="8" sentence="0" number="7">Against</token>
<token t_id="9" sentence="0" number="8">Jaguars</token>
<token t_id="10" sentence="1" number="0">Keiwan</token>
<token t_id="11" sentence="1" number="1">Ratliff</token>
<token t_id="12" sentence="1" number="2">scored</token>
<token t_id="13" sentence="1" number="3">on</token>
<token t_id="14" sentence="1" number="4">a</token>
<token t_id="15" sentence="1" number="5">35-yard</token>
<token t_id="16" sentence="1" number="6">interception</token>
<token t_id="17" sentence="1" number="7">return</token>
<token t_id="18" sentence="1" number="8">last</token>
<token t_id="19" sentence="1" number="9">night</token>
<token t_id="20" sentence="1" number="10">to</token>
<token t_id="21" sentence="1" number="11">give</token>
<token t_id="22" sentence="1" number="12">the</token>
<token t_id="23" sentence="1" number="13">Indianapolis</token>
<token t_id="24" sentence="1" number="14">Colts</token>
<token t_id="25" sentence="1" number="15">a</token>
<token t_id="26" sentence="1" number="16">31-24</token>
<token t_id="27" sentence="1" number="17">win</token>
<token t_id="28" sentence="1" number="18">over</token>
<token t_id="29" sentence="1" number="19">the</token>
<token t_id="30" sentence="1" number="20">Jacksonville</token>
<token t_id="31" sentence="1" number="21">Jaguars</token>
<token t_id="32" sentence="1" number="22">and</token>
<token t_id="33" sentence="1" number="23">the</token>
<token t_id="34" sentence="1" number="24">No.</token>
<token t_id="35" sentence="1" number="25">5</token>
<token t_id="36" sentence="1" number="26">seed</token>
<token t_id="37" sentence="1" number="27">position</token>
<token t_id="38" sentence="1" number="28">in</token>
<token t_id="39" sentence="1" number="29">the</token>
<token t_id="40" sentence="1" number="30">National</token>
<token t_id="41" sentence="1" number="31">Football</token>
<token t_id="42" sentence="1" number="32">League</token>
<token t_id="43" sentence="1" number="33">playoffs</token>
<token t_id="44" sentence="1" number="34">.</token>
<token t_id="45" sentence="2" number="0">The</token>
<token t_id="46" sentence="2" number="1">Colts</token>
<token t_id="47" sentence="2" number="2">,</token>
<token t_id="48" sentence="2" number="3">trailing</token>
<token t_id="49" sentence="2" number="4">14-0</token>
<token t_id="50" sentence="2" number="5">at</token>
<token t_id="51" sentence="2" number="6">the</token>
<token t_id="52" sentence="2" number="7">start</token>
<token t_id="53" sentence="2" number="8">of</token>
<token t_id="54" sentence="2" number="9">the</token>
<token t_id="55" sentence="2" number="10">second</token>
<token t_id="56" sentence="2" number="11">quarter</token>
<token t_id="57" sentence="2" number="12">,</token>
<token t_id="58" sentence="2" number="13">scored</token>
<token t_id="59" sentence="2" number="14">17</token>
<token t_id="60" sentence="2" number="15">unanswered</token>
<token t_id="61" sentence="2" number="16">points</token>
<token t_id="62" sentence="2" number="17">in</token>
<token t_id="63" sentence="2" number="18">the</token>
<token t_id="64" sentence="2" number="19">fourth</token>
<token t_id="65" sentence="2" number="20">quarter</token>
<token t_id="66" sentence="2" number="21">to</token>
<token t_id="67" sentence="2" number="22">clinch</token>
<token t_id="68" sentence="2" number="23">their</token>
<token t_id="69" sentence="2" number="24">eighth</token>
<token t_id="70" sentence="2" number="25">straight</token>
<token t_id="71" sentence="2" number="26">win</token>
<token t_id="72" sentence="2" number="27">.</token>
<token t_id="73" sentence="3" number="0">Dallas</token>
<token t_id="74" sentence="3" number="1">Clark</token>
<token t_id="75" sentence="3" number="2">scored</token>
<token t_id="76" sentence="3" number="3">on</token>
<token t_id="77" sentence="3" number="4">a</token>
<token t_id="78" sentence="3" number="5">one-</token>
<token t_id="79" sentence="3" number="6">yard</token>
<token t_id="80" sentence="3" number="7">pass</token>
<token t_id="81" sentence="3" number="8">and</token>
<token t_id="82" sentence="3" number="9">Adam</token>
<token t_id="83" sentence="3" number="10">Vinatieri</token>
<token t_id="84" sentence="3" number="11">tied</token>
<token t_id="85" sentence="3" number="12">the</token>
<token t_id="86" sentence="3" number="13">game</token>
<token t_id="87" sentence="3" number="14">at</token>
<token t_id="88" sentence="3" number="15">24-24</token>
<token t_id="89" sentence="3" number="16">with</token>
<token t_id="90" sentence="3" number="17">a</token>
<token t_id="91" sentence="3" number="18">45-yard</token>
<token t_id="92" sentence="3" number="19">field</token>
<token t_id="93" sentence="3" number="20">goal</token>
<token t_id="94" sentence="3" number="21">before</token>
<token t_id="95" sentence="3" number="22">Ratliff</token>
<token t_id="96" sentence="3" number="23">intercepted</token>
<token t_id="97" sentence="3" number="24">a</token>
<token t_id="98" sentence="3" number="25">David</token>
<token t_id="99" sentence="3" number="26">Garrard</token>
<token t_id="100" sentence="3" number="27">pass</token>
<token t_id="101" sentence="3" number="28">,</token>
<token t_id="102" sentence="3" number="29">the</token>
<token t_id="103" sentence="3" number="30">only</token>
<token t_id="104" sentence="3" number="31">turnover</token>
<token t_id="105" sentence="3" number="32">of</token>
<token t_id="106" sentence="3" number="33">the</token>
<token t_id="107" sentence="3" number="34">game</token>
<token t_id="108" sentence="3" number="35">,</token>
<token t_id="109" sentence="3" number="36">for</token>
<token t_id="110" sentence="3" number="37">the</token>
<token t_id="111" sentence="3" number="38">winning</token>
<token t_id="112" sentence="3" number="39">touchdown</token>
<token t_id="113" sentence="3" number="40">.</token>
<token t_id="114" sentence="4" number="0">``</token>
<token t_id="115" sentence="4" number="1">We</token>
<token t_id="116" sentence="4" number="2">were</token>
<token t_id="117" sentence="4" number="3">grateful</token>
<token t_id="118" sentence="4" number="4">for</token>
<token t_id="119" sentence="4" number="5">the</token>
<token t_id="120" sentence="4" number="6">win</token>
<token t_id="121" sentence="4" number="7">,</token>
<token t_id="122" sentence="4" number="8">''</token>
<token t_id="123" sentence="4" number="9">Colts</token>
<token t_id="124" sentence="4" number="10">coach</token>
<token t_id="125" sentence="4" number="11">Tony</token>
<token t_id="126" sentence="4" number="12">Dungy</token>
<token t_id="127" sentence="4" number="13">said</token>
<token t_id="128" sentence="4" number="14">in</token>
<token t_id="129" sentence="4" number="15">a</token>
<token t_id="130" sentence="4" number="16">post-game</token>
<token t_id="131" sentence="4" number="17">broadcast</token>
<token t_id="132" sentence="4" number="18">interview</token>
<token t_id="133" sentence="4" number="19">.</token>
<token t_id="134" sentence="5" number="0">``</token>
<token t_id="135" sentence="5" number="1">For</token>
<token t_id="136" sentence="5" number="2">a</token>
<token t_id="137" sentence="5" number="3">long</token>
<token t_id="138" sentence="5" number="4">time</token>
<token t_id="139" sentence="5" number="5">there</token>
<token t_id="140" sentence="5" number="6">it</token>
<token t_id="141" sentence="5" number="7">was</token>
<token t_id="142" sentence="5" number="8">in</token>
<token t_id="143" sentence="5" number="9">doubt</token>
<token t_id="144" sentence="5" number="10">.</token>
<token t_id="145" sentence="5" number="11">''</token>
<token t_id="146" sentence="6" number="0">Peyton</token>
<token t_id="147" sentence="6" number="1">Manning</token>
<token t_id="148" sentence="6" number="2">completed</token>
<token t_id="149" sentence="6" number="3">29</token>
<token t_id="150" sentence="6" number="4">of</token>
<token t_id="151" sentence="6" number="5">34</token>
<token t_id="152" sentence="6" number="6">passes</token>
<token t_id="153" sentence="6" number="7">for</token>
<token t_id="154" sentence="6" number="8">364</token>
<token t_id="155" sentence="6" number="9">yards</token>
<token t_id="156" sentence="6" number="10">and</token>
<token t_id="157" sentence="6" number="11">three</token>
<token t_id="158" sentence="6" number="12">touchdowns</token>
<token t_id="159" sentence="6" number="13">as</token>
<token t_id="160" sentence="6" number="14">the</token>
<token t_id="161" sentence="6" number="15">Colts</token>
<token t_id="162" sentence="6" number="16">(</token>
<token t_id="163" sentence="6" number="17">11-4</token>
<token t_id="164" sentence="6" number="18">)</token>
<token t_id="165" sentence="6" number="19">recorded</token>
<token t_id="166" sentence="6" number="20">their</token>
<token t_id="167" sentence="6" number="21">sixth</token>
<token t_id="168" sentence="6" number="22">come-</token>
<token t_id="169" sentence="6" number="23">from-behind</token>
<token t_id="170" sentence="6" number="24">win</token>
<token t_id="171" sentence="6" number="25">this</token>
<token t_id="172" sentence="6" number="26">season</token>
<token t_id="173" sentence="6" number="27">.</token>
<token t_id="174" sentence="7" number="0">``</token>
<token t_id="175" sentence="7" number="1">We</token>
<token t_id="176" sentence="7" number="2">'ve</token>
<token t_id="177" sentence="7" number="3">overcome</token>
<token t_id="178" sentence="7" number="4">a</token>
<token t_id="179" sentence="7" number="5">lot</token>
<token t_id="180" sentence="7" number="6">of</token>
<token t_id="181" sentence="7" number="7">obstacles</token>
<token t_id="182" sentence="7" number="8">,</token>
<token t_id="183" sentence="7" number="9">''</token>
<token t_id="184" sentence="7" number="10">Manning</token>
<token t_id="185" sentence="7" number="11">said</token>
<token t_id="186" sentence="7" number="12">.</token>
<token t_id="187" sentence="8" number="0">``</token>
<token t_id="188" sentence="8" number="1">We</token>
<token t_id="189" sentence="8" number="2">just</token>
<token t_id="190" sentence="8" number="3">keep</token>
<token t_id="191" sentence="8" number="4">fighting</token>
<token t_id="192" sentence="8" number="5">.</token>
<token t_id="193" sentence="8" number="6">''</token>
<token t_id="194" sentence="9" number="0">The</token>
<token t_id="195" sentence="9" number="1">Jaguars</token>
<token t_id="196" sentence="9" number="2">(</token>
<token t_id="197" sentence="9" number="3">5-10</token>
<token t_id="198" sentence="9" number="4">)</token>
<token t_id="199" sentence="9" number="5">opened</token>
<token t_id="200" sentence="9" number="6">the</token>
<token t_id="201" sentence="9" number="7">scoring</token>
<token t_id="202" sentence="9" number="8">at</token>
<token t_id="203" sentence="9" number="9">Jacksonville</token>
<token t_id="204" sentence="9" number="10">Stadium</token>
<token t_id="205" sentence="9" number="11">in</token>
<token t_id="206" sentence="9" number="12">the</token>
<token t_id="207" sentence="9" number="13">first</token>
<token t_id="208" sentence="9" number="14">quarter</token>
<token t_id="209" sentence="9" number="15">with</token>
<token t_id="210" sentence="9" number="16">a</token>
<token t_id="211" sentence="9" number="17">28-yard</token>
<token t_id="212" sentence="9" number="18">pass</token>
<token t_id="213" sentence="9" number="19">from</token>
<token t_id="214" sentence="9" number="20">Garrard</token>
<token t_id="215" sentence="9" number="21">to</token>
<token t_id="216" sentence="9" number="22">Dennis</token>
<token t_id="217" sentence="9" number="23">Northcutt</token>
<token t_id="218" sentence="9" number="24">.</token>
<token t_id="219" sentence="10" number="0">Garrard</token>
<token t_id="220" sentence="10" number="1">,</token>
<token t_id="221" sentence="10" number="2">who</token>
<token t_id="222" sentence="10" number="3">completed</token>
<token t_id="223" sentence="10" number="4">28</token>
<token t_id="224" sentence="10" number="5">passes</token>
<token t_id="225" sentence="10" number="6">for</token>
<token t_id="226" sentence="10" number="7">329</token>
<token t_id="227" sentence="10" number="8">yards</token>
<token t_id="228" sentence="10" number="9">,</token>
<token t_id="229" sentence="10" number="10">ran</token>
<token t_id="230" sentence="10" number="11">for</token>
<token t_id="231" sentence="10" number="12">two</token>
<token t_id="232" sentence="10" number="13">yards</token>
<token t_id="233" sentence="10" number="14">to</token>
<token t_id="234" sentence="10" number="15">give</token>
<token t_id="235" sentence="10" number="16">Jacksonville</token>
<token t_id="236" sentence="10" number="17">a</token>
<token t_id="237" sentence="10" number="18">14-0</token>
<token t_id="238" sentence="10" number="19">lead</token>
<token t_id="239" sentence="10" number="20">in</token>
<token t_id="240" sentence="10" number="21">the</token>
<token t_id="241" sentence="10" number="22">second</token>
<token t_id="242" sentence="10" number="23">quarter</token>
<token t_id="243" sentence="10" number="24">.</token>
<token t_id="244" sentence="11" number="0">Manning</token>
<token t_id="245" sentence="11" number="1">then</token>
<token t_id="246" sentence="11" number="2">threw</token>
<token t_id="247" sentence="11" number="3">a</token>
<token t_id="248" sentence="11" number="4">41-yard</token>
<token t_id="249" sentence="11" number="5">touchdown</token>
<token t_id="250" sentence="11" number="6">pass</token>
<token t_id="251" sentence="11" number="7">to</token>
<token t_id="252" sentence="11" number="8">Reggie</token>
<token t_id="253" sentence="11" number="9">Wayne</token>
<token t_id="254" sentence="11" number="10">before</token>
<token t_id="255" sentence="11" number="11">Jaguars</token>
<token t_id="256" sentence="11" number="12">kicker</token>
<token t_id="257" sentence="11" number="13">Josh</token>
<token t_id="258" sentence="11" number="14">Scobee</token>
<token t_id="259" sentence="11" number="15">made</token>
<token t_id="260" sentence="11" number="16">a</token>
<token t_id="261" sentence="11" number="17">44-yard</token>
<token t_id="262" sentence="11" number="18">field</token>
<token t_id="263" sentence="11" number="19">goal</token>
<token t_id="264" sentence="11" number="20">to</token>
<token t_id="265" sentence="11" number="21">give</token>
<token t_id="266" sentence="11" number="22">Jacksonville</token>
<token t_id="267" sentence="11" number="23">a</token>
<token t_id="268" sentence="11" number="24">17-7</token>
<token t_id="269" sentence="11" number="25">halftime</token>
<token t_id="270" sentence="11" number="26">lead</token>
<token t_id="271" sentence="11" number="27">.</token>
<token t_id="272" sentence="12" number="0">Manning</token>
<token t_id="273" sentence="12" number="1">connected</token>
<token t_id="274" sentence="12" number="2">with</token>
<token t_id="275" sentence="12" number="3">Dominic</token>
<token t_id="276" sentence="12" number="4">Rhodes</token>
<token t_id="277" sentence="12" number="5">on</token>
<token t_id="278" sentence="12" number="6">a</token>
<token t_id="279" sentence="12" number="7">10-yard</token>
<token t_id="280" sentence="12" number="8">scoring</token>
<token t_id="281" sentence="12" number="9">pass</token>
<token t_id="282" sentence="12" number="10">in</token>
<token t_id="283" sentence="12" number="11">the</token>
<token t_id="284" sentence="12" number="12">third</token>
<token t_id="285" sentence="12" number="13">quarter</token>
<token t_id="286" sentence="12" number="14">,</token>
<token t_id="287" sentence="12" number="15">which</token>
<token t_id="288" sentence="12" number="16">was</token>
<token t_id="289" sentence="12" number="17">countered</token>
<token t_id="290" sentence="12" number="18">by</token>
<token t_id="291" sentence="12" number="19">Montell</token>
<token t_id="292" sentence="12" number="20">Owens</token>
<token t_id="293" sentence="12" number="21">'s</token>
<token t_id="294" sentence="12" number="22">two-yard</token>
<token t_id="295" sentence="12" number="23">run</token>
<token t_id="296" sentence="12" number="24">to</token>
<token t_id="297" sentence="12" number="25">give</token>
<token t_id="298" sentence="12" number="26">the</token>
<token t_id="299" sentence="12" number="27">Jaguars</token>
<token t_id="300" sentence="12" number="28">a</token>
<token t_id="301" sentence="12" number="29">24-14</token>
<token t_id="302" sentence="12" number="30">lead</token>
<token t_id="303" sentence="12" number="31">.</token>
<token t_id="304" sentence="13" number="0">The</token>
<token t_id="305" sentence="13" number="1">Colts</token>
<token t_id="306" sentence="13" number="2">dominated</token>
<token t_id="307" sentence="13" number="3">the</token>
<token t_id="308" sentence="13" number="4">final</token>
<token t_id="309" sentence="13" number="5">period</token>
<token t_id="310" sentence="13" number="6">.</token>
<token t_id="311" sentence="14" number="0">Clark</token>
<token t_id="312" sentence="14" number="1">collected</token>
<token t_id="313" sentence="14" number="2">a</token>
<token t_id="314" sentence="14" number="3">one-yard</token>
<token t_id="315" sentence="14" number="4">touchdown</token>
<token t_id="316" sentence="14" number="5">pass</token>
<token t_id="317" sentence="14" number="6">with</token>
<token t_id="318" sentence="14" number="7">12</token>
<token t_id="319" sentence="14" number="8">minutes</token>
<token t_id="320" sentence="14" number="9">,</token>
<token t_id="321" sentence="14" number="10">31</token>
<token t_id="322" sentence="14" number="11">seconds</token>
<token t_id="323" sentence="14" number="12">remaining</token>
<token t_id="324" sentence="14" number="13">before</token>
<token t_id="325" sentence="14" number="14">Vinatieri</token>
<token t_id="326" sentence="14" number="15">tied</token>
<token t_id="327" sentence="14" number="16">the</token>
<token t_id="328" sentence="14" number="17">game</token>
<token t_id="329" sentence="14" number="18">and</token>
<token t_id="330" sentence="14" number="19">Ratliff</token>
<token t_id="331" sentence="14" number="20">got</token>
<token t_id="332" sentence="14" number="21">the</token>
<token t_id="333" sentence="14" number="22">winning</token>
<token t_id="334" sentence="14" number="23">touchdown</token>
<token t_id="335" sentence="14" number="24">.</token>
<Markables>
<ACTION_OCCURRENCE m_id="38"  >
  <token_anchor t_id="12"/>
</ACTION_OCCURRENCE>
<ACTION_OCCURRENCE m_id="39"  >
  <token_anchor t_id="43"/>
</ACTION_OCCURRENCE>
<ACTION_OCCURRENCE m_id="41"  >
  <token_anchor t_id="16"/>
  <token_anchor t_id="17"/>
</ACTION_OCCURRENCE>
<ACTION_OCCURRENCE m_id="42"  >
  <token_anchor t_id="7"/>
</ACTION_OCCURRENCE>
<ACTION_OCCURRENCE m_id="43"  >
  <token_anchor t_id="3"/>
</ACTION_OCCURRENCE>
<ACTION_OCCURRENCE m_id="48"  >
  <token_anchor t_id="71"/>
</ACTION_OCCURRENCE>
<ACTION_OCCURRENCE m_id="52"  >
  <token_anchor t_id="48"/>
</ACTION_OCCURRENCE>
<ACTION_OCCURRENCE m_id="54"  >
  <token_anchor t_id="58"/>
</ACTION_OCCURRENCE>
<ACTION_OCCURRENCE m_id="34"  >
  <token_anchor t_id="2"/>
</ACTION_OCCURRENCE>
<ACTION_OCCURRENCE m_id="35"  >
  <token_anchor t_id="67"/>
</ACTION_OCCURRENCE>
<ACTION_OCCURRENCE m_id="36"  >
  <token_anchor t_id="27"/>
</ACTION_OCCURRENCE>
<ACTION_OCCURRENCE m_id="37"  >
  <token_anchor t_id="21"/>
</ACTION_OCCURRENCE>
<HUMAN_PART_ORG m_id="40"  >
  <token_anchor t_id="40"/>
  <token_anchor t_id="41"/>
  <token_anchor t_id="42"/>
</HUMAN_PART_ORG>
<HUMAN_PART_ORG m_id="44"  >
  <token_anchor t_id="1"/>
</HUMAN_PART_ORG>
<HUMAN_PART_ORG m_id="45"  >
  <token_anchor t_id="23"/>
  <token_anchor t_id="24"/>
</HUMAN_PART_ORG>
<HUMAN_PART_ORG m_id="46"  >
  <token_anchor t_id="46"/>
</HUMAN_PART_ORG>
<HUMAN_PART_ORG m_id="47"  >
  <token_anchor t_id="68"/>
</HUMAN_PART_ORG>
<HUMAN_PART_ORG m_id="32"  >
  <token_anchor t_id="9"/>
</HUMAN_PART_ORG>
<HUMAN_PART_ORG m_id="33"  >
  <token_anchor t_id="30"/>
  <token_anchor t_id="31"/>
</HUMAN_PART_ORG>
<HUMAN_PART_PER m_id="50"  >
  <token_anchor t_id="10"/>
  <token_anchor t_id="11"/>
</HUMAN_PART_PER>
<NON_HUMAN_PART m_id="55"  >
  <token_anchor t_id="59"/>
  <token_anchor t_id="60"/>
  <token_anchor t_id="61"/>
</NON_HUMAN_PART>
<NON_HUMAN_PART m_id="57"  >
  <token_anchor t_id="49"/>
</NON_HUMAN_PART>
<NON_HUMAN_PART m_id="58"  >
  <token_anchor t_id="26"/>
</NON_HUMAN_PART>
<NON_HUMAN_PART m_id="59"  >
  <token_anchor t_id="15"/>
</NON_HUMAN_PART>
<NON_HUMAN_PART m_id="60"  >
  <token_anchor t_id="6"/>
</NON_HUMAN_PART>
<NON_HUMAN_PART m_id="30"  >
  <token_anchor t_id="4"/>
</NON_HUMAN_PART>
<NON_HUMAN_PART m_id="31"  >
  <token_anchor t_id="34"/>
  <token_anchor t_id="35"/>
  <token_anchor t_id="36"/>
</NON_HUMAN_PART>
<TIME_OF_THE_DAY m_id="49"  >
  <token_anchor t_id="18"/>
  <token_anchor t_id="19"/>
</TIME_OF_THE_DAY>
<TIME_OF_THE_DAY m_id="53"  >
  <token_anchor t_id="62"/>
  <token_anchor t_id="63"/>
  <token_anchor t_id="64"/>
  <token_anchor t_id="65"/>
</TIME_OF_THE_DAY>
<TIME_OF_THE_DAY m_id="56"  >
  <token_anchor t_id="50"/>
  <token_anchor t_id="51"/>
  <token_anchor t_id="52"/>
  <token_anchor t_id="53"/>
  <token_anchor t_id="54"/>
  <token_anchor t_id="55"/>
  <token_anchor t_id="56"/>
</TIME_OF_THE_DAY>




<HUMAN_PART_ORG m_id="68" RELATED_TO="" TAG_DESCRIPTOR="t29_colts" instance_id="HUM18524150423965861" />
<NON_HUMAN_PART m_id="67" RELATED_TO="" TAG_DESCRIPTOR="t29b_5_seed" instance_id="NON17014661783012313" />
<ACTION_OCCURRENCE m_id="66" RELATED_TO="" TAG_DESCRIPTOR="t29b_victory" instance_id="ACT17035017539946132" />
<ACTION_OCCURRENCE m_id="65" RELATED_TO="" TAG_DESCRIPTOR="t29b_clinch" instance_id="ACT16976946389340736" />
<ACTION_OCCURRENCE m_id="64" RELATED_TO="" TAG_DESCRIPTOR="t29b_playoffs" instance_id="ACT16976955436086064" />
<TIME_OF_THE_DAY m_id="63" RELATED_TO="" TAG_DESCRIPTOR="t29b_thurs_night" instance_id="TIM17035400198513467" />
<NON_HUMAN_PART m_id="62" RELATED_TO="" TAG_DESCRIPTOR="t29b_31_24" instance_id="NON17035421701153856" />
<HUMAN_PART_ORG m_id="61" RELATED_TO="" TAG_DESCRIPTOR="t29b_jaguars" instance_id="HUM18263735780022045" />
</Markables>

<Relations>
<CROSS_DOC_COREF r_id="37349" note="HUM18263735780022045" >
  <source m_id="33" />
  <source m_id="32" />
  <target m_id="61" />
</CROSS_DOC_COREF>
<CROSS_DOC_COREF r_id="37350" note="NON17035421701153856" >
  <source m_id="58" />
  <source m_id="60" />
  <target m_id="62" />
</CROSS_DOC_COREF>
<CROSS_DOC_COREF r_id="37351" note="TIM17035400198513467" >
  <source m_id="49" />
  <target m_id="63" />
</CROSS_DOC_COREF>
<CROSS_DOC_COREF r_id="37352" note="ACT16976955436086064" >
  <source m_id="43" />
  <source m_id="39" />
  <target m_id="64" />
</CROSS_DOC_COREF>
<CROSS_DOC_COREF r_id="37353" note="ACT16976946389340736" >
  <source m_id="35" />
  <source m_id="34" />
  <target m_id="65" />
</CROSS_DOC_COREF>
<CROSS_DOC_COREF r_id="37354" note="ACT17035017539946132" >
  <source m_id="36" />
  <source m_id="42" />
  <source m_id="48" />
  <target m_id="66" />
</CROSS_DOC_COREF>
<CROSS_DOC_COREF r_id="37355" note="NON17014661783012313" >
  <source m_id="30" />
  <source m_id="31" />
  <target m_id="67" />
</CROSS_DOC_COREF>
<CROSS_DOC_COREF r_id="37356" note="HUM18524150423965861" >
  <source m_id="47" />
  <source m_id="46" />
  <source m_id="45" />
  <source m_id="44" />
  <target m_id="68" />
</CROSS_DOC_COREF>

</Relations>
</Document>
