<Document doc_name="29_13ecbplus.xml" doc_id="DOC15651941628403087">
<token t_id="1" sentence="0" number="0">http</token>
<token t_id="2" sentence="0" number="1">:</token>
<token t_id="3" sentence="0" number="2">/</token>
<token t_id="4" sentence="0" number="3">/</token>
<token t_id="5" sentence="0" number="4">hillnholler</token>
<token t_id="6" sentence="0" number="5">.</token>
<token t_id="7" sentence="0" number="6">net</token>
<token t_id="8" sentence="0" number="7">/</token>
<token t_id="9" sentence="0" number="8">2012</token>
<token t_id="10" sentence="0" number="9">/</token>
<token t_id="11" sentence="0" number="10">12</token>
<token t_id="12" sentence="0" number="11">/</token>
<token t_id="13" sentence="0" number="12">23</token>
<token t_id="14" sentence="0" number="13">/</token>
<token t_id="15" sentence="0" number="14">chiefs</token>
<token t_id="16" sentence="0" number="15">-</token>
<token t_id="17" sentence="0" number="16">lose</token>
<token t_id="18" sentence="0" number="17">-</token>
<token t_id="19" sentence="0" number="18">20</token>
<token t_id="20" sentence="0" number="19">-</token>
<token t_id="21" sentence="0" number="20">13</token>
<token t_id="22" sentence="0" number="21">-</token>
<token t_id="23" sentence="0" number="22">to</token>
<token t_id="24" sentence="0" number="23">-</token>
<token t_id="25" sentence="0" number="24">a</token>
<token t_id="26" sentence="0" number="25">-</token>
<token t_id="27" sentence="0" number="26">fourth</token>
<token t_id="28" sentence="0" number="27">-</token>
<token t_id="29" sentence="0" number="28">quarter</token>
<token t_id="30" sentence="0" number="29">-</token>
<token t_id="31" sentence="0" number="30">indianapolis</token>
<token t_id="32" sentence="0" number="31">-</token>
<token t_id="33" sentence="0" number="32">colt</token>
<token t_id="34" sentence="0" number="33">-</token>
<token t_id="35" sentence="0" number="34">stampede</token>
<token t_id="36" sentence="0" number="35">/</token>
<token t_id="37" sentence="1" number="0">Chiefs</token>
<token t_id="38" sentence="1" number="1">lose</token>
<token t_id="39" sentence="1" number="2">20</token>
<token t_id="40" sentence="1" number="3">-</token>
<token t_id="41" sentence="1" number="4">13</token>
<token t_id="42" sentence="1" number="5">to</token>
<token t_id="43" sentence="1" number="6">a</token>
<token t_id="44" sentence="1" number="7">fourth</token>
<token t_id="45" sentence="1" number="8">quarter</token>
<token t_id="46" sentence="1" number="9">Indianapolis</token>
<token t_id="47" sentence="1" number="10">Colt</token>
<token t_id="48" sentence="1" number="11">stampede</token>
<token t_id="49" sentence="2" number="0">Sunday</token>
<token t_id="50" sentence="2" number="1">23</token>
<token t_id="51" sentence="2" number="2">Dec</token>
<token t_id="52" sentence="2" number="3">2012</token>
<token t_id="53" sentence="3" number="0">The</token>
<token t_id="54" sentence="3" number="1">Kansas</token>
<token t_id="55" sentence="3" number="2">City</token>
<token t_id="56" sentence="3" number="3">Chiefs</token>
<token t_id="57" sentence="3" number="4">lost</token>
<token t_id="58" sentence="3" number="5">possibly</token>
<token t_id="59" sentence="3" number="6">the</token>
<token t_id="60" sentence="3" number="7">best</token>
<token t_id="61" sentence="3" number="8">game</token>
<token t_id="62" sentence="3" number="9">they</token>
<token t_id="63" sentence="3" number="10">’</token>
<token t_id="64" sentence="3" number="11">ve</token>
<token t_id="65" sentence="3" number="12">played</token>
<token t_id="66" sentence="3" number="13">this</token>
<token t_id="67" sentence="3" number="14">season</token>
<token t_id="68" sentence="3" number="15">.</token>
<token t_id="69" sentence="4" number="0">They</token>
<token t_id="70" sentence="4" number="1">lost</token>
<token t_id="71" sentence="4" number="2">to</token>
<token t_id="72" sentence="4" number="3">a</token>
<token t_id="73" sentence="4" number="4">fourth</token>
<token t_id="74" sentence="4" number="5">quarter</token>
<token t_id="75" sentence="4" number="6">Colt</token>
<token t_id="76" sentence="4" number="7">stampede</token>
<token t_id="77" sentence="4" number="8">20</token>
<token t_id="78" sentence="4" number="9">-</token>
<token t_id="79" sentence="4" number="10">13</token>
<token t_id="80" sentence="4" number="11">.</token>
<token t_id="81" sentence="5" number="0">This</token>
<token t_id="82" sentence="5" number="1">time</token>
<token t_id="83" sentence="5" number="2">it</token>
<token t_id="84" sentence="5" number="3">was</token>
<token t_id="85" sentence="5" number="4">coach</token>
<token t_id="86" sentence="5" number="5">Romeo</token>
<token t_id="87" sentence="5" number="6">Crennel</token>
<token t_id="88" sentence="5" number="7">’</token>
<token t_id="89" sentence="5" number="8">s</token>
<token t_id="90" sentence="5" number="9">fault</token>
<token t_id="91" sentence="5" number="10">.</token>
<token t_id="92" sentence="6" number="0">There</token>
<token t_id="93" sentence="6" number="1">they</token>
<token t_id="94" sentence="6" number="2">were</token>
<token t_id="95" sentence="6" number="3">on</token>
<token t_id="96" sentence="6" number="4">the</token>
<token t_id="97" sentence="6" number="5">Colts</token>
<token t_id="98" sentence="6" number="6">27</token>
<token t_id="99" sentence="6" number="7">-</token>
<token t_id="100" sentence="6" number="8">yard</token>
<token t_id="101" sentence="6" number="9">line</token>
<token t_id="102" sentence="6" number="10">with</token>
<token t_id="103" sentence="6" number="11">inches</token>
<token t_id="104" sentence="6" number="12">to</token>
<token t_id="105" sentence="6" number="13">go</token>
<token t_id="106" sentence="6" number="14">for</token>
<token t_id="107" sentence="6" number="15">a</token>
<token t_id="108" sentence="6" number="16">first</token>
<token t_id="109" sentence="6" number="17">down</token>
<token t_id="110" sentence="6" number="18">and</token>
<token t_id="111" sentence="6" number="19">Crennel</token>
<token t_id="112" sentence="6" number="20">decides</token>
<token t_id="113" sentence="6" number="21">to</token>
<token t_id="114" sentence="6" number="22">go</token>
<token t_id="115" sentence="6" number="23">for</token>
<token t_id="116" sentence="6" number="24">it</token>
<token t_id="117" sentence="6" number="25">.</token>
<token t_id="118" sentence="7" number="0">He</token>
<token t_id="119" sentence="7" number="1">should</token>
<token t_id="120" sentence="7" number="2">have</token>
<token t_id="121" sentence="7" number="3">played</token>
<token t_id="122" sentence="7" number="4">it</token>
<token t_id="123" sentence="7" number="5">safe</token>
<token t_id="124" sentence="7" number="6">with</token>
<token t_id="125" sentence="7" number="7">a</token>
<token t_id="126" sentence="7" number="8">field</token>
<token t_id="127" sentence="7" number="9">goal</token>
<token t_id="128" sentence="7" number="10">.</token>
<token t_id="129" sentence="8" number="0">They</token>
<token t_id="130" sentence="8" number="1">blew</token>
<token t_id="131" sentence="8" number="2">it</token>
<token t_id="132" sentence="8" number="3">on</token>
<token t_id="133" sentence="8" number="4">a</token>
<token t_id="134" sentence="8" number="5">quarterback</token>
<token t_id="135" sentence="8" number="6">sneak</token>
<token t_id="136" sentence="8" number="7">.</token>
<token t_id="137" sentence="9" number="0">The</token>
<token t_id="138" sentence="9" number="1">score</token>
<token t_id="139" sentence="9" number="2">was</token>
<token t_id="140" sentence="9" number="3">tied</token>
<token t_id="141" sentence="9" number="4">13</token>
<token t_id="142" sentence="9" number="5">-</token>
<token t_id="143" sentence="9" number="6">13</token>
<token t_id="144" sentence="9" number="7">.</token>
<token t_id="145" sentence="10" number="0">They</token>
<token t_id="146" sentence="10" number="1">handed</token>
<token t_id="147" sentence="10" number="2">the</token>
<token t_id="148" sentence="10" number="3">ball</token>
<token t_id="149" sentence="10" number="4">over</token>
<token t_id="150" sentence="10" number="5">to</token>
<token t_id="151" sentence="10" number="6">the</token>
<token t_id="152" sentence="10" number="7">Colts</token>
<token t_id="153" sentence="10" number="8">at</token>
<token t_id="154" sentence="10" number="9">the</token>
<token t_id="155" sentence="10" number="10">27</token>
<token t_id="156" sentence="10" number="11">-</token>
<token t_id="157" sentence="10" number="12">yard</token>
<token t_id="158" sentence="10" number="13">line</token>
<token t_id="159" sentence="10" number="14">and</token>
<token t_id="160" sentence="10" number="15">the</token>
<token t_id="161" sentence="10" number="16">Colts</token>
<token t_id="162" sentence="10" number="17">took</token>
<token t_id="163" sentence="10" number="18">it</token>
<token t_id="164" sentence="10" number="19">back</token>
<token t_id="165" sentence="10" number="20">down</token>
<token t_id="166" sentence="10" number="21">the</token>
<token t_id="167" sentence="10" number="22">field</token>
<token t_id="168" sentence="10" number="23">for</token>
<token t_id="169" sentence="10" number="24">a</token>
<token t_id="170" sentence="10" number="25">fourth</token>
<token t_id="171" sentence="10" number="26">quarter</token>
<token t_id="172" sentence="10" number="27">touchdown</token>
<token t_id="173" sentence="10" number="28">and</token>
<token t_id="174" sentence="10" number="29">won</token>
<token t_id="175" sentence="10" number="30">the</token>
<token t_id="176" sentence="10" number="31">game</token>
<token t_id="177" sentence="10" number="32">.</token>
<token t_id="178" sentence="11" number="0">This</token>
<token t_id="179" sentence="11" number="1">was</token>
<token t_id="180" sentence="11" number="2">a</token>
<token t_id="181" sentence="11" number="3">game</token>
<token t_id="182" sentence="11" number="4">that</token>
<token t_id="183" sentence="11" number="5">saw</token>
<token t_id="184" sentence="11" number="6">a</token>
<token t_id="185" sentence="11" number="7">great</token>
<token t_id="186" sentence="11" number="8">performance</token>
<token t_id="187" sentence="11" number="9">by</token>
<token t_id="188" sentence="11" number="10">their</token>
<token t_id="189" sentence="11" number="11">running</token>
<token t_id="190" sentence="11" number="12">backs</token>
<token t_id="191" sentence="11" number="13">Jamaal</token>
<token t_id="192" sentence="11" number="14">Charles</token>
<token t_id="193" sentence="11" number="15">and</token>
<token t_id="194" sentence="11" number="16">former</token>
<token t_id="195" sentence="11" number="17">Razorback</token>
<token t_id="196" sentence="11" number="18">Peyton</token>
<token t_id="197" sentence="11" number="19">Hillis</token>
<token t_id="198" sentence="11" number="20">.</token>
<token t_id="199" sentence="12" number="0">Charles</token>
<token t_id="200" sentence="12" number="1">turned</token>
<token t_id="201" sentence="12" number="2">in</token>
<token t_id="202" sentence="12" number="3">a</token>
<token t_id="203" sentence="12" number="4">86</token>
<token t_id="204" sentence="12" number="5">-</token>
<token t_id="205" sentence="12" number="6">yard</token>
<token t_id="206" sentence="12" number="7">touchdown</token>
<token t_id="207" sentence="12" number="8">run</token>
<token t_id="208" sentence="12" number="9">and</token>
<token t_id="209" sentence="12" number="10">rushed</token>
<token t_id="210" sentence="12" number="11">for</token>
<token t_id="211" sentence="12" number="12">a</token>
<token t_id="212" sentence="12" number="13">total</token>
<token t_id="213" sentence="12" number="14">of</token>
<token t_id="214" sentence="12" number="15">226</token>
<token t_id="215" sentence="12" number="16">yards</token>
<token t_id="216" sentence="12" number="17">and</token>
<token t_id="217" sentence="12" number="18">Hillis</token>
<token t_id="218" sentence="12" number="19">rushed</token>
<token t_id="219" sentence="12" number="20">for</token>
<token t_id="220" sentence="12" number="21">more</token>
<token t_id="221" sentence="12" number="22">than</token>
<token t_id="222" sentence="12" number="23">a</token>
<token t_id="223" sentence="12" number="24">hundred</token>
<token t_id="224" sentence="12" number="25">yards</token>
<token t_id="225" sentence="12" number="26">.</token>
<token t_id="226" sentence="13" number="0">Put</token>
<token t_id="227" sentence="13" number="1">it</token>
<token t_id="228" sentence="13" number="2">all</token>
<token t_id="229" sentence="13" number="3">together</token>
<token t_id="230" sentence="13" number="4">and</token>
<token t_id="231" sentence="13" number="5">the</token>
<token t_id="232" sentence="13" number="6">Chiefs</token>
<token t_id="233" sentence="13" number="7">gained</token>
<token t_id="234" sentence="13" number="8">507</token>
<token t_id="235" sentence="13" number="9">yards</token>
<token t_id="236" sentence="13" number="10">and</token>
<token t_id="237" sentence="13" number="11">still</token>
<token t_id="238" sentence="13" number="12">managed</token>
<token t_id="239" sentence="13" number="13">—</token>
<token t_id="240" sentence="13" number="14">through</token>
<token t_id="241" sentence="13" number="15">penalties</token>
<token t_id="242" sentence="13" number="16">,</token>
<token t_id="243" sentence="13" number="17">interceptions</token>
<token t_id="244" sentence="13" number="18">and</token>
<token t_id="245" sentence="13" number="19">fumbles</token>
<token t_id="246" sentence="13" number="20">—</token>
<token t_id="247" sentence="13" number="21">to</token>
<token t_id="248" sentence="13" number="22">lose</token>
<token t_id="249" sentence="13" number="23">the</token>
<token t_id="250" sentence="13" number="24">game</token>
<token t_id="251" sentence="13" number="25">.</token>
<token t_id="252" sentence="14" number="0">Astounding</token>
<token t_id="253" sentence="14" number="1">!</token>
<token t_id="254" sentence="15" number="0">This</token>
<token t_id="255" sentence="15" number="1">gave</token>
<token t_id="256" sentence="15" number="2">the</token>
<token t_id="257" sentence="15" number="3">Colts</token>
<token t_id="258" sentence="15" number="4">a</token>
<token t_id="259" sentence="15" number="5">9</token>
<token t_id="260" sentence="15" number="6">-</token>
<token t_id="261" sentence="15" number="7">5</token>
<token t_id="262" sentence="15" number="8">season</token>
<token t_id="263" sentence="15" number="9">and</token>
<token t_id="264" sentence="15" number="10">eligibility</token>
<token t_id="265" sentence="15" number="11">for</token>
<token t_id="266" sentence="15" number="12">the</token>
<token t_id="267" sentence="15" number="13">playoffs</token>
<token t_id="268" sentence="15" number="14">.</token>
<token t_id="269" sentence="16" number="0">I</token>
<token t_id="270" sentence="16" number="1">guess</token>
<token t_id="271" sentence="16" number="2">it</token>
<token t_id="272" sentence="16" number="3">’</token>
<token t_id="273" sentence="16" number="4">s</token>
<token t_id="274" sentence="16" number="5">possible</token>
<token t_id="275" sentence="16" number="6">to</token>
<token t_id="276" sentence="16" number="7">put</token>
<token t_id="277" sentence="16" number="8">together</token>
<token t_id="278" sentence="16" number="9">a</token>
<token t_id="279" sentence="16" number="10">team</token>
<token t_id="280" sentence="16" number="11">that</token>
<token t_id="281" sentence="16" number="12">so</token>
<token t_id="282" sentence="16" number="13">consistently</token>
<token t_id="283" sentence="16" number="14">shoots</token>
<token t_id="284" sentence="16" number="15">itself</token>
<token t_id="285" sentence="16" number="16">in</token>
<token t_id="286" sentence="16" number="17">the</token>
<token t_id="287" sentence="16" number="18">foot</token>
<token t_id="288" sentence="16" number="19">,</token>
<token t_id="289" sentence="16" number="20">but</token>
<token t_id="290" sentence="16" number="21">the</token>
<token t_id="291" sentence="16" number="22">Chiefs</token>
<token t_id="292" sentence="16" number="23">are</token>
<token t_id="293" sentence="16" number="24">an</token>
<token t_id="294" sentence="16" number="25">incredible</token>
<token t_id="295" sentence="16" number="26">collection</token>
<token t_id="296" sentence="16" number="27">of</token>
<token t_id="297" sentence="16" number="28">screwups</token>
<token t_id="298" sentence="16" number="29">with</token>
<token t_id="299" sentence="16" number="30">a</token>
<token t_id="300" sentence="16" number="31">few</token>
<token t_id="301" sentence="16" number="32">brilliant</token>
<token t_id="302" sentence="16" number="33">players</token>
<token t_id="303" sentence="16" number="34">who</token>
<token t_id="304" sentence="16" number="35">come</token>
<token t_id="305" sentence="16" number="36">out</token>
<token t_id="306" sentence="16" number="37">every</token>
<token t_id="307" sentence="16" number="38">week</token>
<token t_id="308" sentence="16" number="39">and</token>
<token t_id="309" sentence="16" number="40">make</token>
<token t_id="310" sentence="16" number="41">it</token>
<token t_id="311" sentence="16" number="42">look</token>
<token t_id="312" sentence="16" number="43">like</token>
<token t_id="313" sentence="16" number="44">it</token>
<token t_id="314" sentence="16" number="45">might</token>
<token t_id="315" sentence="16" number="46">be</token>
<token t_id="316" sentence="16" number="47">a</token>
<token t_id="317" sentence="16" number="48">football</token>
<token t_id="318" sentence="16" number="49">team</token>
<token t_id="319" sentence="16" number="50">.</token>
<token t_id="320" sentence="17" number="0">But</token>
<token t_id="321" sentence="17" number="1">are</token>
<token t_id="322" sentence="17" number="2">usually</token>
<token t_id="323" sentence="17" number="3">thwarted</token>
<token t_id="324" sentence="17" number="4">by</token>
<token t_id="325" sentence="17" number="5">the</token>
<token t_id="326" sentence="17" number="6">goofups</token>
<token t_id="327" sentence="17" number="7">;</token>
<token t_id="328" sentence="17" number="8">some</token>
<token t_id="329" sentence="17" number="9">must</token>
<token t_id="330" sentence="17" number="10">come</token>
<token t_id="331" sentence="17" number="11">off</token>
<token t_id="332" sentence="17" number="12">that</token>
<token t_id="333" sentence="17" number="13">field</token>
<token t_id="334" sentence="17" number="14">shaking</token>
<token t_id="335" sentence="17" number="15">their</token>
<token t_id="336" sentence="17" number="16">heads</token>
<token t_id="337" sentence="17" number="17">and</token>
<token t_id="338" sentence="17" number="18">fondering</token>
<token t_id="339" sentence="17" number="19">in</token>
<token t_id="340" sentence="17" number="20">frustration</token>
<token t_id="341" sentence="17" number="21">.</token>
<token t_id="342" sentence="18" number="0">This</token>
<token t_id="343" sentence="18" number="1">is</token>
<token t_id="344" sentence="18" number="2">the</token>
<token t_id="345" sentence="18" number="3">Chiefs</token>
<token t_id="346" sentence="18" number="4">’</token>
<token t_id="347" sentence="18" number="5">last</token>
<token t_id="348" sentence="18" number="6">home</token>
<token t_id="349" sentence="18" number="7">game</token>
<token t_id="350" sentence="18" number="8">of</token>
<token t_id="351" sentence="18" number="9">the</token>
<token t_id="352" sentence="18" number="10">season</token>
<token t_id="353" sentence="18" number="11">,</token>
<token t_id="354" sentence="18" number="12">and</token>
<token t_id="355" sentence="18" number="13">it</token>
<token t_id="356" sentence="18" number="14">would</token>
<token t_id="357" sentence="18" number="15">have</token>
<token t_id="358" sentence="18" number="16">been</token>
<token t_id="359" sentence="18" number="17">nice</token>
<token t_id="360" sentence="18" number="18">if</token>
<token t_id="361" sentence="18" number="19">they</token>
<token t_id="362" sentence="18" number="20">could</token>
<token t_id="363" sentence="18" number="21">have</token>
<token t_id="364" sentence="18" number="22">won</token>
<token t_id="365" sentence="18" number="23">it</token>
<token t_id="366" sentence="18" number="24">.</token>
<token t_id="367" sentence="19" number="0">Oh</token>
<token t_id="368" sentence="19" number="1">well</token>
<token t_id="369" sentence="19" number="2">,</token>
<token t_id="370" sentence="19" number="3">next</token>
<token t_id="371" sentence="19" number="4">week</token>
<token t_id="372" sentence="19" number="5">they</token>
<token t_id="373" sentence="19" number="6">journey</token>
<token t_id="374" sentence="19" number="7">to</token>
<token t_id="375" sentence="19" number="8">Denver</token>
<token t_id="376" sentence="19" number="9">to</token>
<token t_id="377" sentence="19" number="10">take</token>
<token t_id="378" sentence="19" number="11">on</token>
<token t_id="379" sentence="19" number="12">the</token>
<token t_id="380" sentence="19" number="13">Broncos</token>
<token t_id="381" sentence="19" number="14">in</token>
<token t_id="382" sentence="19" number="15">their</token>
<token t_id="383" sentence="19" number="16">mile</token>
<token t_id="384" sentence="19" number="17">high</token>
<token t_id="385" sentence="19" number="18">city</token>
<token t_id="386" sentence="19" number="19">with</token>
<token t_id="387" sentence="19" number="20">their</token>
<token t_id="388" sentence="19" number="21">rarified</token>
<token t_id="389" sentence="19" number="22">air</token>
<token t_id="390" sentence="19" number="23">.</token>
<token t_id="391" sentence="20" number="0">Denver</token>
<token t_id="392" sentence="20" number="1">is</token>
<token t_id="393" sentence="20" number="2">not</token>
<token t_id="394" sentence="20" number="3">going</token>
<token t_id="395" sentence="20" number="4">to</token>
<token t_id="396" sentence="20" number="5">be</token>
<token t_id="397" sentence="20" number="6">a</token>
<token t_id="398" sentence="20" number="7">pushover</token>
<token t_id="399" sentence="20" number="8">.</token>
<token t_id="400" sentence="21" number="0">The</token>
<token t_id="401" sentence="21" number="1">Broncos</token>
<token t_id="402" sentence="21" number="2">are</token>
<token t_id="403" sentence="21" number="3">12</token>
<token t_id="404" sentence="21" number="4">-</token>
<token t_id="405" sentence="21" number="5">3</token>
<token t_id="406" sentence="21" number="6">for</token>
<token t_id="407" sentence="21" number="7">the</token>
<token t_id="408" sentence="21" number="8">season</token>
<token t_id="409" sentence="21" number="9">after</token>
<token t_id="410" sentence="21" number="10">defeating</token>
<token t_id="411" sentence="21" number="11">the</token>
<token t_id="412" sentence="21" number="12">Cleveland</token>
<token t_id="413" sentence="21" number="13">Browns</token>
<token t_id="414" sentence="21" number="14">34</token>
<token t_id="415" sentence="21" number="15">-</token>
<token t_id="416" sentence="21" number="16">12</token>
<token t_id="417" sentence="21" number="17">Sunday</token>
<token t_id="418" sentence="21" number="18">.</token>
<token t_id="419" sentence="22" number="0">Denver</token>
<token t_id="420" sentence="22" number="1">is</token>
<token t_id="421" sentence="22" number="2">up</token>
<token t_id="422" sentence="22" number="3">for</token>
<token t_id="423" sentence="22" number="4">the</token>
<token t_id="424" sentence="22" number="5">number</token>
<token t_id="425" sentence="22" number="6">one</token>
<token t_id="426" sentence="22" number="7">seed</token>
<token t_id="427" sentence="22" number="8">and</token>
<token t_id="428" sentence="22" number="9">the</token>
<token t_id="429" sentence="22" number="10">Chiefs</token>
<token t_id="430" sentence="22" number="11">down</token>
<token t_id="431" sentence="22" number="12">in</token>
<token t_id="432" sentence="22" number="13">the</token>
<token t_id="433" sentence="22" number="14">basement</token>
<token t_id="434" sentence="22" number="15">with</token>
<token t_id="435" sentence="22" number="16">a</token>
<token t_id="436" sentence="22" number="17">2</token>
<token t_id="437" sentence="22" number="18">-</token>
<token t_id="438" sentence="22" number="19">13</token>
<token t_id="439" sentence="22" number="20">season</token>
<token t_id="440" sentence="22" number="21">.</token>
<token t_id="441" sentence="23" number="0">Hope</token>
<token t_id="442" sentence="23" number="1">springs</token>
<token t_id="443" sentence="23" number="2">eternal</token>
<token t_id="444" sentence="23" number="3">.</token>
<token t_id="445" sentence="23" number="4">.</token>
<token t_id="446" sentence="23" number="5">.</token>
<token t_id="447" sentence="23" number="6">.</token>
<Markables>
<ACTION_OCCURRENCE m_id="9"  >
  <token_anchor t_id="162"/>
  <token_anchor t_id="163"/>
  <token_anchor t_id="164"/>
</ACTION_OCCURRENCE>
<ACTION_OCCURRENCE m_id="10"  >
  <token_anchor t_id="170"/>
  <token_anchor t_id="171"/>
  <token_anchor t_id="172"/>
</ACTION_OCCURRENCE>
<ACTION_OCCURRENCE m_id="11"  >
  <token_anchor t_id="174"/>
</ACTION_OCCURRENCE>
<ACTION_OCCURRENCE m_id="12"  >
  <token_anchor t_id="176"/>
</ACTION_OCCURRENCE>
<ACTION_OCCURRENCE m_id="13"  >
  <token_anchor t_id="255"/>
</ACTION_OCCURRENCE>
<ACTION_OCCURRENCE m_id="14"  >
  <token_anchor t_id="267"/>
</ACTION_OCCURRENCE>
<ACTION_OCCURRENCE m_id="15"  >
  <token_anchor t_id="259"/>
  <token_anchor t_id="260"/>
  <token_anchor t_id="261"/>
  <token_anchor t_id="262"/>
</ACTION_OCCURRENCE>
<ACTION_OCCURRENCE m_id="18"  >
  <token_anchor t_id="38"/>
</ACTION_OCCURRENCE>
<ACTION_OCCURRENCE m_id="19"  >
  <token_anchor t_id="57"/>
</ACTION_OCCURRENCE>
<ACTION_OCCURRENCE m_id="20"  >
  <token_anchor t_id="61"/>
</ACTION_OCCURRENCE>
<ACTION_OCCURRENCE m_id="21"  >
  <token_anchor t_id="65"/>
</ACTION_OCCURRENCE>
<ACTION_OCCURRENCE m_id="22"  >
  <token_anchor t_id="70"/>
</ACTION_OCCURRENCE>
<ACTION_OCCURRENCE m_id="23"  >
  <token_anchor t_id="108"/>
  <token_anchor t_id="109"/>
</ACTION_OCCURRENCE>
<ACTION_OCCURRENCE m_id="24"  >
  <token_anchor t_id="114"/>
</ACTION_OCCURRENCE>
<ACTION_OCCURRENCE m_id="25"  >
  <token_anchor t_id="116"/>
</ACTION_OCCURRENCE>
<ACTION_OCCURRENCE m_id="26"  >
  <token_anchor t_id="112"/>
</ACTION_OCCURRENCE>
<ACTION_OCCURRENCE m_id="41"  >
  <token_anchor t_id="76"/>
</ACTION_OCCURRENCE>
<ACTION_OCCURRENCE m_id="42"  >
  <token_anchor t_id="48"/>
</ACTION_OCCURRENCE>
<ACTION_OCCURRENCE m_id="8"  >
  <token_anchor t_id="146"/>
</ACTION_OCCURRENCE>
<ACTION_STATE m_id="27"  >
  <token_anchor t_id="103"/>
  <token_anchor t_id="104"/>
  <token_anchor t_id="105"/>
</ACTION_STATE>
<HUMAN_PART_ORG m_id="30"  >
  <token_anchor t_id="93"/>
</HUMAN_PART_ORG>
<HUMAN_PART_ORG m_id="1"  >
  <token_anchor t_id="37"/>
</HUMAN_PART_ORG>
<HUMAN_PART_ORG m_id="2"  >
  <token_anchor t_id="54"/>
  <token_anchor t_id="55"/>
  <token_anchor t_id="56"/>
</HUMAN_PART_ORG>
<HUMAN_PART_ORG m_id="3"  >
  <token_anchor t_id="97"/>
</HUMAN_PART_ORG>
<HUMAN_PART_ORG m_id="38"  >
  <token_anchor t_id="69"/>
</HUMAN_PART_ORG>
<HUMAN_PART_ORG m_id="4"  >
  <token_anchor t_id="257"/>
</HUMAN_PART_ORG>
<HUMAN_PART_ORG m_id="39"  >
  <token_anchor t_id="62"/>
</HUMAN_PART_ORG>
<HUMAN_PART_ORG m_id="5"  >
  <token_anchor t_id="152"/>
</HUMAN_PART_ORG>
<HUMAN_PART_ORG m_id="6"  >
  <token_anchor t_id="161"/>
</HUMAN_PART_ORG>
<HUMAN_PART_ORG m_id="7"  >
  <token_anchor t_id="145"/>
</HUMAN_PART_ORG>
<HUMAN_PART_ORG m_id="43"  >
  <token_anchor t_id="46"/>
  <token_anchor t_id="47"/>
</HUMAN_PART_ORG>
<HUMAN_PART_ORG m_id="44"  >
  <token_anchor t_id="75"/>
</HUMAN_PART_ORG>
<HUMAN_PART_PER m_id="31"  >
  <token_anchor t_id="111"/>
</HUMAN_PART_PER>
<LOC_OTHER m_id="28"  >
  <token_anchor t_id="98"/>
  <token_anchor t_id="99"/>
  <token_anchor t_id="100"/>
  <token_anchor t_id="101"/>
</LOC_OTHER>
<LOC_OTHER m_id="29"  >
  <token_anchor t_id="92"/>
</LOC_OTHER>
<LOC_OTHER m_id="32"  >
  <token_anchor t_id="165"/>
  <token_anchor t_id="166"/>
  <token_anchor t_id="167"/>
</LOC_OTHER>
<LOC_OTHER m_id="33"  >
  <token_anchor t_id="153"/>
  <token_anchor t_id="154"/>
  <token_anchor t_id="155"/>
  <token_anchor t_id="156"/>
  <token_anchor t_id="157"/>
  <token_anchor t_id="158"/>
</LOC_OTHER>
<NON_HUMAN_PART m_id="34"  >
  <token_anchor t_id="148"/>
</NON_HUMAN_PART>
<TIME_DATE m_id="17"  >
  <token_anchor t_id="49"/>
  <token_anchor t_id="50"/>
  <token_anchor t_id="51"/>
  <token_anchor t_id="52"/>
</TIME_DATE>


<NON_HUMAN_PART m_id="45" note="byCROMER" >
  <token_anchor t_id="77"/>
  <token_anchor t_id="78"/>
  <token_anchor t_id="79"/>
</NON_HUMAN_PART>
<NON_HUMAN_PART m_id="46" note="byCROMER" >
  <token_anchor t_id="39"/>
  <token_anchor t_id="40"/>
  <token_anchor t_id="41"/>
</NON_HUMAN_PART>
<NON_HUMAN_PART m_id="47" note="byCROMER" >
  <token_anchor t_id="264"/>
</NON_HUMAN_PART>


<ACTION_OCCURRENCE m_id="56" RELATED_TO="" TAG_DESCRIPTOR="t29_colts_victory" instance_id="ACT16976684395747580" />
<ACTION_OCCURRENCE m_id="55" RELATED_TO="" TAG_DESCRIPTOR="t29_chiefs_play" instance_id="ACT28598469019689895" />
<HUMAN_PART_ORG m_id="54" RELATED_TO="" TAG_DESCRIPTOR="t29_colts" instance_id="HUM18524150423965861" />
<ACTION_OCCURRENCE m_id="53" RELATED_TO="" TAG_DESCRIPTOR="t29_game" instance_id="ACT16977099887799938" />
<NON_HUMAN_PART m_id="52" RELATED_TO="" TAG_DESCRIPTOR="t29_playoff_berth" instance_id="NON16976915577800368" />
<ACTION_OCCURRENCE m_id="49" RELATED_TO="" TAG_DESCRIPTOR="t29_2012_playoffs" instance_id="ACT16976828207985668" />
<HUMAN_PART_ORG m_id="51" RELATED_TO="" TAG_DESCRIPTOR="t29_chiefs" instance_id="HUM18263750557257525" />
<NON_HUMAN_PART m_id="48" RELATED_TO="" TAG_DESCRIPTOR="t29_20_13" instance_id="NON28597088168559097" />
<ACTION_OCCURRENCE m_id="50" RELATED_TO="" TAG_DESCRIPTOR="t29_playing_the_game" instance_id="ACT28598252083953076" />
</Markables>

<Relations>
<CROSS_DOC_COREF r_id="38582" note="NON28597088168559097" >
  <source m_id="45" />
  <source m_id="46" />
  <target m_id="48" />
</CROSS_DOC_COREF>
<CROSS_DOC_COREF r_id="38583" note="ACT16976828207985668" >
  <source m_id="14" />
  <target m_id="49" />
</CROSS_DOC_COREF>
<CROSS_DOC_COREF r_id="38584" note="ACT28598252083953076" >
  <source m_id="42" />
  <source m_id="41" />
  <target m_id="50" />
</CROSS_DOC_COREF>
<CROSS_DOC_COREF r_id="38585" note="HUM18263750557257525" >
  <source m_id="38" />
  <source m_id="1" />
  <source m_id="2" />
  <source m_id="39" />
  <target m_id="51" />
</CROSS_DOC_COREF>
<CROSS_DOC_COREF r_id="38586" note="NON16976915577800368" >
  <source m_id="47" />
  <target m_id="52" />
</CROSS_DOC_COREF>
<CROSS_DOC_COREF r_id="38587" note="ACT16977099887799938" >
  <source m_id="20" />
  <target m_id="53" />
</CROSS_DOC_COREF>
<CROSS_DOC_COREF r_id="38588" note="HUM18524150423965861" >
  <source m_id="43" />
  <source m_id="44" />
  <target m_id="54" />
</CROSS_DOC_COREF>
<CROSS_DOC_COREF r_id="38589" note="ACT28598469019689895" >
  <source m_id="21" />
  <target m_id="55" />
</CROSS_DOC_COREF>
<CROSS_DOC_COREF r_id="38590" note="ACT16976684395747580" >
  <source m_id="19" />
  <source m_id="18" />
  <source m_id="22" />
  <target m_id="56" />
</CROSS_DOC_COREF>

</Relations>
</Document>
