<Document doc_name="29_2ecb.xml" doc_id="DOC15654997808081808">
<token t_id="1" sentence="0" number="0">Colts</token>
<token t_id="2" sentence="0" number="1">clinch</token>
<token t_id="3" sentence="0" number="2">playoff</token>
<token t_id="4" sentence="0" number="3">spot</token>
<token t_id="5" sentence="0" number="4">by</token>
<token t_id="6" sentence="0" number="5">beating</token>
<token t_id="7" sentence="0" number="6">Jags</token>
<token t_id="8" sentence="1" number="0">Quarterback</token>
<token t_id="9" sentence="1" number="1">Peyton</token>
<token t_id="10" sentence="1" number="2">Manning</token>
<token t_id="11" sentence="1" number="3">was</token>
<token t_id="12" sentence="1" number="4">nearly</token>
<token t_id="13" sentence="1" number="5">perfect</token>
<token t_id="14" sentence="1" number="6">as</token>
<token t_id="15" sentence="1" number="7">the</token>
<token t_id="16" sentence="1" number="8">Colts</token>
<token t_id="17" sentence="1" number="9">beat</token>
<token t_id="18" sentence="1" number="10">the</token>
<token t_id="19" sentence="1" number="11">host</token>
<token t_id="20" sentence="1" number="12">Jaguars</token>
<token t_id="21" sentence="1" number="13">,</token>
<token t_id="22" sentence="1" number="14">31-24</token>
<token t_id="23" sentence="1" number="15">,</token>
<token t_id="24" sentence="1" number="16">on</token>
<token t_id="25" sentence="1" number="17">Thursday</token>
<token t_id="26" sentence="1" number="18">night</token>
<token t_id="27" sentence="1" number="19">.</token>
<token t_id="28" sentence="2" number="0">Manning</token>
<token t_id="29" sentence="2" number="1">completed</token>
<token t_id="30" sentence="2" number="2">his</token>
<token t_id="31" sentence="2" number="3">first</token>
<token t_id="32" sentence="2" number="4">17</token>
<token t_id="33" sentence="2" number="5">passes</token>
<token t_id="34" sentence="2" number="6">,</token>
<token t_id="35" sentence="2" number="7">picked</token>
<token t_id="36" sentence="2" number="8">apart</token>
<token t_id="37" sentence="2" number="9">Jacksonville</token>
<token t_id="38" sentence="2" number="10">'s</token>
<token t_id="39" sentence="2" number="11">secondary</token>
<token t_id="40" sentence="2" number="12">and</token>
<token t_id="41" sentence="2" number="13">led</token>
<token t_id="42" sentence="2" number="14">the</token>
<token t_id="43" sentence="2" number="15">Colts</token>
<token t_id="44" sentence="2" number="16">to</token>
<token t_id="45" sentence="2" number="17">their</token>
<token t_id="46" sentence="2" number="18">eighth</token>
<token t_id="47" sentence="2" number="19">consecutive</token>
<token t_id="48" sentence="2" number="20">win</token>
<token t_id="49" sentence="2" number="21">and</token>
<token t_id="50" sentence="2" number="22">seventh</token>
<token t_id="51" sentence="2" number="23">straight</token>
<token t_id="52" sentence="2" number="24">playoff</token>
<token t_id="53" sentence="2" number="25">berth</token>
<token t_id="54" sentence="2" number="26">.</token>
<token t_id="55" sentence="3" number="0">The</token>
<token t_id="56" sentence="3" number="1">Colts</token>
<token t_id="57" sentence="3" number="2">(</token>
<token t_id="58" sentence="3" number="3">11-4</token>
<token t_id="59" sentence="3" number="4">)</token>
<token t_id="60" sentence="3" number="5">secured</token>
<token t_id="61" sentence="3" number="6">the</token>
<token t_id="62" sentence="3" number="7">No.</token>
<token t_id="63" sentence="3" number="8">5</token>
<token t_id="64" sentence="3" number="9">seed</token>
<token t_id="65" sentence="3" number="10">in</token>
<token t_id="66" sentence="3" number="11">the</token>
<token t_id="67" sentence="3" number="12">AFC</token>
<token t_id="68" sentence="3" number="13">playoffs</token>
<token t_id="69" sentence="3" number="14">.</token>
<token t_id="70" sentence="4" number="0">Wide</token>
<token t_id="71" sentence="4" number="1">receiver</token>
<token t_id="72" sentence="4" number="2">Anquan</token>
<token t_id="73" sentence="4" number="3">Boldin</token>
<token t_id="74" sentence="4" number="4">and</token>
<token t_id="75" sentence="4" number="5">running</token>
<token t_id="76" sentence="4" number="6">back</token>
<token t_id="77" sentence="4" number="7">J.J.</token>
<token t_id="78" sentence="4" number="8">Arrington</token>
<token t_id="79" sentence="4" number="9">could</token>
<token t_id="80" sentence="4" number="10">be</token>
<token t_id="81" sentence="4" number="11">sidelined</token>
<token t_id="82" sentence="4" number="12">for</token>
<token t_id="83" sentence="4" number="13">Sunday</token>
<token t_id="84" sentence="4" number="14">'s</token>
<token t_id="85" sentence="4" number="15">game</token>
<token t_id="86" sentence="4" number="16">at</token>
<token t_id="87" sentence="4" number="17">New</token>
<token t_id="88" sentence="4" number="18">England</token>
<token t_id="89" sentence="4" number="19">because</token>
<token t_id="90" sentence="4" number="20">of</token>
<token t_id="91" sentence="4" number="21">injuries</token>
<token t_id="92" sentence="4" number="22">.</token>
<token t_id="93" sentence="5" number="0">Offensive</token>
<token t_id="94" sentence="5" number="1">tackle</token>
<token t_id="95" sentence="5" number="2">Jonathan</token>
<token t_id="96" sentence="5" number="3">Scott</token>
<token t_id="97" sentence="5" number="4">was</token>
<token t_id="98" sentence="5" number="5">signed</token>
<token t_id="99" sentence="5" number="6">to</token>
<token t_id="100" sentence="5" number="7">fill</token>
<token t_id="101" sentence="5" number="8">the</token>
<token t_id="102" sentence="5" number="9">roster</token>
<token t_id="103" sentence="5" number="10">spot</token>
<token t_id="104" sentence="5" number="11">left</token>
<token t_id="105" sentence="5" number="12">open</token>
<token t_id="106" sentence="5" number="13">after</token>
<token t_id="107" sentence="5" number="14">defensive</token>
<token t_id="108" sentence="5" number="15">end</token>
<token t_id="109" sentence="5" number="16">Aaron</token>
<token t_id="110" sentence="5" number="17">Schobel</token>
<token t_id="111" sentence="5" number="18">was</token>
<token t_id="112" sentence="5" number="19">placed</token>
<token t_id="113" sentence="5" number="20">on</token>
<token t_id="114" sentence="5" number="21">injured</token>
<token t_id="115" sentence="5" number="22">reserve</token>
<token t_id="116" sentence="5" number="23">.</token>
<token t_id="117" sentence="6" number="0">Adam</token>
<token t_id="118" sentence="6" number="1">(</token>
<token t_id="119" sentence="6" number="2">Pacman</token>
<token t_id="120" sentence="6" number="3">)</token>
<token t_id="121" sentence="6" number="4">Jones</token>
<token t_id="122" sentence="6" number="5">says</token>
<token t_id="123" sentence="6" number="6">the</token>
<token t_id="124" sentence="6" number="7">herniated</token>
<token t_id="125" sentence="6" number="8">disk</token>
<token t_id="126" sentence="6" number="9">in</token>
<token t_id="127" sentence="6" number="10">his</token>
<token t_id="128" sentence="6" number="11">neck</token>
<token t_id="129" sentence="6" number="12">that</token>
<token t_id="130" sentence="6" number="13">forced</token>
<token t_id="131" sentence="6" number="14">him</token>
<token t_id="132" sentence="6" number="15">to</token>
<token t_id="133" sentence="6" number="16">miss</token>
<token t_id="134" sentence="6" number="17">the</token>
<token t_id="135" sentence="6" number="18">last</token>
<token t_id="136" sentence="6" number="19">game</token>
<token t_id="137" sentence="6" number="20">was</token>
<token t_id="138" sentence="6" number="21">bothering</token>
<token t_id="139" sentence="6" number="22">him</token>
<token t_id="140" sentence="6" number="23">even</token>
<token t_id="141" sentence="6" number="24">before</token>
<token t_id="142" sentence="6" number="25">he</token>
<token t_id="143" sentence="6" number="26">took</token>
<token t_id="144" sentence="6" number="27">a</token>
<token t_id="145" sentence="6" number="28">hard</token>
<token t_id="146" sentence="6" number="29">hit</token>
<token t_id="147" sentence="6" number="30">.</token>
<token t_id="148" sentence="7" number="0">Jones</token>
<token t_id="149" sentence="7" number="1">was</token>
<token t_id="150" sentence="7" number="2">injured</token>
<token t_id="151" sentence="7" number="3">in</token>
<token t_id="152" sentence="7" number="4">the</token>
<token t_id="153" sentence="7" number="5">first</token>
<token t_id="154" sentence="7" number="6">quarter</token>
<token t_id="155" sentence="7" number="7">two</token>
<token t_id="156" sentence="7" number="8">Sundays</token>
<token t_id="157" sentence="7" number="9">ago</token>
<token t_id="158" sentence="7" number="10">at</token>
<token t_id="159" sentence="7" number="11">Pittsburgh</token>
<token t_id="160" sentence="7" number="12">in</token>
<token t_id="161" sentence="7" number="13">his</token>
<token t_id="162" sentence="7" number="14">first</token>
<token t_id="163" sentence="7" number="15">game</token>
<token t_id="164" sentence="7" number="16">after</token>
<token t_id="165" sentence="7" number="17">a</token>
<token t_id="166" sentence="7" number="18">six-week</token>
<token t_id="167" sentence="7" number="19">suspension</token>
<token t_id="168" sentence="7" number="20">for</token>
<token t_id="169" sentence="7" number="21">violating</token>
<token t_id="170" sentence="7" number="22">the</token>
<token t_id="171" sentence="7" number="23">league</token>
<token t_id="172" sentence="7" number="24">'s</token>
<token t_id="173" sentence="7" number="25">personal</token>
<token t_id="174" sentence="7" number="26">conduct</token>
<token t_id="175" sentence="7" number="27">policy</token>
<token t_id="176" sentence="7" number="28">.</token>
<token t_id="177" sentence="8" number="0">He</token>
<token t_id="178" sentence="8" number="1">finished</token>
<token t_id="179" sentence="8" number="2">that</token>
<token t_id="180" sentence="8" number="3">game</token>
<token t_id="181" sentence="8" number="4">,</token>
<token t_id="182" sentence="8" number="5">but</token>
<token t_id="183" sentence="8" number="6">tests</token>
<token t_id="184" sentence="8" number="7">showed</token>
<token t_id="185" sentence="8" number="8">a</token>
<token t_id="186" sentence="8" number="9">disk</token>
<token t_id="187" sentence="8" number="10">problem</token>
<token t_id="188" sentence="8" number="11">,</token>
<token t_id="189" sentence="8" number="12">and</token>
<token t_id="190" sentence="8" number="13">there</token>
<token t_id="191" sentence="8" number="14">was</token>
<token t_id="192" sentence="8" number="15">talk</token>
<token t_id="193" sentence="8" number="16">of</token>
<token t_id="194" sentence="8" number="17">shutting</token>
<token t_id="195" sentence="8" number="18">him</token>
<token t_id="196" sentence="8" number="19">down</token>
<token t_id="197" sentence="8" number="20">for</token>
<token t_id="198" sentence="8" number="21">the</token>
<token t_id="199" sentence="8" number="22">season</token>
<token t_id="200" sentence="8" number="23">.</token>
<token t_id="201" sentence="9" number="0">Pro</token>
<token t_id="202" sentence="9" number="1">Bowl</token>
<token t_id="203" sentence="9" number="2">cornerback</token>
<token t_id="204" sentence="9" number="3">Cortland</token>
<token t_id="205" sentence="9" number="4">Finnegan</token>
<token t_id="206" sentence="9" number="5">has</token>
<token t_id="207" sentence="9" number="6">been</token>
<token t_id="208" sentence="9" number="7">fined</token>
<token t_id="209" sentence="9" number="8">$</token>
<token t_id="210" sentence="9" number="9">25,000</token>
<token t_id="211" sentence="9" number="10">by</token>
<token t_id="212" sentence="9" number="11">the</token>
<token t_id="213" sentence="9" number="12">NFL</token>
<token t_id="214" sentence="9" number="13">for</token>
<token t_id="215" sentence="9" number="14">two</token>
<token t_id="216" sentence="9" number="15">hard</token>
<token t_id="217" sentence="9" number="16">hits</token>
<token t_id="218" sentence="9" number="17">on</token>
<token t_id="219" sentence="9" number="18">Houston</token>
<token t_id="220" sentence="9" number="19">quarterback</token>
<token t_id="221" sentence="9" number="20">Matt</token>
<token t_id="222" sentence="9" number="21">Schaub</token>
<token t_id="223" sentence="9" number="22">last</token>
<token t_id="224" sentence="9" number="23">weekend</token>
<token t_id="225" sentence="9" number="24">.</token>
<token t_id="226" sentence="10" number="0">Finnegan</token>
<token t_id="227" sentence="10" number="1">told</token>
<token t_id="228" sentence="10" number="2">the</token>
<token t_id="229" sentence="10" number="3">Tennessean</token>
<token t_id="230" sentence="10" number="4">he</token>
<token t_id="231" sentence="10" number="5">planned</token>
<token t_id="232" sentence="10" number="6">to</token>
<token t_id="233" sentence="10" number="7">appeal</token>
<token t_id="234" sentence="10" number="8">.</token>
<token t_id="235" sentence="11" number="0">The</token>
<token t_id="236" sentence="11" number="1">Rams</token>
<token t_id="237" sentence="11" number="2">lost</token>
<token t_id="238" sentence="11" number="3">two</token>
<token t_id="239" sentence="11" number="4">more</token>
<token t_id="240" sentence="11" number="5">players</token>
<token t_id="241" sentence="11" number="6">for</token>
<token t_id="242" sentence="11" number="7">the</token>
<token t_id="243" sentence="11" number="8">rest</token>
<token t_id="244" sentence="11" number="9">of</token>
<token t_id="245" sentence="11" number="10">the</token>
<token t_id="246" sentence="11" number="11">season</token>
<token t_id="247" sentence="11" number="12">,</token>
<token t_id="248" sentence="11" number="13">placing</token>
<token t_id="249" sentence="11" number="14">wide</token>
<token t_id="250" sentence="11" number="15">receiver</token>
<token t_id="251" sentence="11" number="16">and</token>
<token t_id="252" sentence="11" number="17">kick</token>
<token t_id="253" sentence="11" number="18">returner</token>
<token t_id="254" sentence="11" number="19">Derek</token>
<token t_id="255" sentence="11" number="20">Stanley</token>
<token t_id="256" sentence="11" number="21">and</token>
<token t_id="257" sentence="11" number="22">linebacker</token>
<token t_id="258" sentence="11" number="23">Gary</token>
<token t_id="259" sentence="11" number="24">Stills</token>
<token t_id="260" sentence="11" number="25">on</token>
<token t_id="261" sentence="11" number="26">injured</token>
<token t_id="262" sentence="11" number="27">reserve</token>
<token t_id="263" sentence="11" number="28">.</token>
<token t_id="264" sentence="12" number="0">Defensive</token>
<token t_id="265" sentence="12" number="1">end</token>
<token t_id="266" sentence="12" number="2">Kyle</token>
<token t_id="267" sentence="12" number="3">Vanden</token>
<token t_id="268" sentence="12" number="4">Bosch</token>
<token t_id="269" sentence="12" number="5">watched</token>
<token t_id="270" sentence="12" number="6">practice</token>
<token t_id="271" sentence="12" number="7">,</token>
<token t_id="272" sentence="12" number="8">two</token>
<token t_id="273" sentence="12" number="9">days</token>
<token t_id="274" sentence="12" number="10">after</token>
<token t_id="275" sentence="12" number="11">having</token>
<token t_id="276" sentence="12" number="12">surgery</token>
<token t_id="277" sentence="12" number="13">on</token>
<token t_id="278" sentence="12" number="14">his</token>
<token t_id="279" sentence="12" number="15">groin</token>
<token t_id="280" sentence="12" number="16">,</token>
<token t_id="281" sentence="12" number="17">and</token>
<token t_id="282" sentence="12" number="18">said</token>
<token t_id="283" sentence="12" number="19">he</token>
<token t_id="284" sentence="12" number="20">feels</token>
<token t_id="285" sentence="12" number="21">better</token>
<token t_id="286" sentence="12" number="22">.</token>
<token t_id="287" sentence="13" number="0">Vanden</token>
<token t_id="288" sentence="13" number="1">Bosch</token>
<token t_id="289" sentence="13" number="2">will</token>
<token t_id="290" sentence="13" number="3">miss</token>
<token t_id="291" sentence="13" number="4">the</token>
<token t_id="292" sentence="13" number="5">last</token>
<token t_id="293" sentence="13" number="6">games</token>
<token t_id="294" sentence="13" number="7">of</token>
<token t_id="295" sentence="13" number="8">the</token>
<token t_id="296" sentence="13" number="9">regular</token>
<token t_id="297" sentence="13" number="10">season</token>
<token t_id="298" sentence="13" number="11">because</token>
<token t_id="299" sentence="13" number="12">of</token>
<token t_id="300" sentence="13" number="13">an</token>
<token t_id="301" sentence="13" number="14">injury</token>
<token t_id="302" sentence="13" number="15">.</token>
<token t_id="303" sentence="14" number="0">He</token>
<token t_id="304" sentence="14" number="1">expects</token>
<token t_id="305" sentence="14" number="2">to</token>
<token t_id="306" sentence="14" number="3">be</token>
<token t_id="307" sentence="14" number="4">back</token>
<token t_id="308" sentence="14" number="5">when</token>
<token t_id="309" sentence="14" number="6">the</token>
<token t_id="310" sentence="14" number="7">Titans</token>
<token t_id="311" sentence="14" number="8">host</token>
<token t_id="312" sentence="14" number="9">a</token>
<token t_id="313" sentence="14" number="10">divisional</token>
<token t_id="314" sentence="14" number="11">playoff</token>
<token t_id="315" sentence="14" number="12">either</token>
<token t_id="316" sentence="14" number="13">Jan.</token>
<token t_id="317" sentence="14" number="14">10</token>
<token t_id="318" sentence="14" number="15">or</token>
<token t_id="319" sentence="14" number="16">Jan.</token>
<token t_id="320" sentence="14" number="17">11</token>
<token t_id="321" sentence="14" number="18">.</token>
<Markables>
<ACTION_OCCURRENCE m_id="21"  >
  <token_anchor t_id="3"/>
</ACTION_OCCURRENCE>
<ACTION_OCCURRENCE m_id="15"  >
  <token_anchor t_id="2"/>
</ACTION_OCCURRENCE>
<ACTION_OCCURRENCE m_id="19"  >
  <token_anchor t_id="6"/>
</ACTION_OCCURRENCE>
<ACTION_OCCURRENCE m_id="20"  >
  <token_anchor t_id="17"/>
</ACTION_OCCURRENCE>
<HUMAN_PART_ORG m_id="22"  >
  <token_anchor t_id="7"/>
</HUMAN_PART_ORG>
<HUMAN_PART_ORG m_id="23"  >
  <token_anchor t_id="20"/>
</HUMAN_PART_ORG>
<HUMAN_PART_ORG m_id="17"  >
  <token_anchor t_id="1"/>
</HUMAN_PART_ORG>
<HUMAN_PART_ORG m_id="18"  >
  <token_anchor t_id="16"/>
</HUMAN_PART_ORG>
<HUMAN_PART_PER m_id="14"  >
  <token_anchor t_id="9"/>
  <token_anchor t_id="10"/>
</HUMAN_PART_PER>
<NON_HUMAN_PART m_id="24"  >
  <token_anchor t_id="22"/>
</NON_HUMAN_PART>
<NON_HUMAN_PART m_id="16"  >
  <token_anchor t_id="4"/>
</NON_HUMAN_PART>
<TIME_OF_THE_DAY m_id="13"  >
  <token_anchor t_id="24"/>
  <token_anchor t_id="25"/>
  <token_anchor t_id="26"/>
</TIME_OF_THE_DAY>




<HUMAN_PART_ORG m_id="33" RELATED_TO="" TAG_DESCRIPTOR="t29_colts" instance_id="HUM18524150423965861" />
<ACTION_OCCURRENCE m_id="32" RELATED_TO="" TAG_DESCRIPTOR="t29b_victory" instance_id="ACT17035017539946132" />
<ACTION_OCCURRENCE m_id="31" RELATED_TO="" TAG_DESCRIPTOR="t29b_clinch" instance_id="ACT16976946389340736" />
<ACTION_OCCURRENCE m_id="30" RELATED_TO="" TAG_DESCRIPTOR="t29b_playoffs" instance_id="ACT16976955436086064" />
<TIME_OF_THE_DAY m_id="29" RELATED_TO="" TAG_DESCRIPTOR="t29b_thurs_night" instance_id="TIM17035400198513467" />
<HUMAN_PART_ORG m_id="28" RELATED_TO="" TAG_DESCRIPTOR="t29b_jaguars" instance_id="HUM18263735780022045" />
<NON_HUMAN_PART m_id="27" RELATED_TO="" TAG_DESCRIPTOR="t29b_playoff_berth" instance_id="NON16976930431536001" />
<NON_HUMAN_PART m_id="26" RELATED_TO="" TAG_DESCRIPTOR="t29b_31_24" instance_id="NON17035421701153856" />
<HUMAN_PART_PER m_id="25" RELATED_TO="" TAG_DESCRIPTOR="t29_peyton_manning" instance_id="HUM16978321630641403" />
</Markables>

<Relations>
<CROSS_DOC_COREF r_id="37250" note="HUM16978321630641403" >
  <source m_id="14" />
  <target m_id="25" />
</CROSS_DOC_COREF>
<CROSS_DOC_COREF r_id="37251" note="NON17035421701153856" >
  <source m_id="24" />
  <target m_id="26" />
</CROSS_DOC_COREF>
<CROSS_DOC_COREF r_id="37252" note="NON16976930431536001" >
  <source m_id="16" />
  <target m_id="27" />
</CROSS_DOC_COREF>
<CROSS_DOC_COREF r_id="37253" note="HUM18263735780022045" >
  <source m_id="23" />
  <source m_id="22" />
  <target m_id="28" />
</CROSS_DOC_COREF>
<CROSS_DOC_COREF r_id="37254" note="TIM17035400198513467" >
  <source m_id="13" />
  <target m_id="29" />
</CROSS_DOC_COREF>
<CROSS_DOC_COREF r_id="37255" note="ACT16976955436086064" >
  <source m_id="21" />
  <target m_id="30" />
</CROSS_DOC_COREF>
<CROSS_DOC_COREF r_id="37256" note="ACT16976946389340736" >
  <source m_id="15" />
  <target m_id="31" />
</CROSS_DOC_COREF>
<CROSS_DOC_COREF r_id="37257" note="ACT17035017539946132" >
  <source m_id="19" />
  <source m_id="20" />
  <target m_id="32" />
</CROSS_DOC_COREF>
<CROSS_DOC_COREF r_id="37258" note="HUM18524150423965861" >
  <source m_id="17" />
  <source m_id="18" />
  <target m_id="33" />
</CROSS_DOC_COREF>

</Relations>
</Document>
