<Document doc_name="29_3ecb.xml" doc_id="DOC15654997566586922">
<token t_id="1" sentence="0" number="0">Colts</token>
<token t_id="2" sentence="0" number="1">Top</token>
<token t_id="3" sentence="0" number="2">Jags</token>
<token t_id="4" sentence="0" number="3">To</token>
<token t_id="5" sentence="0" number="4">Make</token>
<token t_id="6" sentence="0" number="5">Playoffs</token>
<token t_id="7" sentence="1" number="0">The</token>
<token t_id="8" sentence="1" number="1">Indianapolis</token>
<token t_id="9" sentence="1" number="2">Colts</token>
<token t_id="10" sentence="1" number="3">will</token>
<token t_id="11" sentence="1" number="4">be</token>
<token t_id="12" sentence="1" number="5">making</token>
<token t_id="13" sentence="1" number="6">their</token>
<token t_id="14" sentence="1" number="7">seventh</token>
<token t_id="15" sentence="1" number="8">straight</token>
<token t_id="16" sentence="1" number="9">playoff</token>
<token t_id="17" sentence="1" number="10">appearance</token>
<token t_id="18" sentence="1" number="11">after</token>
<token t_id="19" sentence="1" number="12">securing</token>
<token t_id="20" sentence="1" number="13">that</token>
<token t_id="21" sentence="1" number="14">spot</token>
<token t_id="22" sentence="1" number="15">with</token>
<token t_id="23" sentence="1" number="16">a</token>
<token t_id="24" sentence="1" number="17">31-24</token>
<token t_id="25" sentence="1" number="18">win</token>
<token t_id="26" sentence="1" number="19">over</token>
<token t_id="27" sentence="1" number="20">the</token>
<token t_id="28" sentence="1" number="21">Jacksonville</token>
<token t_id="29" sentence="1" number="22">Jaguars</token>
<token t_id="30" sentence="1" number="23">last</token>
<token t_id="31" sentence="1" number="24">night</token>
<token t_id="32" sentence="1" number="25">in</token>
<token t_id="33" sentence="1" number="26">Jacksonville</token>
<token t_id="34" sentence="1" number="27">.</token>
<token t_id="35" sentence="2" number="0">The</token>
<token t_id="36" sentence="2" number="1">Colts</token>
<token t_id="37" sentence="2" number="2">(</token>
<token t_id="38" sentence="2" number="3">11-4</token>
<token t_id="39" sentence="2" number="4">)</token>
<token t_id="40" sentence="2" number="5">also</token>
<token t_id="41" sentence="2" number="6">won</token>
<token t_id="42" sentence="2" number="7">their</token>
<token t_id="43" sentence="2" number="8">eighth</token>
<token t_id="44" sentence="2" number="9">straight</token>
<token t_id="45" sentence="2" number="10">game</token>
<token t_id="46" sentence="2" number="11">in</token>
<token t_id="47" sentence="2" number="12">defeating</token>
<token t_id="48" sentence="2" number="13">the</token>
<token t_id="49" sentence="2" number="14">Jags</token>
<token t_id="50" sentence="2" number="15">(</token>
<token t_id="51" sentence="2" number="16">5-10</token>
<token t_id="52" sentence="2" number="17">)</token>
<token t_id="53" sentence="2" number="18">who</token>
<token t_id="54" sentence="2" number="19">raced</token>
<token t_id="55" sentence="2" number="20">out</token>
<token t_id="56" sentence="2" number="21">to</token>
<token t_id="57" sentence="2" number="22">an</token>
<token t_id="58" sentence="2" number="23">early</token>
<token t_id="59" sentence="2" number="24">14-0</token>
<token t_id="60" sentence="2" number="25">lead</token>
<token t_id="61" sentence="2" number="26">in</token>
<token t_id="62" sentence="2" number="27">the</token>
<token t_id="63" sentence="2" number="28">game</token>
<token t_id="64" sentence="2" number="29">.</token>
<token t_id="65" sentence="3" number="0">In</token>
<token t_id="66" sentence="3" number="1">fact</token>
<token t_id="67" sentence="3" number="2">,</token>
<token t_id="68" sentence="3" number="3">the</token>
<token t_id="69" sentence="3" number="4">Colts</token>
<token t_id="70" sentence="3" number="5">did</token>
<token t_id="71" sentence="3" number="6">n't</token>
<token t_id="72" sentence="3" number="7">take</token>
<token t_id="73" sentence="3" number="8">their</token>
<token t_id="74" sentence="3" number="9">first</token>
<token t_id="75" sentence="3" number="10">lead</token>
<token t_id="76" sentence="3" number="11">until</token>
<token t_id="77" sentence="3" number="12">former</token>
<token t_id="78" sentence="3" number="13">Gator</token>
<token t_id="79" sentence="3" number="14">defensive</token>
<token t_id="80" sentence="3" number="15">back</token>
<token t_id="81" sentence="3" number="16">Keiwan</token>
<token t_id="82" sentence="3" number="17">Ratliff</token>
<token t_id="83" sentence="3" number="18">intercepted</token>
<token t_id="84" sentence="3" number="19">a</token>
<token t_id="85" sentence="3" number="20">David</token>
<token t_id="86" sentence="3" number="21">Garrard</token>
<token t_id="87" sentence="3" number="22">pass</token>
<token t_id="88" sentence="3" number="23">and</token>
<token t_id="89" sentence="3" number="24">returned</token>
<token t_id="90" sentence="3" number="25">it</token>
<token t_id="91" sentence="3" number="26">for</token>
<token t_id="92" sentence="3" number="27">a</token>
<token t_id="93" sentence="3" number="28">touchdown</token>
<token t_id="94" sentence="3" number="29">to</token>
<token t_id="95" sentence="3" number="30">give</token>
<token t_id="96" sentence="3" number="31">the</token>
<token t_id="97" sentence="3" number="32">Colts</token>
<token t_id="98" sentence="3" number="33">a</token>
<token t_id="99" sentence="3" number="34">31-24</token>
<token t_id="100" sentence="3" number="35">lead</token>
<token t_id="101" sentence="3" number="36">.</token>
<token t_id="102" sentence="4" number="0">The</token>
<token t_id="103" sentence="4" number="1">Jags</token>
<token t_id="104" sentence="4" number="2">drove</token>
<token t_id="105" sentence="4" number="3">down</token>
<token t_id="106" sentence="4" number="4">to</token>
<token t_id="107" sentence="4" number="5">the</token>
<token t_id="108" sentence="4" number="6">Colts</token>
<token t_id="109" sentence="4" number="7">7</token>
<token t_id="110" sentence="4" number="8">yard</token>
<token t_id="111" sentence="4" number="9">line</token>
<token t_id="112" sentence="4" number="10">but</token>
<token t_id="113" sentence="4" number="11">a</token>
<token t_id="114" sentence="4" number="12">pass</token>
<token t_id="115" sentence="4" number="13">to</token>
<token t_id="116" sentence="4" number="14">running</token>
<token t_id="117" sentence="4" number="15">back</token>
<token t_id="118" sentence="4" number="16">Maurice</token>
<token t_id="119" sentence="4" number="17">Jones-Drew</token>
<token t_id="120" sentence="4" number="18">was</token>
<token t_id="121" sentence="4" number="19">completed</token>
<token t_id="122" sentence="4" number="20">and</token>
<token t_id="123" sentence="4" number="21">he</token>
<token t_id="124" sentence="4" number="22">hurt</token>
<token t_id="125" sentence="4" number="23">his</token>
<token t_id="126" sentence="4" number="24">knee</token>
<token t_id="127" sentence="4" number="25">on</token>
<token t_id="128" sentence="4" number="26">the</token>
<token t_id="129" sentence="4" number="27">play</token>
<token t_id="130" sentence="4" number="28">.</token>
<token t_id="131" sentence="5" number="0">The</token>
<token t_id="132" sentence="5" number="1">Jags</token>
<token t_id="133" sentence="5" number="2">had</token>
<token t_id="134" sentence="5" number="3">no</token>
<token t_id="135" sentence="5" number="4">timeouts</token>
<token t_id="136" sentence="5" number="5">left</token>
<token t_id="137" sentence="5" number="6">and</token>
<token t_id="138" sentence="5" number="7">by</token>
<token t_id="139" sentence="5" number="8">injury</token>
<token t_id="140" sentence="5" number="9">rule</token>
<token t_id="141" sentence="5" number="10">at</token>
<token t_id="142" sentence="5" number="11">that</token>
<token t_id="143" sentence="5" number="12">time</token>
<token t_id="144" sentence="5" number="13">a</token>
<token t_id="145" sentence="5" number="14">10</token>
<token t_id="146" sentence="5" number="15">second</token>
<token t_id="147" sentence="5" number="16">clock</token>
<token t_id="148" sentence="5" number="17">runoff</token>
<token t_id="149" sentence="5" number="18">was</token>
<token t_id="150" sentence="5" number="19">instituted</token>
<token t_id="151" sentence="5" number="20">and</token>
<token t_id="152" sentence="5" number="21">the</token>
<token t_id="153" sentence="5" number="22">game</token>
<token t_id="154" sentence="5" number="23">ended</token>
<token t_id="155" sentence="5" number="24">.</token>
<Markables>
<ACTION_OCCURRENCE m_id="22"  >
  <token_anchor t_id="12"/>
</ACTION_OCCURRENCE>
<ACTION_OCCURRENCE m_id="11"  >
  <token_anchor t_id="25"/>
</ACTION_OCCURRENCE>
<ACTION_OCCURRENCE m_id="15"  >
  <token_anchor t_id="19"/>
</ACTION_OCCURRENCE>
<ACTION_OCCURRENCE m_id="16"  >
  <token_anchor t_id="16"/>
</ACTION_OCCURRENCE>
<ACTION_OCCURRENCE m_id="17"  >
  <token_anchor t_id="17"/>
</ACTION_OCCURRENCE>
<HUMAN_PART_ORG m_id="12"  >
  <token_anchor t_id="28"/>
  <token_anchor t_id="29"/>
</HUMAN_PART_ORG>
<HUMAN_PART_ORG m_id="13"  >
  <token_anchor t_id="8"/>
  <token_anchor t_id="9"/>
</HUMAN_PART_ORG>
<HUMAN_PART_ORG m_id="14"  >
  <token_anchor t_id="13"/>
</HUMAN_PART_ORG>
<NON_HUMAN_PART m_id="21"  >
  <token_anchor t_id="21"/>
</NON_HUMAN_PART>
<NON_HUMAN_PART m_id="23"  >
  <token_anchor t_id="24"/>
</NON_HUMAN_PART>
<TIME_OF_THE_DAY m_id="19"  >
  <token_anchor t_id="30"/>
  <token_anchor t_id="31"/>
</TIME_OF_THE_DAY>
<TIME_REPETITION m_id="18"  >
  <token_anchor t_id="14"/>
</TIME_REPETITION>


<LOC_FAC m_id="24" note="byCROMER" >
  <token_anchor t_id="32"/>
  <token_anchor t_id="33"/>
</LOC_FAC>


<HUMAN_PART_ORG m_id="33" RELATED_TO="" TAG_DESCRIPTOR="t29_colts" instance_id="HUM18524150423965861" />
<LOC_FAC m_id="32" RELATED_TO="" TAG_DESCRIPTOR="t29b_jacksonsville_stadium" instance_id="LOC27381332203235856" />
<ACTION_OCCURRENCE m_id="31" RELATED_TO="" TAG_DESCRIPTOR="t29b_victory" instance_id="ACT17035017539946132" />
<ACTION_OCCURRENCE m_id="30" RELATED_TO="" TAG_DESCRIPTOR="t29b_clinch" instance_id="ACT16976946389340736" />
<ACTION_OCCURRENCE m_id="29" RELATED_TO="" TAG_DESCRIPTOR="t29b_playoffs" instance_id="ACT16976955436086064" />
<TIME_OF_THE_DAY m_id="28" RELATED_TO="" TAG_DESCRIPTOR="t29b_thurs_night" instance_id="TIM17035400198513467" />
<NON_HUMAN_PART m_id="27" RELATED_TO="" TAG_DESCRIPTOR="t29b_playoff_berth" instance_id="NON16976930431536001" />
<HUMAN_PART_ORG m_id="26" RELATED_TO="" TAG_DESCRIPTOR="t29b_jaguars" instance_id="HUM18263735780022045" />
<NON_HUMAN_PART m_id="25" RELATED_TO="" TAG_DESCRIPTOR="t29b_31_24" instance_id="NON17035421701153856" />
</Markables>

<Relations>
<CROSS_DOC_COREF r_id="37258" note="NON17035421701153856" >
  <source m_id="23" />
  <target m_id="25" />
</CROSS_DOC_COREF>
<CROSS_DOC_COREF r_id="37259" note="HUM18263735780022045" >
  <source m_id="12" />
  <target m_id="26" />
</CROSS_DOC_COREF>
<CROSS_DOC_COREF r_id="37260" note="NON16976930431536001" >
  <source m_id="21" />
  <target m_id="27" />
</CROSS_DOC_COREF>
<CROSS_DOC_COREF r_id="37261" note="TIM17035400198513467" >
  <source m_id="19" />
  <target m_id="28" />
</CROSS_DOC_COREF>
<CROSS_DOC_COREF r_id="37262" note="ACT16976955436086064" >
  <source m_id="16" />
  <target m_id="29" />
</CROSS_DOC_COREF>
<CROSS_DOC_COREF r_id="37263" note="ACT16976946389340736" >
  <source m_id="15" />
  <target m_id="30" />
</CROSS_DOC_COREF>
<CROSS_DOC_COREF r_id="37264" note="ACT17035017539946132" >
  <source m_id="11" />
  <target m_id="31" />
</CROSS_DOC_COREF>
<CROSS_DOC_COREF r_id="37265" note="LOC27381332203235856" >
  <source m_id="24" />
  <target m_id="32" />
</CROSS_DOC_COREF>
<CROSS_DOC_COREF r_id="37266" note="HUM18524150423965861" >
  <source m_id="13" />
  <source m_id="14" />
  <target m_id="33" />
</CROSS_DOC_COREF>

</Relations>
</Document>
