<Document doc_name="29_5ecb.xml" doc_id="DOC15654997640017628">
<token t_id="1" sentence="0" number="0">Harrison</token>
<token t_id="2" sentence="0" number="1">out</token>
<token t_id="3" sentence="0" number="2">against</token>
<token t_id="4" sentence="0" number="3">Jaguars</token>
<token t_id="5" sentence="1" number="0">Indianapolis</token>
<token t_id="6" sentence="1" number="1">Colts</token>
<token t_id="7" sentence="1" number="2">wide</token>
<token t_id="8" sentence="1" number="3">receiver</token>
<token t_id="9" sentence="1" number="4">Marvin</token>
<token t_id="10" sentence="1" number="5">Harrison</token>
<token t_id="11" sentence="1" number="6">did</token>
<token t_id="12" sentence="1" number="7">not</token>
<token t_id="13" sentence="1" number="8">play</token>
<token t_id="14" sentence="1" number="9">in</token>
<token t_id="15" sentence="1" number="10">Thursday</token>
<token t_id="16" sentence="1" number="11">night</token>
<token t_id="17" sentence="1" number="12">'s</token>
<token t_id="18" sentence="1" number="13">31-24</token>
<token t_id="19" sentence="1" number="14">win</token>
<token t_id="20" sentence="1" number="15">over</token>
<token t_id="21" sentence="1" number="16">Jacksonville</token>
<token t_id="22" sentence="1" number="17">due</token>
<token t_id="23" sentence="1" number="18">to</token>
<token t_id="24" sentence="1" number="19">a</token>
<token t_id="25" sentence="1" number="20">hamstring</token>
<token t_id="26" sentence="1" number="21">injury</token>
<token t_id="27" sentence="1" number="22">.</token>
<token t_id="28" sentence="2" number="0">Harrison</token>
<token t_id="29" sentence="2" number="1">,</token>
<token t_id="30" sentence="2" number="2">who</token>
<token t_id="31" sentence="2" number="3">had</token>
<token t_id="32" sentence="2" number="4">n't</token>
<token t_id="33" sentence="2" number="5">missed</token>
<token t_id="34" sentence="2" number="6">a</token>
<token t_id="35" sentence="2" number="7">game</token>
<token t_id="36" sentence="2" number="8">all</token>
<token t_id="37" sentence="2" number="9">season</token>
<token t_id="38" sentence="2" number="10">,</token>
<token t_id="39" sentence="2" number="11">was</token>
<token t_id="40" sentence="2" number="12">listed</token>
<token t_id="41" sentence="2" number="13">as</token>
<token t_id="42" sentence="2" number="14">one</token>
<token t_id="43" sentence="2" number="15">of</token>
<token t_id="44" sentence="2" number="16">the</token>
<token t_id="45" sentence="2" number="17">inactive</token>
<token t_id="46" sentence="2" number="18">players</token>
<token t_id="47" sentence="2" number="19">.</token>
<token t_id="48" sentence="3" number="0">He</token>
<token t_id="49" sentence="3" number="1">has</token>
<token t_id="50" sentence="3" number="2">53</token>
<token t_id="51" sentence="3" number="3">catches</token>
<token t_id="52" sentence="3" number="4">for</token>
<token t_id="53" sentence="3" number="5">605</token>
<token t_id="54" sentence="3" number="6">yards</token>
<token t_id="55" sentence="3" number="7">and</token>
<token t_id="56" sentence="3" number="8">five</token>
<token t_id="57" sentence="3" number="9">touchdowns</token>
<token t_id="58" sentence="3" number="10">.</token>
<token t_id="59" sentence="4" number="0">He</token>
<token t_id="60" sentence="4" number="1">suffered</token>
<token t_id="61" sentence="4" number="2">the</token>
<token t_id="62" sentence="4" number="3">hamstring</token>
<token t_id="63" sentence="4" number="4">injury</token>
<token t_id="64" sentence="4" number="5">Sunday</token>
<token t_id="65" sentence="4" number="6">in</token>
<token t_id="66" sentence="4" number="7">a</token>
<token t_id="67" sentence="4" number="8">victory</token>
<token t_id="68" sentence="4" number="9">over</token>
<token t_id="69" sentence="4" number="10">Detroit</token>
<token t_id="70" sentence="4" number="11">.</token>
<token t_id="71" sentence="5" number="0">The</token>
<token t_id="72" sentence="5" number="1">Colts</token>
<token t_id="73" sentence="5" number="2">,</token>
<token t_id="74" sentence="5" number="3">winners</token>
<token t_id="75" sentence="5" number="4">of</token>
<token t_id="76" sentence="5" number="5">eight</token>
<token t_id="77" sentence="5" number="6">straight</token>
<token t_id="78" sentence="5" number="7">games</token>
<token t_id="79" sentence="5" number="8">,</token>
<token t_id="80" sentence="5" number="9">clinched</token>
<token t_id="81" sentence="5" number="10">a</token>
<token t_id="82" sentence="5" number="11">playoff</token>
<token t_id="83" sentence="5" number="12">spot</token>
<token t_id="84" sentence="5" number="13">Thursday</token>
<token t_id="85" sentence="5" number="14">.</token>
<Markables>
<ACTION_OCCURRENCE m_id="8"  >
  <token_anchor t_id="26"/>
</ACTION_OCCURRENCE>
<ACTION_OCCURRENCE m_id="15"  >
  <token_anchor t_id="19"/>
</ACTION_OCCURRENCE>
<HUMAN_PART_ORG m_id="11"  >
  <token_anchor t_id="21"/>
</HUMAN_PART_ORG>
<HUMAN_PART_ORG m_id="14"  >
  <token_anchor t_id="5"/>
  <token_anchor t_id="6"/>
</HUMAN_PART_ORG>
<HUMAN_PART_PER m_id="10"  >
  <token_anchor t_id="9"/>
  <token_anchor t_id="10"/>
</HUMAN_PART_PER>
<NEG_ACTION_OCCURRENCE m_id="13"  >
  <token_anchor t_id="13"/>
</NEG_ACTION_OCCURRENCE>
<NON_HUMAN_PART m_id="16"  >
  <token_anchor t_id="18"/>
</NON_HUMAN_PART>
<NON_HUMAN_PART m_id="9"  >
  <token_anchor t_id="25"/>
</NON_HUMAN_PART>
<TIME_OF_THE_DAY m_id="12"  >
  <token_anchor t_id="15"/>
  <token_anchor t_id="16"/>
</TIME_OF_THE_DAY>




<HUMAN_PART_ORG m_id="21" RELATED_TO="" TAG_DESCRIPTOR="t29_colts" instance_id="HUM18524150423965861" />
<TIME_OF_THE_DAY m_id="19" RELATED_TO="" TAG_DESCRIPTOR="t29b_thurs_night" instance_id="TIM17035400198513467" />
<ACTION_OCCURRENCE m_id="20" RELATED_TO="" TAG_DESCRIPTOR="t29b_victory" instance_id="ACT17035017539946132" />
<HUMAN_PART_ORG m_id="18" RELATED_TO="" TAG_DESCRIPTOR="t29b_jaguars" instance_id="HUM18263735780022045" />
<NON_HUMAN_PART m_id="17" RELATED_TO="" TAG_DESCRIPTOR="t29b_31_24" instance_id="NON17035421701153856" />
</Markables>

<Relations>
<CROSS_DOC_COREF r_id="37272" note="NON17035421701153856" >
  <source m_id="16" />
  <target m_id="17" />
</CROSS_DOC_COREF>
<CROSS_DOC_COREF r_id="37273" note="HUM18263735780022045" >
  <source m_id="11" />
  <target m_id="18" />
</CROSS_DOC_COREF>
<CROSS_DOC_COREF r_id="37274" note="TIM17035400198513467" >
  <source m_id="12" />
  <target m_id="19" />
</CROSS_DOC_COREF>
<CROSS_DOC_COREF r_id="37275" note="ACT17035017539946132" >
  <source m_id="15" />
  <target m_id="20" />
</CROSS_DOC_COREF>
<CROSS_DOC_COREF r_id="37276" note="HUM18524150423965861" >
  <source m_id="14" />
  <target m_id="21" />
</CROSS_DOC_COREF>

</Relations>
</Document>
