<Document doc_name="29_8ecbplus.xml" doc_id="DOC15651942531335571">
<token t_id="1" sentence="0" number="0">http</token>
<token t_id="2" sentence="0" number="1">:</token>
<token t_id="3" sentence="0" number="2">/</token>
<token t_id="4" sentence="0" number="3">/</token>
<token t_id="5" sentence="0" number="4">fox4kc</token>
<token t_id="6" sentence="0" number="5">.</token>
<token t_id="7" sentence="0" number="6">com</token>
<token t_id="8" sentence="0" number="7">/</token>
<token t_id="9" sentence="0" number="8">2012</token>
<token t_id="10" sentence="0" number="9">/</token>
<token t_id="11" sentence="0" number="10">12</token>
<token t_id="12" sentence="0" number="11">/</token>
<token t_id="13" sentence="0" number="12">23</token>
<token t_id="14" sentence="0" number="13">/</token>
<token t_id="15" sentence="0" number="14">luck</token>
<token t_id="16" sentence="0" number="15">-</token>
<token t_id="17" sentence="0" number="16">propels</token>
<token t_id="18" sentence="0" number="17">-</token>
<token t_id="19" sentence="0" number="18">game</token>
<token t_id="20" sentence="0" number="19">-</token>
<token t_id="21" sentence="0" number="20">winning</token>
<token t_id="22" sentence="0" number="21">-</token>
<token t_id="23" sentence="0" number="22">drive</token>
<token t_id="24" sentence="0" number="23">-</token>
<token t_id="25" sentence="0" number="24">in</token>
<token t_id="26" sentence="0" number="25">-</token>
<token t_id="27" sentence="0" number="26">colts</token>
<token t_id="28" sentence="0" number="27">-</token>
<token t_id="29" sentence="0" number="28">20</token>
<token t_id="30" sentence="0" number="29">-</token>
<token t_id="31" sentence="0" number="30">13</token>
<token t_id="32" sentence="0" number="31">-</token>
<token t_id="33" sentence="0" number="32">win</token>
<token t_id="34" sentence="0" number="33">-</token>
<token t_id="35" sentence="0" number="34">over</token>
<token t_id="36" sentence="0" number="35">-</token>
<token t_id="37" sentence="0" number="36">chiefs</token>
<token t_id="38" sentence="0" number="37">/</token>
<token t_id="39" sentence="1" number="0">Colts</token>
<token t_id="40" sentence="1" number="1">Clinch</token>
<token t_id="41" sentence="1" number="2">Playoff</token>
<token t_id="42" sentence="1" number="3">Berth</token>
<token t_id="43" sentence="1" number="4">with</token>
<token t_id="44" sentence="1" number="5">20</token>
<token t_id="45" sentence="1" number="6">-</token>
<token t_id="46" sentence="1" number="7">13</token>
<token t_id="47" sentence="1" number="8">Win</token>
<token t_id="48" sentence="1" number="9">Over</token>
<token t_id="49" sentence="1" number="10">Chiefs</token>
<token t_id="50" sentence="2" number="0">Posted</token>
<token t_id="51" sentence="2" number="1">on</token>
<token t_id="52" sentence="2" number="2">:</token>
<token t_id="53" sentence="2" number="3">3</token>
<token t_id="54" sentence="2" number="4">:</token>
<token t_id="55" sentence="2" number="5">35</token>
<token t_id="56" sentence="2" number="6">pm</token>
<token t_id="57" sentence="2" number="7">,</token>
<token t_id="58" sentence="2" number="8">December</token>
<token t_id="59" sentence="2" number="9">23</token>
<token t_id="60" sentence="2" number="10">,</token>
<token t_id="61" sentence="2" number="11">2012</token>
<token t_id="62" sentence="3" number="0">Despite</token>
<token t_id="63" sentence="3" number="1">rushing</token>
<token t_id="64" sentence="3" number="2">for</token>
<token t_id="65" sentence="3" number="3">352</token>
<token t_id="66" sentence="3" number="4">yards</token>
<token t_id="67" sentence="3" number="5">,</token>
<token t_id="68" sentence="3" number="6">the</token>
<token t_id="69" sentence="3" number="7">Kansas</token>
<token t_id="70" sentence="3" number="8">City</token>
<token t_id="71" sentence="3" number="9">Chiefs</token>
<token t_id="72" sentence="3" number="10">lost</token>
<token t_id="73" sentence="3" number="11">their</token>
<token t_id="74" sentence="3" number="12">home</token>
<token t_id="75" sentence="3" number="13">finale</token>
<token t_id="76" sentence="3" number="14">to</token>
<token t_id="77" sentence="3" number="15">the</token>
<token t_id="78" sentence="3" number="16">Indianapolis</token>
<token t_id="79" sentence="3" number="17">Colts</token>
<token t_id="80" sentence="3" number="18">at</token>
<token t_id="81" sentence="3" number="19">Arrowhead</token>
<token t_id="82" sentence="3" number="20">Stadium</token>
<token t_id="83" sentence="3" number="21">on</token>
<token t_id="84" sentence="3" number="22">Sunday</token>
<token t_id="85" sentence="3" number="23">afternoon</token>
<token t_id="86" sentence="3" number="24">.</token>
<token t_id="87" sentence="4" number="0">The</token>
<token t_id="88" sentence="4" number="1">Colts</token>
<token t_id="89" sentence="4" number="2">(</token>
<token t_id="90" sentence="4" number="3">10</token>
<token t_id="91" sentence="4" number="4">-</token>
<token t_id="92" sentence="4" number="5">5</token>
<token t_id="93" sentence="4" number="6">,</token>
<token t_id="94" sentence="4" number="7">4</token>
<token t_id="95" sentence="4" number="8">-</token>
<token t_id="96" sentence="4" number="9">4</token>
<token t_id="97" sentence="4" number="10">away</token>
<token t_id="98" sentence="4" number="11">)</token>
<token t_id="99" sentence="4" number="12">owned</token>
<token t_id="100" sentence="4" number="13">the</token>
<token t_id="101" sentence="4" number="14">NFL</token>
<token t_id="102" sentence="4" number="15">’</token>
<token t_id="103" sentence="4" number="16">s</token>
<token t_id="104" sentence="4" number="17">worst</token>
<token t_id="105" sentence="4" number="18">record</token>
<token t_id="106" sentence="4" number="19">last</token>
<token t_id="107" sentence="4" number="20">year</token>
<token t_id="108" sentence="4" number="21">,</token>
<token t_id="109" sentence="4" number="22">and</token>
<token t_id="110" sentence="4" number="23">clinched</token>
<token t_id="111" sentence="4" number="24">a</token>
<token t_id="112" sentence="4" number="25">spot</token>
<token t_id="113" sentence="4" number="26">in</token>
<token t_id="114" sentence="4" number="27">the</token>
<token t_id="115" sentence="4" number="28">playoffs</token>
<token t_id="116" sentence="4" number="29">with</token>
<token t_id="117" sentence="4" number="30">Sunday</token>
<token t_id="118" sentence="4" number="31">’</token>
<token t_id="119" sentence="4" number="32">s</token>
<token t_id="120" sentence="4" number="33">win</token>
<token t_id="121" sentence="4" number="34">.</token>
<token t_id="122" sentence="5" number="0">With</token>
<token t_id="123" sentence="5" number="1">4</token>
<token t_id="124" sentence="5" number="2">:</token>
<token t_id="125" sentence="5" number="3">08</token>
<token t_id="126" sentence="5" number="4">to</token>
<token t_id="127" sentence="5" number="5">play</token>
<token t_id="128" sentence="5" number="6">in</token>
<token t_id="129" sentence="5" number="7">the</token>
<token t_id="130" sentence="5" number="8">fourth</token>
<token t_id="131" sentence="5" number="9">quarter</token>
<token t_id="132" sentence="5" number="10">,</token>
<token t_id="133" sentence="5" number="11">rookie</token>
<token t_id="134" sentence="5" number="12">quarterback</token>
<token t_id="135" sentence="5" number="13">Andrew</token>
<token t_id="136" sentence="5" number="14">Luck</token>
<token t_id="137" sentence="5" number="15">found</token>
<token t_id="138" sentence="5" number="16">wide</token>
<token t_id="139" sentence="5" number="17">receiver</token>
<token t_id="140" sentence="5" number="18">Reggie</token>
<token t_id="141" sentence="5" number="19">Wayne</token>
<token t_id="142" sentence="5" number="20">for</token>
<token t_id="143" sentence="5" number="21">a</token>
<token t_id="144" sentence="5" number="22">seven</token>
<token t_id="145" sentence="5" number="23">-</token>
<token t_id="146" sentence="5" number="24">yard</token>
<token t_id="147" sentence="5" number="25">touchdown</token>
<token t_id="148" sentence="5" number="26">pass</token>
<token t_id="149" sentence="5" number="27">,</token>
<token t_id="150" sentence="5" number="28">capping</token>
<token t_id="151" sentence="5" number="29">the</token>
<token t_id="152" sentence="5" number="30">73</token>
<token t_id="153" sentence="5" number="31">-</token>
<token t_id="154" sentence="5" number="32">yard</token>
<token t_id="155" sentence="5" number="33">game</token>
<token t_id="156" sentence="5" number="34">winning</token>
<token t_id="157" sentence="5" number="35">drive</token>
<token t_id="158" sentence="5" number="36">.</token>
<token t_id="159" sentence="6" number="0">Luck</token>
<token t_id="160" sentence="6" number="1">also</token>
<token t_id="161" sentence="6" number="2">set</token>
<token t_id="162" sentence="6" number="3">a</token>
<token t_id="163" sentence="6" number="4">new</token>
<token t_id="164" sentence="6" number="5">record</token>
<token t_id="165" sentence="6" number="6">for</token>
<token t_id="166" sentence="6" number="7">most</token>
<token t_id="167" sentence="6" number="8">single</token>
<token t_id="168" sentence="6" number="9">-</token>
<token t_id="169" sentence="6" number="10">season</token>
<token t_id="170" sentence="6" number="11">passing</token>
<token t_id="171" sentence="6" number="12">yards</token>
<token t_id="172" sentence="6" number="13">by</token>
<token t_id="173" sentence="6" number="14">a</token>
<token t_id="174" sentence="6" number="15">rookie</token>
<token t_id="175" sentence="6" number="16">in</token>
<token t_id="176" sentence="6" number="17">the</token>
<token t_id="177" sentence="6" number="18">process</token>
<token t_id="178" sentence="6" number="19">.</token>
<token t_id="179" sentence="7" number="0">Carolina</token>
<token t_id="180" sentence="7" number="1">Panthers</token>
<token t_id="181" sentence="7" number="2">QB</token>
<token t_id="182" sentence="7" number="3">Cam</token>
<token t_id="183" sentence="7" number="4">Newton</token>
<token t_id="184" sentence="7" number="5">held</token>
<token t_id="185" sentence="7" number="6">the</token>
<token t_id="186" sentence="7" number="7">previous</token>
<token t_id="187" sentence="7" number="8">record</token>
<token t_id="188" sentence="7" number="9">at</token>
<token t_id="189" sentence="7" number="10">4</token>
<token t_id="190" sentence="7" number="11">,</token>
<token t_id="191" sentence="7" number="12">051</token>
<token t_id="192" sentence="7" number="13">yards</token>
<token t_id="193" sentence="7" number="14">.</token>
<token t_id="194" sentence="8" number="0">The</token>
<token t_id="195" sentence="8" number="1">Chiefs</token>
<token t_id="196" sentence="8" number="2">(</token>
<token t_id="197" sentence="8" number="3">2</token>
<token t_id="198" sentence="8" number="4">-</token>
<token t_id="199" sentence="8" number="5">13</token>
<token t_id="200" sentence="8" number="6">,</token>
<token t_id="201" sentence="8" number="7">1</token>
<token t_id="202" sentence="8" number="8">-</token>
<token t_id="203" sentence="8" number="9">7</token>
<token t_id="204" sentence="8" number="10">home</token>
<token t_id="205" sentence="8" number="11">)</token>
<token t_id="206" sentence="8" number="12">almost</token>
<token t_id="207" sentence="8" number="13">got</token>
<token t_id="208" sentence="8" number="14">to</token>
<token t_id="209" sentence="8" number="15">play</token>
<token t_id="210" sentence="8" number="16">the</token>
<token t_id="211" sentence="8" number="17">role</token>
<token t_id="212" sentence="8" number="18">of</token>
<token t_id="213" sentence="8" number="19">the</token>
<token t_id="214" sentence="8" number="20">Grinch</token>
<token t_id="215" sentence="8" number="21">in</token>
<token t_id="216" sentence="8" number="22">Chiefs</token>
<token t_id="217" sentence="8" number="23">red</token>
<token t_id="218" sentence="8" number="24">.</token>
<token t_id="219" sentence="9" number="0">However</token>
<token t_id="220" sentence="9" number="1">,</token>
<token t_id="221" sentence="9" number="2">a</token>
<token t_id="222" sentence="9" number="3">Chiefs</token>
<token t_id="223" sentence="9" number="4">win</token>
<token t_id="224" sentence="9" number="5">would</token>
<token t_id="225" sentence="9" number="6">’</token>
<token t_id="226" sentence="9" number="7">ve</token>
<token t_id="227" sentence="9" number="8">likely</token>
<token t_id="228" sentence="9" number="9">cost</token>
<token t_id="229" sentence="9" number="10">them</token>
<token t_id="230" sentence="9" number="11">the</token>
<token t_id="231" sentence="9" number="12">first</token>
<token t_id="232" sentence="9" number="13">overall</token>
<token t_id="233" sentence="9" number="14">pick</token>
<token t_id="234" sentence="9" number="15">in</token>
<token t_id="235" sentence="9" number="16">the</token>
<token t_id="236" sentence="9" number="17">2013</token>
<token t_id="237" sentence="9" number="18">NFL</token>
<token t_id="238" sentence="9" number="19">Draft</token>
<token t_id="239" sentence="9" number="20">.</token>
<token t_id="240" sentence="10" number="0">The</token>
<token t_id="241" sentence="10" number="1">Chiefs</token>
<token t_id="242" sentence="10" number="2">are</token>
<token t_id="243" sentence="10" number="3">currently</token>
<token t_id="244" sentence="10" number="4">in</token>
<token t_id="245" sentence="10" number="5">line</token>
<token t_id="246" sentence="10" number="6">for</token>
<token t_id="247" sentence="10" number="7">the</token>
<token t_id="248" sentence="10" number="8">first</token>
<token t_id="249" sentence="10" number="9">overall</token>
<token t_id="250" sentence="10" number="10">pick</token>
<token t_id="251" sentence="10" number="11">,</token>
<token t_id="252" sentence="10" number="12">owning</token>
<token t_id="253" sentence="10" number="13">the</token>
<token t_id="254" sentence="10" number="14">tiebreaker</token>
<token t_id="255" sentence="10" number="15">over</token>
<token t_id="256" sentence="10" number="16">the</token>
<token t_id="257" sentence="10" number="17">Jacksonville</token>
<token t_id="258" sentence="10" number="18">Jaguars</token>
<token t_id="259" sentence="10" number="19">(</token>
<token t_id="260" sentence="10" number="20">2</token>
<token t_id="261" sentence="10" number="21">-</token>
<token t_id="262" sentence="10" number="22">13</token>
<token t_id="263" sentence="10" number="23">)</token>
<token t_id="264" sentence="10" number="24">.</token>
<token t_id="265" sentence="11" number="0">After</token>
<token t_id="266" sentence="11" number="1">holding</token>
<token t_id="267" sentence="11" number="2">Indianapolis</token>
<token t_id="268" sentence="11" number="3">to</token>
<token t_id="269" sentence="11" number="4">three</token>
<token t_id="270" sentence="11" number="5">and</token>
<token t_id="271" sentence="11" number="6">out</token>
<token t_id="272" sentence="11" number="7">to</token>
<token t_id="273" sentence="11" number="8">start</token>
<token t_id="274" sentence="11" number="9">the</token>
<token t_id="275" sentence="11" number="10">game</token>
<token t_id="276" sentence="11" number="11">,</token>
<token t_id="277" sentence="11" number="12">Chiefs</token>
<token t_id="278" sentence="11" number="13">QB</token>
<token t_id="279" sentence="11" number="14">Brady</token>
<token t_id="280" sentence="11" number="15">Quinn</token>
<token t_id="281" sentence="11" number="16">threw</token>
<token t_id="282" sentence="11" number="17">a</token>
<token t_id="283" sentence="11" number="18">pick</token>
<token t_id="284" sentence="11" number="19">six</token>
<token t_id="285" sentence="11" number="20">to</token>
<token t_id="286" sentence="11" number="21">cornerback</token>
<token t_id="287" sentence="11" number="22">Darius</token>
<token t_id="288" sentence="11" number="23">Butler</token>
<token t_id="289" sentence="11" number="24">,</token>
<token t_id="290" sentence="11" number="25">who</token>
<token t_id="291" sentence="11" number="26">returned</token>
<token t_id="292" sentence="11" number="27">the</token>
<token t_id="293" sentence="11" number="28">interception</token>
<token t_id="294" sentence="11" number="29">32</token>
<token t_id="295" sentence="11" number="30">yards</token>
<token t_id="296" sentence="11" number="31">for</token>
<token t_id="297" sentence="11" number="32">a</token>
<token t_id="298" sentence="11" number="33">TD</token>
<token t_id="299" sentence="11" number="34">.</token>
<token t_id="300" sentence="12" number="0">The</token>
<token t_id="301" sentence="12" number="1">Chiefs</token>
<token t_id="302" sentence="12" number="2">went</token>
<token t_id="303" sentence="12" number="3">on</token>
<token t_id="304" sentence="12" number="4">a</token>
<token t_id="305" sentence="12" number="5">68</token>
<token t_id="306" sentence="12" number="6">-</token>
<token t_id="307" sentence="12" number="7">yard</token>
<token t_id="308" sentence="12" number="8">drive</token>
<token t_id="309" sentence="12" number="9">midway</token>
<token t_id="310" sentence="12" number="10">through</token>
<token t_id="311" sentence="12" number="11">the</token>
<token t_id="312" sentence="12" number="12">second</token>
<token t_id="313" sentence="12" number="13">quarter</token>
<token t_id="314" sentence="12" number="14">,</token>
<token t_id="315" sentence="12" number="15">but</token>
<token t_id="316" sentence="12" number="16">the</token>
<token t_id="317" sentence="12" number="17">drive</token>
<token t_id="318" sentence="12" number="18">was</token>
<token t_id="319" sentence="12" number="19">halted</token>
<token t_id="320" sentence="12" number="20">when</token>
<token t_id="321" sentence="12" number="21">running</token>
<token t_id="322" sentence="12" number="22">back</token>
<token t_id="323" sentence="12" number="23">Jamaal</token>
<token t_id="324" sentence="12" number="24">Charles</token>
<token t_id="325" sentence="12" number="25">lost</token>
<token t_id="326" sentence="12" number="26">a</token>
<token t_id="327" sentence="12" number="27">fumble</token>
<token t_id="328" sentence="12" number="28">on</token>
<token t_id="329" sentence="12" number="29">the</token>
<token t_id="330" sentence="12" number="30">Colts</token>
<token t_id="331" sentence="12" number="31">16</token>
<token t_id="332" sentence="12" number="32">-</token>
<token t_id="333" sentence="12" number="33">yard</token>
<token t_id="334" sentence="12" number="34">line</token>
<token t_id="335" sentence="12" number="35">.</token>
<token t_id="336" sentence="13" number="0">Indy</token>
<token t_id="337" sentence="13" number="1">led</token>
<token t_id="338" sentence="13" number="2">13</token>
<token t_id="339" sentence="13" number="3">-</token>
<token t_id="340" sentence="13" number="4">3</token>
<token t_id="341" sentence="13" number="5">at</token>
<token t_id="342" sentence="13" number="6">the</token>
<token t_id="343" sentence="13" number="7">half</token>
<token t_id="344" sentence="13" number="8">,</token>
<token t_id="345" sentence="13" number="9">but</token>
<token t_id="346" sentence="13" number="10">Kansas</token>
<token t_id="347" sentence="13" number="11">City</token>
<token t_id="348" sentence="13" number="12">opened</token>
<token t_id="349" sentence="13" number="13">up</token>
<token t_id="350" sentence="13" number="14">the</token>
<token t_id="351" sentence="13" number="15">second</token>
<token t_id="352" sentence="13" number="16">half</token>
<token t_id="353" sentence="13" number="17">in</token>
<token t_id="354" sentence="13" number="18">a</token>
<token t_id="355" sentence="13" number="19">big</token>
<token t_id="356" sentence="13" number="20">way</token>
<token t_id="357" sentence="13" number="21">.</token>
<token t_id="358" sentence="14" number="0">On</token>
<token t_id="359" sentence="14" number="1">the</token>
<token t_id="360" sentence="14" number="2">first</token>
<token t_id="361" sentence="14" number="3">play</token>
<token t_id="362" sentence="14" number="4">from</token>
<token t_id="363" sentence="14" number="5">scrimmage</token>
<token t_id="364" sentence="14" number="6">,</token>
<token t_id="365" sentence="14" number="7">Charles</token>
<token t_id="366" sentence="14" number="8">broke</token>
<token t_id="367" sentence="14" number="9">off</token>
<token t_id="368" sentence="14" number="10">an</token>
<token t_id="369" sentence="14" number="11">86</token>
<token t_id="370" sentence="14" number="12">-</token>
<token t_id="371" sentence="14" number="13">yd</token>
<token t_id="372" sentence="14" number="14">TD</token>
<token t_id="373" sentence="14" number="15">run</token>
<token t_id="374" sentence="14" number="16">to</token>
<token t_id="375" sentence="14" number="17">trim</token>
<token t_id="376" sentence="14" number="18">the</token>
<token t_id="377" sentence="14" number="19">deficit</token>
<token t_id="378" sentence="14" number="20">to</token>
<token t_id="379" sentence="14" number="21">13</token>
<token t_id="380" sentence="14" number="22">-</token>
<token t_id="381" sentence="14" number="23">10</token>
<token t_id="382" sentence="14" number="24">.</token>
<token t_id="383" sentence="15" number="0">The</token>
<token t_id="384" sentence="15" number="1">Chiefs</token>
<token t_id="385" sentence="15" number="2">went</token>
<token t_id="386" sentence="15" number="3">on</token>
<token t_id="387" sentence="15" number="4">a</token>
<token t_id="388" sentence="15" number="5">67</token>
<token t_id="389" sentence="15" number="6">-</token>
<token t_id="390" sentence="15" number="7">yd</token>
<token t_id="391" sentence="15" number="8">drive</token>
<token t_id="392" sentence="15" number="9">on</token>
<token t_id="393" sentence="15" number="10">their</token>
<token t_id="394" sentence="15" number="11">next</token>
<token t_id="395" sentence="15" number="12">possession</token>
<token t_id="396" sentence="15" number="13">,</token>
<token t_id="397" sentence="15" number="14">but</token>
<token t_id="398" sentence="15" number="15">CB</token>
<token t_id="399" sentence="15" number="16">Vontae</token>
<token t_id="400" sentence="15" number="17">Davis</token>
<token t_id="401" sentence="15" number="18">intercepted</token>
<token t_id="402" sentence="15" number="19">Quinn</token>
<token t_id="403" sentence="15" number="20">’</token>
<token t_id="404" sentence="15" number="21">s</token>
<token t_id="405" sentence="15" number="22">pass</token>
<token t_id="406" sentence="15" number="23">in</token>
<token t_id="407" sentence="15" number="24">the</token>
<token t_id="408" sentence="15" number="25">end</token>
<token t_id="409" sentence="15" number="26">zone</token>
<token t_id="410" sentence="15" number="27">.</token>
<token t_id="411" sentence="16" number="0">Kicker</token>
<token t_id="412" sentence="16" number="1">Ryan</token>
<token t_id="413" sentence="16" number="2">Succop</token>
<token t_id="414" sentence="16" number="3">tied</token>
<token t_id="415" sentence="16" number="4">the</token>
<token t_id="416" sentence="16" number="5">game</token>
<token t_id="417" sentence="16" number="6">at</token>
<token t_id="418" sentence="16" number="7">13</token>
<token t_id="419" sentence="16" number="8">-</token>
<token t_id="420" sentence="16" number="9">13</token>
<token t_id="421" sentence="16" number="10">with</token>
<token t_id="422" sentence="16" number="11">a</token>
<token t_id="423" sentence="16" number="12">47</token>
<token t_id="424" sentence="16" number="13">-</token>
<token t_id="425" sentence="16" number="14">yd</token>
<token t_id="426" sentence="16" number="15">field</token>
<token t_id="427" sentence="16" number="16">goal</token>
<token t_id="428" sentence="16" number="17">with</token>
<token t_id="429" sentence="16" number="18">10</token>
<token t_id="430" sentence="16" number="19">:</token>
<token t_id="431" sentence="16" number="20">03</token>
<token t_id="432" sentence="16" number="21">to</token>
<token t_id="433" sentence="16" number="22">play</token>
<token t_id="434" sentence="16" number="23">in</token>
<token t_id="435" sentence="16" number="24">the</token>
<token t_id="436" sentence="16" number="25">third</token>
<token t_id="437" sentence="16" number="26">quarter</token>
<token t_id="438" sentence="16" number="27">,</token>
<token t_id="439" sentence="16" number="28">and</token>
<token t_id="440" sentence="16" number="29">it</token>
<token t_id="441" sentence="16" number="30">stayed</token>
<token t_id="442" sentence="16" number="31">that</token>
<token t_id="443" sentence="16" number="32">way</token>
<token t_id="444" sentence="16" number="33">until</token>
<token t_id="445" sentence="16" number="34">the</token>
<token t_id="446" sentence="16" number="35">Colts</token>
<token t_id="447" sentence="16" number="36">’</token>
<token t_id="448" sentence="16" number="37">game</token>
<token t_id="449" sentence="16" number="38">winning</token>
<token t_id="450" sentence="16" number="39">drive</token>
<token t_id="451" sentence="16" number="40">in</token>
<token t_id="452" sentence="16" number="41">the</token>
<token t_id="453" sentence="16" number="42">fourth</token>
<token t_id="454" sentence="16" number="43">.</token>
<token t_id="455" sentence="17" number="0">Charles</token>
<token t_id="456" sentence="17" number="1">’</token>
<token t_id="457" sentence="17" number="2">226</token>
<token t_id="458" sentence="17" number="3">yards</token>
<token t_id="459" sentence="17" number="4">rushing</token>
<token t_id="460" sentence="17" number="5">was</token>
<token t_id="461" sentence="17" number="6">good</token>
<token t_id="462" sentence="17" number="7">for</token>
<token t_id="463" sentence="17" number="8">the</token>
<token t_id="464" sentence="17" number="9">third</token>
<token t_id="465" sentence="17" number="10">most</token>
<token t_id="466" sentence="17" number="11">in</token>
<token t_id="467" sentence="17" number="12">a</token>
<token t_id="468" sentence="17" number="13">single</token>
<token t_id="469" sentence="17" number="14">game</token>
<token t_id="470" sentence="17" number="15">in</token>
<token t_id="471" sentence="17" number="16">franchise</token>
<token t_id="472" sentence="17" number="17">history</token>
<token t_id="473" sentence="17" number="18">.</token>
<token t_id="474" sentence="18" number="0">He</token>
<token t_id="475" sentence="18" number="1">also</token>
<token t_id="476" sentence="18" number="2">holds</token>
<token t_id="477" sentence="18" number="3">spots</token>
<token t_id="478" sentence="18" number="4">one</token>
<token t_id="479" sentence="18" number="5">and</token>
<token t_id="480" sentence="18" number="6">two</token>
<token t_id="481" sentence="18" number="7">on</token>
<token t_id="482" sentence="18" number="8">the</token>
<token t_id="483" sentence="18" number="9">all</token>
<token t_id="484" sentence="18" number="10">-</token>
<token t_id="485" sentence="18" number="11">time</token>
<token t_id="486" sentence="18" number="12">list</token>
<token t_id="487" sentence="18" number="13">.</token>
<token t_id="488" sentence="19" number="0">RB</token>
<token t_id="489" sentence="19" number="1">Peyton</token>
<token t_id="490" sentence="19" number="2">Hillis</token>
<token t_id="491" sentence="19" number="3">rushed</token>
<token t_id="492" sentence="19" number="4">for</token>
<token t_id="493" sentence="19" number="5">101</token>
<token t_id="494" sentence="19" number="6">yards</token>
<token t_id="495" sentence="19" number="7">.</token>
<token t_id="496" sentence="20" number="0">The</token>
<token t_id="497" sentence="20" number="1">Chiefs</token>
<token t_id="498" sentence="20" number="2">racked</token>
<token t_id="499" sentence="20" number="3">up</token>
<token t_id="500" sentence="20" number="4">a</token>
<token t_id="501" sentence="20" number="5">total</token>
<token t_id="502" sentence="20" number="6">of</token>
<token t_id="503" sentence="20" number="7">507</token>
<token t_id="504" sentence="20" number="8">yards</token>
<token t_id="505" sentence="20" number="9">on</token>
<token t_id="506" sentence="20" number="10">offense</token>
<token t_id="507" sentence="20" number="11">.</token>
<token t_id="508" sentence="21" number="0">The</token>
<token t_id="509" sentence="21" number="1">Chiefs</token>
<token t_id="510" sentence="21" number="2">will</token>
<token t_id="511" sentence="21" number="3">play</token>
<token t_id="512" sentence="21" number="4">their</token>
<token t_id="513" sentence="21" number="5">season</token>
<token t_id="514" sentence="21" number="6">finale</token>
<token t_id="515" sentence="21" number="7">against</token>
<token t_id="516" sentence="21" number="8">the</token>
<token t_id="517" sentence="21" number="9">Denver</token>
<token t_id="518" sentence="21" number="10">Broncos</token>
<token t_id="519" sentence="21" number="11">next</token>
<token t_id="520" sentence="21" number="12">Sunday</token>
<token t_id="521" sentence="21" number="13">afternoon</token>
<token t_id="522" sentence="21" number="14">at</token>
<token t_id="523" sentence="21" number="15">Sports</token>
<token t_id="524" sentence="21" number="16">Authority</token>
<token t_id="525" sentence="21" number="17">Field</token>
<token t_id="526" sentence="21" number="18">at</token>
<token t_id="527" sentence="21" number="19">Mile</token>
<token t_id="528" sentence="21" number="20">High</token>
<token t_id="529" sentence="21" number="21">.</token>
<Markables>
<ACTION_ASPECTUAL m_id="44"  >
  <token_anchor t_id="273"/>
</ACTION_ASPECTUAL>
<ACTION_OCCURRENCE m_id="41"  >
  <token_anchor t_id="291"/>
</ACTION_OCCURRENCE>
<ACTION_OCCURRENCE m_id="42"  >
  <token_anchor t_id="293"/>
</ACTION_OCCURRENCE>
<ACTION_OCCURRENCE m_id="43"  >
  <token_anchor t_id="298"/>
</ACTION_OCCURRENCE>
<ACTION_OCCURRENCE m_id="13"  >
  <token_anchor t_id="40"/>
</ACTION_OCCURRENCE>
<ACTION_OCCURRENCE m_id="14"  >
  <token_anchor t_id="63"/>
</ACTION_OCCURRENCE>
<ACTION_OCCURRENCE m_id="15"  >
  <token_anchor t_id="72"/>
</ACTION_OCCURRENCE>
<ACTION_OCCURRENCE m_id="16"  >
  <token_anchor t_id="74"/>
  <token_anchor t_id="75"/>
</ACTION_OCCURRENCE>
<ACTION_OCCURRENCE m_id="17"  >
  <token_anchor t_id="99"/>
</ACTION_OCCURRENCE>
<ACTION_OCCURRENCE m_id="18"  >
  <token_anchor t_id="101"/>
  <token_anchor t_id="102"/>
  <token_anchor t_id="103"/>
  <token_anchor t_id="104"/>
  <token_anchor t_id="105"/>
</ACTION_OCCURRENCE>
<ACTION_OCCURRENCE m_id="19"  >
  <token_anchor t_id="110"/>
</ACTION_OCCURRENCE>
<ACTION_OCCURRENCE m_id="54"  >
  <token_anchor t_id="41"/>
</ACTION_OCCURRENCE>
<ACTION_OCCURRENCE m_id="20"  >
  <token_anchor t_id="115"/>
</ACTION_OCCURRENCE>
<ACTION_OCCURRENCE m_id="57"  >
  <token_anchor t_id="47"/>
</ACTION_OCCURRENCE>
<ACTION_OCCURRENCE m_id="25"  >
  <token_anchor t_id="120"/>
</ACTION_OCCURRENCE>
<ACTION_OCCURRENCE m_id="26"  >
  <token_anchor t_id="127"/>
</ACTION_OCCURRENCE>
<ACTION_OCCURRENCE m_id="27"  >
  <token_anchor t_id="137"/>
</ACTION_OCCURRENCE>
<ACTION_OCCURRENCE m_id="28"  >
  <token_anchor t_id="147"/>
  <token_anchor t_id="148"/>
</ACTION_OCCURRENCE>
<ACTION_OCCURRENCE m_id="29"  >
  <token_anchor t_id="150"/>
</ACTION_OCCURRENCE>
<ACTION_OCCURRENCE m_id="30"  >
  <token_anchor t_id="157"/>
</ACTION_OCCURRENCE>
<ACTION_OCCURRENCE m_id="31"  >
  <token_anchor t_id="161"/>
</ACTION_OCCURRENCE>
<ACTION_OCCURRENCE m_id="32"  >
  <token_anchor t_id="164"/>
</ACTION_OCCURRENCE>
<ACTION_OCCURRENCE m_id="33"  >
  <token_anchor t_id="177"/>
</ACTION_OCCURRENCE>
<ACTION_OCCURRENCE m_id="34"  >
  <token_anchor t_id="184"/>
</ACTION_OCCURRENCE>
<ACTION_OCCURRENCE m_id="35"  >
  <token_anchor t_id="186"/>
  <token_anchor t_id="187"/>
</ACTION_OCCURRENCE>
<ACTION_OCCURRENCE m_id="36"  >
  <token_anchor t_id="266"/>
</ACTION_OCCURRENCE>
<ACTION_OCCURRENCE m_id="37"  >
  <token_anchor t_id="275"/>
</ACTION_OCCURRENCE>
<ACTION_OCCURRENCE m_id="38"  >
  <token_anchor t_id="269"/>
  <token_anchor t_id="270"/>
  <token_anchor t_id="271"/>
</ACTION_OCCURRENCE>
<ACTION_OCCURRENCE m_id="39"  >
  <token_anchor t_id="281"/>
</ACTION_OCCURRENCE>
<ACTION_OCCURRENCE m_id="40"  >
  <token_anchor t_id="283"/>
  <token_anchor t_id="284"/>
</ACTION_OCCURRENCE>
<ACTION_STATE m_id="45"  >
  <token_anchor t_id="189"/>
  <token_anchor t_id="190"/>
  <token_anchor t_id="191"/>
  <token_anchor t_id="192"/>
</ACTION_STATE>
<ACTION_STATE m_id="46"  >
  <token_anchor t_id="155"/>
  <token_anchor t_id="156"/>
</ACTION_STATE>
<ACTION_STATE m_id="47"  >
  <token_anchor t_id="170"/>
  <token_anchor t_id="171"/>
</ACTION_STATE>
<HUMAN_PART_ORG m_id="1"  >
  <token_anchor t_id="39"/>
</HUMAN_PART_ORG>
<HUMAN_PART_ORG m_id="2"  >
  <token_anchor t_id="49"/>
</HUMAN_PART_ORG>
<HUMAN_PART_ORG m_id="3"  >
  <token_anchor t_id="69"/>
  <token_anchor t_id="70"/>
  <token_anchor t_id="71"/>
</HUMAN_PART_ORG>
<HUMAN_PART_ORG m_id="4"  >
  <token_anchor t_id="78"/>
  <token_anchor t_id="79"/>
</HUMAN_PART_ORG>
<HUMAN_PART_ORG m_id="5"  >
  <token_anchor t_id="88"/>
</HUMAN_PART_ORG>
<HUMAN_PART_ORG m_id="6"  >
  <token_anchor t_id="267"/>
</HUMAN_PART_ORG>
<HUMAN_PART_PER m_id="9"  >
  <token_anchor t_id="159"/>
</HUMAN_PART_PER>
<HUMAN_PART_PER m_id="10"  >
  <token_anchor t_id="182"/>
  <token_anchor t_id="183"/>
</HUMAN_PART_PER>
<HUMAN_PART_PER m_id="11"  >
  <token_anchor t_id="279"/>
  <token_anchor t_id="280"/>
</HUMAN_PART_PER>
<HUMAN_PART_PER m_id="12"  >
  <token_anchor t_id="287"/>
  <token_anchor t_id="288"/>
</HUMAN_PART_PER>
<HUMAN_PART_PER m_id="7"  >
  <token_anchor t_id="135"/>
  <token_anchor t_id="136"/>
</HUMAN_PART_PER>
<HUMAN_PART_PER m_id="8"  >
  <token_anchor t_id="140"/>
  <token_anchor t_id="141"/>
</HUMAN_PART_PER>
<LOC_FAC m_id="24"  >
  <token_anchor t_id="80"/>
  <token_anchor t_id="81"/>
  <token_anchor t_id="82"/>
</LOC_FAC>
<NON_HUMAN_PART m_id="58"  >
  <token_anchor t_id="42"/>
</NON_HUMAN_PART>
<NON_HUMAN_PART m_id="59"  >
  <token_anchor t_id="112"/>
</NON_HUMAN_PART>
<TIME_DATE m_id="50"  >
  <token_anchor t_id="106"/>
  <token_anchor t_id="107"/>
</TIME_DATE>
<TIME_OF_THE_DAY m_id="49"  >
  <token_anchor t_id="128"/>
  <token_anchor t_id="129"/>
  <token_anchor t_id="130"/>
  <token_anchor t_id="131"/>
</TIME_OF_THE_DAY>
<TIME_OF_THE_DAY m_id="22"  >
  <token_anchor t_id="53"/>
  <token_anchor t_id="54"/>
  <token_anchor t_id="55"/>
  <token_anchor t_id="56"/>
  <token_anchor t_id="57"/>
  <token_anchor t_id="58"/>
  <token_anchor t_id="59"/>
  <token_anchor t_id="60"/>
  <token_anchor t_id="61"/>
</TIME_OF_THE_DAY>
<TIME_OF_THE_DAY m_id="23"  >
  <token_anchor t_id="83"/>
  <token_anchor t_id="84"/>
  <token_anchor t_id="85"/>
</TIME_OF_THE_DAY>


<TIME_OF_THE_DAY m_id="61" note="byCROMER" >
  <token_anchor t_id="117"/>
</TIME_OF_THE_DAY>
<HUMAN_PART_GENERIC m_id="62" note="byCROMER" >
  <token_anchor t_id="174"/>
</HUMAN_PART_GENERIC>
<NON_HUMAN_PART m_id="63" note="byCROMER" >
  <token_anchor t_id="44"/>
  <token_anchor t_id="45"/>
  <token_anchor t_id="46"/>
</NON_HUMAN_PART>


<ACTION_OCCURRENCE m_id="80" RELATED_TO="" TAG_DESCRIPTOR="t29_game" instance_id="ACT16977099887799938" />
<HUMAN_PART_PER m_id="69" RELATED_TO="" TAG_DESCRIPTOR="t29_luck" instance_id="HUM16976884072437799" />
<LOC_FAC m_id="68" RELATED_TO="" TAG_DESCRIPTOR="t29_kansas_city" instance_id="LOC28592140589788426" />
<TIME_OF_THE_DAY m_id="67" RELATED_TO="" TAG_DESCRIPTOR="t29_friday_afternoon" instance_id="TIM28601414770446778" />
<ACTION_OCCURRENCE m_id="66" RELATED_TO="" TAG_DESCRIPTOR="t29_breaking_record" instance_id="ACT17015517190841928" />
<HUMAN_PART_GENERIC m_id="65" RELATED_TO="" TAG_DESCRIPTOR="t29_first_years_player" instance_id="HUM28602796625515803" />
<NON_HUMAN_PART m_id="64" RELATED_TO="" TAG_DESCRIPTOR="t29_20_13" instance_id="NON28597088168559097" />
<NON_HUMAN_PART m_id="79" RELATED_TO="" TAG_DESCRIPTOR="t29_playoff_berth" instance_id="NON16976915577800368" />
<HUMAN_PART_ORG m_id="78" RELATED_TO="" TAG_DESCRIPTOR="t29_chiefs" instance_id="HUM18263750557257525" />
<ACTION_OCCURRENCE m_id="77" RELATED_TO="" TAG_DESCRIPTOR="t29_luck_touchdown" instance_id="ACT16976893498911011" />
<ACTION_OCCURRENCE m_id="76" RELATED_TO="" TAG_DESCRIPTOR="t29_colts_played" instance_id="ACT16978341525243869" />
<ACTION_OCCURRENCE m_id="75" RELATED_TO="" TAG_DESCRIPTOR="t29_record" instance_id="ACT17015526930368354" />
<ACTION_OCCURRENCE m_id="74" RELATED_TO="" TAG_DESCRIPTOR="t29_clinch" instance_id="ACT16976816649304572" />
<ACTION_OCCURRENCE m_id="73" RELATED_TO="" TAG_DESCRIPTOR="t29_2012_playoffs" instance_id="ACT16976828207985668" />
<ACTION_OCCURRENCE m_id="72" RELATED_TO="" TAG_DESCRIPTOR="t29_colts_victory" instance_id="ACT16976684395747580" />
<HUMAN_PART_ORG m_id="71" RELATED_TO="" TAG_DESCRIPTOR="t29_colts" instance_id="HUM18524150423965861" />
<HUMAN_PART_PER m_id="70" RELATED_TO="" TAG_DESCRIPTOR="t29_wayne" instance_id="HUM16976901520377444" />
</Markables>

<Relations>
<CROSS_DOC_COREF r_id="37702" note="NON28597088168559097" >
  <source m_id="63" />
  <target m_id="64" />
</CROSS_DOC_COREF>
<CROSS_DOC_COREF r_id="37703" note="HUM28602796625515803" >
  <source m_id="62" />
  <target m_id="65" />
</CROSS_DOC_COREF>
<CROSS_DOC_COREF r_id="37704" note="ACT17015517190841928" >
  <source m_id="31" />
  <target m_id="66" />
</CROSS_DOC_COREF>
<CROSS_DOC_COREF r_id="37705" note="TIM28601414770446778" >
  <source m_id="61" />
  <source m_id="23" />
  <target m_id="67" />
</CROSS_DOC_COREF>
<CROSS_DOC_COREF r_id="37706" note="LOC28592140589788426" >
  <source m_id="24" />
  <target m_id="68" />
</CROSS_DOC_COREF>
<CROSS_DOC_COREF r_id="37707" note="HUM16976884072437799" >
  <source m_id="9" />
  <source m_id="7" />
  <target m_id="69" />
</CROSS_DOC_COREF>
<CROSS_DOC_COREF r_id="37708" note="HUM16976901520377444" >
  <source m_id="8" />
  <target m_id="70" />
</CROSS_DOC_COREF>
<CROSS_DOC_COREF r_id="37709" note="HUM18524150423965861" >
  <source m_id="1" />
  <source m_id="4" />
  <source m_id="5" />
  <target m_id="71" />
</CROSS_DOC_COREF>
<CROSS_DOC_COREF r_id="37710" note="ACT16976684395747580" >
  <source m_id="57" />
  <source m_id="25" />
  <source m_id="15" />
  <target m_id="72" />
</CROSS_DOC_COREF>
<CROSS_DOC_COREF r_id="37711" note="ACT16976828207985668" >
  <source m_id="20" />
  <source m_id="54" />
  <target m_id="73" />
</CROSS_DOC_COREF>
<CROSS_DOC_COREF r_id="37712" note="ACT16976816649304572" >
  <source m_id="19" />
  <source m_id="13" />
  <target m_id="74" />
</CROSS_DOC_COREF>
<CROSS_DOC_COREF r_id="37713" note="ACT17015526930368354" >
  <source m_id="32" />
  <target m_id="75" />
</CROSS_DOC_COREF>
<CROSS_DOC_COREF r_id="37714" note="ACT16978341525243869" >
  <source m_id="26" />
  <target m_id="76" />
</CROSS_DOC_COREF>
<CROSS_DOC_COREF r_id="37715" note="ACT16976893498911011" >
  <source m_id="28" />
  <target m_id="77" />
</CROSS_DOC_COREF>
<CROSS_DOC_COREF r_id="37716" note="HUM18263750557257525" >
  <source m_id="3" />
  <source m_id="2" />
  <target m_id="78" />
</CROSS_DOC_COREF>
<CROSS_DOC_COREF r_id="37717" note="NON16976915577800368" >
  <source m_id="59" />
  <source m_id="58" />
  <target m_id="79" />
</CROSS_DOC_COREF>
<CROSS_DOC_COREF r_id="37718" note="ACT16977099887799938" >
  <source m_id="16" />
  <target m_id="80" />
</CROSS_DOC_COREF>

</Relations>
</Document>
