<Document doc_name="29_8ecb.xml" doc_id="DOC15654998245912931">
<token t_id="1" sentence="0" number="0">Game</token>
<token t_id="2" sentence="0" number="1">slips</token>
<token t_id="3" sentence="0" number="2">away</token>
<token t_id="4" sentence="0" number="3">late</token>
<token t_id="5" sentence="0" number="4">as</token>
<token t_id="6" sentence="0" number="5">Jaguars</token>
<token t_id="7" sentence="0" number="6">fall</token>
<token t_id="8" sentence="0" number="7">to</token>
<token t_id="9" sentence="0" number="8">Indy</token>
<token t_id="10" sentence="1" number="0">Late</token>
<token t_id="11" sentence="1" number="1">sacks</token>
<token t_id="12" sentence="1" number="2">,</token>
<token t_id="13" sentence="1" number="3">too</token>
<token t_id="14" sentence="1" number="4">much</token>
<token t_id="15" sentence="1" number="5">Manning</token>
<token t_id="16" sentence="1" number="6">give</token>
<token t_id="17" sentence="1" number="7">Colts</token>
<token t_id="18" sentence="1" number="8">comeback</token>
<token t_id="19" sentence="1" number="9">win</token>
<token t_id="20" sentence="1" number="10">.</token>
<token t_id="21" sentence="2" number="0">The</token>
<token t_id="22" sentence="2" number="1">Jaguars</token>
<token t_id="23" sentence="2" number="2">could</token>
<token t_id="24" sentence="2" number="3">n't</token>
<token t_id="25" sentence="2" number="4">make</token>
<token t_id="26" sentence="2" number="5">the</token>
<token t_id="27" sentence="2" number="6">big</token>
<token t_id="28" sentence="2" number="7">play</token>
<token t_id="29" sentence="2" number="8">and</token>
<token t_id="30" sentence="2" number="9">gave</token>
<token t_id="31" sentence="2" number="10">up</token>
<token t_id="32" sentence="2" number="11">the</token>
<token t_id="33" sentence="2" number="12">big</token>
<token t_id="34" sentence="2" number="13">play</token>
<token t_id="35" sentence="2" number="14">.</token>
<token t_id="36" sentence="3" number="0">That</token>
<token t_id="37" sentence="3" number="1">was</token>
<token t_id="38" sentence="3" number="2">an</token>
<token t_id="39" sentence="3" number="3">all-too-familiar</token>
<token t_id="40" sentence="3" number="4">scenario</token>
<token t_id="41" sentence="3" number="5">Thursday</token>
<token t_id="42" sentence="3" number="6">night</token>
<token t_id="43" sentence="3" number="7">in</token>
<token t_id="44" sentence="3" number="8">a</token>
<token t_id="45" sentence="3" number="9">frustrating</token>
<token t_id="46" sentence="3" number="10">31-24</token>
<token t_id="47" sentence="3" number="11">defeat</token>
<token t_id="48" sentence="3" number="12">to</token>
<token t_id="49" sentence="3" number="13">the</token>
<token t_id="50" sentence="3" number="14">Indianapolis</token>
<token t_id="51" sentence="3" number="15">Colts</token>
<token t_id="52" sentence="3" number="16">.</token>
<token t_id="53" sentence="4" number="0">The</token>
<token t_id="54" sentence="4" number="1">Jaguars</token>
<token t_id="55" sentence="4" number="2">battled</token>
<token t_id="56" sentence="4" number="3">the</token>
<token t_id="57" sentence="4" number="4">Colts</token>
<token t_id="58" sentence="4" number="5">toe-to-toe</token>
<token t_id="59" sentence="4" number="6">for</token>
<token t_id="60" sentence="4" number="7">almost</token>
<token t_id="61" sentence="4" number="8">55</token>
<token t_id="62" sentence="4" number="9">minutes</token>
<token t_id="63" sentence="4" number="10">,</token>
<token t_id="64" sentence="4" number="11">but</token>
<token t_id="65" sentence="4" number="12">with</token>
<token t_id="66" sentence="4" number="13">the</token>
<token t_id="67" sentence="4" number="14">score</token>
<token t_id="68" sentence="4" number="15">tied</token>
<token t_id="69" sentence="4" number="16">24-24</token>
<token t_id="70" sentence="4" number="17">,</token>
<token t_id="71" sentence="4" number="18">they</token>
<token t_id="72" sentence="4" number="19">could</token>
<token t_id="73" sentence="4" number="20">n't</token>
<token t_id="74" sentence="4" number="21">finish</token>
<token t_id="75" sentence="4" number="22">off</token>
<token t_id="76" sentence="4" number="23">the</token>
<token t_id="77" sentence="4" number="24">Colts</token>
<token t_id="78" sentence="4" number="25">.</token>
<token t_id="79" sentence="5" number="0">First</token>
<token t_id="80" sentence="5" number="1">,</token>
<token t_id="81" sentence="5" number="2">Keiwan</token>
<token t_id="82" sentence="5" number="3">Ratliff</token>
<token t_id="83" sentence="5" number="4">fooled</token>
<token t_id="84" sentence="5" number="5">David</token>
<token t_id="85" sentence="5" number="6">Garrard</token>
<token t_id="86" sentence="5" number="7">when</token>
<token t_id="87" sentence="5" number="8">he</token>
<token t_id="88" sentence="5" number="9">made</token>
<token t_id="89" sentence="5" number="10">a</token>
<token t_id="90" sentence="5" number="11">coverage</token>
<token t_id="91" sentence="5" number="12">move</token>
<token t_id="92" sentence="5" number="13">he</token>
<token t_id="93" sentence="5" number="14">had</token>
<token t_id="94" sentence="5" number="15">n't</token>
<token t_id="95" sentence="5" number="16">made</token>
<token t_id="96" sentence="5" number="17">all</token>
<token t_id="97" sentence="5" number="18">season</token>
<token t_id="98" sentence="5" number="19">,</token>
<token t_id="99" sentence="5" number="20">intercepted</token>
<token t_id="100" sentence="5" number="21">the</token>
<token t_id="101" sentence="5" number="22">pass</token>
<token t_id="102" sentence="5" number="23">and</token>
<token t_id="103" sentence="5" number="24">ran</token>
<token t_id="104" sentence="5" number="25">35</token>
<token t_id="105" sentence="5" number="26">yards</token>
<token t_id="106" sentence="5" number="27">for</token>
<token t_id="107" sentence="5" number="28">the</token>
<token t_id="108" sentence="5" number="29">touchdown</token>
<token t_id="109" sentence="5" number="30">.</token>
<token t_id="110" sentence="6" number="0">After</token>
<token t_id="111" sentence="6" number="1">the</token>
<token t_id="112" sentence="6" number="2">teams</token>
<token t_id="113" sentence="6" number="3">traded</token>
<token t_id="114" sentence="6" number="4">punts</token>
<token t_id="115" sentence="6" number="5">,</token>
<token t_id="116" sentence="6" number="6">the</token>
<token t_id="117" sentence="6" number="7">Jaguars</token>
<token t_id="118" sentence="6" number="8">advanced</token>
<token t_id="119" sentence="6" number="9">from</token>
<token t_id="120" sentence="6" number="10">their</token>
<token t_id="121" sentence="6" number="11">10</token>
<token t_id="122" sentence="6" number="12">to</token>
<token t_id="123" sentence="6" number="13">the</token>
<token t_id="124" sentence="6" number="14">Colts</token>
<token t_id="125" sentence="6" number="15">17</token>
<token t_id="126" sentence="6" number="16">with</token>
<token t_id="127" sentence="6" number="17">48</token>
<token t_id="128" sentence="6" number="18">seconds</token>
<token t_id="129" sentence="6" number="19">left</token>
<token t_id="130" sentence="6" number="20">when</token>
<token t_id="131" sentence="6" number="21">Garrard</token>
<token t_id="132" sentence="6" number="22">spiked</token>
<token t_id="133" sentence="6" number="23">the</token>
<token t_id="134" sentence="6" number="24">ball</token>
<token t_id="135" sentence="6" number="25">.</token>
<token t_id="136" sentence="7" number="0">Again</token>
<token t_id="137" sentence="7" number="1">,</token>
<token t_id="138" sentence="7" number="2">the</token>
<token t_id="139" sentence="7" number="3">Jaguars</token>
<token t_id="140" sentence="7" number="4">could</token>
<token t_id="141" sentence="7" number="5">n't</token>
<token t_id="142" sentence="7" number="6">come</token>
<token t_id="143" sentence="7" number="7">up</token>
<token t_id="144" sentence="7" number="8">with</token>
<token t_id="145" sentence="7" number="9">the</token>
<token t_id="146" sentence="7" number="10">play</token>
<token t_id="147" sentence="7" number="11">to</token>
<token t_id="148" sentence="7" number="12">tie</token>
<token t_id="149" sentence="7" number="13">the</token>
<token t_id="150" sentence="7" number="14">game</token>
<token t_id="151" sentence="7" number="15">.</token>
<token t_id="152" sentence="8" number="0">Coach</token>
<token t_id="153" sentence="8" number="1">Jack</token>
<token t_id="154" sentence="8" number="2">Del</token>
<token t_id="155" sentence="8" number="3">Rio</token>
<token t_id="156" sentence="8" number="4">had</token>
<token t_id="157" sentence="8" number="5">already</token>
<token t_id="158" sentence="8" number="6">decided</token>
<token t_id="159" sentence="8" number="7">to</token>
<token t_id="160" sentence="8" number="8">go</token>
<token t_id="161" sentence="8" number="9">for</token>
<token t_id="162" sentence="8" number="10">two</token>
<token t_id="163" sentence="8" number="11">and</token>
<token t_id="164" sentence="8" number="12">the</token>
<token t_id="165" sentence="8" number="13">victory</token>
<token t_id="166" sentence="8" number="14">if</token>
<token t_id="167" sentence="8" number="15">the</token>
<token t_id="168" sentence="8" number="16">Jaguars</token>
<token t_id="169" sentence="8" number="17">had</token>
<token t_id="170" sentence="8" number="18">scored</token>
<token t_id="171" sentence="8" number="19">a</token>
<token t_id="172" sentence="8" number="20">touchdown</token>
<token t_id="173" sentence="8" number="21">.</token>
<token t_id="174" sentence="9" number="0">On</token>
<token t_id="175" sentence="9" number="1">second</token>
<token t_id="176" sentence="9" number="2">down</token>
<token t_id="177" sentence="9" number="3">,</token>
<token t_id="178" sentence="9" number="4">Maurice</token>
<token t_id="179" sentence="9" number="5">Drew</token>
<token t_id="180" sentence="9" number="6">ran</token>
<token t_id="181" sentence="9" number="7">for</token>
<token t_id="182" sentence="9" number="8">10</token>
<token t_id="183" sentence="9" number="9">yards</token>
<token t_id="184" sentence="9" number="10">to</token>
<token t_id="185" sentence="9" number="11">the</token>
<token t_id="186" sentence="9" number="12">7</token>
<token t_id="187" sentence="9" number="13">for</token>
<token t_id="188" sentence="9" number="14">a</token>
<token t_id="189" sentence="9" number="15">first</token>
<token t_id="190" sentence="9" number="16">down</token>
<token t_id="191" sentence="9" number="17">,</token>
<token t_id="192" sentence="9" number="18">but</token>
<token t_id="193" sentence="9" number="19">suffered</token>
<token t_id="194" sentence="9" number="20">a</token>
<token t_id="195" sentence="9" number="21">bruised</token>
<token t_id="196" sentence="9" number="22">leg</token>
<token t_id="197" sentence="9" number="23">on</token>
<token t_id="198" sentence="9" number="24">the</token>
<token t_id="199" sentence="9" number="25">play</token>
<token t_id="200" sentence="9" number="26">and</token>
<token t_id="201" sentence="9" number="27">had</token>
<token t_id="202" sentence="9" number="28">to</token>
<token t_id="203" sentence="9" number="29">come</token>
<token t_id="204" sentence="9" number="30">out</token>
<token t_id="205" sentence="9" number="31">.</token>
<token t_id="206" sentence="10" number="0">That</token>
<token t_id="207" sentence="10" number="1">caused</token>
<token t_id="208" sentence="10" number="2">a</token>
<token t_id="209" sentence="10" number="3">10-second</token>
<token t_id="210" sentence="10" number="4">runoff</token>
<token t_id="211" sentence="10" number="5">because</token>
<token t_id="212" sentence="10" number="6">the</token>
<token t_id="213" sentence="10" number="7">Jaguars</token>
<token t_id="214" sentence="10" number="8">were</token>
<token t_id="215" sentence="10" number="9">out</token>
<token t_id="216" sentence="10" number="10">of</token>
<token t_id="217" sentence="10" number="11">timeouts</token>
<token t_id="218" sentence="10" number="12">so</token>
<token t_id="219" sentence="10" number="13">they</token>
<token t_id="220" sentence="10" number="14">had</token>
<token t_id="221" sentence="10" number="15">a</token>
<token t_id="222" sentence="10" number="16">first</token>
<token t_id="223" sentence="10" number="17">down</token>
<token t_id="224" sentence="10" number="18">on</token>
<token t_id="225" sentence="10" number="19">the</token>
<token t_id="226" sentence="10" number="20">7</token>
<token t_id="227" sentence="10" number="21">with</token>
<token t_id="228" sentence="10" number="22">17</token>
<token t_id="229" sentence="10" number="23">seconds</token>
<token t_id="230" sentence="10" number="24">left</token>
<token t_id="231" sentence="10" number="25">.</token>
<token t_id="232" sentence="11" number="0">Garrard</token>
<token t_id="233" sentence="11" number="1">then</token>
<token t_id="234" sentence="11" number="2">threw</token>
<token t_id="235" sentence="11" number="3">the</token>
<token t_id="236" sentence="11" number="4">ball</token>
<token t_id="237" sentence="11" number="5">away</token>
<token t_id="238" sentence="11" number="6">over</token>
<token t_id="239" sentence="11" number="7">the</token>
<token t_id="240" sentence="11" number="8">head</token>
<token t_id="241" sentence="11" number="9">of</token>
<token t_id="242" sentence="11" number="10">Reggie</token>
<token t_id="243" sentence="11" number="11">Williams</token>
<token t_id="244" sentence="11" number="12">in</token>
<token t_id="245" sentence="11" number="13">the</token>
<token t_id="246" sentence="11" number="14">back</token>
<token t_id="247" sentence="11" number="15">of</token>
<token t_id="248" sentence="11" number="16">the</token>
<token t_id="249" sentence="11" number="17">end</token>
<token t_id="250" sentence="11" number="18">zone</token>
<token t_id="251" sentence="11" number="19">because</token>
<token t_id="252" sentence="11" number="20">he</token>
<token t_id="253" sentence="11" number="21">was</token>
<token t_id="254" sentence="11" number="22">trying</token>
<token t_id="255" sentence="11" number="23">to</token>
<token t_id="256" sentence="11" number="24">avoid</token>
<token t_id="257" sentence="11" number="25">an</token>
<token t_id="258" sentence="11" number="26">interception</token>
<token t_id="259" sentence="11" number="27">.</token>
<token t_id="260" sentence="12" number="0">He</token>
<token t_id="261" sentence="12" number="1">later</token>
<token t_id="262" sentence="12" number="2">said</token>
<token t_id="263" sentence="12" number="3">he</token>
<token t_id="264" sentence="12" number="4">regretted</token>
<token t_id="265" sentence="12" number="5">not</token>
<token t_id="266" sentence="12" number="6">giving</token>
<token t_id="267" sentence="12" number="7">Williams</token>
<token t_id="268" sentence="12" number="8">a</token>
<token t_id="269" sentence="12" number="9">chance</token>
<token t_id="270" sentence="12" number="10">to</token>
<token t_id="271" sentence="12" number="11">make</token>
<token t_id="272" sentence="12" number="12">the</token>
<token t_id="273" sentence="12" number="13">play</token>
<token t_id="274" sentence="12" number="14">.</token>
<token t_id="275" sentence="13" number="0">``</token>
<token t_id="276" sentence="13" number="1">As</token>
<token t_id="277" sentence="13" number="2">I</token>
<token t_id="278" sentence="13" number="3">'m</token>
<token t_id="279" sentence="13" number="4">releasing</token>
<token t_id="280" sentence="13" number="5">the</token>
<token t_id="281" sentence="13" number="6">ball</token>
<token t_id="282" sentence="13" number="7">to</token>
<token t_id="283" sentence="13" number="8">Reggie</token>
<token t_id="284" sentence="13" number="9">I</token>
<token t_id="285" sentence="13" number="10">'m</token>
<token t_id="286" sentence="13" number="11">pretty</token>
<token t_id="287" sentence="13" number="12">much</token>
<token t_id="288" sentence="13" number="13">throwing</token>
<token t_id="289" sentence="13" number="14">it</token>
<token t_id="290" sentence="13" number="15">away</token>
<token t_id="291" sentence="13" number="16">because</token>
<token t_id="292" sentence="13" number="17">the</token>
<token t_id="293" sentence="13" number="18">safeties</token>
<token t_id="294" sentence="13" number="19">are</token>
<token t_id="295" sentence="13" number="20">high</token>
<token t_id="296" sentence="13" number="21">,</token>
<token t_id="297" sentence="13" number="22">and</token>
<token t_id="298" sentence="13" number="23">then</token>
<token t_id="299" sentence="13" number="24">at</token>
<token t_id="300" sentence="13" number="25">the</token>
<token t_id="301" sentence="13" number="26">last</token>
<token t_id="302" sentence="13" number="27">second</token>
<token t_id="303" sentence="13" number="28">,</token>
<token t_id="304" sentence="13" number="29">he</token>
<token t_id="305" sentence="13" number="30">(</token>
<token t_id="306" sentence="13" number="31">safety</token>
<token t_id="307" sentence="13" number="32">)</token>
<token t_id="308" sentence="13" number="33">darts</token>
<token t_id="309" sentence="13" number="34">down</token>
<token t_id="310" sentence="13" number="35">to</token>
<token t_id="311" sentence="13" number="36">my</token>
<token t_id="312" sentence="13" number="37">underneath</token>
<token t_id="313" sentence="13" number="38">guy</token>
<token t_id="314" sentence="13" number="39">and</token>
<token t_id="315" sentence="13" number="40">I</token>
<token t_id="316" sentence="13" number="41">'m</token>
<token t_id="317" sentence="13" number="42">thinking</token>
<token t_id="318" sentence="13" number="43">,</token>
<token t_id="319" sentence="13" number="44">he</token>
<token t_id="320" sentence="13" number="45">'s</token>
<token t_id="321" sentence="13" number="46">not</token>
<token t_id="322" sentence="13" number="47">even</token>
<token t_id="323" sentence="13" number="48">playing</token>
<token t_id="324" sentence="13" number="49">Reggie</token>
<token t_id="325" sentence="13" number="50">.</token>
<token t_id="326" sentence="14" number="0">Those</token>
<token t_id="327" sentence="14" number="1">are</token>
<token t_id="328" sentence="14" number="2">plays</token>
<token t_id="329" sentence="14" number="3">you</token>
<token t_id="330" sentence="14" number="4">want</token>
<token t_id="331" sentence="14" number="5">to</token>
<token t_id="332" sentence="14" number="6">say</token>
<token t_id="333" sentence="14" number="7">,</token>
<token t_id="334" sentence="14" number="8">'Just</token>
<token t_id="335" sentence="14" number="9">give</token>
<token t_id="336" sentence="14" number="10">him</token>
<token t_id="337" sentence="14" number="11">a</token>
<token t_id="338" sentence="14" number="12">chance</token>
<token t_id="339" sentence="14" number="13">.</token>
<token t_id="340" sentence="14" number="14">'</token>
<token t_id="341" sentence="15" number="0">I</token>
<token t_id="342" sentence="15" number="1">thought</token>
<token t_id="343" sentence="15" number="2">it</token>
<token t_id="344" sentence="15" number="3">was</token>
<token t_id="345" sentence="15" number="4">n't</token>
<token t_id="346" sentence="15" number="5">the</token>
<token t_id="347" sentence="15" number="6">best</token>
<token t_id="348" sentence="15" number="7">coverage</token>
<token t_id="349" sentence="15" number="8">[</token>
<token t_id="350" sentence="15" number="9">to</token>
<token t_id="351" sentence="15" number="10">throw</token>
<token t_id="352" sentence="15" number="11">into</token>
<token t_id="353" sentence="15" number="12">]</token>
<token t_id="354" sentence="15" number="13">so</token>
<token t_id="355" sentence="15" number="14">go</token>
<token t_id="356" sentence="15" number="15">to</token>
<token t_id="357" sentence="15" number="16">the</token>
<token t_id="358" sentence="15" number="17">next</token>
<token t_id="359" sentence="15" number="18">down</token>
<token t_id="360" sentence="15" number="19">,</token>
<token t_id="361" sentence="15" number="20">''</token>
<token t_id="362" sentence="15" number="21">he</token>
<token t_id="363" sentence="15" number="22">said</token>
<token t_id="364" sentence="15" number="23">.</token>
<token t_id="365" sentence="16" number="0">That</token>
<token t_id="366" sentence="16" number="1">left</token>
<token t_id="367" sentence="16" number="2">the</token>
<token t_id="368" sentence="16" number="3">Jaguars</token>
<token t_id="369" sentence="16" number="4">with</token>
<token t_id="370" sentence="16" number="5">12</token>
<token t_id="371" sentence="16" number="6">seconds</token>
<token t_id="372" sentence="16" number="7">left</token>
<token t_id="373" sentence="16" number="8">,</token>
<token t_id="374" sentence="16" number="9">still</token>
<token t_id="375" sentence="16" number="10">time</token>
<token t_id="376" sentence="16" number="11">for</token>
<token t_id="377" sentence="16" number="12">two</token>
<token t_id="378" sentence="16" number="13">passes</token>
<token t_id="379" sentence="16" number="14">in</token>
<token t_id="380" sentence="16" number="15">the</token>
<token t_id="381" sentence="16" number="16">end</token>
<token t_id="382" sentence="16" number="17">zone</token>
<token t_id="383" sentence="16" number="18">.</token>
<token t_id="384" sentence="17" number="0">But</token>
<token t_id="385" sentence="17" number="1">Garrard</token>
<token t_id="386" sentence="17" number="2">was</token>
<token t_id="387" sentence="17" number="3">sacked</token>
<token t_id="388" sentence="17" number="4">on</token>
<token t_id="389" sentence="17" number="5">second</token>
<token t_id="390" sentence="17" number="6">down</token>
<token t_id="391" sentence="17" number="7">and</token>
<token t_id="392" sentence="17" number="8">the</token>
<token t_id="393" sentence="17" number="9">clock</token>
<token t_id="394" sentence="17" number="10">ran</token>
<token t_id="395" sentence="17" number="11">out</token>
<token t_id="396" sentence="17" number="12">before</token>
<token t_id="397" sentence="17" number="13">he</token>
<token t_id="398" sentence="17" number="14">could</token>
<token t_id="399" sentence="17" number="15">call</token>
<token t_id="400" sentence="17" number="16">another</token>
<token t_id="401" sentence="17" number="17">play</token>
<token t_id="402" sentence="17" number="18">.</token>
<token t_id="403" sentence="18" number="0">``</token>
<token t_id="404" sentence="18" number="1">It</token>
<token t_id="405" sentence="18" number="2">'s</token>
<token t_id="406" sentence="18" number="3">tough</token>
<token t_id="407" sentence="18" number="4">.</token>
<token t_id="408" sentence="19" number="0">You</token>
<token t_id="409" sentence="19" number="1">do</token>
<token t_id="410" sentence="19" number="2">n't</token>
<token t_id="411" sentence="19" number="3">want</token>
<token t_id="412" sentence="19" number="4">to</token>
<token t_id="413" sentence="19" number="5">end</token>
<token t_id="414" sentence="19" number="6">the</token>
<token t_id="415" sentence="19" number="7">game</token>
<token t_id="416" sentence="19" number="8">on</token>
<token t_id="417" sentence="19" number="9">a</token>
<token t_id="418" sentence="19" number="10">sack</token>
<token t_id="419" sentence="19" number="11">when</token>
<token t_id="420" sentence="19" number="12">you</token>
<token t_id="421" sentence="19" number="13">'re</token>
<token t_id="422" sentence="19" number="14">on</token>
<token t_id="423" sentence="19" number="15">the</token>
<token t_id="424" sentence="19" number="16">seven-yard</token>
<token t_id="425" sentence="19" number="17">line</token>
<token t_id="426" sentence="19" number="18">.</token>
<token t_id="427" sentence="20" number="0">It</token>
<token t_id="428" sentence="20" number="1">'s</token>
<token t_id="429" sentence="20" number="2">kind</token>
<token t_id="430" sentence="20" number="3">of</token>
<token t_id="431" sentence="20" number="4">how</token>
<token t_id="432" sentence="20" number="5">the</token>
<token t_id="433" sentence="20" number="6">season</token>
<token t_id="434" sentence="20" number="7">has</token>
<token t_id="435" sentence="20" number="8">been</token>
<token t_id="436" sentence="20" number="9">.</token>
<token t_id="437" sentence="21" number="0">So</token>
<token t_id="438" sentence="21" number="1">close</token>
<token t_id="439" sentence="21" number="2">,</token>
<token t_id="440" sentence="21" number="3">so</token>
<token t_id="441" sentence="21" number="4">close</token>
<token t_id="442" sentence="21" number="5">and</token>
<token t_id="443" sentence="21" number="6">then</token>
<token t_id="444" sentence="21" number="7">a</token>
<token t_id="445" sentence="21" number="8">sack</token>
<token t_id="446" sentence="21" number="9">at</token>
<token t_id="447" sentence="21" number="10">the</token>
<token t_id="448" sentence="21" number="11">end</token>
<token t_id="449" sentence="21" number="12">of</token>
<token t_id="450" sentence="21" number="13">the</token>
<token t_id="451" sentence="21" number="14">game</token>
<token t_id="452" sentence="21" number="15">,</token>
<token t_id="453" sentence="21" number="16">''</token>
<token t_id="454" sentence="21" number="17">Garrard</token>
<token t_id="455" sentence="21" number="18">said</token>
<token t_id="456" sentence="21" number="19">.</token>
<token t_id="457" sentence="22" number="0">That</token>
<token t_id="458" sentence="22" number="1">was</token>
<token t_id="459" sentence="22" number="2">the</token>
<token t_id="460" sentence="22" number="3">difference</token>
<token t_id="461" sentence="22" number="4">between</token>
<token t_id="462" sentence="22" number="5">the</token>
<token t_id="463" sentence="22" number="6">Colts</token>
<token t_id="464" sentence="22" number="7">(</token>
<token t_id="465" sentence="22" number="8">11-4</token>
<token t_id="466" sentence="22" number="9">)</token>
<token t_id="467" sentence="22" number="10">clinching</token>
<token t_id="468" sentence="22" number="11">a</token>
<token t_id="469" sentence="22" number="12">playoff</token>
<token t_id="470" sentence="22" number="13">berth</token>
<token t_id="471" sentence="22" number="14">with</token>
<token t_id="472" sentence="22" number="15">their</token>
<token t_id="473" sentence="22" number="16">eighth</token>
<token t_id="474" sentence="22" number="17">consecutive</token>
<token t_id="475" sentence="22" number="18">victory</token>
<token t_id="476" sentence="22" number="19">and</token>
<token t_id="477" sentence="22" number="20">the</token>
<token t_id="478" sentence="22" number="21">Jaguars</token>
<token t_id="479" sentence="22" number="22">falling</token>
<token t_id="480" sentence="22" number="23">to</token>
<token t_id="481" sentence="22" number="24">5-10</token>
<token t_id="482" sentence="22" number="25">.</token>
<token t_id="483" sentence="23" number="0">That</token>
<token t_id="484" sentence="23" number="1">means</token>
<token t_id="485" sentence="23" number="2">they</token>
<token t_id="486" sentence="23" number="3">'ll</token>
<token t_id="487" sentence="23" number="4">have</token>
<token t_id="488" sentence="23" number="5">double</token>
<token t_id="489" sentence="23" number="6">digit</token>
<token t_id="490" sentence="23" number="7">losses</token>
<token t_id="491" sentence="23" number="8">for</token>
<token t_id="492" sentence="23" number="9">the</token>
<token t_id="493" sentence="23" number="10">first</token>
<token t_id="494" sentence="23" number="11">time</token>
<token t_id="495" sentence="23" number="12">since</token>
<token t_id="496" sentence="23" number="13">they</token>
<token t_id="497" sentence="23" number="14">went</token>
<token t_id="498" sentence="23" number="15">5-11</token>
<token t_id="499" sentence="23" number="16">in</token>
<token t_id="500" sentence="23" number="17">Del</token>
<token t_id="501" sentence="23" number="18">Rio</token>
<token t_id="502" sentence="23" number="19">'s</token>
<token t_id="503" sentence="23" number="20">first</token>
<token t_id="504" sentence="23" number="21">season</token>
<token t_id="505" sentence="23" number="22">.</token>
<token t_id="506" sentence="24" number="0">They</token>
<token t_id="507" sentence="24" number="1">'re</token>
<token t_id="508" sentence="24" number="2">now</token>
<token t_id="509" sentence="24" number="3">24-23</token>
<token t_id="510" sentence="24" number="4">in</token>
<token t_id="511" sentence="24" number="5">the</token>
<token t_id="512" sentence="24" number="6">regular</token>
<token t_id="513" sentence="24" number="7">season</token>
<token t_id="514" sentence="24" number="8">the</token>
<token t_id="515" sentence="24" number="9">last</token>
<token t_id="516" sentence="24" number="10">three</token>
<token t_id="517" sentence="24" number="11">years</token>
<token t_id="518" sentence="24" number="12">and</token>
<token t_id="519" sentence="24" number="13">finished</token>
<token t_id="520" sentence="24" number="14">2-4</token>
<token t_id="521" sentence="24" number="15">in</token>
<token t_id="522" sentence="24" number="16">the</token>
<token t_id="523" sentence="24" number="17">AFC</token>
<token t_id="524" sentence="24" number="18">South</token>
<token t_id="525" sentence="24" number="19">for</token>
<token t_id="526" sentence="24" number="20">the</token>
<token t_id="527" sentence="24" number="21">third</token>
<token t_id="528" sentence="24" number="22">consecutive</token>
<token t_id="529" sentence="24" number="23">season</token>
<token t_id="530" sentence="24" number="24">.</token>
<token t_id="531" sentence="25" number="0">Garrard</token>
<token t_id="532" sentence="25" number="1">completed</token>
<token t_id="533" sentence="25" number="2">28</token>
<token t_id="534" sentence="25" number="3">of</token>
<token t_id="535" sentence="25" number="4">41</token>
<token t_id="536" sentence="25" number="5">passes</token>
<token t_id="537" sentence="25" number="6">for</token>
<token t_id="538" sentence="25" number="7">329</token>
<token t_id="539" sentence="25" number="8">yards</token>
<token t_id="540" sentence="25" number="9">and</token>
<token t_id="541" sentence="25" number="10">a</token>
<token t_id="542" sentence="25" number="11">touchdown</token>
<token t_id="543" sentence="25" number="12">and</token>
<token t_id="544" sentence="25" number="13">a</token>
<token t_id="545" sentence="25" number="14">90.4</token>
<token t_id="546" sentence="25" number="15">passer</token>
<token t_id="547" sentence="25" number="16">rating</token>
<token t_id="548" sentence="25" number="17">.</token>
<token t_id="549" sentence="26" number="0">But</token>
<token t_id="550" sentence="26" number="1">he</token>
<token t_id="551" sentence="26" number="2">was</token>
<token t_id="552" sentence="26" number="3">n't</token>
<token t_id="553" sentence="26" number="4">a</token>
<token t_id="554" sentence="26" number="5">match</token>
<token t_id="555" sentence="26" number="6">for</token>
<token t_id="556" sentence="26" number="7">Peyton</token>
<token t_id="557" sentence="26" number="8">Manning</token>
<token t_id="558" sentence="26" number="9">,</token>
<token t_id="559" sentence="26" number="10">who</token>
<token t_id="560" sentence="26" number="11">completed</token>
<token t_id="561" sentence="26" number="12">29</token>
<token t_id="562" sentence="26" number="13">of</token>
<token t_id="563" sentence="26" number="14">34</token>
<token t_id="564" sentence="26" number="15">for</token>
<token t_id="565" sentence="26" number="16">364</token>
<token t_id="566" sentence="26" number="17">yards</token>
<token t_id="567" sentence="26" number="18">and</token>
<token t_id="568" sentence="26" number="19">three</token>
<token t_id="569" sentence="26" number="20">touchdowns</token>
<token t_id="570" sentence="26" number="21">.</token>
<token t_id="571" sentence="27" number="0">Of</token>
<token t_id="572" sentence="27" number="1">the</token>
<token t_id="573" sentence="27" number="2">Ratliff</token>
<token t_id="574" sentence="27" number="3">interception</token>
<token t_id="575" sentence="27" number="4">,</token>
<token t_id="576" sentence="27" number="5">Garrard</token>
<token t_id="577" sentence="27" number="6">said</token>
<token t_id="578" sentence="27" number="7">,</token>
<token t_id="579" sentence="27" number="8">``</token>
<token t_id="580" sentence="27" number="9">You</token>
<token t_id="581" sentence="27" number="10">do</token>
<token t_id="582" sentence="27" number="11">n't</token>
<token t_id="583" sentence="27" number="12">want</token>
<token t_id="584" sentence="27" number="13">to</token>
<token t_id="585" sentence="27" number="14">put</token>
<token t_id="586" sentence="27" number="15">your</token>
<token t_id="587" sentence="27" number="16">team</token>
<token t_id="588" sentence="27" number="17">in</token>
<token t_id="589" sentence="27" number="18">that</token>
<token t_id="590" sentence="27" number="19">situation</token>
<token t_id="591" sentence="27" number="20">where</token>
<token t_id="592" sentence="27" number="21">you</token>
<token t_id="593" sentence="27" number="22">let</token>
<token t_id="594" sentence="27" number="23">the</token>
<token t_id="595" sentence="27" number="24">guy</token>
<token t_id="596" sentence="27" number="25">pick</token>
<token t_id="597" sentence="27" number="26">it</token>
<token t_id="598" sentence="27" number="27">off</token>
<token t_id="599" sentence="27" number="28">and</token>
<token t_id="600" sentence="27" number="29">run</token>
<token t_id="601" sentence="27" number="30">it</token>
<token t_id="602" sentence="27" number="31">back</token>
<token t_id="603" sentence="27" number="32">for</token>
<token t_id="604" sentence="27" number="33">a</token>
<token t_id="605" sentence="27" number="34">touchdown</token>
<token t_id="606" sentence="27" number="35">.</token>
<token t_id="607" sentence="28" number="0">They</token>
<token t_id="608" sentence="28" number="1">made</token>
<token t_id="609" sentence="28" number="2">a</token>
<token t_id="610" sentence="28" number="3">good</token>
<token t_id="611" sentence="28" number="4">play</token>
<token t_id="612" sentence="28" number="5">.</token>
<token t_id="613" sentence="29" number="0">It</token>
<token t_id="614" sentence="29" number="1">was</token>
<token t_id="615" sentence="29" number="2">actually</token>
<token t_id="616" sentence="29" number="3">man-coverage</token>
<token t_id="617" sentence="29" number="4">and</token>
<token t_id="618" sentence="29" number="5">he</token>
<token t_id="619" sentence="29" number="6">made</token>
<token t_id="620" sentence="29" number="7">a</token>
<token t_id="621" sentence="29" number="8">smart</token>
<token t_id="622" sentence="29" number="9">play</token>
<token t_id="623" sentence="29" number="10">by</token>
<token t_id="624" sentence="29" number="11">dropping</token>
<token t_id="625" sentence="29" number="12">off</token>
<token t_id="626" sentence="29" number="13">Dennis</token>
<token t_id="627" sentence="29" number="14">[</token>
<token t_id="628" sentence="29" number="15">Northcutt</token>
<token t_id="629" sentence="29" number="16">]</token>
<token t_id="630" sentence="29" number="17">.</token>
<token t_id="631" sentence="30" number="0">You</token>
<token t_id="632" sentence="30" number="1">never</token>
<token t_id="633" sentence="30" number="2">see</token>
<token t_id="634" sentence="30" number="3">that</token>
<token t_id="635" sentence="30" number="4">in</token>
<token t_id="636" sentence="30" number="5">man</token>
<token t_id="637" sentence="30" number="6">coverage</token>
<token t_id="638" sentence="30" number="7">and</token>
<token t_id="639" sentence="30" number="8">that</token>
<token t_id="640" sentence="30" number="9">was</token>
<token t_id="641" sentence="30" number="10">a</token>
<token t_id="642" sentence="30" number="11">smart</token>
<token t_id="643" sentence="30" number="12">play</token>
<token t_id="644" sentence="30" number="13">by</token>
<token t_id="645" sentence="30" number="14">him</token>
<token t_id="646" sentence="30" number="15">.</token>
<token t_id="647" sentence="31" number="0">They</token>
<token t_id="648" sentence="31" number="1">know</token>
<token t_id="649" sentence="31" number="2">we</token>
<token t_id="650" sentence="31" number="3">like</token>
<token t_id="651" sentence="31" number="4">the</token>
<token t_id="652" sentence="31" number="5">slant</token>
<token t_id="653" sentence="31" number="6">game</token>
<token t_id="654" sentence="31" number="7">so</token>
<token t_id="655" sentence="31" number="8">on</token>
<token t_id="656" sentence="31" number="9">that</token>
<token t_id="657" sentence="31" number="10">down</token>
<token t_id="658" sentence="31" number="11">and</token>
<token t_id="659" sentence="31" number="12">distance</token>
<token t_id="660" sentence="31" number="13">,</token>
<token t_id="661" sentence="31" number="14">they</token>
<token t_id="662" sentence="31" number="15">watched</token>
<token t_id="663" sentence="31" number="16">tape</token>
<token t_id="664" sentence="31" number="17">.</token>
<token t_id="665" sentence="32" number="0">He</token>
<token t_id="666" sentence="32" number="1">just</token>
<token t_id="667" sentence="32" number="2">made</token>
<token t_id="668" sentence="32" number="3">a</token>
<token t_id="669" sentence="32" number="4">good</token>
<token t_id="670" sentence="32" number="5">play</token>
<token t_id="671" sentence="32" number="6">.</token>
<token t_id="672" sentence="32" number="7">''</token>
<token t_id="673" sentence="33" number="0">Ratliff</token>
<token t_id="674" sentence="33" number="1">,</token>
<token t_id="675" sentence="33" number="2">a</token>
<token t_id="676" sentence="33" number="3">former</token>
<token t_id="677" sentence="33" number="4">Univerasity</token>
<token t_id="678" sentence="33" number="5">of</token>
<token t_id="679" sentence="33" number="6">Florida</token>
<token t_id="680" sentence="33" number="7">standout</token>
<token t_id="681" sentence="33" number="8">,</token>
<token t_id="682" sentence="33" number="9">said</token>
<token t_id="683" sentence="33" number="10">he</token>
<token t_id="684" sentence="33" number="11">did</token>
<token t_id="685" sentence="33" number="12">n't</token>
<token t_id="686" sentence="33" number="13">know</token>
<token t_id="687" sentence="33" number="14">if</token>
<token t_id="688" sentence="33" number="15">Garrard</token>
<token t_id="689" sentence="33" number="16">saw</token>
<token t_id="690" sentence="33" number="17">him</token>
<token t_id="691" sentence="33" number="18">,</token>
<token t_id="692" sentence="33" number="19">but</token>
<token t_id="693" sentence="33" number="20">got</token>
<token t_id="694" sentence="33" number="21">good</token>
<token t_id="695" sentence="33" number="22">blocking</token>
<token t_id="696" sentence="33" number="23">once</token>
<token t_id="697" sentence="33" number="24">he</token>
<token t_id="698" sentence="33" number="25">made</token>
<token t_id="699" sentence="33" number="26">the</token>
<token t_id="700" sentence="33" number="27">interception</token>
<token t_id="701" sentence="33" number="28">and</token>
<token t_id="702" sentence="33" number="29">scored</token>
<token t_id="703" sentence="33" number="30">easily</token>
<token t_id="704" sentence="33" number="31">.</token>
<token t_id="705" sentence="34" number="0">``</token>
<token t_id="706" sentence="34" number="1">I</token>
<token t_id="707" sentence="34" number="2">thought</token>
<token t_id="708" sentence="34" number="3">we</token>
<token t_id="709" sentence="34" number="4">were</token>
<token t_id="710" sentence="34" number="5">going</token>
<token t_id="711" sentence="34" number="6">to</token>
<token t_id="712" sentence="34" number="7">have</token>
<token t_id="713" sentence="34" number="8">a</token>
<token t_id="714" sentence="34" number="9">shot</token>
<token t_id="715" sentence="34" number="10">to</token>
<token t_id="716" sentence="34" number="11">win</token>
<token t_id="717" sentence="34" number="12">the</token>
<token t_id="718" sentence="34" number="13">game</token>
<token t_id="719" sentence="34" number="14">,</token>
<token t_id="720" sentence="34" number="15">but</token>
<token t_id="721" sentence="34" number="16">we</token>
<token t_id="722" sentence="34" number="17">came</token>
<token t_id="723" sentence="34" number="18">up</token>
<token t_id="724" sentence="34" number="19">a</token>
<token t_id="725" sentence="34" number="20">little</token>
<token t_id="726" sentence="34" number="21">short</token>
<token t_id="727" sentence="34" number="22">,</token>
<token t_id="728" sentence="34" number="23">''</token>
<token t_id="729" sentence="34" number="24">Del</token>
<token t_id="730" sentence="34" number="25">Rio</token>
<token t_id="731" sentence="34" number="26">said</token>
<token t_id="732" sentence="34" number="27">.</token>
<token t_id="733" sentence="35" number="0">Del</token>
<token t_id="734" sentence="35" number="1">Rio</token>
<token t_id="735" sentence="35" number="2">added</token>
<token t_id="736" sentence="35" number="3">the</token>
<token t_id="737" sentence="35" number="4">Jaguars</token>
<token t_id="738" sentence="35" number="5">gave</token>
<token t_id="739" sentence="35" number="6">up</token>
<token t_id="740" sentence="35" number="7">too</token>
<token t_id="741" sentence="35" number="8">many</token>
<token t_id="742" sentence="35" number="9">``</token>
<token t_id="743" sentence="35" number="10">gim</token>
<token t_id="744" sentence="35" number="11">me</token>
<token t_id="745" sentence="35" number="12">''</token>
<token t_id="746" sentence="35" number="13">plays</token>
<token t_id="747" sentence="35" number="14">like</token>
<token t_id="748" sentence="35" number="15">Reggie</token>
<token t_id="749" sentence="35" number="16">Wayne</token>
<token t_id="750" sentence="35" number="17">'s</token>
<token t_id="751" sentence="35" number="18">41-yard</token>
<token t_id="752" sentence="35" number="19">touchdown</token>
<token t_id="753" sentence="35" number="20">catch</token>
<token t_id="754" sentence="35" number="21">when</token>
<token t_id="755" sentence="35" number="22">he</token>
<token t_id="756" sentence="35" number="23">was</token>
<token t_id="757" sentence="35" number="24">wide</token>
<token t_id="758" sentence="35" number="25">open</token>
<token t_id="759" sentence="35" number="26">down</token>
<token t_id="760" sentence="35" number="27">the</token>
<token t_id="761" sentence="35" number="28">right</token>
<token t_id="762" sentence="35" number="29">sideline</token>
<token t_id="763" sentence="35" number="30">in</token>
<token t_id="764" sentence="35" number="31">the</token>
<token t_id="765" sentence="35" number="32">first</token>
<token t_id="766" sentence="35" number="33">half</token>
<token t_id="767" sentence="35" number="34">.</token>
<token t_id="768" sentence="36" number="0">``</token>
<token t_id="769" sentence="36" number="1">That</token>
<token t_id="770" sentence="36" number="2">'s</token>
<token t_id="771" sentence="36" number="3">one</token>
<token t_id="772" sentence="36" number="4">area</token>
<token t_id="773" sentence="36" number="5">we</token>
<token t_id="774" sentence="36" number="6">'ve</token>
<token t_id="775" sentence="36" number="7">come</token>
<token t_id="776" sentence="36" number="8">up</token>
<token t_id="777" sentence="36" number="9">short</token>
<token t_id="778" sentence="36" number="10">all</token>
<token t_id="779" sentence="36" number="11">year</token>
<token t_id="780" sentence="36" number="12">on</token>
<token t_id="781" sentence="36" number="13">,</token>
<token t_id="782" sentence="36" number="14">''</token>
<token t_id="783" sentence="36" number="15">Del</token>
<token t_id="784" sentence="36" number="16">Rio</token>
<token t_id="785" sentence="36" number="17">said</token>
<token t_id="786" sentence="36" number="18">.</token>
<token t_id="787" sentence="37" number="0">``</token>
<token t_id="788" sentence="37" number="1">We</token>
<token t_id="789" sentence="37" number="2">had</token>
<token t_id="790" sentence="37" number="3">too</token>
<token t_id="791" sentence="37" number="4">many</token>
<token t_id="792" sentence="37" number="5">gimmes</token>
<token t_id="793" sentence="37" number="6">mixed</token>
<token t_id="794" sentence="37" number="7">in</token>
<token t_id="795" sentence="37" number="8">there</token>
<token t_id="796" sentence="37" number="9">.</token>
<token t_id="797" sentence="38" number="0">That</token>
<token t_id="798" sentence="38" number="1">'s</token>
<token t_id="799" sentence="38" number="2">kind</token>
<token t_id="800" sentence="38" number="3">of</token>
<token t_id="801" sentence="38" number="4">plagued</token>
<token t_id="802" sentence="38" number="5">us</token>
<token t_id="803" sentence="38" number="6">all</token>
<token t_id="804" sentence="38" number="7">year</token>
<token t_id="805" sentence="38" number="8">.</token>
<token t_id="806" sentence="38" number="9">''</token>
<token t_id="807" sentence="39" number="0">The</token>
<token t_id="808" sentence="39" number="1">Jaguars</token>
<token t_id="809" sentence="39" number="2">scored</token>
<token t_id="810" sentence="39" number="3">touchdowns</token>
<token t_id="811" sentence="39" number="4">on</token>
<token t_id="812" sentence="39" number="5">their</token>
<token t_id="813" sentence="39" number="6">first</token>
<token t_id="814" sentence="39" number="7">two</token>
<token t_id="815" sentence="39" number="8">drives</token>
<token t_id="816" sentence="39" number="9">and</token>
<token t_id="817" sentence="39" number="10">then</token>
<token t_id="818" sentence="39" number="11">tacked</token>
<token t_id="819" sentence="39" number="12">on</token>
<token t_id="820" sentence="39" number="13">a</token>
<token t_id="821" sentence="39" number="14">Josh</token>
<token t_id="822" sentence="39" number="15">Scobee</token>
<token t_id="823" sentence="39" number="16">field</token>
<token t_id="824" sentence="39" number="17">goal</token>
<token t_id="825" sentence="39" number="18">with</token>
<token t_id="826" sentence="39" number="19">one</token>
<token t_id="827" sentence="39" number="20">second</token>
<token t_id="828" sentence="39" number="21">left</token>
<token t_id="829" sentence="39" number="22">in</token>
<token t_id="830" sentence="39" number="23">the</token>
<token t_id="831" sentence="39" number="24">first</token>
<token t_id="832" sentence="39" number="25">half</token>
<token t_id="833" sentence="39" number="26">for</token>
<token t_id="834" sentence="39" number="27">a</token>
<token t_id="835" sentence="39" number="28">17-7</token>
<token t_id="836" sentence="39" number="29">lead</token>
<token t_id="837" sentence="39" number="30">at</token>
<token t_id="838" sentence="39" number="31">halftime</token>
<token t_id="839" sentence="39" number="32">.</token>
<token t_id="840" sentence="40" number="0">Dennis</token>
<token t_id="841" sentence="40" number="1">Northcutt</token>
<token t_id="842" sentence="40" number="2">,</token>
<token t_id="843" sentence="40" number="3">who</token>
<token t_id="844" sentence="40" number="4">caught</token>
<token t_id="845" sentence="40" number="5">five</token>
<token t_id="846" sentence="40" number="6">passes</token>
<token t_id="847" sentence="40" number="7">for</token>
<token t_id="848" sentence="40" number="8">127</token>
<token t_id="849" sentence="40" number="9">yards</token>
<token t_id="850" sentence="40" number="10">against</token>
<token t_id="851" sentence="40" number="11">the</token>
<token t_id="852" sentence="40" number="12">Packers</token>
<token t_id="853" sentence="40" number="13">last</token>
<token t_id="854" sentence="40" number="14">week</token>
<token t_id="855" sentence="40" number="15">in</token>
<token t_id="856" sentence="40" number="16">his</token>
<token t_id="857" sentence="40" number="17">first</token>
<token t_id="858" sentence="40" number="18">start</token>
<token t_id="859" sentence="40" number="19">of</token>
<token t_id="860" sentence="40" number="20">the</token>
<token t_id="861" sentence="40" number="21">season</token>
<token t_id="862" sentence="40" number="22">,</token>
<token t_id="863" sentence="40" number="23">continued</token>
<token t_id="864" sentence="40" number="24">to</token>
<token t_id="865" sentence="40" number="25">make</token>
<token t_id="866" sentence="40" number="26">a</token>
<token t_id="867" sentence="40" number="27">big</token>
<token t_id="868" sentence="40" number="28">difference</token>
<token t_id="869" sentence="40" number="29">in</token>
<token t_id="870" sentence="40" number="30">the</token>
<token t_id="871" sentence="40" number="31">passing</token>
<token t_id="872" sentence="40" number="32">game</token>
<token t_id="873" sentence="40" number="33">.</token>
<token t_id="874" sentence="41" number="0">He</token>
<token t_id="875" sentence="41" number="1">caught</token>
<token t_id="876" sentence="41" number="2">five</token>
<token t_id="877" sentence="41" number="3">passes</token>
<token t_id="878" sentence="41" number="4">for</token>
<token t_id="879" sentence="41" number="5">68</token>
<token t_id="880" sentence="41" number="6">yards</token>
<token t_id="881" sentence="41" number="7">in</token>
<token t_id="882" sentence="41" number="8">the</token>
<token t_id="883" sentence="41" number="9">first</token>
<token t_id="884" sentence="41" number="10">half</token>
<token t_id="885" sentence="41" number="11">.</token>
<token t_id="886" sentence="42" number="0">He</token>
<token t_id="887" sentence="42" number="1">wound</token>
<token t_id="888" sentence="42" number="2">up</token>
<token t_id="889" sentence="42" number="3">with</token>
<token t_id="890" sentence="42" number="4">eight</token>
<token t_id="891" sentence="42" number="5">catches</token>
<token t_id="892" sentence="42" number="6">for</token>
<token t_id="893" sentence="42" number="7">101</token>
<token t_id="894" sentence="42" number="8">yards.</token>
<token t_id="895" sentence="42" number="9">Ratliff</token>
<token t_id="896" sentence="42" number="10">said</token>
<token t_id="897" sentence="42" number="11">he</token>
<token t_id="898" sentence="42" number="12">was</token>
<token t_id="899" sentence="42" number="13">surprised</token>
<token t_id="900" sentence="42" number="14">the</token>
<token t_id="901" sentence="42" number="15">Jaguars</token>
<token t_id="902" sentence="42" number="16">did</token>
<token t_id="903" sentence="42" number="17">n't</token>
<token t_id="904" sentence="42" number="18">throw</token>
<token t_id="905" sentence="42" number="19">to</token>
<token t_id="906" sentence="42" number="20">Northcutt</token>
<token t_id="907" sentence="42" number="21">more</token>
<token t_id="908" sentence="42" number="22">.</token>
<token t_id="909" sentence="43" number="0">The</token>
<token t_id="910" sentence="43" number="1">Jaguars</token>
<token t_id="911" sentence="43" number="2">got</token>
<token t_id="912" sentence="43" number="3">an</token>
<token t_id="913" sentence="43" number="4">emotional</token>
<token t_id="914" sentence="43" number="5">lift</token>
<token t_id="915" sentence="43" number="6">when</token>
<token t_id="916" sentence="43" number="7">offensive</token>
<token t_id="917" sentence="43" number="8">lineman</token>
<token t_id="918" sentence="43" number="9">Richard</token>
<token t_id="919" sentence="43" number="10">Collier</token>
<token t_id="920" sentence="43" number="11">,</token>
<token t_id="921" sentence="43" number="12">whose</token>
<token t_id="922" sentence="43" number="13">career</token>
<token t_id="923" sentence="43" number="14">ended</token>
<token t_id="924" sentence="43" number="15">when</token>
<token t_id="925" sentence="43" number="16">he</token>
<token t_id="926" sentence="43" number="17">was</token>
<token t_id="927" sentence="43" number="18">shot</token>
<token t_id="928" sentence="43" number="19">in</token>
<token t_id="929" sentence="43" number="20">September</token>
<token t_id="930" sentence="43" number="21">,</token>
<token t_id="931" sentence="43" number="22">visited</token>
<token t_id="932" sentence="43" number="23">the</token>
<token t_id="933" sentence="43" number="24">team</token>
<token t_id="934" sentence="43" number="25">Wednesday</token>
<token t_id="935" sentence="43" number="26">night</token>
<token t_id="936" sentence="43" number="27">and</token>
<token t_id="937" sentence="43" number="28">came</token>
<token t_id="938" sentence="43" number="29">out</token>
<token t_id="939" sentence="43" number="30">for</token>
<token t_id="940" sentence="43" number="31">the</token>
<token t_id="941" sentence="43" number="32">coin</token>
<token t_id="942" sentence="43" number="33">toss</token>
<token t_id="943" sentence="43" number="34">at</token>
<token t_id="944" sentence="43" number="35">the</token>
<token t_id="945" sentence="43" number="36">start</token>
<token t_id="946" sentence="43" number="37">of</token>
<token t_id="947" sentence="43" number="38">the</token>
<token t_id="948" sentence="43" number="39">game</token>
<token t_id="949" sentence="43" number="40">.</token>
<token t_id="950" sentence="44" number="0">Linebacker</token>
<token t_id="951" sentence="44" number="1">Mike</token>
<token t_id="952" sentence="44" number="2">Peterson</token>
<token t_id="953" sentence="44" number="3">,</token>
<token t_id="954" sentence="44" number="4">probably</token>
<token t_id="955" sentence="44" number="5">playing</token>
<token t_id="956" sentence="44" number="6">his</token>
<token t_id="957" sentence="44" number="7">final</token>
<token t_id="958" sentence="44" number="8">game</token>
<token t_id="959" sentence="44" number="9">at</token>
<token t_id="960" sentence="44" number="10">Municipal</token>
<token t_id="961" sentence="44" number="11">Stadium</token>
<token t_id="962" sentence="44" number="12">,</token>
<token t_id="963" sentence="44" number="13">said</token>
<token t_id="964" sentence="44" number="14">he</token>
<token t_id="965" sentence="44" number="15">had</token>
<token t_id="966" sentence="44" number="16">to</token>
<token t_id="967" sentence="44" number="17">fight</token>
<token t_id="968" sentence="44" number="18">back</token>
<token t_id="969" sentence="44" number="19">the</token>
<token t_id="970" sentence="44" number="20">tears</token>
<token t_id="971" sentence="44" number="21">after</token>
<token t_id="972" sentence="44" number="22">seeing</token>
<token t_id="973" sentence="44" number="23">Collier</token>
<token t_id="974" sentence="44" number="24">.</token>
<Markables>
<ACTION_GENERIC m_id="21"  >
  <token_anchor t_id="40"/>
</ACTION_GENERIC>
<ACTION_OCCURRENCE m_id="22"  >
  <token_anchor t_id="45"/>
</ACTION_OCCURRENCE>
<ACTION_OCCURRENCE m_id="13"  >
  <token_anchor t_id="1"/>
</ACTION_OCCURRENCE>
<ACTION_OCCURRENCE m_id="14"  >
  <token_anchor t_id="7"/>
</ACTION_OCCURRENCE>
<ACTION_OCCURRENCE m_id="15"  >
  <token_anchor t_id="47"/>
</ACTION_OCCURRENCE>
<ACTION_OCCURRENCE m_id="16"  >
  <token_anchor t_id="36"/>
</ACTION_OCCURRENCE>
<ACTION_OCCURRENCE m_id="17"  >
  <token_anchor t_id="2"/>
  <token_anchor t_id="3"/>
</ACTION_OCCURRENCE>
<HUMAN_PART_ORG m_id="20"  >
  <token_anchor t_id="9"/>
</HUMAN_PART_ORG>
<HUMAN_PART_ORG m_id="12"  >
  <token_anchor t_id="6"/>
</HUMAN_PART_ORG>
<HUMAN_PART_ORG m_id="19"  >
  <token_anchor t_id="50"/>
  <token_anchor t_id="51"/>
</HUMAN_PART_ORG>
<NON_HUMAN_PART m_id="23"  >
  <token_anchor t_id="46"/>
</NON_HUMAN_PART>
<TIME_OF_THE_DAY m_id="18"  >
  <token_anchor t_id="41"/>
  <token_anchor t_id="42"/>
</TIME_OF_THE_DAY>




<HUMAN_PART_ORG m_id="29" RELATED_TO="" TAG_DESCRIPTOR="t29_colts" instance_id="HUM18524150423965861" />
<ACTION_OCCURRENCE m_id="28" RELATED_TO="" TAG_DESCRIPTOR="t29b_victory" instance_id="ACT17035017539946132" />
<ACTION_OCCURRENCE m_id="27" RELATED_TO="" TAG_DESCRIPTOR="t29b_game" instance_id="ACT16977111129862912" />
<TIME_OF_THE_DAY m_id="26" RELATED_TO="" TAG_DESCRIPTOR="t29b_thurs_night" instance_id="TIM17035400198513467" />
<HUMAN_PART_ORG m_id="25" RELATED_TO="" TAG_DESCRIPTOR="t29b_jaguars" instance_id="HUM18263735780022045" />
<NON_HUMAN_PART m_id="24" RELATED_TO="" TAG_DESCRIPTOR="t29b_31_24" instance_id="NON17035421701153856" />
<UNKNOWN_INSTANCE_TAG m_id="3" RELATED_TO="" TAG_DESCRIPTOR="" />
</Markables>

<Relations>
<INTRA_DOC_COREF r_id="37314" >
<source m_id="16" />
<source m_id="17" />
<target m_id="3" />
</INTRA_DOC_COREF>
<CROSS_DOC_COREF r_id="37318" note="NON17035421701153856" >
  <source m_id="23" />
  <target m_id="24" />
</CROSS_DOC_COREF>
<CROSS_DOC_COREF r_id="37319" note="HUM18263735780022045" >
  <source m_id="12" />
  <target m_id="25" />
</CROSS_DOC_COREF>
<CROSS_DOC_COREF r_id="37320" note="TIM17035400198513467" >
  <source m_id="18" />
  <target m_id="26" />
</CROSS_DOC_COREF>
<CROSS_DOC_COREF r_id="37321" note="ACT16977111129862912" >
  <source m_id="13" />
  <target m_id="27" />
</CROSS_DOC_COREF>
<CROSS_DOC_COREF r_id="37322" note="ACT17035017539946132" >
  <source m_id="14" />
  <source m_id="15" />
  <target m_id="28" />
</CROSS_DOC_COREF>
<CROSS_DOC_COREF r_id="37323" note="HUM18524150423965861" >
  <source m_id="19" />
  <source m_id="20" />
  <target m_id="29" />
</CROSS_DOC_COREF>

</Relations>
</Document>
