<Document doc_name="29_9ecb.xml" doc_id="DOC15654998040216226">
<token t_id="1" sentence="0" number="0">Manning</token>
<token t_id="2" sentence="0" number="1">guides</token>
<token t_id="3" sentence="0" number="2">Indianapolis</token>
<token t_id="4" sentence="0" number="3">to</token>
<token t_id="5" sentence="0" number="4">eighth</token>
<token t_id="6" sentence="0" number="5">straight</token>
<token t_id="7" sentence="0" number="6">win</token>
<token t_id="8" sentence="1" number="0">Peyton</token>
<token t_id="9" sentence="1" number="1">Manning</token>
<token t_id="10" sentence="1" number="2">helped</token>
<token t_id="11" sentence="1" number="3">inspire</token>
<token t_id="12" sentence="1" number="4">the</token>
<token t_id="13" sentence="1" number="5">Indianapolis</token>
<token t_id="14" sentence="1" number="6">Colts</token>
<token t_id="15" sentence="1" number="7">to</token>
<token t_id="16" sentence="1" number="8">their</token>
<token t_id="17" sentence="1" number="9">eighth</token>
<token t_id="18" sentence="1" number="10">straight</token>
<token t_id="19" sentence="1" number="11">win</token>
<token t_id="20" sentence="1" number="12">of</token>
<token t_id="21" sentence="1" number="13">the</token>
<token t_id="22" sentence="1" number="14">season</token>
<token t_id="23" sentence="1" number="15">as</token>
<token t_id="24" sentence="1" number="16">they</token>
<token t_id="25" sentence="1" number="17">overcame</token>
<token t_id="26" sentence="1" number="18">Jacksonville</token>
<token t_id="27" sentence="1" number="19">31-24</token>
<token t_id="28" sentence="1" number="20">on</token>
<token t_id="29" sentence="1" number="21">Thursday</token>
<token t_id="30" sentence="1" number="22">to</token>
<token t_id="31" sentence="1" number="23">reach</token>
<token t_id="32" sentence="1" number="24">the</token>
<token t_id="33" sentence="1" number="25">play-offs</token>
<token t_id="34" sentence="1" number="26">.</token>
<token t_id="35" sentence="2" number="0">Manning</token>
<token t_id="36" sentence="2" number="1">finished</token>
<token t_id="37" sentence="2" number="2">with</token>
<token t_id="38" sentence="2" number="3">29-of-34</token>
<token t_id="39" sentence="2" number="4">after</token>
<token t_id="40" sentence="2" number="5">completing</token>
<token t_id="41" sentence="2" number="6">his</token>
<token t_id="42" sentence="2" number="7">first</token>
<token t_id="43" sentence="2" number="8">17</token>
<token t_id="44" sentence="2" number="9">passes</token>
<token t_id="45" sentence="2" number="10">and</token>
<token t_id="46" sentence="2" number="11">threw</token>
<token t_id="47" sentence="2" number="12">for</token>
<token t_id="48" sentence="2" number="13">364</token>
<token t_id="49" sentence="2" number="14">yards</token>
<token t_id="50" sentence="2" number="15">,</token>
<token t_id="51" sentence="2" number="16">including</token>
<token t_id="52" sentence="2" number="17">three</token>
<token t_id="53" sentence="2" number="18">touchdowns</token>
<token t_id="54" sentence="2" number="19">.</token>
<token t_id="55" sentence="3" number="0">And</token>
<token t_id="56" sentence="3" number="1">Manning</token>
<token t_id="57" sentence="3" number="2">was</token>
<token t_id="58" sentence="3" number="3">full</token>
<token t_id="59" sentence="3" number="4">of</token>
<token t_id="60" sentence="3" number="5">praise</token>
<token t_id="61" sentence="3" number="6">of</token>
<token t_id="62" sentence="3" number="7">the</token>
<token t_id="63" sentence="3" number="8">side</token>
<token t_id="64" sentence="3" number="9">after</token>
<token t_id="65" sentence="3" number="10">they</token>
<token t_id="66" sentence="3" number="11">fought</token>
<token t_id="67" sentence="3" number="12">back</token>
<token t_id="68" sentence="3" number="13">from</token>
<token t_id="69" sentence="3" number="14">14-0</token>
<token t_id="70" sentence="3" number="15">and</token>
<token t_id="71" sentence="3" number="16">24-14</token>
<token t_id="72" sentence="3" number="17">down</token>
<token t_id="73" sentence="3" number="18">to</token>
<token t_id="74" sentence="3" number="19">clinch</token>
<token t_id="75" sentence="3" number="20">a</token>
<token t_id="76" sentence="3" number="21">place</token>
<token t_id="77" sentence="3" number="22">in</token>
<token t_id="78" sentence="3" number="23">the</token>
<token t_id="79" sentence="3" number="24">play-offs</token>
<token t_id="80" sentence="3" number="25">as</token>
<token t_id="81" sentence="3" number="26">the</token>
<token t_id="82" sentence="3" number="27">fifth</token>
<token t_id="83" sentence="3" number="28">seeds</token>
<token t_id="84" sentence="3" number="29">in</token>
<token t_id="85" sentence="3" number="30">the</token>
<token t_id="86" sentence="3" number="31">AFC</token>
<token t_id="87" sentence="3" number="32">.</token>
<token t_id="88" sentence="4" number="0">``</token>
<token t_id="89" sentence="4" number="1">It</token>
<token t_id="90" sentence="4" number="2">was</token>
<token t_id="91" sentence="4" number="3">a</token>
<token t_id="92" sentence="4" number="4">funny</token>
<token t_id="93" sentence="4" number="5">game</token>
<token t_id="94" sentence="4" number="6">,</token>
<token t_id="95" sentence="4" number="7">we</token>
<token t_id="96" sentence="4" number="8">were</token>
<token t_id="97" sentence="4" number="9">completing</token>
<token t_id="98" sentence="4" number="10">some</token>
<token t_id="99" sentence="4" number="11">passes</token>
<token t_id="100" sentence="4" number="12">but</token>
<token t_id="101" sentence="4" number="13">we</token>
<token t_id="102" sentence="4" number="14">were</token>
<token t_id="103" sentence="4" number="15">down</token>
<token t_id="104" sentence="4" number="16">14-0</token>
<token t_id="105" sentence="4" number="17">,</token>
<token t_id="106" sentence="4" number="18">''</token>
<token t_id="107" sentence="4" number="19">Manning</token>
<token t_id="108" sentence="4" number="20">said</token>
<token t_id="109" sentence="4" number="21">.</token>
<token t_id="110" sentence="5" number="0">``</token>
<token t_id="111" sentence="5" number="1">The</token>
<token t_id="112" sentence="5" number="2">crowd</token>
<token t_id="113" sentence="5" number="3">were</token>
<token t_id="114" sentence="5" number="4">into</token>
<token t_id="115" sentence="5" number="5">it</token>
<token t_id="116" sentence="5" number="6">and</token>
<token t_id="117" sentence="5" number="7">Jacksonville</token>
<token t_id="118" sentence="5" number="8">is</token>
<token t_id="119" sentence="5" number="9">always</token>
<token t_id="120" sentence="5" number="10">tough</token>
<token t_id="121" sentence="5" number="11">here</token>
<token t_id="122" sentence="5" number="12">at</token>
<token t_id="123" sentence="5" number="13">home</token>
<token t_id="124" sentence="5" number="14">.</token>
<token t_id="125" sentence="6" number="0">``</token>
<token t_id="126" sentence="6" number="1">It</token>
<token t_id="127" sentence="6" number="2">'s</token>
<token t_id="128" sentence="6" number="3">been</token>
<token t_id="129" sentence="6" number="4">a</token>
<token t_id="130" sentence="6" number="5">very</token>
<token t_id="131" sentence="6" number="6">different</token>
<token t_id="132" sentence="6" number="7">season</token>
<token t_id="133" sentence="6" number="8">.</token>
<token t_id="134" sentence="7" number="0">For</token>
<token t_id="135" sentence="7" number="1">us</token>
<token t_id="136" sentence="7" number="2">to</token>
<token t_id="137" sentence="7" number="3">win</token>
<token t_id="138" sentence="7" number="4">eight</token>
<token t_id="139" sentence="7" number="5">in</token>
<token t_id="140" sentence="7" number="6">a</token>
<token t_id="141" sentence="7" number="7">row</token>
<token t_id="142" sentence="7" number="8">,</token>
<token t_id="143" sentence="7" number="9">it</token>
<token t_id="144" sentence="7" number="10">was</token>
<token t_id="145" sentence="7" number="11">what</token>
<token t_id="146" sentence="7" number="12">we</token>
<token t_id="147" sentence="7" number="13">had</token>
<token t_id="148" sentence="7" number="14">to</token>
<token t_id="149" sentence="7" number="15">do</token>
<token t_id="150" sentence="7" number="16">,</token>
<token t_id="151" sentence="7" number="17">we</token>
<token t_id="152" sentence="7" number="18">had</token>
<token t_id="153" sentence="7" number="19">no</token>
<token t_id="154" sentence="7" number="20">choice</token>
<token t_id="155" sentence="7" number="21">but</token>
<token t_id="156" sentence="7" number="22">to</token>
<token t_id="157" sentence="7" number="23">do</token>
<token t_id="158" sentence="7" number="24">that</token>
<token t_id="159" sentence="7" number="25">and</token>
<token t_id="160" sentence="7" number="26">have</token>
<token t_id="161" sentence="7" number="27">a</token>
<token t_id="162" sentence="7" number="28">chance</token>
<token t_id="163" sentence="7" number="29">to</token>
<token t_id="164" sentence="7" number="30">get</token>
<token t_id="165" sentence="7" number="31">into</token>
<token t_id="166" sentence="7" number="32">the</token>
<token t_id="167" sentence="7" number="33">play-offs</token>
<token t_id="168" sentence="7" number="34">.</token>
<token t_id="169" sentence="8" number="0">``</token>
<token t_id="170" sentence="8" number="1">You</token>
<token t_id="171" sentence="8" number="2">never</token>
<token t_id="172" sentence="8" number="3">take</token>
<token t_id="173" sentence="8" number="4">winning</token>
<token t_id="174" sentence="8" number="5">for</token>
<token t_id="175" sentence="8" number="6">granted</token>
<token t_id="176" sentence="8" number="7">.</token>
<token t_id="177" sentence="9" number="0">It</token>
<token t_id="178" sentence="9" number="1">'s</token>
<token t_id="179" sentence="9" number="2">hard</token>
<token t_id="180" sentence="9" number="3">to</token>
<token t_id="181" sentence="9" number="4">win</token>
<token t_id="182" sentence="9" number="5">one</token>
<token t_id="183" sentence="9" number="6">game</token>
<token t_id="184" sentence="9" number="7">and</token>
<token t_id="185" sentence="9" number="8">it</token>
<token t_id="186" sentence="9" number="9">'s</token>
<token t_id="187" sentence="9" number="10">extremely</token>
<token t_id="188" sentence="9" number="11">hard</token>
<token t_id="189" sentence="9" number="12">to</token>
<token t_id="190" sentence="9" number="13">win</token>
<token t_id="191" sentence="9" number="14">eight</token>
<token t_id="192" sentence="9" number="15">in</token>
<token t_id="193" sentence="9" number="16">a</token>
<token t_id="194" sentence="9" number="17">row</token>
<token t_id="195" sentence="9" number="18">like</token>
<token t_id="196" sentence="9" number="19">we</token>
<token t_id="197" sentence="9" number="20">did</token>
<token t_id="198" sentence="9" number="21">.</token>
<token t_id="199" sentence="9" number="22">''</token>
<token t_id="200" sentence="10" number="0">The</token>
<token t_id="201" sentence="10" number="1">Colts</token>
<token t_id="202" sentence="10" number="2">had</token>
<token t_id="203" sentence="10" number="3">looked</token>
<token t_id="204" sentence="10" number="4">like</token>
<token t_id="205" sentence="10" number="5">they</token>
<token t_id="206" sentence="10" number="6">would</token>
<token t_id="207" sentence="10" number="7">suffer</token>
<token t_id="208" sentence="10" number="8">their</token>
<token t_id="209" sentence="10" number="9">first</token>
<token t_id="210" sentence="10" number="10">defeat</token>
<token t_id="211" sentence="10" number="11">in</token>
<token t_id="212" sentence="10" number="12">eight</token>
<token t_id="213" sentence="10" number="13">games</token>
<token t_id="214" sentence="10" number="14">as</token>
<token t_id="215" sentence="10" number="15">they</token>
<token t_id="216" sentence="10" number="16">entered</token>
<token t_id="217" sentence="10" number="17">the</token>
<token t_id="218" sentence="10" number="18">final</token>
<token t_id="219" sentence="10" number="19">quarter</token>
<token t_id="220" sentence="10" number="20">10</token>
<token t_id="221" sentence="10" number="21">points</token>
<token t_id="222" sentence="10" number="22">down</token>
<token t_id="223" sentence="10" number="23">.</token>
<token t_id="224" sentence="11" number="0">However</token>
<token t_id="225" sentence="11" number="1">Manning</token>
<token t_id="226" sentence="11" number="2">'s</token>
<token t_id="227" sentence="11" number="3">one-yard</token>
<token t_id="228" sentence="11" number="4">touchdown</token>
<token t_id="229" sentence="11" number="5">pass</token>
<token t_id="230" sentence="11" number="6">to</token>
<token t_id="231" sentence="11" number="7">tight</token>
<token t_id="232" sentence="11" number="8">end</token>
<token t_id="233" sentence="11" number="9">Dallas</token>
<token t_id="234" sentence="11" number="10">Clark</token>
<token t_id="235" sentence="11" number="11">and</token>
<token t_id="236" sentence="11" number="12">Adam</token>
<token t_id="237" sentence="11" number="13">Vinatieri</token>
<token t_id="238" sentence="11" number="14">'s</token>
<token t_id="239" sentence="11" number="15">45-yard</token>
<token t_id="240" sentence="11" number="16">field</token>
<token t_id="241" sentence="11" number="17">goal</token>
<token t_id="242" sentence="11" number="18">tied</token>
<token t_id="243" sentence="11" number="19">the</token>
<token t_id="244" sentence="11" number="20">scores</token>
<token t_id="245" sentence="11" number="21">.</token>
<token t_id="246" sentence="12" number="0">And</token>
<token t_id="247" sentence="12" number="1">with</token>
<token t_id="248" sentence="12" number="2">just</token>
<token t_id="249" sentence="12" number="3">under</token>
<token t_id="250" sentence="12" number="4">five</token>
<token t_id="251" sentence="12" number="5">minutes</token>
<token t_id="252" sentence="12" number="6">remaining</token>
<token t_id="253" sentence="12" number="7">,</token>
<token t_id="254" sentence="12" number="8">Keiwan</token>
<token t_id="255" sentence="12" number="9">Ratliff</token>
<token t_id="256" sentence="12" number="10">intercepted</token>
<token t_id="257" sentence="12" number="11">quarterback</token>
<token t_id="258" sentence="12" number="12">David</token>
<token t_id="259" sentence="12" number="13">Garrard</token>
<token t_id="260" sentence="12" number="14">'s</token>
<token t_id="261" sentence="12" number="15">pass</token>
<token t_id="262" sentence="12" number="16">and</token>
<token t_id="263" sentence="12" number="17">raced</token>
<token t_id="264" sentence="12" number="18">in</token>
<token t_id="265" sentence="12" number="19">from</token>
<token t_id="266" sentence="12" number="20">35</token>
<token t_id="267" sentence="12" number="21">yards</token>
<token t_id="268" sentence="12" number="22">out</token>
<token t_id="269" sentence="12" number="23">for</token>
<token t_id="270" sentence="12" number="24">the</token>
<token t_id="271" sentence="12" number="25">match-clinching</token>
<token t_id="272" sentence="12" number="26">touchdown</token>
<token t_id="273" sentence="12" number="27">.</token>
<token t_id="274" sentence="13" number="0">Garrard</token>
<token t_id="275" sentence="13" number="1">,</token>
<token t_id="276" sentence="13" number="2">who</token>
<token t_id="277" sentence="13" number="3">rushed</token>
<token t_id="278" sentence="13" number="4">for</token>
<token t_id="279" sentence="13" number="5">a</token>
<token t_id="280" sentence="13" number="6">score</token>
<token t_id="281" sentence="13" number="7">,</token>
<token t_id="282" sentence="13" number="8">finished</token>
<token t_id="283" sentence="13" number="9">with</token>
<token t_id="284" sentence="13" number="10">28-of-41</token>
<token t_id="285" sentence="13" number="11">for</token>
<token t_id="286" sentence="13" number="12">329</token>
<token t_id="287" sentence="13" number="13">yards</token>
<token t_id="288" sentence="13" number="14">with</token>
<token t_id="289" sentence="13" number="15">one</token>
<token t_id="290" sentence="13" number="16">touchdown</token>
<token t_id="291" sentence="13" number="17">and</token>
<token t_id="292" sentence="13" number="18">one</token>
<token t_id="293" sentence="13" number="19">interception</token>
<token t_id="294" sentence="13" number="20">for</token>
<token t_id="295" sentence="13" number="21">Jacksonville</token>
<token t_id="296" sentence="13" number="22">.</token>
<token t_id="297" sentence="14" number="0">And</token>
<token t_id="298" sentence="14" number="1">Colts</token>
<token t_id="299" sentence="14" number="2">coach</token>
<token t_id="300" sentence="14" number="3">Tony</token>
<token t_id="301" sentence="14" number="4">Dungy</token>
<token t_id="302" sentence="14" number="5">added</token>
<token t_id="303" sentence="14" number="6">:</token>
<token t_id="304" sentence="14" number="7">``</token>
<token t_id="305" sentence="14" number="8">It</token>
<token t_id="306" sentence="14" number="9">'s</token>
<token t_id="307" sentence="14" number="10">been</token>
<token t_id="308" sentence="14" number="11">a</token>
<token t_id="309" sentence="14" number="12">long</token>
<token t_id="310" sentence="14" number="13">fight</token>
<token t_id="311" sentence="14" number="14">back</token>
<token t_id="312" sentence="14" number="15">from</token>
<token t_id="313" sentence="14" number="16">(</token>
<token t_id="314" sentence="14" number="17">starting</token>
<token t_id="315" sentence="14" number="18">the</token>
<token t_id="316" sentence="14" number="19">year</token>
<token t_id="317" sentence="14" number="20">)</token>
<token t_id="318" sentence="14" number="21">3-4</token>
<token t_id="319" sentence="14" number="22">.</token>
<token t_id="320" sentence="15" number="0">``</token>
<token t_id="321" sentence="15" number="1">I</token>
<token t_id="322" sentence="15" number="2">like</token>
<token t_id="323" sentence="15" number="3">where</token>
<token t_id="324" sentence="15" number="4">we</token>
<token t_id="325" sentence="15" number="5">are</token>
<token t_id="326" sentence="15" number="6">right</token>
<token t_id="327" sentence="15" number="7">now</token>
<token t_id="328" sentence="15" number="8">.</token>
<token t_id="329" sentence="16" number="0">Peyton</token>
<token t_id="330" sentence="16" number="1">Manning</token>
<token t_id="331" sentence="16" number="2">was</token>
<token t_id="332" sentence="16" number="3">unbelievable</token>
<token t_id="333" sentence="16" number="4">,</token>
<token t_id="334" sentence="16" number="5">and</token>
<token t_id="335" sentence="16" number="6">our</token>
<token t_id="336" sentence="16" number="7">defense</token>
<token t_id="337" sentence="16" number="8">made</token>
<token t_id="338" sentence="16" number="9">some</token>
<token t_id="339" sentence="16" number="10">plays</token>
<token t_id="340" sentence="16" number="11">in</token>
<token t_id="341" sentence="16" number="12">the</token>
<token t_id="342" sentence="16" number="13">fourth</token>
<token t_id="343" sentence="16" number="14">quarter</token>
<token t_id="344" sentence="16" number="15">when</token>
<token t_id="345" sentence="16" number="16">they</token>
<token t_id="346" sentence="16" number="17">had</token>
<token t_id="347" sentence="16" number="18">to</token>
<token t_id="348" sentence="16" number="19">.</token>
<token t_id="349" sentence="16" number="20">''</token>
<Markables>
<ACTION_OCCURRENCE m_id="24"  >
  <token_anchor t_id="10"/>
</ACTION_OCCURRENCE>
<ACTION_OCCURRENCE m_id="25"  >
  <token_anchor t_id="31"/>
</ACTION_OCCURRENCE>
<ACTION_OCCURRENCE m_id="26"  >
  <token_anchor t_id="19"/>
</ACTION_OCCURRENCE>
<ACTION_OCCURRENCE m_id="15"  >
  <token_anchor t_id="11"/>
</ACTION_OCCURRENCE>
<ACTION_OCCURRENCE m_id="17"  >
  <token_anchor t_id="33"/>
</ACTION_OCCURRENCE>
<ACTION_OCCURRENCE m_id="22"  >
  <token_anchor t_id="25"/>
</ACTION_OCCURRENCE>
<HUMAN_PART_ORG m_id="16"  >
  <token_anchor t_id="13"/>
  <token_anchor t_id="14"/>
</HUMAN_PART_ORG>
<HUMAN_PART_ORG m_id="18"  >
  <token_anchor t_id="24"/>
</HUMAN_PART_ORG>
<HUMAN_PART_ORG m_id="19"  >
  <token_anchor t_id="16"/>
</HUMAN_PART_ORG>
<HUMAN_PART_PER m_id="20"  >
  <token_anchor t_id="8"/>
  <token_anchor t_id="9"/>
</HUMAN_PART_PER>
<NON_HUMAN_PART m_id="28"  >
  <token_anchor t_id="27"/>
</NON_HUMAN_PART>
<TIME_DURATION m_id="23"  >
  <token_anchor t_id="20"/>
  <token_anchor t_id="21"/>
  <token_anchor t_id="22"/>
</TIME_DURATION>
<TIME_REPETITION m_id="27"  >
  <token_anchor t_id="17"/>
</TIME_REPETITION>


<TIME_OF_THE_DAY m_id="30" note="byCROMER" >
  <token_anchor t_id="28"/>
  <token_anchor t_id="29"/>
</TIME_OF_THE_DAY>
<HUMAN_PART_ORG m_id="31" note="byCROMER" >
  <token_anchor t_id="26"/>
</HUMAN_PART_ORG>


<HUMAN_PART_ORG m_id="38" RELATED_TO="" TAG_DESCRIPTOR="t29_colts" instance_id="HUM18524150423965861" />
<ACTION_OCCURRENCE m_id="37" RELATED_TO="" TAG_DESCRIPTOR="t29b_victory" instance_id="ACT17035017539946132" />
<ACTION_OCCURRENCE m_id="36" RELATED_TO="" TAG_DESCRIPTOR="t29b_playoffs" instance_id="ACT16976955436086064" />
<TIME_OF_THE_DAY m_id="35" RELATED_TO="" TAG_DESCRIPTOR="t29b_thurs_night" instance_id="TIM17035400198513467" />
<HUMAN_PART_ORG m_id="34" RELATED_TO="" TAG_DESCRIPTOR="t29b_jaguars" instance_id="HUM18263735780022045" />
<NON_HUMAN_PART m_id="33" RELATED_TO="" TAG_DESCRIPTOR="t29b_31_24" instance_id="NON17035421701153856" />
<HUMAN_PART_PER m_id="32" RELATED_TO="" TAG_DESCRIPTOR="t29_peyton_manning" instance_id="HUM16978321630641403" />
</Markables>

<Relations>
<CROSS_DOC_COREF r_id="37329" note="HUM16978321630641403" >
  <source m_id="20" />
  <target m_id="32" />
</CROSS_DOC_COREF>
<CROSS_DOC_COREF r_id="37330" note="NON17035421701153856" >
  <source m_id="28" />
  <target m_id="33" />
</CROSS_DOC_COREF>
<CROSS_DOC_COREF r_id="37331" note="HUM18263735780022045" >
  <source m_id="31" />
  <target m_id="34" />
</CROSS_DOC_COREF>
<CROSS_DOC_COREF r_id="37332" note="TIM17035400198513467" >
  <source m_id="30" />
  <target m_id="35" />
</CROSS_DOC_COREF>
<CROSS_DOC_COREF r_id="37333" note="ACT16976955436086064" >
  <source m_id="17" />
  <target m_id="36" />
</CROSS_DOC_COREF>
<CROSS_DOC_COREF r_id="37334" note="ACT17035017539946132" >
  <source m_id="26" />
  <source m_id="22" />
  <target m_id="37" />
</CROSS_DOC_COREF>
<CROSS_DOC_COREF r_id="37335" note="HUM18524150423965861" >
  <source m_id="16" />
  <source m_id="19" />
  <target m_id="38" />
</CROSS_DOC_COREF>

</Relations>
</Document>
