<Document doc_name="24_11ecb.xml" doc_id="DOC15654730758942039">
<token t_id="1" sentence="0" number="0">The</token>
<token t_id="2" sentence="0" number="1">four</token>
<token t_id="3" sentence="0" number="2">robbers</token>
<token t_id="4" sentence="0" number="3">,</token>
<token t_id="5" sentence="0" number="4">two</token>
<token t_id="6" sentence="0" number="5">of</token>
<token t_id="7" sentence="0" number="6">whom</token>
<token t_id="8" sentence="0" number="7">were</token>
<token t_id="9" sentence="0" number="8">disguised</token>
<token t_id="10" sentence="0" number="9">as</token>
<token t_id="11" sentence="0" number="10">women</token>
<token t_id="12" sentence="0" number="11">,</token>
<token t_id="13" sentence="0" number="12">stole</token>
<token t_id="14" sentence="0" number="13">nearly</token>
<token t_id="15" sentence="0" number="14">all</token>
<token t_id="16" sentence="0" number="15">the</token>
<token t_id="17" sentence="0" number="16">jewellery</token>
<token t_id="18" sentence="0" number="17">on</token>
<token t_id="19" sentence="0" number="18">display</token>
<token t_id="20" sentence="0" number="19">at</token>
<token t_id="21" sentence="0" number="20">Harry</token>
<token t_id="22" sentence="0" number="21">Winston</token>
<token t_id="23" sentence="0" number="22">jewellers</token>
<token t_id="24" sentence="0" number="23">on</token>
<token t_id="25" sentence="0" number="24">the</token>
<token t_id="26" sentence="0" number="25">Avenue</token>
<token t_id="27" sentence="0" number="26">Montaigne</token>
<token t_id="28" sentence="0" number="27">,</token>
<token t_id="29" sentence="0" number="28">just</token>
<token t_id="30" sentence="0" number="29">off</token>
<token t_id="31" sentence="0" number="30">the</token>
<token t_id="32" sentence="0" number="31">Champs-Elysees</token>
<token t_id="33" sentence="0" number="32">in</token>
<token t_id="34" sentence="0" number="33">the</token>
<token t_id="35" sentence="0" number="34">French</token>
<token t_id="36" sentence="0" number="35">capital</token>
<token t_id="37" sentence="0" number="36">.</token>
<Markables>
<ACTION_OCCURRENCE m_id="12"  >
  <token_anchor t_id="9"/>
</ACTION_OCCURRENCE>
<ACTION_OCCURRENCE m_id="13"  >
  <token_anchor t_id="13"/>
</ACTION_OCCURRENCE>
<HUMAN_PART_PER m_id="10"  >
  <token_anchor t_id="3"/>
</HUMAN_PART_PER>
<HUMAN_PART_PER m_id="11"  >
  <token_anchor t_id="5"/>
</HUMAN_PART_PER>
<LOC_FAC m_id="15"  >
  <token_anchor t_id="20"/>
  <token_anchor t_id="21"/>
  <token_anchor t_id="22"/>
  <token_anchor t_id="23"/>
  <token_anchor t_id="24"/>
  <token_anchor t_id="25"/>
  <token_anchor t_id="26"/>
  <token_anchor t_id="27"/>
  <token_anchor t_id="28"/>
  <token_anchor t_id="29"/>
  <token_anchor t_id="30"/>
  <token_anchor t_id="31"/>
  <token_anchor t_id="32"/>
  <token_anchor t_id="33"/>
  <token_anchor t_id="34"/>
  <token_anchor t_id="35"/>
  <token_anchor t_id="36"/>
</LOC_FAC>
<NON_HUMAN_PART m_id="14"  >
  <token_anchor t_id="17"/>
</NON_HUMAN_PART>




<ACTION_OCCURRENCE m_id="19" RELATED_TO="" TAG_DESCRIPTOR="t24b_stole" instance_id="ACT18318437865031754" />
<LOC_FAC m_id="20" RELATED_TO="" TAG_DESCRIPTOR="t24b_boutique" instance_id="LOC18318468151124403" />
<NON_HUMAN_PART m_id="18" RELATED_TO="" TAG_DESCRIPTOR="t24b_jewels" instance_id="NON18319156724221924" />
<ACTION_OCCURRENCE m_id="17" RELATED_TO="" TAG_DESCRIPTOR="t24b_dressed" instance_id="ACT18318742720638171" />
<HUMAN_PART_PER m_id="16" RELATED_TO="" TAG_DESCRIPTOR="t24b_robbers" instance_id="HUM18318452306120227" />
</Markables>

<Relations>
<CROSS_DOC_COREF r_id="32868" note="HUM18318452306120227" >
  <source m_id="10" />
  <target m_id="16" />
</CROSS_DOC_COREF>
<CROSS_DOC_COREF r_id="32869" note="ACT18318742720638171" >
  <source m_id="12" />
  <target m_id="17" />
</CROSS_DOC_COREF>
<CROSS_DOC_COREF r_id="32870" note="NON18319156724221924" >
  <source m_id="14" />
  <target m_id="18" />
</CROSS_DOC_COREF>
<CROSS_DOC_COREF r_id="32871" note="ACT18318437865031754" >
  <source m_id="13" />
  <target m_id="19" />
</CROSS_DOC_COREF>
<CROSS_DOC_COREF r_id="32872" note="LOC18318468151124403" >
  <source m_id="15" />
  <target m_id="20" />
</CROSS_DOC_COREF>

</Relations>
</Document>
