<Document doc_name="24_4ecb.xml" doc_id="DOC15654729967374604">
<token t_id="1" sentence="0" number="0">Armed</token>
<token t_id="2" sentence="0" number="1">robbers</token>
<token t_id="3" sentence="0" number="2">-</token>
<token t_id="4" sentence="0" number="3">some</token>
<token t_id="5" sentence="0" number="4">disguised</token>
<token t_id="6" sentence="0" number="5">as</token>
<token t_id="7" sentence="0" number="6">women</token>
<token t_id="8" sentence="0" number="7">-</token>
<token t_id="9" sentence="0" number="8">snatched</token>
<token t_id="10" sentence="0" number="9">$</token>
<token t_id="11" sentence="0" number="10">108</token>
<token t_id="12" sentence="0" number="11">million</token>
<token t_id="13" sentence="0" number="12">worth</token>
<token t_id="14" sentence="0" number="13">of</token>
<token t_id="15" sentence="0" number="14">diamond</token>
<token t_id="16" sentence="0" number="15">rings</token>
<token t_id="17" sentence="0" number="16">,</token>
<token t_id="18" sentence="0" number="17">necklaces</token>
<token t_id="19" sentence="0" number="18">and</token>
<token t_id="20" sentence="0" number="19">luxury</token>
<token t_id="21" sentence="0" number="20">watches</token>
<token t_id="22" sentence="0" number="21">from</token>
<token t_id="23" sentence="0" number="22">a</token>
<token t_id="24" sentence="0" number="23">Harry</token>
<token t_id="25" sentence="0" number="24">Winston</token>
<token t_id="26" sentence="0" number="25">boutique</token>
<token t_id="27" sentence="0" number="26">on</token>
<token t_id="28" sentence="0" number="27">a</token>
<token t_id="29" sentence="0" number="28">posh</token>
<token t_id="30" sentence="0" number="29">Paris</token>
<token t_id="31" sentence="0" number="30">avenue</token>
<token t_id="32" sentence="0" number="31">in</token>
<token t_id="33" sentence="0" number="32">one</token>
<token t_id="34" sentence="0" number="33">of</token>
<token t_id="35" sentence="0" number="34">the</token>
<token t_id="36" sentence="0" number="35">largest</token>
<token t_id="37" sentence="0" number="36">jewel</token>
<token t_id="38" sentence="0" number="37">heists</token>
<token t_id="39" sentence="0" number="38">in</token>
<token t_id="40" sentence="0" number="39">history</token>
<token t_id="41" sentence="0" number="40">,</token>
<token t_id="42" sentence="0" number="41">officials</token>
<token t_id="43" sentence="0" number="42">said</token>
<token t_id="44" sentence="0" number="43">Friday</token>
<token t_id="45" sentence="0" number="44">.</token>
<Markables>
<ACTION_OCCURRENCE m_id="24"  >
  <token_anchor t_id="40"/>
</ACTION_OCCURRENCE>
<ACTION_OCCURRENCE m_id="15"  >
  <token_anchor t_id="5"/>
</ACTION_OCCURRENCE>
<ACTION_OCCURRENCE m_id="16"  >
  <token_anchor t_id="9"/>
</ACTION_OCCURRENCE>
<ACTION_OCCURRENCE m_id="17"  >
  <token_anchor t_id="38"/>
</ACTION_OCCURRENCE>
<HUMAN_PART_PER m_id="13"  >
  <token_anchor t_id="2"/>
</HUMAN_PART_PER>
<HUMAN_PART_PER m_id="14"  >
  <token_anchor t_id="4"/>
</HUMAN_PART_PER>
<HUMAN_PART_PER m_id="18"  >
  <token_anchor t_id="42"/>
</HUMAN_PART_PER>
<LOC_FAC m_id="22"  >
  <token_anchor t_id="23"/>
  <token_anchor t_id="24"/>
  <token_anchor t_id="25"/>
  <token_anchor t_id="26"/>
  <token_anchor t_id="27"/>
  <token_anchor t_id="28"/>
  <token_anchor t_id="29"/>
  <token_anchor t_id="30"/>
  <token_anchor t_id="31"/>
</LOC_FAC>
<NON_HUMAN_PART m_id="21"  >
  <token_anchor t_id="21"/>
</NON_HUMAN_PART>
<NON_HUMAN_PART m_id="19"  >
  <token_anchor t_id="16"/>
</NON_HUMAN_PART>
<NON_HUMAN_PART m_id="20"  >
  <token_anchor t_id="18"/>
</NON_HUMAN_PART>
<TIME_DATE m_id="23"  >
  <token_anchor t_id="44"/>
</TIME_DATE>


<ACTION_REPORTING m_id="27" note="byCROMER" >
  <token_anchor t_id="43"/>
</ACTION_REPORTING>


<LOC_FAC m_id="39" RELATED_TO="" TAG_DESCRIPTOR="t24b_boutique" instance_id="LOC18318468151124403" />
<ACTION_REPORTING m_id="38" RELATED_TO="" TAG_DESCRIPTOR="t24b_officials_said" instance_id="ACT27334062498597667" />
<TIME_DATE m_id="37" RELATED_TO="" TAG_DESCRIPTOR="t24b_friday_statement" instance_id="TIM27334095077085833" />
<ACTION_OCCURRENCE m_id="36" RELATED_TO="" TAG_DESCRIPTOR="t24b_heists" instance_id="ACT18319060730104657" />
<NON_HUMAN_PART m_id="35" RELATED_TO="" TAG_DESCRIPTOR="t24b_necklaces" instance_id="NON18318574010373485" />
<ACTION_OCCURRENCE m_id="34" RELATED_TO="" TAG_DESCRIPTOR="t24b_stole" instance_id="ACT18318437865031754" />
<NON_HUMAN_PART m_id="33" RELATED_TO="" TAG_DESCRIPTOR="t24b_rings" instance_id="NON18318591593829926" />
<HUMAN_PART_PER m_id="32" RELATED_TO="" TAG_DESCRIPTOR="t24b_officials" instance_id="HUM27334146265815318" />
<ACTION_OCCURRENCE m_id="31" RELATED_TO="" TAG_DESCRIPTOR="t24b_dressed" instance_id="ACT18318742720638171" />
<NON_HUMAN_PART m_id="30" RELATED_TO="" TAG_DESCRIPTOR="t24b_watches" instance_id="NON18318605282714241" />
<HUMAN_PART_PER m_id="29" RELATED_TO="" TAG_DESCRIPTOR="t24b_robbers" instance_id="HUM18318452306120227" />
<ACTION_OCCURRENCE m_id="28" RELATED_TO="" TAG_DESCRIPTOR="t24b_history" instance_id="ACT18318561630191908" />
</Markables>

<Relations>
<CROSS_DOC_COREF r_id="32812" note="ACT18318561630191908" >
  <source m_id="24" />
  <target m_id="28" />
</CROSS_DOC_COREF>
<CROSS_DOC_COREF r_id="32813" note="HUM18318452306120227" >
  <source m_id="13" />
  <target m_id="29" />
</CROSS_DOC_COREF>
<CROSS_DOC_COREF r_id="32814" note="NON18318605282714241" >
  <source m_id="21" />
  <target m_id="30" />
</CROSS_DOC_COREF>
<CROSS_DOC_COREF r_id="32815" note="ACT18318742720638171" >
  <source m_id="15" />
  <target m_id="31" />
</CROSS_DOC_COREF>
<CROSS_DOC_COREF r_id="32816" note="HUM27334146265815318" >
  <source m_id="18" />
  <target m_id="32" />
</CROSS_DOC_COREF>
<CROSS_DOC_COREF r_id="32817" note="NON18318591593829926" >
  <source m_id="19" />
  <target m_id="33" />
</CROSS_DOC_COREF>
<CROSS_DOC_COREF r_id="32818" note="ACT18318437865031754" >
  <source m_id="16" />
  <target m_id="34" />
</CROSS_DOC_COREF>
<CROSS_DOC_COREF r_id="32819" note="NON18318574010373485" >
  <source m_id="20" />
  <target m_id="35" />
</CROSS_DOC_COREF>
<CROSS_DOC_COREF r_id="32820" note="ACT18319060730104657" >
  <source m_id="17" />
  <target m_id="36" />
</CROSS_DOC_COREF>
<CROSS_DOC_COREF r_id="32821" note="TIM27334095077085833" >
  <source m_id="23" />
  <target m_id="37" />
</CROSS_DOC_COREF>
<CROSS_DOC_COREF r_id="32822" note="ACT27334062498597667" >
  <source m_id="27" />
  <target m_id="38" />
</CROSS_DOC_COREF>
<CROSS_DOC_COREF r_id="32823" note="LOC18318468151124403" >
  <source m_id="22" />
  <target m_id="39" />
</CROSS_DOC_COREF>

</Relations>
</Document>
