<Document doc_name="24_6ecb.xml" doc_id="DOC15654730093842676">
<token t_id="1" sentence="0" number="0">A</token>
<token t_id="2" sentence="0" number="1">savvy</token>
<token t_id="3" sentence="0" number="2">band</token>
<token t_id="4" sentence="0" number="3">of</token>
<token t_id="5" sentence="0" number="4">jewel</token>
<token t_id="6" sentence="0" number="5">thieves</token>
<token t_id="7" sentence="0" number="6">,</token>
<token t_id="8" sentence="0" number="7">armed</token>
<token t_id="9" sentence="0" number="8">with</token>
<token t_id="10" sentence="0" number="9">guns</token>
<token t_id="11" sentence="0" number="10">and</token>
<token t_id="12" sentence="0" number="11">some</token>
<token t_id="13" sentence="0" number="12">posing</token>
<token t_id="14" sentence="0" number="13">as</token>
<token t_id="15" sentence="0" number="14">women</token>
<token t_id="16" sentence="0" number="15">,</token>
<token t_id="17" sentence="0" number="16">have</token>
<token t_id="18" sentence="0" number="17">struck</token>
<token t_id="19" sentence="0" number="18">in</token>
<token t_id="20" sentence="0" number="19">the</token>
<token t_id="21" sentence="0" number="20">heart</token>
<token t_id="22" sentence="0" number="21">of</token>
<token t_id="23" sentence="0" number="22">the</token>
<token t_id="24" sentence="0" number="23">city</token>
<token t_id="25" sentence="0" number="24">'s</token>
<token t_id="26" sentence="0" number="25">golden</token>
<token t_id="27" sentence="0" number="26">triangle</token>
<token t_id="28" sentence="0" number="27">of</token>
<token t_id="29" sentence="0" number="28">luxury</token>
<token t_id="30" sentence="0" number="29">shops</token>
<token t_id="31" sentence="0" number="30">,</token>
<token t_id="32" sentence="0" number="31">stealing</token>
<token t_id="33" sentence="0" number="32">more</token>
<token t_id="34" sentence="0" number="33">than</token>
<token t_id="35" sentence="0" number="34">e85</token>
<token t_id="36" sentence="0" number="35">million</token>
<token t_id="37" sentence="0" number="36">worth</token>
<token t_id="38" sentence="0" number="37">of</token>
<token t_id="39" sentence="0" number="38">diamonds</token>
<token t_id="40" sentence="0" number="39">,</token>
<token t_id="41" sentence="0" number="40">rings</token>
<token t_id="42" sentence="0" number="41">and</token>
<token t_id="43" sentence="0" number="42">watches</token>
<token t_id="44" sentence="0" number="43">from</token>
<token t_id="45" sentence="0" number="44">a</token>
<token t_id="46" sentence="0" number="45">posh</token>
<token t_id="47" sentence="0" number="46">Harry</token>
<token t_id="48" sentence="0" number="47">Winston</token>
<token t_id="49" sentence="0" number="48">boutique</token>
<token t_id="50" sentence="0" number="49">.</token>
<Markables>
<ACTION_OCCURRENCE m_id="18"  >
  <token_anchor t_id="13"/>
</ACTION_OCCURRENCE>
<ACTION_OCCURRENCE m_id="19"  >
  <token_anchor t_id="18"/>
</ACTION_OCCURRENCE>
<ACTION_OCCURRENCE m_id="20"  >
  <token_anchor t_id="32"/>
</ACTION_OCCURRENCE>
<HUMAN_PART_PER m_id="16"  >
  <token_anchor t_id="6"/>
</HUMAN_PART_PER>
<HUMAN_PART_PER m_id="17"  >
  <token_anchor t_id="12"/>
</HUMAN_PART_PER>
<LOC_FAC m_id="27"  >
  <token_anchor t_id="45"/>
  <token_anchor t_id="46"/>
  <token_anchor t_id="47"/>
  <token_anchor t_id="48"/>
  <token_anchor t_id="49"/>
</LOC_FAC>
<LOC_GEO m_id="21"  >
  <token_anchor t_id="19"/>
  <token_anchor t_id="20"/>
  <token_anchor t_id="21"/>
  <token_anchor t_id="22"/>
  <token_anchor t_id="23"/>
  <token_anchor t_id="24"/>
  <token_anchor t_id="25"/>
  <token_anchor t_id="26"/>
  <token_anchor t_id="27"/>
  <token_anchor t_id="28"/>
  <token_anchor t_id="29"/>
  <token_anchor t_id="30"/>
</LOC_GEO>
<NON_HUMAN_PART m_id="24"  >
  <token_anchor t_id="39"/>
</NON_HUMAN_PART>
<NON_HUMAN_PART m_id="25"  >
  <token_anchor t_id="41"/>
</NON_HUMAN_PART>
<NON_HUMAN_PART m_id="26"  >
  <token_anchor t_id="43"/>
</NON_HUMAN_PART>
<NON_HUMAN_PART m_id="22"  >
  <token_anchor t_id="10"/>
</NON_HUMAN_PART>
<NON_HUMAN_PART m_id="23"  >
  <token_anchor t_id="35"/>
  <token_anchor t_id="36"/>
</NON_HUMAN_PART>




<LOC_FAC m_id="35" RELATED_TO="" TAG_DESCRIPTOR="t24b_boutique" instance_id="LOC18318468151124403" />
<NON_HUMAN_PART m_id="34" RELATED_TO="" TAG_DESCRIPTOR="t24b_gun" instance_id="NON18318716520757651" />
<NON_HUMAN_PART m_id="33" RELATED_TO="" TAG_DESCRIPTOR="t24b_rings" instance_id="NON18318591593829926" />
<ACTION_OCCURRENCE m_id="32" RELATED_TO="" TAG_DESCRIPTOR="t24b_stole" instance_id="ACT18318437865031754" />
<ACTION_OCCURRENCE m_id="31" RELATED_TO="" TAG_DESCRIPTOR="t24b_dressed" instance_id="ACT18318742720638171" />
<NON_HUMAN_PART m_id="30" RELATED_TO="" TAG_DESCRIPTOR="t24b_watches" instance_id="NON18318605282714241" />
<HUMAN_PART_PER m_id="29" RELATED_TO="" TAG_DESCRIPTOR="t24b_robbers" instance_id="HUM18318452306120227" />
<NON_HUMAN_PART m_id="28" RELATED_TO="" TAG_DESCRIPTOR="t24b_diamonds" instance_id="NON18318705797197623" />
</Markables>

<Relations>
<CROSS_DOC_COREF r_id="32832" note="NON18318705797197623" >
  <source m_id="24" />
  <target m_id="28" />
</CROSS_DOC_COREF>
<CROSS_DOC_COREF r_id="32833" note="HUM18318452306120227" >
  <source m_id="16" />
  <source m_id="17" />
  <target m_id="29" />
</CROSS_DOC_COREF>
<CROSS_DOC_COREF r_id="32834" note="NON18318605282714241" >
  <source m_id="26" />
  <target m_id="30" />
</CROSS_DOC_COREF>
<CROSS_DOC_COREF r_id="32835" note="ACT18318742720638171" >
  <source m_id="18" />
  <target m_id="31" />
</CROSS_DOC_COREF>
<CROSS_DOC_COREF r_id="32836" note="ACT18318437865031754" >
  <source m_id="20" />
  <target m_id="32" />
</CROSS_DOC_COREF>
<CROSS_DOC_COREF r_id="32837" note="NON18318591593829926" >
  <source m_id="25" />
  <target m_id="33" />
</CROSS_DOC_COREF>
<CROSS_DOC_COREF r_id="32838" note="NON18318716520757651" >
  <source m_id="22" />
  <target m_id="34" />
</CROSS_DOC_COREF>
<CROSS_DOC_COREF r_id="32839" note="LOC18318468151124403" >
  <source m_id="27" />
  <target m_id="35" />
</CROSS_DOC_COREF>

</Relations>
</Document>
