<Document doc_name="24_8ecbplus.xml" doc_id="DOC15646353578129761">
<token t_id="1" sentence="0" number="0">http</token>
<token t_id="2" sentence="0" number="1">:</token>
<token t_id="3" sentence="0" number="2">/</token>
<token t_id="4" sentence="0" number="3">/</token>
<token t_id="5" sentence="0" number="4">www</token>
<token t_id="6" sentence="0" number="5">.</token>
<token t_id="7" sentence="0" number="6">securitymagazine</token>
<token t_id="8" sentence="0" number="7">.</token>
<token t_id="9" sentence="0" number="8">com</token>
<token t_id="10" sentence="0" number="9">/</token>
<token t_id="11" sentence="0" number="10">articles</token>
<token t_id="12" sentence="0" number="11">/</token>
<token t_id="13" sentence="0" number="12">84721</token>
<token t_id="14" sentence="0" number="13">-</token>
<token t_id="15" sentence="0" number="14">paris</token>
<token t_id="16" sentence="0" number="15">-</token>
<token t_id="17" sentence="0" number="16">store</token>
<token t_id="18" sentence="0" number="17">-</token>
<token t_id="19" sentence="0" number="18">hit</token>
<token t_id="20" sentence="0" number="19">-</token>
<token t_id="21" sentence="0" number="20">by</token>
<token t_id="22" sentence="0" number="21">-</token>
<token t_id="23" sentence="0" number="22">26</token>
<token t_id="24" sentence="0" number="23">-</token>
<token t_id="25" sentence="0" number="24">million</token>
<token t_id="26" sentence="0" number="25">-</token>
<token t_id="27" sentence="0" number="26">jewelry</token>
<token t_id="28" sentence="0" number="27">-</token>
<token t_id="29" sentence="0" number="28">heist</token>
<token t_id="30" sentence="1" number="0">Paris</token>
<token t_id="31" sentence="1" number="1">Store</token>
<token t_id="32" sentence="1" number="2">Hit</token>
<token t_id="33" sentence="1" number="3">by</token>
<token t_id="34" sentence="1" number="4">$2</token>
<token t_id="35" sentence="1" number="5">.</token>
<token t_id="36" sentence="1" number="6">6</token>
<token t_id="37" sentence="1" number="7">Million</token>
<token t_id="38" sentence="1" number="8">Jewelry</token>
<token t_id="39" sentence="1" number="9">Heist</token>
<token t_id="40" sentence="2" number="0">September</token>
<token t_id="41" sentence="2" number="1">9</token>
<token t_id="42" sentence="2" number="2">,</token>
<token t_id="43" sentence="2" number="3">2013</token>
<token t_id="44" sentence="3" number="0">Four</token>
<token t_id="45" sentence="3" number="1">men</token>
<token t_id="46" sentence="3" number="2">rammed</token>
<token t_id="47" sentence="3" number="3">their</token>
<token t_id="48" sentence="3" number="4">car</token>
<token t_id="49" sentence="3" number="5">into</token>
<token t_id="50" sentence="3" number="6">an</token>
<token t_id="51" sentence="3" number="7">upmarket</token>
<token t_id="52" sentence="3" number="8">jewelry</token>
<token t_id="53" sentence="3" number="9">store</token>
<token t_id="54" sentence="3" number="10">in</token>
<token t_id="55" sentence="3" number="11">central</token>
<token t_id="56" sentence="3" number="12">Paris</token>
<token t_id="57" sentence="3" number="13">on</token>
<token t_id="58" sentence="3" number="14">Monday</token>
<token t_id="59" sentence="3" number="15">,</token>
<token t_id="60" sentence="3" number="16">smashing</token>
<token t_id="61" sentence="3" number="17">the</token>
<token t_id="62" sentence="3" number="18">shop</token>
<token t_id="63" sentence="3" number="19">window</token>
<token t_id="64" sentence="3" number="20">and</token>
<token t_id="65" sentence="3" number="21">stealing</token>
<token t_id="66" sentence="3" number="22">$2</token>
<token t_id="67" sentence="3" number="23">.</token>
<token t_id="68" sentence="3" number="24">6</token>
<token t_id="69" sentence="3" number="25">million</token>
<token t_id="70" sentence="3" number="26">(</token>
<token t_id="71" sentence="3" number="27">two</token>
<token t_id="72" sentence="3" number="28">million</token>
<token t_id="73" sentence="3" number="29">Euros</token>
<token t_id="74" sentence="3" number="30">)</token>
<token t_id="75" sentence="3" number="31">in</token>
<token t_id="76" sentence="3" number="32">jewelry</token>
<token t_id="77" sentence="3" number="33">,</token>
<token t_id="78" sentence="3" number="34">according</token>
<token t_id="79" sentence="3" number="35">to</token>
<token t_id="80" sentence="3" number="36">AFP</token>
<token t_id="81" sentence="3" number="37">.</token>
<token t_id="82" sentence="4" number="0">The</token>
<token t_id="83" sentence="4" number="1">heist</token>
<token t_id="84" sentence="4" number="2">near</token>
<token t_id="85" sentence="4" number="3">Place</token>
<token t_id="86" sentence="4" number="4">Vendome</token>
<token t_id="87" sentence="4" number="5">is</token>
<token t_id="88" sentence="4" number="6">the</token>
<token t_id="89" sentence="4" number="7">latest</token>
<token t_id="90" sentence="4" number="8">to</token>
<token t_id="91" sentence="4" number="9">hit</token>
<token t_id="92" sentence="4" number="10">France</token>
<token t_id="93" sentence="4" number="11">after</token>
<token t_id="94" sentence="4" number="12">a</token>
<token t_id="95" sentence="4" number="13">string</token>
<token t_id="96" sentence="4" number="14">of</token>
<token t_id="97" sentence="4" number="15">high</token>
<token t_id="98" sentence="4" number="16">-</token>
<token t_id="99" sentence="4" number="17">profile</token>
<token t_id="100" sentence="4" number="18">robberies</token>
<token t_id="101" sentence="4" number="19">in</token>
<token t_id="102" sentence="4" number="20">Cannes</token>
<token t_id="103" sentence="4" number="21">.</token>
<token t_id="104" sentence="5" number="0">A</token>
<token t_id="105" sentence="5" number="1">police</token>
<token t_id="106" sentence="5" number="2">source</token>
<token t_id="107" sentence="5" number="3">reported</token>
<token t_id="108" sentence="5" number="4">that</token>
<token t_id="109" sentence="5" number="5">the</token>
<token t_id="110" sentence="5" number="6">men</token>
<token t_id="111" sentence="5" number="7">drove</token>
<token t_id="112" sentence="5" number="8">a</token>
<token t_id="113" sentence="5" number="9">large</token>
<token t_id="114" sentence="5" number="10">four</token>
<token t_id="115" sentence="5" number="11">-</token>
<token t_id="116" sentence="5" number="12">by</token>
<token t_id="117" sentence="5" number="13">-</token>
<token t_id="118" sentence="5" number="14">four</token>
<token t_id="119" sentence="5" number="15">car</token>
<token t_id="120" sentence="5" number="16">into</token>
<token t_id="121" sentence="5" number="17">the</token>
<token t_id="122" sentence="5" number="18">store</token>
<token t_id="123" sentence="5" number="19">in</token>
<token t_id="124" sentence="5" number="20">the</token>
<token t_id="125" sentence="5" number="21">early</token>
<token t_id="126" sentence="5" number="22">hours</token>
<token t_id="127" sentence="5" number="23">of</token>
<token t_id="128" sentence="5" number="24">the</token>
<token t_id="129" sentence="5" number="25">morning</token>
<token t_id="130" sentence="5" number="26">,</token>
<token t_id="131" sentence="5" number="27">grabbing</token>
<token t_id="132" sentence="5" number="28">jewelry</token>
<token t_id="133" sentence="5" number="29">and</token>
<token t_id="134" sentence="5" number="30">luxury</token>
<token t_id="135" sentence="5" number="31">watches</token>
<token t_id="136" sentence="5" number="32">before</token>
<token t_id="137" sentence="5" number="33">setting</token>
<token t_id="138" sentence="5" number="34">fire</token>
<token t_id="139" sentence="5" number="35">to</token>
<token t_id="140" sentence="5" number="36">the</token>
<token t_id="141" sentence="5" number="37">vehicle</token>
<token t_id="142" sentence="5" number="38">and</token>
<token t_id="143" sentence="5" number="39">escaping</token>
<token t_id="144" sentence="5" number="40">in</token>
<token t_id="145" sentence="5" number="41">another</token>
<token t_id="146" sentence="5" number="42">car</token>
<token t_id="147" sentence="5" number="43">.</token>
<Markables>
<ACTION_OCCURRENCE m_id="9"  >
  <token_anchor t_id="131"/>
</ACTION_OCCURRENCE>
<ACTION_OCCURRENCE m_id="10"  >
  <token_anchor t_id="137"/>
  <token_anchor t_id="138"/>
</ACTION_OCCURRENCE>
<ACTION_OCCURRENCE m_id="11"  >
  <token_anchor t_id="143"/>
</ACTION_OCCURRENCE>
<ACTION_OCCURRENCE m_id="24"  >
  <token_anchor t_id="65"/>
</ACTION_OCCURRENCE>
<ACTION_OCCURRENCE m_id="28"  >
  <token_anchor t_id="100"/>
</ACTION_OCCURRENCE>
<ACTION_OCCURRENCE m_id="2"  >
  <token_anchor t_id="32"/>
</ACTION_OCCURRENCE>
<ACTION_OCCURRENCE m_id="3"  >
  <token_anchor t_id="39"/>
</ACTION_OCCURRENCE>
<ACTION_OCCURRENCE m_id="35"  >
  <token_anchor t_id="95"/>
</ACTION_OCCURRENCE>
<ACTION_OCCURRENCE m_id="4"  >
  <token_anchor t_id="46"/>
</ACTION_OCCURRENCE>
<ACTION_OCCURRENCE m_id="5"  >
  <token_anchor t_id="60"/>
</ACTION_OCCURRENCE>
<ACTION_OCCURRENCE m_id="6"  >
  <token_anchor t_id="83"/>
</ACTION_OCCURRENCE>
<ACTION_OCCURRENCE m_id="7"  >
  <token_anchor t_id="91"/>
</ACTION_OCCURRENCE>
<ACTION_OCCURRENCE m_id="8"  >
  <token_anchor t_id="111"/>
</ACTION_OCCURRENCE>
<HUMAN_PART_GPE m_id="25"  >
  <token_anchor t_id="92"/>
</HUMAN_PART_GPE>
<HUMAN_PART_ORG m_id="17"  >
  <token_anchor t_id="80"/>
</HUMAN_PART_ORG>
<HUMAN_PART_PER m_id="18"  >
  <token_anchor t_id="45"/>
</HUMAN_PART_PER>
<HUMAN_PART_PER m_id="19"  >
  <token_anchor t_id="110"/>
</HUMAN_PART_PER>
<HUMAN_PART_PER m_id="20"  >
  <token_anchor t_id="106"/>
</HUMAN_PART_PER>
<LOC_FAC m_id="12"  >
  <token_anchor t_id="30"/>
  <token_anchor t_id="31"/>
</LOC_FAC>
<LOC_FAC m_id="13"  >
  <token_anchor t_id="50"/>
  <token_anchor t_id="51"/>
  <token_anchor t_id="52"/>
  <token_anchor t_id="53"/>
  <token_anchor t_id="54"/>
  <token_anchor t_id="55"/>
  <token_anchor t_id="56"/>
</LOC_FAC>
<LOC_FAC m_id="14"  >
  <token_anchor t_id="120"/>
  <token_anchor t_id="121"/>
  <token_anchor t_id="122"/>
</LOC_FAC>
<LOC_GEO m_id="15"  >
  <token_anchor t_id="84"/>
  <token_anchor t_id="85"/>
  <token_anchor t_id="86"/>
</LOC_GEO>
<LOC_GEO m_id="16"  >
  <token_anchor t_id="101"/>
  <token_anchor t_id="102"/>
</LOC_GEO>
<NON_HUMAN_PART m_id="21"  >
  <token_anchor t_id="48"/>
</NON_HUMAN_PART>
<NON_HUMAN_PART m_id="22"  >
  <token_anchor t_id="76"/>
</NON_HUMAN_PART>
<NON_HUMAN_PART m_id="29"  >
  <token_anchor t_id="119"/>
</NON_HUMAN_PART>
<NON_HUMAN_PART m_id="30"  >
  <token_anchor t_id="132"/>
</NON_HUMAN_PART>
<NON_HUMAN_PART m_id="31"  >
  <token_anchor t_id="135"/>
</NON_HUMAN_PART>
<NON_HUMAN_PART m_id="32"  >
  <token_anchor t_id="141"/>
</NON_HUMAN_PART>
<NON_HUMAN_PART m_id="33"  >
  <token_anchor t_id="146"/>
</NON_HUMAN_PART>
<NON_HUMAN_PART m_id="34"  >
  <token_anchor t_id="38"/>
</NON_HUMAN_PART>
<TIME_DATE m_id="27"  >
  <token_anchor t_id="57"/>
  <token_anchor t_id="58"/>
</TIME_DATE>
<TIME_DATE m_id="1"  >
  <token_anchor t_id="40"/>
  <token_anchor t_id="41"/>
  <token_anchor t_id="42"/>
  <token_anchor t_id="43"/>
</TIME_DATE>
<TIME_OF_THE_DAY m_id="26"  >
  <token_anchor t_id="123"/>
  <token_anchor t_id="124"/>
  <token_anchor t_id="125"/>
  <token_anchor t_id="126"/>
  <token_anchor t_id="127"/>
  <token_anchor t_id="128"/>
  <token_anchor t_id="129"/>
</TIME_OF_THE_DAY>


<LOC_OTHER m_id="42" note="byCROMER" >
  <token_anchor t_id="63"/>
</LOC_OTHER>


<NON_HUMAN_PART m_id="50" RELATED_TO="" TAG_DESCRIPTOR="t24_4x4" instance_id="NON18316889977087247" />
<NON_HUMAN_PART m_id="49" RELATED_TO="" TAG_DESCRIPTOR="t24_another_car" instance_id="NON28445061380586133" />
<ACTION_OCCURRENCE m_id="48" RELATED_TO="" TAG_DESCRIPTOR="t24_smash_window" instance_id="ACT28443029959456354" />
<ACTION_OCCURRENCE m_id="47" RELATED_TO="" TAG_DESCRIPTOR="t24_heist" instance_id="ACT18316597331822467" />
<LOC_GEO m_id="46" RELATED_TO="" TAG_DESCRIPTOR="t24_cannes" instance_id="LOC18316841006837696" />
<ACTION_OCCURRENCE m_id="45" RELATED_TO="" TAG_DESCRIPTOR="t24_hit_france" instance_id="ACT18316689641167875" />
<ACTION_OCCURRENCE m_id="44" RELATED_TO="" TAG_DESCRIPTOR="t24_crashed" instance_id="ACT18316906146581222" />
<TIME_DATE m_id="43" RELATED_TO="" TAG_DESCRIPTOR="t24_9_sep" instance_id="TIM18317089437206282" />
<ACTION_OCCURRENCE m_id="59" RELATED_TO="" TAG_DESCRIPTOR="t24_spate" instance_id="ACT18316748985916755" />
<NON_HUMAN_PART m_id="58" RELATED_TO="" TAG_DESCRIPTOR="t24_jewellery" instance_id="NON18316866714096124" />
<HUMAN_PART_GPE m_id="57" RELATED_TO="" TAG_DESCRIPTOR="t24_france" instance_id="HUM18316765045288949" />
<LOC_OTHER m_id="56" RELATED_TO="" TAG_DESCRIPTOR="t24_window" instance_id="LOC18316851975019915" />
<NON_HUMAN_PART m_id="55" RELATED_TO="" TAG_DESCRIPTOR="t24_watches" instance_id="NON18316878143147711" />
<HUMAN_PART_PER m_id="54" RELATED_TO="" TAG_DESCRIPTOR="t24_thieves" instance_id="HUM18316922352936729" />
<ACTION_OCCURRENCE m_id="53" RELATED_TO="" TAG_DESCRIPTOR="t24_robberies" instance_id="ACT18316733646145911" />
<ACTION_OCCURRENCE m_id="52" RELATED_TO="" TAG_DESCRIPTOR="t24_stole" instance_id="ACT18316607728005315" />
<LOC_FAC m_id="51" RELATED_TO="" TAG_DESCRIPTOR="t24_store" instance_id="LOC18316780390763009" />
</Markables>

<Relations>
<CROSS_DOC_COREF r_id="41461" note="TIM18317089437206282" >
  <source m_id="27" />
  <target m_id="43" />
</CROSS_DOC_COREF>
<CROSS_DOC_COREF r_id="41462" note="ACT18316906146581222" >
  <source m_id="8" />
  <source m_id="4" />
  <target m_id="44" />
</CROSS_DOC_COREF>
<CROSS_DOC_COREF r_id="41463" note="ACT18316689641167875" >
  <source m_id="7" />
  <source m_id="2" />
  <target m_id="45" />
</CROSS_DOC_COREF>
<CROSS_DOC_COREF r_id="41464" note="LOC18316841006837696" >
  <source m_id="16" />
  <target m_id="46" />
</CROSS_DOC_COREF>
<CROSS_DOC_COREF r_id="41465" note="ACT18316597331822467" >
  <source m_id="3" />
  <source m_id="6" />
  <target m_id="47" />
</CROSS_DOC_COREF>
<CROSS_DOC_COREF r_id="41466" note="ACT28443029959456354" >
  <source m_id="5" />
  <target m_id="48" />
</CROSS_DOC_COREF>
<CROSS_DOC_COREF r_id="41467" note="NON28445061380586133" >
  <source m_id="33" />
  <target m_id="49" />
</CROSS_DOC_COREF>
<CROSS_DOC_COREF r_id="41468" note="NON18316889977087247" >
  <source m_id="29" />
  <source m_id="21" />
  <source m_id="32" />
  <target m_id="50" />
</CROSS_DOC_COREF>
<CROSS_DOC_COREF r_id="41469" note="LOC18316780390763009" >
  <source m_id="14" />
  <source m_id="12" />
  <source m_id="13" />
  <target m_id="51" />
</CROSS_DOC_COREF>
<CROSS_DOC_COREF r_id="41470" note="ACT18316607728005315" >
  <source m_id="24" />
  <source m_id="9" />
  <target m_id="52" />
</CROSS_DOC_COREF>
<CROSS_DOC_COREF r_id="41471" note="ACT18316733646145911" >
  <source m_id="28" />
  <target m_id="53" />
</CROSS_DOC_COREF>
<CROSS_DOC_COREF r_id="41472" note="HUM18316922352936729" >
  <source m_id="19" />
  <source m_id="18" />
  <target m_id="54" />
</CROSS_DOC_COREF>
<CROSS_DOC_COREF r_id="41473" note="NON18316878143147711" >
  <source m_id="31" />
  <target m_id="55" />
</CROSS_DOC_COREF>
<CROSS_DOC_COREF r_id="41474" note="LOC18316851975019915" >
  <source m_id="42" />
  <target m_id="56" />
</CROSS_DOC_COREF>
<CROSS_DOC_COREF r_id="41475" note="HUM18316765045288949" >
  <source m_id="25" />
  <target m_id="57" />
</CROSS_DOC_COREF>
<CROSS_DOC_COREF r_id="41476" note="NON18316866714096124" >
  <source m_id="30" />
  <source m_id="34" />
  <source m_id="22" />
  <target m_id="58" />
</CROSS_DOC_COREF>
<CROSS_DOC_COREF r_id="41477" note="ACT18316748985916755" >
  <source m_id="35" />
  <target m_id="59" />
</CROSS_DOC_COREF>

</Relations>
</Document>
