<Document doc_name="24_8ecb.xml" doc_id="DOC15654730225605924">
<token t_id="1" sentence="0" number="0">Jewellery</token>
<token t_id="2" sentence="0" number="1">worth</token>
<token t_id="3" sentence="0" number="2">more</token>
<token t_id="4" sentence="0" number="3">than</token>
<token t_id="5" sentence="0" number="4">$</token>
<token t_id="6" sentence="0" number="5">160</token>
<token t_id="7" sentence="0" number="6">million</token>
<token t_id="8" sentence="0" number="7">has</token>
<token t_id="9" sentence="0" number="8">been</token>
<token t_id="10" sentence="0" number="9">stolen</token>
<token t_id="11" sentence="0" number="10">from</token>
<token t_id="12" sentence="0" number="11">a</token>
<token t_id="13" sentence="0" number="12">Paris</token>
<token t_id="14" sentence="0" number="13">boutique</token>
<token t_id="15" sentence="0" number="14">in</token>
<token t_id="16" sentence="0" number="15">what</token>
<token t_id="17" sentence="0" number="16">is</token>
<token t_id="18" sentence="0" number="17">believed</token>
<token t_id="19" sentence="0" number="18">to</token>
<token t_id="20" sentence="0" number="19">be</token>
<token t_id="21" sentence="0" number="20">France</token>
<token t_id="22" sentence="0" number="21">'s</token>
<token t_id="23" sentence="0" number="22">biggest</token>
<token t_id="24" sentence="0" number="23">jewellery</token>
<token t_id="25" sentence="0" number="24">theft</token>
<token t_id="26" sentence="0" number="25">.</token>
<Markables>
<ACTION_OCCURRENCE m_id="10"  >
  <token_anchor t_id="10"/>
</ACTION_OCCURRENCE>
<ACTION_OCCURRENCE m_id="11"  >
  <token_anchor t_id="25"/>
</ACTION_OCCURRENCE>
<HUMAN_PART_GPE m_id="13"  >
  <token_anchor t_id="21"/>
</HUMAN_PART_GPE>
<LOC_FAC m_id="12"  >
  <token_anchor t_id="12"/>
  <token_anchor t_id="13"/>
  <token_anchor t_id="14"/>
</LOC_FAC>
<NON_HUMAN_PART m_id="8"  >
  <token_anchor t_id="1"/>
</NON_HUMAN_PART>
<NON_HUMAN_PART m_id="9"  >
  <token_anchor t_id="6"/>
  <token_anchor t_id="7"/>
</NON_HUMAN_PART>




<LOC_FAC m_id="17" RELATED_TO="" TAG_DESCRIPTOR="t24b_boutique" instance_id="LOC18318468151124403" />
<ACTION_OCCURRENCE m_id="16" RELATED_TO="" TAG_DESCRIPTOR="t24b_stole" instance_id="ACT18318437865031754" />
<NON_HUMAN_PART m_id="15" RELATED_TO="" TAG_DESCRIPTOR="t24b_jewels" instance_id="NON18319156724221924" />
<ACTION_OCCURRENCE m_id="14" RELATED_TO="" TAG_DESCRIPTOR="t24b_robbery" instance_id="ACT18319049821521663" />
</Markables>

<Relations>
<CROSS_DOC_COREF r_id="52882" note="ACT18319049821521663" >
  <source m_id="11" />
  <target m_id="14" />
</CROSS_DOC_COREF>
<CROSS_DOC_COREF r_id="52883" note="NON18319156724221924" >
  <source m_id="8" />
  <target m_id="15" />
</CROSS_DOC_COREF>
<CROSS_DOC_COREF r_id="52884" note="ACT18318437865031754" >
  <source m_id="10" />
  <target m_id="16" />
</CROSS_DOC_COREF>
<CROSS_DOC_COREF r_id="52885" note="LOC18318468151124403" >
  <source m_id="12" />
  <target m_id="17" />
</CROSS_DOC_COREF>

</Relations>
</Document>
