<Document doc_name="24_9ecbplus.xml" doc_id="DOC15646353645363960">
<token t_id="1" sentence="0" number="0">http</token>
<token t_id="2" sentence="0" number="1">:</token>
<token t_id="3" sentence="0" number="2">/</token>
<token t_id="4" sentence="0" number="3">/</token>
<token t_id="5" sentence="0" number="4">www</token>
<token t_id="6" sentence="0" number="5">.</token>
<token t_id="7" sentence="0" number="6">ahametals</token>
<token t_id="8" sentence="0" number="7">.</token>
<token t_id="9" sentence="0" number="8">com</token>
<token t_id="10" sentence="0" number="9">/</token>
<token t_id="11" sentence="0" number="10">crooks</token>
<token t_id="12" sentence="0" number="11">-</token>
<token t_id="13" sentence="0" number="12">2</token>
<token t_id="14" sentence="0" number="13">-</token>
<token t_id="15" sentence="0" number="14">6</token>
<token t_id="16" sentence="0" number="15">-</token>
<token t_id="17" sentence="0" number="16">million</token>
<token t_id="18" sentence="0" number="17">-</token>
<token t_id="19" sentence="0" number="18">heist</token>
<token t_id="20" sentence="0" number="19">-</token>
<token t_id="21" sentence="0" number="20">paris</token>
<token t_id="22" sentence="0" number="21">/</token>
<token t_id="23" sentence="1" number="0">Crooks</token>
<token t_id="24" sentence="1" number="1">at</token>
<token t_id="25" sentence="1" number="2">$2</token>
<token t_id="26" sentence="1" number="3">.</token>
<token t_id="27" sentence="1" number="4">6</token>
<token t_id="28" sentence="1" number="5">million</token>
<token t_id="29" sentence="1" number="6">heist</token>
<token t_id="30" sentence="1" number="7">on</token>
<token t_id="31" sentence="1" number="8">Paris</token>
<token t_id="32" sentence="1" number="9">jewelry</token>
<token t_id="33" sentence="1" number="10">store</token>
<token t_id="34" sentence="2" number="0">A</token>
<token t_id="35" sentence="2" number="1">smash</token>
<token t_id="36" sentence="2" number="2">-</token>
<token t_id="37" sentence="2" number="3">and</token>
<token t_id="38" sentence="2" number="4">-</token>
<token t_id="39" sentence="2" number="5">grab</token>
<token t_id="40" sentence="2" number="6">on</token>
<token t_id="41" sentence="2" number="7">a</token>
<token t_id="42" sentence="2" number="8">high</token>
<token t_id="43" sentence="2" number="9">end</token>
<token t_id="44" sentence="2" number="10">Paris</token>
<token t_id="45" sentence="2" number="11">store</token>
<token t_id="46" sentence="2" number="12">saw</token>
<token t_id="47" sentence="2" number="13">four</token>
<token t_id="48" sentence="2" number="14">robbers</token>
<token t_id="49" sentence="2" number="15">make</token>
<token t_id="50" sentence="2" number="16">off</token>
<token t_id="51" sentence="2" number="17">with</token>
<token t_id="52" sentence="2" number="18">jewelry</token>
<token t_id="53" sentence="2" number="19">and</token>
<token t_id="54" sentence="2" number="20">watches</token>
<token t_id="55" sentence="2" number="21">valued</token>
<token t_id="56" sentence="2" number="22">at</token>
<token t_id="57" sentence="2" number="23">over</token>
<token t_id="58" sentence="2" number="24">$2</token>
<token t_id="59" sentence="2" number="25">.</token>
<token t_id="60" sentence="2" number="26">6</token>
<token t_id="61" sentence="2" number="27">million</token>
<token t_id="62" sentence="2" number="28">early</token>
<token t_id="63" sentence="2" number="29">Monday</token>
<token t_id="64" sentence="2" number="30">.</token>
<token t_id="65" sentence="3" number="0">At</token>
<token t_id="66" sentence="3" number="1">around</token>
<token t_id="67" sentence="3" number="2">4</token>
<token t_id="68" sentence="3" number="3">:</token>
<token t_id="69" sentence="3" number="4">30</token>
<token t_id="70" sentence="3" number="5">a</token>
<token t_id="71" sentence="3" number="6">.</token>
<token t_id="72" sentence="3" number="7">m</token>
<token t_id="73" sentence="3" number="8">.</token>
<token t_id="74" sentence="3" number="9">local</token>
<token t_id="75" sentence="3" number="10">time</token>
<token t_id="76" sentence="3" number="11">(</token>
<token t_id="77" sentence="3" number="12">11</token>
<token t_id="78" sentence="3" number="13">.</token>
<token t_id="79" sentence="3" number="14">30</token>
<token t_id="80" sentence="3" number="15">p</token>
<token t_id="81" sentence="3" number="16">.</token>
<token t_id="82" sentence="3" number="17">m</token>
<token t_id="83" sentence="3" number="18">.</token>
<token t_id="84" sentence="3" number="19">ET</token>
<token t_id="85" sentence="3" number="20">)</token>
<token t_id="86" sentence="3" number="21">the</token>
<token t_id="87" sentence="3" number="22">thieves</token>
<token t_id="88" sentence="3" number="23">rammed</token>
<token t_id="89" sentence="3" number="24">an</token>
<token t_id="90" sentence="3" number="25">SUV</token>
<token t_id="91" sentence="3" number="26">into</token>
<token t_id="92" sentence="3" number="27">the</token>
<token t_id="93" sentence="3" number="28">front</token>
<token t_id="94" sentence="3" number="29">of</token>
<token t_id="95" sentence="3" number="30">the</token>
<token t_id="96" sentence="3" number="31">Casty</token>
<token t_id="97" sentence="3" number="32">store</token>
<token t_id="98" sentence="3" number="33">,</token>
<token t_id="99" sentence="3" number="34">near</token>
<token t_id="100" sentence="3" number="35">the</token>
<token t_id="101" sentence="3" number="36">prestigious</token>
<token t_id="102" sentence="3" number="37">Place</token>
<token t_id="103" sentence="3" number="38">Vendome</token>
<token t_id="104" sentence="3" number="39">,</token>
<token t_id="105" sentence="3" number="40">a</token>
<token t_id="106" sentence="3" number="41">well</token>
<token t_id="107" sentence="3" number="42">-</token>
<token t_id="108" sentence="3" number="43">known</token>
<token t_id="109" sentence="3" number="44">square</token>
<token t_id="110" sentence="3" number="45">in</token>
<token t_id="111" sentence="3" number="46">the</token>
<token t_id="112" sentence="3" number="47">center</token>
<token t_id="113" sentence="3" number="48">of</token>
<token t_id="114" sentence="3" number="49">the</token>
<token t_id="115" sentence="3" number="50">French</token>
<token t_id="116" sentence="3" number="51">capital</token>
<token t_id="117" sentence="3" number="52">that</token>
<token t_id="118" sentence="3" number="53">is</token>
<token t_id="119" sentence="3" number="54">home</token>
<token t_id="120" sentence="3" number="55">to</token>
<token t_id="121" sentence="3" number="56">a</token>
<token t_id="122" sentence="3" number="57">number</token>
<token t_id="123" sentence="3" number="58">of</token>
<token t_id="124" sentence="3" number="59">jewelers</token>
<token t_id="125" sentence="3" number="60">and</token>
<token t_id="126" sentence="3" number="61">high</token>
<token t_id="127" sentence="3" number="62">-</token>
<token t_id="128" sentence="3" number="63">end</token>
<token t_id="129" sentence="3" number="64">stores</token>
<token t_id="130" sentence="3" number="65">.</token>
<token t_id="131" sentence="4" number="0">After</token>
<token t_id="132" sentence="4" number="1">scooping</token>
<token t_id="133" sentence="4" number="2">up</token>
<token t_id="134" sentence="4" number="3">jewelry</token>
<token t_id="135" sentence="4" number="4">and</token>
<token t_id="136" sentence="4" number="5">watches</token>
<token t_id="137" sentence="4" number="6">estimated</token>
<token t_id="138" sentence="4" number="7">to</token>
<token t_id="139" sentence="4" number="8">be</token>
<token t_id="140" sentence="4" number="9">worth</token>
<token t_id="141" sentence="4" number="10">2</token>
<token t_id="142" sentence="4" number="11">million</token>
<token t_id="143" sentence="4" number="12">euros</token>
<token t_id="144" sentence="4" number="13">(</token>
<token t_id="145" sentence="4" number="14">$2</token>
<token t_id="146" sentence="4" number="15">.</token>
<token t_id="147" sentence="4" number="16">6</token>
<token t_id="148" sentence="4" number="17">million</token>
<token t_id="149" sentence="4" number="18">)</token>
<token t_id="150" sentence="4" number="19">the</token>
<token t_id="151" sentence="4" number="20">thieves</token>
<token t_id="152" sentence="4" number="21">reversed</token>
<token t_id="153" sentence="4" number="22">their</token>
<token t_id="154" sentence="4" number="23">car</token>
<token t_id="155" sentence="4" number="24">out</token>
<token t_id="156" sentence="4" number="25">of</token>
<token t_id="157" sentence="4" number="26">the</token>
<token t_id="158" sentence="4" number="27">store</token>
<token t_id="159" sentence="4" number="28">and</token>
<token t_id="160" sentence="4" number="29">set</token>
<token t_id="161" sentence="4" number="30">fire</token>
<token t_id="162" sentence="4" number="31">to</token>
<token t_id="163" sentence="4" number="32">it</token>
<token t_id="164" sentence="4" number="33">before</token>
<token t_id="165" sentence="4" number="34">making</token>
<token t_id="166" sentence="4" number="35">off</token>
<token t_id="167" sentence="4" number="36">in</token>
<token t_id="168" sentence="4" number="37">another</token>
<token t_id="169" sentence="4" number="38">vehicle</token>
<token t_id="170" sentence="4" number="39">,</token>
<token t_id="171" sentence="4" number="40">Le</token>
<token t_id="172" sentence="4" number="41">Monde</token>
<token t_id="173" sentence="4" number="42">reported</token>
<token t_id="174" sentence="4" number="43">.</token>
<token t_id="175" sentence="5" number="0">The</token>
<token t_id="176" sentence="5" number="1">raid</token>
<token t_id="177" sentence="5" number="2">comes</token>
<token t_id="178" sentence="5" number="3">little</token>
<token t_id="179" sentence="5" number="4">over</token>
<token t_id="180" sentence="5" number="5">a</token>
<token t_id="181" sentence="5" number="6">month</token>
<token t_id="182" sentence="5" number="7">after</token>
<token t_id="183" sentence="5" number="8">a</token>
<token t_id="184" sentence="5" number="9">masked</token>
<token t_id="185" sentence="5" number="10">bandit</token>
<token t_id="186" sentence="5" number="11">made</token>
<token t_id="187" sentence="5" number="12">off</token>
<token t_id="188" sentence="5" number="13">with</token>
<token t_id="189" sentence="5" number="14">an</token>
<token t_id="190" sentence="5" number="15">$136M</token>
<token t_id="191" sentence="5" number="16">worth</token>
<token t_id="192" sentence="5" number="17">of</token>
<token t_id="193" sentence="5" number="18">diamonds</token>
<token t_id="194" sentence="5" number="19">and</token>
<token t_id="195" sentence="5" number="20">jewels</token>
<token t_id="196" sentence="5" number="21">from</token>
<token t_id="197" sentence="5" number="22">the</token>
<token t_id="198" sentence="5" number="23">Carlton</token>
<token t_id="199" sentence="5" number="24">Intercontinental</token>
<token t_id="200" sentence="5" number="25">Hotel</token>
<token t_id="201" sentence="5" number="26">in</token>
<token t_id="202" sentence="5" number="27">Cannes</token>
<token t_id="203" sentence="5" number="28">on</token>
<token t_id="204" sentence="5" number="29">the</token>
<token t_id="205" sentence="5" number="30">glamorous</token>
<token t_id="206" sentence="5" number="31">French</token>
<token t_id="207" sentence="5" number="32">Riviera</token>
<token t_id="208" sentence="5" number="33">,</token>
<token t_id="209" sentence="5" number="34">in</token>
<token t_id="210" sentence="5" number="35">possibly</token>
<token t_id="211" sentence="5" number="36">the</token>
<token t_id="212" sentence="5" number="37">world</token>
<token t_id="213" sentence="5" number="38">’</token>
<token t_id="214" sentence="5" number="39">s</token>
<token t_id="215" sentence="5" number="40">biggest</token>
<token t_id="216" sentence="5" number="41">heist</token>
<token t_id="217" sentence="5" number="42">.</token>
<token t_id="218" sentence="6" number="0">A</token>
<token t_id="219" sentence="6" number="1">lone</token>
<token t_id="220" sentence="6" number="2">robber</token>
<token t_id="221" sentence="6" number="3">entered</token>
<token t_id="222" sentence="6" number="4">through</token>
<token t_id="223" sentence="6" number="5">a</token>
<token t_id="224" sentence="6" number="6">French</token>
<token t_id="225" sentence="6" number="7">door</token>
<token t_id="226" sentence="6" number="8">at</token>
<token t_id="227" sentence="6" number="9">the</token>
<token t_id="228" sentence="6" number="10">side</token>
<token t_id="229" sentence="6" number="11">of</token>
<token t_id="230" sentence="6" number="12">the</token>
<token t_id="231" sentence="6" number="13">building</token>
<token t_id="232" sentence="6" number="14">on</token>
<token t_id="233" sentence="6" number="15">the</token>
<token t_id="234" sentence="6" number="16">famed</token>
<token t_id="235" sentence="6" number="17">La</token>
<token t_id="236" sentence="6" number="18">Croisette</token>
<token t_id="237" sentence="6" number="19">seafront</token>
<token t_id="238" sentence="6" number="20">,</token>
<token t_id="239" sentence="6" number="21">scooped</token>
<token t_id="240" sentence="6" number="22">up</token>
<token t_id="241" sentence="6" number="23">the</token>
<token t_id="242" sentence="6" number="24">loot</token>
<token t_id="243" sentence="6" number="25">and</token>
<token t_id="244" sentence="6" number="26">then</token>
<token t_id="245" sentence="6" number="27">jumped</token>
<token t_id="246" sentence="6" number="28">out</token>
<token t_id="247" sentence="6" number="29">of</token>
<token t_id="248" sentence="6" number="30">another</token>
<token t_id="249" sentence="6" number="31">window</token>
<token t_id="250" sentence="6" number="32">.</token>
<token t_id="251" sentence="7" number="0">Despite</token>
<token t_id="252" sentence="7" number="1">a</token>
<token t_id="253" sentence="7" number="2">huge</token>
<token t_id="254" sentence="7" number="3">police</token>
<token t_id="255" sentence="7" number="4">investigation</token>
<token t_id="256" sentence="7" number="5">,</token>
<token t_id="257" sentence="7" number="6">the</token>
<token t_id="258" sentence="7" number="7">audacious</token>
<token t_id="259" sentence="7" number="8">culprit</token>
<token t_id="260" sentence="7" number="9">remains</token>
<token t_id="261" sentence="7" number="10">at</token>
<token t_id="262" sentence="7" number="11">large</token>
<token t_id="263" sentence="7" number="12">.</token>
<token t_id="264" sentence="8" number="0">Thieves</token>
<token t_id="265" sentence="8" number="1">also</token>
<token t_id="266" sentence="8" number="2">targeted</token>
<token t_id="267" sentence="8" number="3">the</token>
<token t_id="268" sentence="8" number="4">annual</token>
<token t_id="269" sentence="8" number="5">Cannes</token>
<token t_id="270" sentence="8" number="6">film</token>
<token t_id="271" sentence="8" number="7">festival</token>
<token t_id="272" sentence="8" number="8">,</token>
<token t_id="273" sentence="8" number="9">stealing</token>
<token t_id="274" sentence="8" number="10">almost</token>
<token t_id="275" sentence="8" number="11">$2</token>
<token t_id="276" sentence="8" number="12">million</token>
<token t_id="277" sentence="8" number="13">of</token>
<token t_id="278" sentence="8" number="14">jewelry</token>
<token t_id="279" sentence="8" number="15">from</token>
<token t_id="280" sentence="8" number="16">the</token>
<token t_id="281" sentence="8" number="17">safe</token>
<token t_id="282" sentence="8" number="18">in</token>
<token t_id="283" sentence="8" number="19">the</token>
<token t_id="284" sentence="8" number="20">hotel</token>
<token t_id="285" sentence="8" number="21">room</token>
<token t_id="286" sentence="8" number="22">of</token>
<token t_id="287" sentence="8" number="23">an</token>
<token t_id="288" sentence="8" number="24">American</token>
<token t_id="289" sentence="8" number="25">jeweler</token>
<token t_id="290" sentence="8" number="26">working</token>
<token t_id="291" sentence="8" number="27">for</token>
<token t_id="292" sentence="8" number="28">Chopard</token>
<token t_id="293" sentence="8" number="29">,</token>
<token t_id="294" sentence="8" number="30">one</token>
<token t_id="295" sentence="8" number="31">of</token>
<token t_id="296" sentence="8" number="32">Switzerland</token>
<token t_id="297" sentence="8" number="33">’</token>
<token t_id="298" sentence="8" number="34">s</token>
<token t_id="299" sentence="8" number="35">most</token>
<token t_id="300" sentence="8" number="36">famous</token>
<token t_id="301" sentence="8" number="37">diamond</token>
<token t_id="302" sentence="8" number="38">merchants</token>
<token t_id="303" sentence="8" number="39">.</token>
<token t_id="304" sentence="9" number="0">Days</token>
<token t_id="305" sentence="9" number="1">later</token>
<token t_id="306" sentence="9" number="2">a</token>
<token t_id="307" sentence="9" number="3">$2</token>
<token t_id="308" sentence="9" number="4">.</token>
<token t_id="309" sentence="9" number="5">5</token>
<token t_id="310" sentence="9" number="6">million</token>
<token t_id="311" sentence="9" number="7">necklace</token>
<token t_id="312" sentence="9" number="8">was</token>
<token t_id="313" sentence="9" number="9">lifted</token>
<token t_id="314" sentence="9" number="10">by</token>
<token t_id="315" sentence="9" number="11">a</token>
<token t_id="316" sentence="9" number="12">crook</token>
<token t_id="317" sentence="9" number="13">at</token>
<token t_id="318" sentence="9" number="14">a</token>
<token t_id="319" sentence="9" number="15">movie</token>
<token t_id="320" sentence="9" number="16">industry</token>
<token t_id="321" sentence="9" number="17">party</token>
<token t_id="322" sentence="9" number="18">at</token>
<token t_id="323" sentence="9" number="19">the</token>
<token t_id="324" sentence="9" number="20">even</token>
<token t_id="325" sentence="9" number="21">more</token>
<token t_id="326" sentence="9" number="22">exclusive</token>
<token t_id="327" sentence="9" number="23">resort</token>
<token t_id="328" sentence="9" number="24">of</token>
<token t_id="329" sentence="9" number="25">Cap</token>
<token t_id="330" sentence="9" number="26">d</token>
<token t_id="331" sentence="9" number="27">’</token>
<token t_id="332" sentence="9" number="28">Antibes</token>
<token t_id="333" sentence="9" number="29">,</token>
<token t_id="334" sentence="9" number="30">near</token>
<token t_id="335" sentence="9" number="31">the</token>
<token t_id="336" sentence="9" number="32">Italian</token>
<token t_id="337" sentence="9" number="33">border</token>
<token t_id="338" sentence="9" number="34">.</token>
<Markables>
<ACTION_OCCURRENCE m_id="9"  >
  <token_anchor t_id="152"/>
</ACTION_OCCURRENCE>
<ACTION_OCCURRENCE m_id="10"  >
  <token_anchor t_id="160"/>
  <token_anchor t_id="161"/>
</ACTION_OCCURRENCE>
<ACTION_OCCURRENCE m_id="11"  >
  <token_anchor t_id="165"/>
  <token_anchor t_id="166"/>
</ACTION_OCCURRENCE>
<ACTION_OCCURRENCE m_id="1"  >
  <token_anchor t_id="29"/>
</ACTION_OCCURRENCE>
<ACTION_OCCURRENCE m_id="2"  >
  <token_anchor t_id="35"/>
</ACTION_OCCURRENCE>
<ACTION_OCCURRENCE m_id="3"  >
  <token_anchor t_id="39"/>
</ACTION_OCCURRENCE>
<ACTION_OCCURRENCE m_id="4"  >
  <token_anchor t_id="49"/>
  <token_anchor t_id="50"/>
</ACTION_OCCURRENCE>
<ACTION_OCCURRENCE m_id="5"  >
  <token_anchor t_id="55"/>
</ACTION_OCCURRENCE>
<ACTION_OCCURRENCE m_id="6"  >
  <token_anchor t_id="88"/>
</ACTION_OCCURRENCE>
<ACTION_OCCURRENCE m_id="7"  >
  <token_anchor t_id="132"/>
  <token_anchor t_id="133"/>
</ACTION_OCCURRENCE>
<ACTION_OCCURRENCE m_id="8"  >
  <token_anchor t_id="137"/>
</ACTION_OCCURRENCE>
<ACTION_REPORTING m_id="16"  >
  <token_anchor t_id="173"/>
</ACTION_REPORTING>
<ACTION_STATE m_id="32"  >
  <token_anchor t_id="119"/>
</ACTION_STATE>
<ACTION_STATE m_id="33"  >
  <token_anchor t_id="140"/>
</ACTION_STATE>
<HUMAN_PART_ORG m_id="12"  >
  <token_anchor t_id="171"/>
  <token_anchor t_id="172"/>
</HUMAN_PART_ORG>
<HUMAN_PART_PER m_id="13"  >
  <token_anchor t_id="23"/>
</HUMAN_PART_PER>
<HUMAN_PART_PER m_id="14"  >
  <token_anchor t_id="48"/>
</HUMAN_PART_PER>
<HUMAN_PART_PER m_id="15"  >
  <token_anchor t_id="87"/>
</HUMAN_PART_PER>
<LOC_FAC m_id="28"  >
  <token_anchor t_id="31"/>
  <token_anchor t_id="32"/>
  <token_anchor t_id="33"/>
</LOC_FAC>
<LOC_FAC m_id="29"  >
  <token_anchor t_id="42"/>
  <token_anchor t_id="43"/>
  <token_anchor t_id="44"/>
  <token_anchor t_id="45"/>
</LOC_FAC>
<LOC_FAC m_id="30"  >
  <token_anchor t_id="157"/>
  <token_anchor t_id="158"/>
</LOC_FAC>
<LOC_FAC m_id="31"  >
  <token_anchor t_id="95"/>
  <token_anchor t_id="96"/>
  <token_anchor t_id="97"/>
  <token_anchor t_id="98"/>
  <token_anchor t_id="99"/>
  <token_anchor t_id="100"/>
  <token_anchor t_id="101"/>
  <token_anchor t_id="102"/>
  <token_anchor t_id="103"/>
  <token_anchor t_id="104"/>
  <token_anchor t_id="105"/>
  <token_anchor t_id="106"/>
  <token_anchor t_id="107"/>
  <token_anchor t_id="108"/>
  <token_anchor t_id="109"/>
  <token_anchor t_id="110"/>
  <token_anchor t_id="111"/>
  <token_anchor t_id="112"/>
  <token_anchor t_id="113"/>
  <token_anchor t_id="114"/>
  <token_anchor t_id="115"/>
  <token_anchor t_id="116"/>
</LOC_FAC>
<NON_HUMAN_PART m_id="17"  >
  <token_anchor t_id="134"/>
</NON_HUMAN_PART>
<NON_HUMAN_PART m_id="18"  >
  <token_anchor t_id="136"/>
</NON_HUMAN_PART>
<NON_HUMAN_PART m_id="19"  >
  <token_anchor t_id="154"/>
</NON_HUMAN_PART>
<NON_HUMAN_PART m_id="20"  >
  <token_anchor t_id="169"/>
</NON_HUMAN_PART>
<NON_HUMAN_PART m_id="21"  >
  <token_anchor t_id="52"/>
</NON_HUMAN_PART>
<NON_HUMAN_PART m_id="22"  >
  <token_anchor t_id="54"/>
</NON_HUMAN_PART>
<NON_HUMAN_PART m_id="23"  >
  <token_anchor t_id="90"/>
</NON_HUMAN_PART>
<NON_HUMAN_PART m_id="24"  >
  <token_anchor t_id="129"/>
</NON_HUMAN_PART>
<NON_HUMAN_PART m_id="25"  >
  <token_anchor t_id="124"/>
</NON_HUMAN_PART>
<TIME_OF_THE_DAY m_id="26"  >
  <token_anchor t_id="65"/>
  <token_anchor t_id="66"/>
  <token_anchor t_id="67"/>
  <token_anchor t_id="68"/>
  <token_anchor t_id="69"/>
  <token_anchor t_id="70"/>
  <token_anchor t_id="71"/>
  <token_anchor t_id="72"/>
  <token_anchor t_id="73"/>
  <token_anchor t_id="74"/>
  <token_anchor t_id="75"/>
  <token_anchor t_id="76"/>
  <token_anchor t_id="77"/>
  <token_anchor t_id="78"/>
  <token_anchor t_id="79"/>
  <token_anchor t_id="80"/>
  <token_anchor t_id="81"/>
  <token_anchor t_id="82"/>
  <token_anchor t_id="83"/>
  <token_anchor t_id="84"/>
</TIME_OF_THE_DAY>
<NON_HUMAN_PART m_id="40" note="byCROMER" >
  <token_anchor t_id="58"/>
  <token_anchor t_id="59"/>
  <token_anchor t_id="60"/>
  <token_anchor t_id="61"/>
</NON_HUMAN_PART>
<HUMAN_PART_PER m_id="41" note="byCROMER" >
  <token_anchor t_id="151"/>
</HUMAN_PART_PER>
<TIME_DATE m_id="42" note="byCROMER" >
  <token_anchor t_id="62"/>
  <token_anchor t_id="63"/>
</TIME_DATE>
<NON_HUMAN_PART m_id="43" note="byCROMER" >
  <token_anchor t_id="141"/>
  <token_anchor t_id="142"/>
  <token_anchor t_id="143"/>
</NON_HUMAN_PART>
<NON_HUMAN_PART m_id="44" note="byCROMER" >
  <token_anchor t_id="163"/>
</NON_HUMAN_PART>


<NON_HUMAN_PART m_id="50" RELATED_TO="" TAG_DESCRIPTOR="t24_4x4" instance_id="NON18316889977087247" />
<NON_HUMAN_PART m_id="49" RELATED_TO="" TAG_DESCRIPTOR="t24_another_car" instance_id="NON28445061380586133" />
<ACTION_OCCURRENCE m_id="48" RELATED_TO="" TAG_DESCRIPTOR="t24_heist" instance_id="ACT18316597331822467" />
<NON_HUMAN_PART m_id="47" RELATED_TO="" TAG_DESCRIPTOR="t24_two_million" instance_id="NON18316939477367750" />
<ACTION_OCCURRENCE m_id="46" RELATED_TO="" TAG_DESCRIPTOR="t24_crashed" instance_id="ACT18316906146581222" />
<TIME_DATE m_id="45" RELATED_TO="" TAG_DESCRIPTOR="t24_9_sep" instance_id="TIM18317089437206282" />
<NON_HUMAN_PART m_id="57" RELATED_TO="" TAG_DESCRIPTOR="t24_jewellery" instance_id="NON18316866714096124" />
<ACTION_OCCURRENCE m_id="56" RELATED_TO="" TAG_DESCRIPTOR="t24_car_fire" instance_id="ACT28443135297370505" />
<NON_HUMAN_PART m_id="55" RELATED_TO="" TAG_DESCRIPTOR="t24_watches" instance_id="NON18316878143147711" />
<ACTION_OCCURRENCE m_id="54" RELATED_TO="" TAG_DESCRIPTOR="t24_making_off" instance_id="ACT18316723503733222" />
<HUMAN_PART_PER m_id="53" RELATED_TO="" TAG_DESCRIPTOR="t24_thieves" instance_id="HUM18316922352936729" />
<ACTION_OCCURRENCE m_id="52" RELATED_TO="" TAG_DESCRIPTOR="t24_stole" instance_id="ACT18316607728005315" />
<LOC_FAC m_id="51" RELATED_TO="" TAG_DESCRIPTOR="t24_store" instance_id="LOC18316780390763009" />
</Markables>

<Relations>
<CROSS_DOC_COREF r_id="41463" note="TIM18317089437206282" >
  <source m_id="42" />
  <target m_id="45" />
</CROSS_DOC_COREF>
<CROSS_DOC_COREF r_id="41464" note="ACT18316906146581222" >
  <source m_id="2" />
  <source m_id="6" />
  <target m_id="46" />
</CROSS_DOC_COREF>
<CROSS_DOC_COREF r_id="41465" note="NON18316939477367750" >
  <source m_id="40" />
  <source m_id="43" />
  <target m_id="47" />
</CROSS_DOC_COREF>
<CROSS_DOC_COREF r_id="41466" note="ACT18316597331822467" >
  <source m_id="1" />
  <target m_id="48" />
</CROSS_DOC_COREF>
<CROSS_DOC_COREF r_id="41467" note="NON28445061380586133" >
  <source m_id="20" />
  <target m_id="49" />
</CROSS_DOC_COREF>
<CROSS_DOC_COREF r_id="41468" note="NON18316889977087247" >
  <source m_id="19" />
  <source m_id="23" />
  <source m_id="44" />
  <target m_id="50" />
</CROSS_DOC_COREF>
<CROSS_DOC_COREF r_id="41469" note="LOC18316780390763009" >
  <source m_id="31" />
  <source m_id="28" />
  <source m_id="29" />
  <source m_id="30" />
  <target m_id="51" />
</CROSS_DOC_COREF>
<CROSS_DOC_COREF r_id="41470" note="ACT18316607728005315" >
  <source m_id="3" />
  <source m_id="7" />
  <target m_id="52" />
</CROSS_DOC_COREF>
<CROSS_DOC_COREF r_id="41471" note="HUM18316922352936729" >
  <source m_id="41" />
  <source m_id="15" />
  <source m_id="14" />
  <source m_id="13" />
  <target m_id="53" />
</CROSS_DOC_COREF>
<CROSS_DOC_COREF r_id="41472" note="ACT18316723503733222" >
  <source m_id="4" />
  <source m_id="11" />
  <target m_id="54" />
</CROSS_DOC_COREF>
<CROSS_DOC_COREF r_id="41473" note="NON18316878143147711" >
  <source m_id="18" />
  <source m_id="22" />
  <target m_id="55" />
</CROSS_DOC_COREF>
<CROSS_DOC_COREF r_id="41474" note="ACT28443135297370505" >
  <source m_id="10" />
  <target m_id="56" />
</CROSS_DOC_COREF>
<CROSS_DOC_COREF r_id="41475" note="NON18316866714096124" >
  <source m_id="17" />
  <source m_id="21" />
  <target m_id="57" />
</CROSS_DOC_COREF>

</Relations>
</Document>
