<Document doc_name="24_9ecb.xml" doc_id="DOC15654730490230323">
<token t_id="1" sentence="0" number="0">Daring</token>
<token t_id="2" sentence="0" number="1">Diamond</token>
<token t_id="3" sentence="0" number="2">Heist</token>
<token t_id="4" sentence="0" number="3">in</token>
<token t_id="5" sentence="0" number="4">Downtown</token>
<token t_id="6" sentence="0" number="5">Paris</token>
<token t_id="7" sentence="1" number="0">At</token>
<token t_id="8" sentence="1" number="1">5:30</token>
<token t_id="9" sentence="1" number="2">p.m</token>
<token t_id="10" sentence="1" number="3">.</token>
<token t_id="11" sentence="1" number="4">,</token>
<token t_id="12" sentence="1" number="5">four</token>
<token t_id="13" sentence="1" number="6">armed</token>
<token t_id="14" sentence="1" number="7">robbers</token>
<token t_id="15" sentence="1" number="8">,</token>
<token t_id="16" sentence="1" number="9">some</token>
<token t_id="17" sentence="1" number="10">reportedly</token>
<token t_id="18" sentence="1" number="11">dressed</token>
<token t_id="19" sentence="1" number="12">in</token>
<token t_id="20" sentence="1" number="13">drag</token>
<token t_id="21" sentence="1" number="14">,</token>
<token t_id="22" sentence="1" number="15">entered</token>
<token t_id="23" sentence="1" number="16">the</token>
<token t_id="24" sentence="1" number="17">store</token>
<token t_id="25" sentence="1" number="18">on</token>
<token t_id="26" sentence="1" number="19">the</token>
<token t_id="27" sentence="1" number="20">chic</token>
<token t_id="28" sentence="1" number="21">Avenue</token>
<token t_id="29" sentence="1" number="22">Montaigne</token>
<token t_id="30" sentence="1" number="23">,</token>
<token t_id="31" sentence="1" number="24">off</token>
<token t_id="32" sentence="1" number="25">the</token>
<token t_id="33" sentence="1" number="26">Champs</token>
<token t_id="34" sentence="1" number="27">Elysees</token>
<token t_id="35" sentence="1" number="28">in</token>
<token t_id="36" sentence="1" number="29">central</token>
<token t_id="37" sentence="1" number="30">Paris</token>
<token t_id="38" sentence="1" number="31">,</token>
<token t_id="39" sentence="1" number="32">a</token>
<token t_id="40" sentence="1" number="33">heavily</token>
<token t_id="41" sentence="1" number="34">patrolled</token>
<token t_id="42" sentence="1" number="35">area</token>
<token t_id="43" sentence="1" number="36">less</token>
<token t_id="44" sentence="1" number="37">than</token>
<token t_id="45" sentence="1" number="38">330</token>
<token t_id="46" sentence="1" number="39">feet</token>
<token t_id="47" sentence="1" number="40">from</token>
<token t_id="48" sentence="1" number="41">a</token>
<token t_id="49" sentence="1" number="42">police</token>
<token t_id="50" sentence="1" number="43">station</token>
<token t_id="51" sentence="1" number="44">.</token>
<Markables>
<ACTION_OCCURRENCE m_id="13"  >
  <token_anchor t_id="3"/>
</ACTION_OCCURRENCE>
<ACTION_OCCURRENCE m_id="14"  >
  <token_anchor t_id="18"/>
</ACTION_OCCURRENCE>
<ACTION_OCCURRENCE m_id="15"  >
  <token_anchor t_id="22"/>
</ACTION_OCCURRENCE>
<HUMAN_PART_PER m_id="18"  >
  <token_anchor t_id="14"/>
</HUMAN_PART_PER>
<HUMAN_PART_PER m_id="19"  >
  <token_anchor t_id="16"/>
</HUMAN_PART_PER>
<LOC_FAC m_id="21"  >
  <token_anchor t_id="48"/>
  <token_anchor t_id="49"/>
  <token_anchor t_id="50"/>
</LOC_FAC>
<LOC_FAC m_id="22"  >
  <token_anchor t_id="42"/>
</LOC_FAC>
<LOC_FAC m_id="20"  >
  <token_anchor t_id="23"/>
  <token_anchor t_id="24"/>
  <token_anchor t_id="25"/>
  <token_anchor t_id="26"/>
  <token_anchor t_id="27"/>
  <token_anchor t_id="28"/>
  <token_anchor t_id="29"/>
  <token_anchor t_id="30"/>
  <token_anchor t_id="31"/>
  <token_anchor t_id="32"/>
  <token_anchor t_id="33"/>
  <token_anchor t_id="34"/>
  <token_anchor t_id="35"/>
  <token_anchor t_id="36"/>
  <token_anchor t_id="37"/>
</LOC_FAC>
<LOC_GEO m_id="16"  >
  <token_anchor t_id="4"/>
  <token_anchor t_id="5"/>
  <token_anchor t_id="6"/>
</LOC_GEO>
<TIME_OF_THE_DAY m_id="17"  >
  <token_anchor t_id="7"/>
  <token_anchor t_id="8"/>
  <token_anchor t_id="9"/>
</TIME_OF_THE_DAY>




<LOC_FAC m_id="28" RELATED_TO="" TAG_DESCRIPTOR="t24b_boutique" instance_id="LOC18318468151124403" />
<LOC_GEO m_id="27" RELATED_TO="" TAG_DESCRIPTOR="t24_central_paris" instance_id="LOC18316830192392387" />
<ACTION_OCCURRENCE m_id="26" RELATED_TO="" TAG_DESCRIPTOR="t24b_dressed" instance_id="ACT18318742720638171" />
<TIME_OF_THE_DAY m_id="25" RELATED_TO="" TAG_DESCRIPTOR="t24b_late_thursday" instance_id="TIM18318870850066558" />
<ACTION_OCCURRENCE m_id="24" RELATED_TO="" TAG_DESCRIPTOR="t24b_robbery" instance_id="ACT18319049821521663" />
<HUMAN_PART_PER m_id="23" RELATED_TO="" TAG_DESCRIPTOR="t24b_robbers" instance_id="HUM18318452306120227" />
</Markables>

<Relations>
<CROSS_DOC_COREF r_id="32860" note="HUM18318452306120227" >
  <source m_id="18" />
  <target m_id="23" />
</CROSS_DOC_COREF>
<CROSS_DOC_COREF r_id="32861" note="ACT18319049821521663" >
  <source m_id="13" />
  <target m_id="24" />
</CROSS_DOC_COREF>
<CROSS_DOC_COREF r_id="32862" note="TIM18318870850066558" >
  <source m_id="17" />
  <target m_id="25" />
</CROSS_DOC_COREF>
<CROSS_DOC_COREF r_id="32863" note="ACT18318742720638171" >
  <source m_id="14" />
  <target m_id="26" />
</CROSS_DOC_COREF>
<CROSS_DOC_COREF r_id="32864" note="LOC18316830192392387" >
  <source m_id="16" />
  <target m_id="27" />
</CROSS_DOC_COREF>
<CROSS_DOC_COREF r_id="32865" note="LOC18318468151124403" >
  <source m_id="20" />
  <target m_id="28" />
</CROSS_DOC_COREF>

</Relations>
</Document>
