<Document doc_name="19_14ecb.xml" doc_id="DOC15654491861317357">
<token t_id="1" sentence="0" number="0">Fury</token>
<token t_id="2" sentence="0" number="1">at</token>
<token t_id="3" sentence="0" number="2">report</token>
<token t_id="4" sentence="0" number="3">clearing</token>
<token t_id="5" sentence="0" number="4">Greek</token>
<token t_id="6" sentence="0" number="5">police</token>
<token t_id="7" sentence="0" number="6">over</token>
<token t_id="8" sentence="0" number="7">death</token>
<token t_id="9" sentence="0" number="8">of</token>
<token t_id="10" sentence="0" number="9">schoolboy</token>
<token t_id="11" sentence="1" number="0">Greeks</token>
<token t_id="12" sentence="1" number="1">have</token>
<token t_id="13" sentence="1" number="2">reacted</token>
<token t_id="14" sentence="1" number="3">with</token>
<token t_id="15" sentence="1" number="4">fury</token>
<token t_id="16" sentence="1" number="5">to</token>
<token t_id="17" sentence="1" number="6">an</token>
<token t_id="18" sentence="1" number="7">official</token>
<token t_id="19" sentence="1" number="8">report</token>
<token t_id="20" sentence="1" number="9">which</token>
<token t_id="21" sentence="1" number="10">concluded</token>
<token t_id="22" sentence="1" number="11">a</token>
<token t_id="23" sentence="1" number="12">schoolboy</token>
<token t_id="24" sentence="1" number="13">whose</token>
<token t_id="25" sentence="1" number="14">death</token>
<token t_id="26" sentence="1" number="15">triggered</token>
<token t_id="27" sentence="1" number="16">riots</token>
<token t_id="28" sentence="1" number="17">across</token>
<token t_id="29" sentence="1" number="18">the</token>
<token t_id="30" sentence="1" number="19">country</token>
<token t_id="31" sentence="1" number="20">was</token>
<token t_id="32" sentence="1" number="21">killed</token>
<token t_id="33" sentence="1" number="22">by</token>
<token t_id="34" sentence="1" number="23">an</token>
<token t_id="35" sentence="1" number="24">accidental</token>
<token t_id="36" sentence="1" number="25">ricochet</token>
<token t_id="37" sentence="1" number="26">.</token>
<token t_id="38" sentence="2" number="0">The</token>
<token t_id="39" sentence="2" number="1">finding</token>
<token t_id="40" sentence="2" number="2">came</token>
<token t_id="41" sentence="2" number="3">as</token>
<token t_id="42" sentence="2" number="4">a</token>
<token t_id="43" sentence="2" number="5">nationwide</token>
<token t_id="44" sentence="2" number="6">strike</token>
<token t_id="45" sentence="2" number="7">paralysed</token>
<token t_id="46" sentence="2" number="8">Greece</token>
<token t_id="47" sentence="2" number="9">,</token>
<token t_id="48" sentence="2" number="10">with</token>
<token t_id="49" sentence="2" number="11">banks</token>
<token t_id="50" sentence="2" number="12">,</token>
<token t_id="51" sentence="2" number="13">schools</token>
<token t_id="52" sentence="2" number="14">and</token>
<token t_id="53" sentence="2" number="15">shops</token>
<token t_id="54" sentence="2" number="16">closed</token>
<token t_id="55" sentence="2" number="17">,</token>
<token t_id="56" sentence="2" number="18">flights</token>
<token t_id="57" sentence="2" number="19">in</token>
<token t_id="58" sentence="2" number="20">and</token>
<token t_id="59" sentence="2" number="21">out</token>
<token t_id="60" sentence="2" number="22">of</token>
<token t_id="61" sentence="2" number="23">the</token>
<token t_id="62" sentence="2" number="24">country</token>
<token t_id="63" sentence="2" number="25">halted</token>
<token t_id="64" sentence="2" number="26">and</token>
<token t_id="65" sentence="2" number="27">even</token>
<token t_id="66" sentence="2" number="28">the</token>
<token t_id="67" sentence="2" number="29">Parthenon</token>
<token t_id="68" sentence="2" number="30">barred</token>
<token t_id="69" sentence="2" number="31">to</token>
<token t_id="70" sentence="2" number="32">tourists</token>
<token t_id="71" sentence="2" number="33">.</token>
<token t_id="72" sentence="3" number="0">The</token>
<token t_id="73" sentence="3" number="1">fatal</token>
<token t_id="74" sentence="3" number="2">shooting</token>
<token t_id="75" sentence="3" number="3">of</token>
<token t_id="76" sentence="3" number="4">Alexis</token>
<token t_id="77" sentence="3" number="5">Grigoropoulos</token>
<token t_id="78" sentence="3" number="6">,</token>
<token t_id="79" sentence="3" number="7">15</token>
<token t_id="80" sentence="3" number="8">,</token>
<token t_id="81" sentence="3" number="9">on</token>
<token t_id="82" sentence="3" number="10">Saturday</token>
<token t_id="83" sentence="3" number="11">sparked</token>
<token t_id="84" sentence="3" number="12">five</token>
<token t_id="85" sentence="3" number="13">days</token>
<token t_id="86" sentence="3" number="14">of</token>
<token t_id="87" sentence="3" number="15">riots</token>
<token t_id="88" sentence="3" number="16">and</token>
<token t_id="89" sentence="3" number="17">demonstrations</token>
<token t_id="90" sentence="3" number="18">across</token>
<token t_id="91" sentence="3" number="19">Greece</token>
<token t_id="92" sentence="3" number="20">after</token>
<token t_id="93" sentence="3" number="21">witnesses</token>
<token t_id="94" sentence="3" number="22">claimed</token>
<token t_id="95" sentence="3" number="23">that</token>
<token t_id="96" sentence="3" number="24">the</token>
<token t_id="97" sentence="3" number="25">police</token>
<token t_id="98" sentence="3" number="26">officer</token>
<token t_id="99" sentence="3" number="27">deliberately</token>
<token t_id="100" sentence="3" number="28">took</token>
<token t_id="101" sentence="3" number="29">aim</token>
<token t_id="102" sentence="3" number="30">at</token>
<token t_id="103" sentence="3" number="31">the</token>
<token t_id="104" sentence="3" number="32">teenager</token>
<token t_id="105" sentence="3" number="33">.</token>
<token t_id="106" sentence="4" number="0">But</token>
<token t_id="107" sentence="4" number="1">the</token>
<token t_id="108" sentence="4" number="2">lawyer</token>
<token t_id="109" sentence="4" number="3">acting</token>
<token t_id="110" sentence="4" number="4">for</token>
<token t_id="111" sentence="4" number="5">the</token>
<token t_id="112" sentence="4" number="6">officer</token>
<token t_id="113" sentence="4" number="7">,</token>
<token t_id="114" sentence="4" number="8">who</token>
<token t_id="115" sentence="4" number="9">has</token>
<token t_id="116" sentence="4" number="10">been</token>
<token t_id="117" sentence="4" number="11">charged</token>
<token t_id="118" sentence="4" number="12">with</token>
<token t_id="119" sentence="4" number="13">murder</token>
<token t_id="120" sentence="4" number="14">,</token>
<token t_id="121" sentence="4" number="15">said</token>
<token t_id="122" sentence="4" number="16">that</token>
<token t_id="123" sentence="4" number="17">initial</token>
<token t_id="124" sentence="4" number="18">results</token>
<token t_id="125" sentence="4" number="19">from</token>
<token t_id="126" sentence="4" number="20">a</token>
<token t_id="127" sentence="4" number="21">post-mortem</token>
<token t_id="128" sentence="4" number="22">showed</token>
<token t_id="129" sentence="4" number="23">that</token>
<token t_id="130" sentence="4" number="24">the</token>
<token t_id="131" sentence="4" number="25">boy</token>
<token t_id="132" sentence="4" number="26">was</token>
<token t_id="133" sentence="4" number="27">accidentally</token>
<token t_id="134" sentence="4" number="28">hit</token>
<token t_id="135" sentence="4" number="29">by</token>
<token t_id="136" sentence="4" number="30">a</token>
<token t_id="137" sentence="4" number="31">ricochet</token>
<token t_id="138" sentence="4" number="32">.</token>
<token t_id="139" sentence="5" number="0">Forensic</token>
<token t_id="140" sentence="5" number="1">experts</token>
<token t_id="141" sentence="5" number="2">said</token>
<token t_id="142" sentence="5" number="3">the</token>
<token t_id="143" sentence="5" number="4">bullet</token>
<token t_id="144" sentence="5" number="5">was</token>
<token t_id="145" sentence="5" number="6">``</token>
<token t_id="146" sentence="5" number="7">a</token>
<token t_id="147" sentence="5" number="8">bit</token>
<token t_id="148" sentence="5" number="9">deformed</token>
<token t_id="149" sentence="5" number="10">''</token>
<token t_id="150" sentence="5" number="11">,</token>
<token t_id="151" sentence="5" number="12">suggesting</token>
<token t_id="152" sentence="5" number="13">that</token>
<token t_id="153" sentence="5" number="14">it</token>
<token t_id="154" sentence="5" number="15">had</token>
<token t_id="155" sentence="5" number="16">bounced</token>
<token t_id="156" sentence="5" number="17">off</token>
<token t_id="157" sentence="5" number="18">a</token>
<token t_id="158" sentence="5" number="19">hard</token>
<token t_id="159" sentence="5" number="20">surface</token>
<token t_id="160" sentence="5" number="21">before</token>
<token t_id="161" sentence="5" number="22">hitting</token>
<token t_id="162" sentence="5" number="23">Grigoropoulos</token>
<token t_id="163" sentence="5" number="24">in</token>
<token t_id="164" sentence="5" number="25">the</token>
<token t_id="165" sentence="5" number="26">chest</token>
<token t_id="166" sentence="5" number="27">.</token>
<token t_id="167" sentence="6" number="0">Lawyer</token>
<token t_id="168" sentence="6" number="1">Alexis</token>
<token t_id="169" sentence="6" number="2">Kougias</token>
<token t_id="170" sentence="6" number="3">said</token>
<token t_id="171" sentence="6" number="4">:</token>
<token t_id="172" sentence="6" number="5">``</token>
<token t_id="173" sentence="6" number="6">This</token>
<token t_id="174" sentence="6" number="7">tragedy</token>
<token t_id="175" sentence="6" number="8">is</token>
<token t_id="176" sentence="6" number="9">the</token>
<token t_id="177" sentence="6" number="10">result</token>
<token t_id="178" sentence="6" number="11">...</token>
<token t_id="179" sentence="6" number="12">of</token>
<token t_id="180" sentence="6" number="13">an</token>
<token t_id="181" sentence="6" number="14">act</token>
<token t_id="182" sentence="6" number="15">by</token>
<token t_id="183" sentence="6" number="16">the</token>
<token t_id="184" sentence="6" number="17">policeman</token>
<token t_id="185" sentence="6" number="18">to</token>
<token t_id="186" sentence="6" number="19">fire</token>
<token t_id="187" sentence="6" number="20">into</token>
<token t_id="188" sentence="6" number="21">the</token>
<token t_id="189" sentence="6" number="22">air</token>
<token t_id="190" sentence="6" number="23">.</token>
<token t_id="191" sentence="7" number="0">The</token>
<token t_id="192" sentence="7" number="1">bullet</token>
<token t_id="193" sentence="7" number="2">ricocheted</token>
<token t_id="194" sentence="7" number="3">,</token>
<token t_id="195" sentence="7" number="4">we</token>
<token t_id="196" sentence="7" number="5">have</token>
<token t_id="197" sentence="7" number="6">an</token>
<token t_id="198" sentence="7" number="7">entry</token>
<token t_id="199" sentence="7" number="8">wound</token>
<token t_id="200" sentence="7" number="9">from</token>
<token t_id="201" sentence="7" number="10">above</token>
<token t_id="202" sentence="7" number="11">.</token>
<token t_id="203" sentence="8" number="0">It</token>
<token t_id="204" sentence="8" number="1">proves</token>
<token t_id="205" sentence="8" number="2">irrefutably</token>
<token t_id="206" sentence="8" number="3">that</token>
<token t_id="207" sentence="8" number="4">it</token>
<token t_id="208" sentence="8" number="5">was</token>
<token t_id="209" sentence="8" number="6">a</token>
<token t_id="210" sentence="8" number="7">ricochet</token>
<token t_id="211" sentence="8" number="8">.</token>
<token t_id="212" sentence="8" number="9">''</token>
<token t_id="213" sentence="9" number="0">But</token>
<token t_id="214" sentence="9" number="1">the</token>
<token t_id="215" sentence="9" number="2">tens</token>
<token t_id="216" sentence="9" number="3">of</token>
<token t_id="217" sentence="9" number="4">thousands</token>
<token t_id="218" sentence="9" number="5">of</token>
<token t_id="219" sentence="9" number="6">students</token>
<token t_id="220" sentence="9" number="7">who</token>
<token t_id="221" sentence="9" number="8">have</token>
<token t_id="222" sentence="9" number="9">taken</token>
<token t_id="223" sentence="9" number="10">to</token>
<token t_id="224" sentence="9" number="11">the</token>
<token t_id="225" sentence="9" number="12">streets</token>
<token t_id="226" sentence="9" number="13">of</token>
<token t_id="227" sentence="9" number="14">a</token>
<token t_id="228" sentence="9" number="15">dozen</token>
<token t_id="229" sentence="9" number="16">Greek</token>
<token t_id="230" sentence="9" number="17">cities</token>
<token t_id="231" sentence="9" number="18">this</token>
<token t_id="232" sentence="9" number="19">week</token>
<token t_id="233" sentence="9" number="20">have</token>
<token t_id="234" sentence="9" number="21">pointed</token>
<token t_id="235" sentence="9" number="22">out</token>
<token t_id="236" sentence="9" number="23">similarities</token>
<token t_id="237" sentence="9" number="24">to</token>
<token t_id="238" sentence="9" number="25">the</token>
<token t_id="239" sentence="9" number="26">case</token>
<token t_id="240" sentence="9" number="27">of</token>
<token t_id="241" sentence="9" number="28">another</token>
<token t_id="242" sentence="9" number="29">15-year-old</token>
<token t_id="243" sentence="9" number="30">,</token>
<token t_id="244" sentence="9" number="31">Michalis</token>
<token t_id="245" sentence="9" number="32">Kaltezas</token>
<token t_id="246" sentence="9" number="33">,</token>
<token t_id="247" sentence="9" number="34">who</token>
<token t_id="248" sentence="9" number="35">was</token>
<token t_id="249" sentence="9" number="36">killed</token>
<token t_id="250" sentence="9" number="37">by</token>
<token t_id="251" sentence="9" number="38">an</token>
<token t_id="252" sentence="9" number="39">officer</token>
<token t_id="253" sentence="9" number="40">during</token>
<token t_id="254" sentence="9" number="41">a</token>
<token t_id="255" sentence="9" number="42">demonstration</token>
<token t_id="256" sentence="9" number="43">in</token>
<token t_id="257" sentence="9" number="44">Athens</token>
<token t_id="258" sentence="9" number="45">in</token>
<token t_id="259" sentence="9" number="46">1985</token>
<token t_id="260" sentence="9" number="47">.</token>
<token t_id="261" sentence="10" number="0">The</token>
<token t_id="262" sentence="10" number="1">officer</token>
<token t_id="263" sentence="10" number="2">accused</token>
<token t_id="264" sentence="10" number="3">of</token>
<token t_id="265" sentence="10" number="4">shooting</token>
<token t_id="266" sentence="10" number="5">him</token>
<token t_id="267" sentence="10" number="6">in</token>
<token t_id="268" sentence="10" number="7">the</token>
<token t_id="269" sentence="10" number="8">back</token>
<token t_id="270" sentence="10" number="9">of</token>
<token t_id="271" sentence="10" number="10">the</token>
<token t_id="272" sentence="10" number="11">head</token>
<token t_id="273" sentence="10" number="12">was</token>
<token t_id="274" sentence="10" number="13">initially</token>
<token t_id="275" sentence="10" number="14">convicted</token>
<token t_id="276" sentence="10" number="15">of</token>
<token t_id="277" sentence="10" number="16">murder</token>
<token t_id="278" sentence="10" number="17">but</token>
<token t_id="279" sentence="10" number="18">was</token>
<token t_id="280" sentence="10" number="19">later</token>
<token t_id="281" sentence="10" number="20">found</token>
<token t_id="282" sentence="10" number="21">innocent</token>
<token t_id="283" sentence="10" number="22">after</token>
<token t_id="284" sentence="10" number="23">an</token>
<token t_id="285" sentence="10" number="24">appeal</token>
<token t_id="286" sentence="10" number="25">.</token>
<token t_id="287" sentence="11" number="0">Anthony</token>
<token t_id="288" sentence="11" number="1">Livanios</token>
<token t_id="289" sentence="11" number="2">,</token>
<token t_id="290" sentence="11" number="3">a</token>
<token t_id="291" sentence="11" number="4">political</token>
<token t_id="292" sentence="11" number="5">analyst</token>
<token t_id="293" sentence="11" number="6">and</token>
<token t_id="294" sentence="11" number="7">pollster</token>
<token t_id="295" sentence="11" number="8">,</token>
<token t_id="296" sentence="11" number="9">said</token>
<token t_id="297" sentence="11" number="10">:</token>
<token t_id="298" sentence="11" number="11">``</token>
<token t_id="299" sentence="11" number="12">People</token>
<token t_id="300" sentence="11" number="13">will</token>
<token t_id="301" sentence="11" number="14">not</token>
<token t_id="302" sentence="11" number="15">buy</token>
<token t_id="303" sentence="11" number="16">it</token>
<token t_id="304" sentence="11" number="17">and</token>
<token t_id="305" sentence="11" number="18">there</token>
<token t_id="306" sentence="11" number="19">'s</token>
<token t_id="307" sentence="11" number="20">a</token>
<token t_id="308" sentence="11" number="21">possibility</token>
<token t_id="309" sentence="11" number="22">that</token>
<token t_id="310" sentence="11" number="23">it</token>
<token t_id="311" sentence="11" number="24">will</token>
<token t_id="312" sentence="11" number="25">make</token>
<token t_id="313" sentence="11" number="26">things</token>
<token t_id="314" sentence="11" number="27">worse</token>
<token t_id="315" sentence="11" number="28">.</token>
<token t_id="316" sentence="12" number="0">It</token>
<token t_id="317" sentence="12" number="1">will</token>
<token t_id="318" sentence="12" number="2">be</token>
<token t_id="319" sentence="12" number="3">met</token>
<token t_id="320" sentence="12" number="4">with</token>
<token t_id="321" sentence="12" number="5">cynicism</token>
<token t_id="322" sentence="12" number="6">.</token>
<token t_id="323" sentence="13" number="0">Even</token>
<token t_id="324" sentence="13" number="1">if</token>
<token t_id="325" sentence="13" number="2">it</token>
<token t_id="326" sentence="13" number="3">'s</token>
<token t_id="327" sentence="13" number="4">true</token>
<token t_id="328" sentence="13" number="5">,</token>
<token t_id="329" sentence="13" number="6">which</token>
<token t_id="330" sentence="13" number="7">it</token>
<token t_id="331" sentence="13" number="8">might</token>
<token t_id="332" sentence="13" number="9">be</token>
<token t_id="333" sentence="13" number="10">,</token>
<token t_id="334" sentence="13" number="11">it</token>
<token t_id="335" sentence="13" number="12">will</token>
<token t_id="336" sentence="13" number="13">be</token>
<token t_id="337" sentence="13" number="14">seen</token>
<token t_id="338" sentence="13" number="15">as</token>
<token t_id="339" sentence="13" number="16">a</token>
<token t_id="340" sentence="13" number="17">cover-up</token>
<token t_id="341" sentence="13" number="18">.</token>
<token t_id="342" sentence="13" number="19">''</token>
<token t_id="343" sentence="14" number="0">Protesters</token>
<token t_id="344" sentence="14" number="1">threw</token>
<token t_id="345" sentence="14" number="2">two</token>
<token t_id="346" sentence="14" number="3">petrol</token>
<token t_id="347" sentence="14" number="4">bombs</token>
<token t_id="348" sentence="14" number="5">at</token>
<token t_id="349" sentence="14" number="6">Athens</token>
<token t_id="350" sentence="14" number="7">'s</token>
<token t_id="351" sentence="14" number="8">main</token>
<token t_id="352" sentence="14" number="9">courthouse</token>
<token t_id="353" sentence="14" number="10">where</token>
<token t_id="354" sentence="14" number="11">the</token>
<token t_id="355" sentence="14" number="12">officer</token>
<token t_id="356" sentence="14" number="13">and</token>
<token t_id="357" sentence="14" number="14">his</token>
<token t_id="358" sentence="14" number="15">partner</token>
<token t_id="359" sentence="14" number="16">were</token>
<token t_id="360" sentence="14" number="17">questioned</token>
<token t_id="361" sentence="14" number="18">by</token>
<token t_id="362" sentence="14" number="19">a</token>
<token t_id="363" sentence="14" number="20">magistrate</token>
<token t_id="364" sentence="14" number="21">.</token>
<token t_id="365" sentence="15" number="0">They</token>
<token t_id="366" sentence="15" number="1">also</token>
<token t_id="367" sentence="15" number="2">attacked</token>
<token t_id="368" sentence="15" number="3">a</token>
<token t_id="369" sentence="15" number="4">television</token>
<token t_id="370" sentence="15" number="5">crew</token>
<token t_id="371" sentence="15" number="6">'s</token>
<token t_id="372" sentence="15" number="7">truck</token>
<token t_id="373" sentence="15" number="8">,</token>
<token t_id="374" sentence="15" number="9">injuring</token>
<token t_id="375" sentence="15" number="10">at</token>
<token t_id="376" sentence="15" number="11">least</token>
<token t_id="377" sentence="15" number="12">two</token>
<token t_id="378" sentence="15" number="13">people</token>
<token t_id="379" sentence="15" number="14">.</token>
<token t_id="380" sentence="16" number="0">In</token>
<token t_id="381" sentence="16" number="1">Athens</token>
<token t_id="382" sentence="16" number="2">'</token>
<token t_id="383" sentence="16" number="3">main</token>
<token t_id="384" sentence="16" number="4">Constitution</token>
<token t_id="385" sentence="16" number="5">Square</token>
<token t_id="386" sentence="16" number="6">,</token>
<token t_id="387" sentence="16" number="7">where</token>
<token t_id="388" sentence="16" number="8">10,000</token>
<token t_id="389" sentence="16" number="9">gathered</token>
<token t_id="390" sentence="16" number="10">for</token>
<token t_id="391" sentence="16" number="11">an</token>
<token t_id="392" sentence="16" number="12">anti-government</token>
<token t_id="393" sentence="16" number="13">demonstration</token>
<token t_id="394" sentence="16" number="14">,</token>
<token t_id="395" sentence="16" number="15">riot</token>
<token t_id="396" sentence="16" number="16">police</token>
<token t_id="397" sentence="16" number="17">guarding</token>
<token t_id="398" sentence="16" number="18">parliament</token>
<token t_id="399" sentence="16" number="19">fired</token>
<token t_id="400" sentence="16" number="20">tear</token>
<token t_id="401" sentence="16" number="21">gas</token>
<token t_id="402" sentence="16" number="22">at</token>
<token t_id="403" sentence="16" number="23">demonstrators</token>
<token t_id="404" sentence="16" number="24">who</token>
<token t_id="405" sentence="16" number="25">attacked</token>
<token t_id="406" sentence="16" number="26">them</token>
<token t_id="407" sentence="16" number="27">with</token>
<token t_id="408" sentence="16" number="28">petrol</token>
<token t_id="409" sentence="16" number="29">bombs</token>
<token t_id="410" sentence="16" number="30">and</token>
<token t_id="411" sentence="16" number="31">cobblestones</token>
<token t_id="412" sentence="16" number="32">.</token>
<token t_id="413" sentence="17" number="0">Youths</token>
<token t_id="414" sentence="17" number="1">smashed</token>
<token t_id="415" sentence="17" number="2">windows</token>
<token t_id="416" sentence="17" number="3">which</token>
<token t_id="417" sentence="17" number="4">had</token>
<token t_id="418" sentence="17" number="5">only</token>
<token t_id="419" sentence="17" number="6">just</token>
<token t_id="420" sentence="17" number="7">been</token>
<token t_id="421" sentence="17" number="8">replaced</token>
<token t_id="422" sentence="17" number="9">from</token>
<token t_id="423" sentence="17" number="10">previous</token>
<token t_id="424" sentence="17" number="11">rioting</token>
<token t_id="425" sentence="17" number="12">.</token>
<token t_id="426" sentence="18" number="0">Students</token>
<token t_id="427" sentence="18" number="1">chanting</token>
<token t_id="428" sentence="18" number="2">``</token>
<token t_id="429" sentence="18" number="3">Pigs</token>
<token t_id="430" sentence="18" number="4">!</token>
<token t_id="431" sentence="18" number="5">Murderers</token>
<token t_id="432" sentence="18" number="6">!</token>
<token t_id="433" sentence="18" number="7">''</token>
<token t_id="434" sentence="18" number="8">clapped</token>
<token t_id="435" sentence="18" number="9">and</token>
<token t_id="436" sentence="18" number="10">cheered</token>
<token t_id="437" sentence="18" number="11">each</token>
<token t_id="438" sentence="18" number="12">time</token>
<token t_id="439" sentence="18" number="13">a</token>
<token t_id="440" sentence="18" number="14">riot</token>
<token t_id="441" sentence="18" number="15">policeman</token>
<token t_id="442" sentence="18" number="16">was</token>
<token t_id="443" sentence="18" number="17">hit</token>
<token t_id="444" sentence="18" number="18">by</token>
<token t_id="445" sentence="18" number="19">a</token>
<token t_id="446" sentence="18" number="20">rock</token>
<token t_id="447" sentence="18" number="21">.</token>
<token t_id="448" sentence="19" number="0">Business</token>
<token t_id="449" sentence="19" number="1">owners</token>
<token t_id="450" sentence="19" number="2">have</token>
<token t_id="451" sentence="19" number="3">accused</token>
<token t_id="452" sentence="19" number="4">the</token>
<token t_id="453" sentence="19" number="5">police</token>
<token t_id="454" sentence="19" number="6">of</token>
<token t_id="455" sentence="19" number="7">failing</token>
<token t_id="456" sentence="19" number="8">to</token>
<token t_id="457" sentence="19" number="9">protect</token>
<token t_id="458" sentence="19" number="10">their</token>
<token t_id="459" sentence="19" number="11">property</token>
<token t_id="460" sentence="19" number="12">as</token>
<token t_id="461" sentence="19" number="13">rioters</token>
<token t_id="462" sentence="19" number="14">rampaged</token>
<token t_id="463" sentence="19" number="15">through</token>
<token t_id="464" sentence="19" number="16">some</token>
<token t_id="465" sentence="19" number="17">of</token>
<token t_id="466" sentence="19" number="18">Athens</token>
<token t_id="467" sentence="19" number="19">'</token>
<token t_id="468" sentence="19" number="20">best</token>
<token t_id="469" sentence="19" number="21">known</token>
<token t_id="470" sentence="19" number="22">shopping</token>
<token t_id="471" sentence="19" number="23">areas</token>
<token t_id="472" sentence="19" number="24">.</token>
<token t_id="473" sentence="20" number="0">Although</token>
<token t_id="474" sentence="20" number="1">police</token>
<token t_id="475" sentence="20" number="2">have</token>
<token t_id="476" sentence="20" number="3">responded</token>
<token t_id="477" sentence="20" number="4">when</token>
<token t_id="478" sentence="20" number="5">directly</token>
<token t_id="479" sentence="20" number="6">attacked</token>
<token t_id="480" sentence="20" number="7">,</token>
<token t_id="481" sentence="20" number="8">they</token>
<token t_id="482" sentence="20" number="9">stood</token>
<token t_id="483" sentence="20" number="10">back</token>
<token t_id="484" sentence="20" number="11">as</token>
<token t_id="485" sentence="20" number="12">gangs</token>
<token t_id="486" sentence="20" number="13">of</token>
<token t_id="487" sentence="20" number="14">youths</token>
<token t_id="488" sentence="20" number="15">smashed</token>
<token t_id="489" sentence="20" number="16">windows</token>
<token t_id="490" sentence="20" number="17">,</token>
<token t_id="491" sentence="20" number="18">torched</token>
<token t_id="492" sentence="20" number="19">rubbish</token>
<token t_id="493" sentence="20" number="20">bins</token>
<token t_id="494" sentence="20" number="21">and</token>
<token t_id="495" sentence="20" number="22">set</token>
<token t_id="496" sentence="20" number="23">light</token>
<token t_id="497" sentence="20" number="24">to</token>
<token t_id="498" sentence="20" number="25">cars</token>
<token t_id="499" sentence="20" number="26">.</token>
<token t_id="500" sentence="21" number="0">The</token>
<token t_id="501" sentence="21" number="1">cost</token>
<token t_id="502" sentence="21" number="2">of</token>
<token t_id="503" sentence="21" number="3">damage</token>
<token t_id="504" sentence="21" number="4">to</token>
<token t_id="505" sentence="21" number="5">shops</token>
<token t_id="506" sentence="21" number="6">and</token>
<token t_id="507" sentence="21" number="7">businesses</token>
<token t_id="508" sentence="21" number="8">in</token>
<token t_id="509" sentence="21" number="9">Athens</token>
<token t_id="510" sentence="21" number="10">alone</token>
<token t_id="511" sentence="21" number="11">was</token>
<token t_id="512" sentence="21" number="12">estimated</token>
<token t_id="513" sentence="21" number="13">by</token>
<token t_id="514" sentence="21" number="14">the</token>
<token t_id="515" sentence="21" number="15">Greek</token>
<token t_id="516" sentence="21" number="16">Commerce</token>
<token t_id="517" sentence="21" number="17">Confederation</token>
<token t_id="518" sentence="21" number="18">at</token>
<token t_id="519" sentence="21" number="19">about</token>
<token t_id="520" sentence="21" number="20">200</token>
<token t_id="521" sentence="21" number="21">million</token>
<token t_id="522" sentence="21" number="22">euros</token>
<token t_id="523" sentence="21" number="23">.</token>
<token t_id="524" sentence="22" number="0">``</token>
<token t_id="525" sentence="22" number="1">In</token>
<token t_id="526" sentence="22" number="2">Athens</token>
<token t_id="527" sentence="22" number="3">,</token>
<token t_id="528" sentence="22" number="4">we</token>
<token t_id="529" sentence="22" number="5">had</token>
<token t_id="530" sentence="22" number="6">565</token>
<token t_id="531" sentence="22" number="7">shops</token>
<token t_id="532" sentence="22" number="8">suffering</token>
<token t_id="533" sentence="22" number="9">serious</token>
<token t_id="534" sentence="22" number="10">damage</token>
<token t_id="535" sentence="22" number="11">or</token>
<token t_id="536" sentence="22" number="12">being</token>
<token t_id="537" sentence="22" number="13">completely</token>
<token t_id="538" sentence="22" number="14">destroyed</token>
<token t_id="539" sentence="22" number="15">''</token>
<token t_id="540" sentence="22" number="16">,</token>
<token t_id="541" sentence="22" number="17">said</token>
<token t_id="542" sentence="22" number="18">Vassilis</token>
<token t_id="543" sentence="22" number="19">Krokidis</token>
<token t_id="544" sentence="22" number="20">,</token>
<token t_id="545" sentence="22" number="21">vice</token>
<token t_id="546" sentence="22" number="22">president</token>
<token t_id="547" sentence="22" number="23">of</token>
<token t_id="548" sentence="22" number="24">the</token>
<token t_id="549" sentence="22" number="25">federation</token>
<token t_id="550" sentence="22" number="26">.</token>
<token t_id="551" sentence="23" number="0">Greece</token>
<token t_id="552" sentence="23" number="1">has</token>
<token t_id="553" sentence="23" number="2">entered</token>
<token t_id="554" sentence="23" number="3">a</token>
<token t_id="555" sentence="23" number="4">period</token>
<token t_id="556" sentence="23" number="5">of</token>
<token t_id="557" sentence="23" number="6">intense</token>
<token t_id="558" sentence="23" number="7">soul</token>
<token t_id="559" sentence="23" number="8">searching</token>
<token t_id="560" sentence="23" number="9">over</token>
<token t_id="561" sentence="23" number="10">the</token>
<token t_id="562" sentence="23" number="11">violence</token>
<token t_id="563" sentence="23" number="12">,</token>
<token t_id="564" sentence="23" number="13">the</token>
<token t_id="565" sentence="23" number="14">worst</token>
<token t_id="566" sentence="23" number="15">since</token>
<token t_id="567" sentence="23" number="16">the</token>
<token t_id="568" sentence="23" number="17">country</token>
<token t_id="569" sentence="23" number="18">'s</token>
<token t_id="570" sentence="23" number="19">military</token>
<token t_id="571" sentence="23" number="20">dictatorship</token>
<token t_id="572" sentence="23" number="21">was</token>
<token t_id="573" sentence="23" number="22">brought</token>
<token t_id="574" sentence="23" number="23">down</token>
<token t_id="575" sentence="23" number="24">in</token>
<token t_id="576" sentence="23" number="25">1974</token>
<token t_id="577" sentence="23" number="26">.</token>
<token t_id="578" sentence="24" number="0">``</token>
<token t_id="579" sentence="24" number="1">There</token>
<token t_id="580" sentence="24" number="2">is</token>
<token t_id="581" sentence="24" number="3">acute</token>
<token t_id="582" sentence="24" number="4">shame</token>
<token t_id="583" sentence="24" number="5">and</token>
<token t_id="584" sentence="24" number="6">embarrassment</token>
<token t_id="585" sentence="24" number="7">about</token>
<token t_id="586" sentence="24" number="8">what</token>
<token t_id="587" sentence="24" number="9">has</token>
<token t_id="588" sentence="24" number="10">happened</token>
<token t_id="589" sentence="24" number="11">,</token>
<token t_id="590" sentence="24" number="12">''</token>
<token t_id="591" sentence="24" number="13">said</token>
<token t_id="592" sentence="24" number="14">Mr</token>
<token t_id="593" sentence="24" number="15">Livanios</token>
<token t_id="594" sentence="24" number="16">.</token>
<token t_id="595" sentence="25" number="0">``</token>
<token t_id="596" sentence="25" number="1">It</token>
<token t_id="597" sentence="25" number="2">is</token>
<token t_id="598" sentence="25" number="3">unacceptable</token>
<token t_id="599" sentence="25" number="4">that</token>
<token t_id="600" sentence="25" number="5">in</token>
<token t_id="601" sentence="25" number="6">2008</token>
<token t_id="602" sentence="25" number="7">,</token>
<token t_id="603" sentence="25" number="8">in</token>
<token t_id="604" sentence="25" number="9">a</token>
<token t_id="605" sentence="25" number="10">country</token>
<token t_id="606" sentence="25" number="11">which</token>
<token t_id="607" sentence="25" number="12">is</token>
<token t_id="608" sentence="25" number="13">a</token>
<token t_id="609" sentence="25" number="14">member</token>
<token t_id="610" sentence="25" number="15">of</token>
<token t_id="611" sentence="25" number="16">the</token>
<token t_id="612" sentence="25" number="17">EU</token>
<token t_id="613" sentence="25" number="18">and</token>
<token t_id="614" sentence="25" number="19">Nato</token>
<token t_id="615" sentence="25" number="20">,</token>
<token t_id="616" sentence="25" number="21">the</token>
<token t_id="617" sentence="25" number="22">government</token>
<token t_id="618" sentence="25" number="23">can</token>
<token t_id="619" sentence="25" number="24">not</token>
<token t_id="620" sentence="25" number="25">establish</token>
<token t_id="621" sentence="25" number="26">public</token>
<token t_id="622" sentence="25" number="27">order.</token>
<token t_id="623" sentence="25" number="28">Two</token>
<token t_id="624" sentence="25" number="29">weeks</token>
<token t_id="625" sentence="25" number="30">before</token>
<token t_id="626" sentence="25" number="31">Christmas</token>
<token t_id="627" sentence="25" number="32">,</token>
<token t_id="628" sentence="25" number="33">Athens</token>
<token t_id="629" sentence="25" number="34">looks</token>
<token t_id="630" sentence="25" number="35">like</token>
<token t_id="631" sentence="25" number="36">downtown</token>
<token t_id="632" sentence="25" number="37">Beirut</token>
<token t_id="633" sentence="25" number="38">.</token>
<token t_id="634" sentence="25" number="39">''</token>
<token t_id="635" sentence="26" number="0">The</token>
<token t_id="636" sentence="26" number="1">prime</token>
<token t_id="637" sentence="26" number="2">minister</token>
<token t_id="638" sentence="26" number="3">,</token>
<token t_id="639" sentence="26" number="4">Costas</token>
<token t_id="640" sentence="26" number="5">Karamanlis</token>
<token t_id="641" sentence="26" number="6">,</token>
<token t_id="642" sentence="26" number="7">has</token>
<token t_id="643" sentence="26" number="8">ignored</token>
<token t_id="644" sentence="26" number="9">mounting</token>
<token t_id="645" sentence="26" number="10">calls</token>
<token t_id="646" sentence="26" number="11">for</token>
<token t_id="647" sentence="26" number="12">his</token>
<token t_id="648" sentence="26" number="13">resignation</token>
<token t_id="649" sentence="26" number="14">.</token>
<token t_id="650" sentence="27" number="0">An</token>
<token t_id="651" sentence="27" number="1">opinion</token>
<token t_id="652" sentence="27" number="2">poll</token>
<token t_id="653" sentence="27" number="3">for</token>
<token t_id="654" sentence="27" number="4">the</token>
<token t_id="655" sentence="27" number="5">respected</token>
<token t_id="656" sentence="27" number="6">Kathimerini</token>
<token t_id="657" sentence="27" number="7">newspaper</token>
<token t_id="658" sentence="27" number="8">found</token>
<token t_id="659" sentence="27" number="9">that</token>
<token t_id="660" sentence="27" number="10">68</token>
<token t_id="661" sentence="27" number="11">per</token>
<token t_id="662" sentence="27" number="12">cent</token>
<token t_id="663" sentence="27" number="13">of</token>
<token t_id="664" sentence="27" number="14">Greeks</token>
<token t_id="665" sentence="27" number="15">believe</token>
<token t_id="666" sentence="27" number="16">the</token>
<token t_id="667" sentence="27" number="17">government</token>
<token t_id="668" sentence="27" number="18">has</token>
<token t_id="669" sentence="27" number="19">mishandled</token>
<token t_id="670" sentence="27" number="20">the</token>
<token t_id="671" sentence="27" number="21">crisis</token>
<token t_id="672" sentence="27" number="22">including</token>
<token t_id="673" sentence="27" number="23">nearly</token>
<token t_id="674" sentence="27" number="24">half</token>
<token t_id="675" sentence="27" number="25">of</token>
<token t_id="676" sentence="27" number="26">respondents</token>
<token t_id="677" sentence="27" number="27">who</token>
<token t_id="678" sentence="27" number="28">voted</token>
<token t_id="679" sentence="27" number="29">for</token>
<token t_id="680" sentence="27" number="30">Mr</token>
<token t_id="681" sentence="27" number="31">Karamanlis</token>
<token t_id="682" sentence="27" number="32">'</token>
<token t_id="683" sentence="27" number="33">conservative</token>
<token t_id="684" sentence="27" number="34">party</token>
<token t_id="685" sentence="27" number="35">in</token>
<token t_id="686" sentence="27" number="36">last</token>
<token t_id="687" sentence="27" number="37">year</token>
<token t_id="688" sentence="27" number="38">'s</token>
<token t_id="689" sentence="27" number="39">elections</token>
<token t_id="690" sentence="27" number="40">.</token>
<token t_id="691" sentence="28" number="0">``</token>
<token t_id="692" sentence="28" number="1">For</token>
<token t_id="693" sentence="28" number="2">four</token>
<token t_id="694" sentence="28" number="3">days</token>
<token t_id="695" sentence="28" number="4">,</token>
<token t_id="696" sentence="28" number="5">Greece</token>
<token t_id="697" sentence="28" number="6">has</token>
<token t_id="698" sentence="28" number="7">surrendered</token>
<token t_id="699" sentence="28" number="8">itself</token>
<token t_id="700" sentence="28" number="9">to</token>
<token t_id="701" sentence="28" number="10">flames</token>
<token t_id="702" sentence="28" number="11">and</token>
<token t_id="703" sentence="28" number="12">anarchy</token>
<token t_id="704" sentence="28" number="13">,</token>
<token t_id="705" sentence="28" number="14">''</token>
<token t_id="706" sentence="28" number="15">said</token>
<token t_id="707" sentence="28" number="16">an</token>
<token t_id="708" sentence="28" number="17">editorial</token>
<token t_id="709" sentence="28" number="18">in</token>
<token t_id="710" sentence="28" number="19">the</token>
<token t_id="711" sentence="28" number="20">conservative</token>
<token t_id="712" sentence="28" number="21">daily</token>
<token t_id="713" sentence="28" number="22">Eleftheros</token>
<token t_id="714" sentence="28" number="23">Typos</token>
<token t_id="715" sentence="28" number="24">.</token>
<token t_id="716" sentence="29" number="0">``</token>
<token t_id="717" sentence="29" number="1">The</token>
<token t_id="718" sentence="29" number="2">volatile</token>
<token t_id="719" sentence="29" number="3">situation</token>
<token t_id="720" sentence="29" number="4">appears</token>
<token t_id="721" sentence="29" number="5">out</token>
<token t_id="722" sentence="29" number="6">of</token>
<token t_id="723" sentence="29" number="7">control</token>
<token t_id="724" sentence="29" number="8">,</token>
<token t_id="725" sentence="29" number="9">with</token>
<token t_id="726" sentence="29" number="10">the</token>
<token t_id="727" sentence="29" number="11">police</token>
<token t_id="728" sentence="29" number="12">appearing</token>
<token t_id="729" sentence="29" number="13">unable</token>
<token t_id="730" sentence="29" number="14">to</token>
<token t_id="731" sentence="29" number="15">deal</token>
<token t_id="732" sentence="29" number="16">with</token>
<token t_id="733" sentence="29" number="17">the</token>
<token t_id="734" sentence="29" number="18">situation.</token>
<token t_id="735" sentence="29" number="19">...</token>
<token t_id="736" sentence="30" number="0">Politicians</token>
<token t_id="737" sentence="30" number="1">appear</token>
<token t_id="738" sentence="30" number="2">to</token>
<token t_id="739" sentence="30" number="3">have</token>
<token t_id="740" sentence="30" number="4">fallen</token>
<token t_id="741" sentence="30" number="5">dramatically</token>
<token t_id="742" sentence="30" number="6">short</token>
<token t_id="743" sentence="30" number="7">of</token>
<token t_id="744" sentence="30" number="8">the</token>
<token t_id="745" sentence="30" number="9">task</token>
<token t_id="746" sentence="30" number="10">at</token>
<token t_id="747" sentence="30" number="11">hand</token>
<token t_id="748" sentence="30" number="12">.</token>
<token t_id="749" sentence="30" number="13">''</token>
<Markables>
<ACTION_OCCURRENCE m_id="27"  >
  <token_anchor t_id="100"/>
  <token_anchor t_id="101"/>
</ACTION_OCCURRENCE>
<ACTION_OCCURRENCE m_id="15"  >
  <token_anchor t_id="74"/>
</ACTION_OCCURRENCE>
<ACTION_OCCURRENCE m_id="20"  >
  <token_anchor t_id="83"/>
</ACTION_OCCURRENCE>
<ACTION_OCCURRENCE m_id="21"  >
  <token_anchor t_id="87"/>
</ACTION_OCCURRENCE>
<ACTION_OCCURRENCE m_id="22"  >
  <token_anchor t_id="89"/>
</ACTION_OCCURRENCE>
<ACTION_REPORTING m_id="25"  >
  <token_anchor t_id="94"/>
</ACTION_REPORTING>
<HUMAN_PART_PER m_id="26"  >
  <token_anchor t_id="98"/>
</HUMAN_PART_PER>
<HUMAN_PART_PER m_id="16"  >
  <token_anchor t_id="76"/>
  <token_anchor t_id="77"/>
</HUMAN_PART_PER>
<HUMAN_PART_PER m_id="17"  >
  <token_anchor t_id="93"/>
</HUMAN_PART_PER>
<HUMAN_PART_PER m_id="18"  >
  <token_anchor t_id="104"/>
</HUMAN_PART_PER>
<LOC_GEO m_id="24"  >
  <token_anchor t_id="90"/>
  <token_anchor t_id="91"/>
</LOC_GEO>
<TIME_DATE m_id="19"  >
  <token_anchor t_id="82"/>
</TIME_DATE>
<TIME_DURATION m_id="23"  >
  <token_anchor t_id="84"/>
  <token_anchor t_id="85"/>
</TIME_DURATION>




<HUMAN_PART_PER m_id="36" RELATED_TO="" TAG_DESCRIPTOR="t19b_witnesses" instance_id="HUM17820772445448067" />
<ACTION_OCCURRENCE m_id="35" RELATED_TO="" TAG_DESCRIPTOR="t19b_riots" instance_id="ACT17819737684267059" />
<LOC_GEO m_id="34" RELATED_TO="" TAG_DESCRIPTOR="t19b_greece" instance_id="LOC17819756552118938" />
<TIME_DATE m_id="33" RELATED_TO="" TAG_DESCRIPTOR="t19b_saturday" instance_id="TIM17819771332075563" />
<HUMAN_PART_PER m_id="32" RELATED_TO="" TAG_DESCRIPTOR="t19b_officer" instance_id="HUM17820759029533562" />
<ACTION_OCCURRENCE m_id="31" RELATED_TO="" TAG_DESCRIPTOR="t19b_sparked" instance_id="ACT17820732359105635" />
<ACTION_OCCURRENCE m_id="30" RELATED_TO="" TAG_DESCRIPTOR="t19b_demonstrations" instance_id="ACT17820747425964928" />
<HUMAN_PART_PER m_id="29" RELATED_TO="" TAG_DESCRIPTOR="t19b_alex" instance_id="HUM17819747019655492" />
<ACTION_OCCURRENCE m_id="28" RELATED_TO="" TAG_DESCRIPTOR="t19b_shooting" instance_id="ACT17819810020957731" />
</Markables>

<Relations>
<CROSS_DOC_COREF r_id="33553" note="ACT17819810020957731" >
  <source m_id="27" />
  <source m_id="15" />
  <target m_id="28" />
</CROSS_DOC_COREF>
<CROSS_DOC_COREF r_id="33554" note="HUM17819747019655492" >
  <source m_id="16" />
  <source m_id="18" />
  <target m_id="29" />
</CROSS_DOC_COREF>
<CROSS_DOC_COREF r_id="33555" note="ACT17820747425964928" >
  <source m_id="22" />
  <target m_id="30" />
</CROSS_DOC_COREF>
<CROSS_DOC_COREF r_id="33556" note="ACT17820732359105635" >
  <source m_id="20" />
  <target m_id="31" />
</CROSS_DOC_COREF>
<CROSS_DOC_COREF r_id="33557" note="HUM17820759029533562" >
  <source m_id="26" />
  <target m_id="32" />
</CROSS_DOC_COREF>
<CROSS_DOC_COREF r_id="33558" note="TIM17819771332075563" >
  <source m_id="19" />
  <target m_id="33" />
</CROSS_DOC_COREF>
<CROSS_DOC_COREF r_id="33559" note="LOC17819756552118938" >
  <source m_id="24" />
  <target m_id="34" />
</CROSS_DOC_COREF>
<CROSS_DOC_COREF r_id="33560" note="ACT17819737684267059" >
  <source m_id="21" />
  <target m_id="35" />
</CROSS_DOC_COREF>
<CROSS_DOC_COREF r_id="33561" note="HUM17820772445448067" >
  <source m_id="17" />
  <target m_id="36" />
</CROSS_DOC_COREF>

</Relations>
</Document>
