<Document doc_name="19_12ecb.xml" doc_id="DOC15654491777357077">
<token t_id="1" sentence="0" number="0">Ricochet</token>
<token t_id="2" sentence="0" number="1">killed</token>
<token t_id="3" sentence="0" number="2">Greek</token>
<token t_id="4" sentence="0" number="3">teenager</token>
<token t_id="5" sentence="1" number="0">INITIAL</token>
<token t_id="6" sentence="1" number="1">results</token>
<token t_id="7" sentence="1" number="2">from</token>
<token t_id="8" sentence="1" number="3">the</token>
<token t_id="9" sentence="1" number="4">post-</token>
<token t_id="10" sentence="1" number="5">mortem</token>
<token t_id="11" sentence="1" number="6">on</token>
<token t_id="12" sentence="1" number="7">a</token>
<token t_id="13" sentence="1" number="8">15-year-old</token>
<token t_id="14" sentence="1" number="9">Greek</token>
<token t_id="15" sentence="1" number="10">boy</token>
<token t_id="16" sentence="1" number="11">whose</token>
<token t_id="17" sentence="1" number="12">killing</token>
<token t_id="18" sentence="1" number="13">by</token>
<token t_id="19" sentence="1" number="14">police</token>
<token t_id="20" sentence="1" number="15">sparked</token>
<token t_id="21" sentence="1" number="16">five</token>
<token t_id="22" sentence="1" number="17">days</token>
<token t_id="23" sentence="1" number="18">of</token>
<token t_id="24" sentence="1" number="19">rioting</token>
<token t_id="25" sentence="1" number="20">show</token>
<token t_id="26" sentence="1" number="21">Alexandros</token>
<token t_id="27" sentence="1" number="22">Grigoropoulos</token>
<token t_id="28" sentence="1" number="23">died</token>
<token t_id="29" sentence="1" number="24">from</token>
<token t_id="30" sentence="1" number="25">a</token>
<token t_id="31" sentence="1" number="26">bullet</token>
<token t_id="32" sentence="1" number="27">ricochet</token>
<token t_id="33" sentence="1" number="28">.</token>
<token t_id="34" sentence="2" number="0">According</token>
<token t_id="35" sentence="2" number="1">to</token>
<token t_id="36" sentence="2" number="2">forensic</token>
<token t_id="37" sentence="2" number="3">doctors</token>
<token t_id="38" sentence="2" number="4">and</token>
<token t_id="39" sentence="2" number="5">independent</token>
<token t_id="40" sentence="2" number="6">experts</token>
<token t_id="41" sentence="2" number="7">hired</token>
<token t_id="42" sentence="2" number="8">by</token>
<token t_id="43" sentence="2" number="9">the</token>
<token t_id="44" sentence="2" number="10">Grigoropoulos</token>
<token t_id="45" sentence="2" number="11">family</token>
<token t_id="46" sentence="2" number="12">,</token>
<token t_id="47" sentence="2" number="13">the</token>
<token t_id="48" sentence="2" number="14">bullet</token>
<token t_id="49" sentence="2" number="15">``</token>
<token t_id="50" sentence="2" number="16">is</token>
<token t_id="51" sentence="2" number="17">a</token>
<token t_id="52" sentence="2" number="18">bit</token>
<token t_id="53" sentence="2" number="19">deformed</token>
<token t_id="54" sentence="2" number="20">,</token>
<token t_id="55" sentence="2" number="21">which</token>
<token t_id="56" sentence="2" number="22">showed</token>
<token t_id="57" sentence="2" number="23">the</token>
<token t_id="58" sentence="2" number="24">bullet</token>
<token t_id="59" sentence="2" number="25">touched</token>
<token t_id="60" sentence="2" number="26">a</token>
<token t_id="61" sentence="2" number="27">hard</token>
<token t_id="62" sentence="2" number="28">surface</token>
<token t_id="63" sentence="2" number="29">''</token>
<token t_id="64" sentence="2" number="30">before</token>
<token t_id="65" sentence="2" number="31">entering</token>
<token t_id="66" sentence="2" number="32">the</token>
<token t_id="67" sentence="2" number="33">boy</token>
<token t_id="68" sentence="2" number="34">'s</token>
<token t_id="69" sentence="2" number="35">chest</token>
<token t_id="70" sentence="2" number="36">,</token>
<token t_id="71" sentence="2" number="37">court</token>
<token t_id="72" sentence="2" number="38">sources</token>
<token t_id="73" sentence="2" number="39">said</token>
<token t_id="74" sentence="2" number="40">last</token>
<token t_id="75" sentence="2" number="41">night</token>
<token t_id="76" sentence="2" number="42">.</token>
<token t_id="77" sentence="3" number="0">The</token>
<token t_id="78" sentence="3" number="1">news</token>
<token t_id="79" sentence="3" number="2">came</token>
<token t_id="80" sentence="3" number="3">as</token>
<token t_id="81" sentence="3" number="4">two</token>
<token t_id="82" sentence="3" number="5">police</token>
<token t_id="83" sentence="3" number="6">officers</token>
<token t_id="84" sentence="3" number="7">charged</token>
<token t_id="85" sentence="3" number="8">over</token>
<token t_id="86" sentence="3" number="9">the</token>
<token t_id="87" sentence="3" number="10">shooting</token>
<token t_id="88" sentence="3" number="11">prepared</token>
<token t_id="89" sentence="3" number="12">to</token>
<token t_id="90" sentence="3" number="13">go</token>
<token t_id="91" sentence="3" number="14">before</token>
<token t_id="92" sentence="3" number="15">a</token>
<token t_id="93" sentence="3" number="16">magistrate</token>
<token t_id="94" sentence="3" number="17">and</token>
<token t_id="95" sentence="3" number="18">riot</token>
<token t_id="96" sentence="3" number="19">police</token>
<token t_id="97" sentence="3" number="20">fired</token>
<token t_id="98" sentence="3" number="21">teargas</token>
<token t_id="99" sentence="3" number="22">at</token>
<token t_id="100" sentence="3" number="23">thousands</token>
<token t_id="101" sentence="3" number="24">of</token>
<token t_id="102" sentence="3" number="25">demonstrators</token>
<token t_id="103" sentence="3" number="26">advancing</token>
<token t_id="104" sentence="3" number="27">on</token>
<token t_id="105" sentence="3" number="28">the</token>
<token t_id="106" sentence="3" number="29">national</token>
<token t_id="107" sentence="3" number="30">parliament</token>
<token t_id="108" sentence="3" number="31">building</token>
<token t_id="109" sentence="3" number="32">in</token>
<token t_id="110" sentence="3" number="33">Athens</token>
<token t_id="111" sentence="3" number="34">.</token>
<token t_id="112" sentence="4" number="0">``</token>
<token t_id="113" sentence="4" number="1">Now</token>
<token t_id="114" sentence="4" number="2">that</token>
<token t_id="115" sentence="4" number="3">we</token>
<token t_id="116" sentence="4" number="4">have</token>
<token t_id="117" sentence="4" number="5">these</token>
<token t_id="118" sentence="4" number="6">conclusions</token>
<token t_id="119" sentence="4" number="7">,</token>
<token t_id="120" sentence="4" number="8">which</token>
<token t_id="121" sentence="4" number="9">are</token>
<token t_id="122" sentence="4" number="10">in</token>
<token t_id="123" sentence="4" number="11">line</token>
<token t_id="124" sentence="4" number="12">with</token>
<token t_id="125" sentence="4" number="13">what</token>
<token t_id="126" sentence="4" number="14">my</token>
<token t_id="127" sentence="4" number="15">clients</token>
<token t_id="128" sentence="4" number="16">had</token>
<token t_id="129" sentence="4" number="17">indicated</token>
<token t_id="130" sentence="4" number="18">,</token>
<token t_id="131" sentence="4" number="19">they</token>
<token t_id="132" sentence="4" number="20">will</token>
<token t_id="133" sentence="4" number="21">give</token>
<token t_id="134" sentence="4" number="22">their</token>
<token t_id="135" sentence="4" number="23">statements</token>
<token t_id="136" sentence="4" number="24">to</token>
<token t_id="137" sentence="4" number="25">the</token>
<token t_id="138" sentence="4" number="26">judge</token>
<token t_id="139" sentence="4" number="27">,</token>
<token t_id="140" sentence="4" number="28">''</token>
<token t_id="141" sentence="4" number="29">said</token>
<token t_id="142" sentence="4" number="30">Alexis</token>
<token t_id="143" sentence="4" number="31">Kouyias</token>
<token t_id="144" sentence="4" number="32">,</token>
<token t_id="145" sentence="4" number="33">the</token>
<token t_id="146" sentence="4" number="34">lawyer</token>
<token t_id="147" sentence="4" number="35">for</token>
<token t_id="148" sentence="4" number="36">policemen</token>
<token t_id="149" sentence="4" number="37">Epaminondas</token>
<token t_id="150" sentence="4" number="38">Korkoneas</token>
<token t_id="151" sentence="4" number="39">and</token>
<token t_id="152" sentence="4" number="40">Vassilis</token>
<token t_id="153" sentence="4" number="41">Saraliotis</token>
<token t_id="154" sentence="4" number="42">.</token>
<token t_id="155" sentence="5" number="0">Amid</token>
<token t_id="156" sentence="5" number="1">anger</token>
<token t_id="157" sentence="5" number="2">towards</token>
<token t_id="158" sentence="5" number="3">the</token>
<token t_id="159" sentence="5" number="4">police</token>
<token t_id="160" sentence="5" number="5">compounded</token>
<token t_id="161" sentence="5" number="6">by</token>
<token t_id="162" sentence="5" number="7">the</token>
<token t_id="163" sentence="5" number="8">unpopularity</token>
<token t_id="164" sentence="5" number="9">of</token>
<token t_id="165" sentence="5" number="10">the</token>
<token t_id="166" sentence="5" number="11">Government</token>
<token t_id="167" sentence="5" number="12">of</token>
<token t_id="168" sentence="5" number="13">Prime</token>
<token t_id="169" sentence="5" number="14">Minister</token>
<token t_id="170" sentence="5" number="15">Costas</token>
<token t_id="171" sentence="5" number="16">Karamanlis</token>
<token t_id="172" sentence="5" number="17">,</token>
<token t_id="173" sentence="5" number="18">Greece</token>
<token t_id="174" sentence="5" number="19">is</token>
<token t_id="175" sentence="5" number="20">still</token>
<token t_id="176" sentence="5" number="21">awaiting</token>
<token t_id="177" sentence="5" number="22">a</token>
<token t_id="178" sentence="5" number="23">final</token>
<token t_id="179" sentence="5" number="24">ballistics</token>
<token t_id="180" sentence="5" number="25">report</token>
<token t_id="181" sentence="5" number="26">expected</token>
<token t_id="182" sentence="5" number="27">to</token>
<token t_id="183" sentence="5" number="28">shed</token>
<token t_id="184" sentence="5" number="29">light</token>
<token t_id="185" sentence="5" number="30">on</token>
<token t_id="186" sentence="5" number="31">Mr</token>
<token t_id="187" sentence="5" number="32">Korkoneas</token>
<token t_id="188" sentence="5" number="33">'s</token>
<token t_id="189" sentence="5" number="34">statement</token>
<token t_id="190" sentence="5" number="35">that</token>
<token t_id="191" sentence="5" number="36">the</token>
<token t_id="192" sentence="5" number="37">bullet</token>
<token t_id="193" sentence="5" number="38">bounced</token>
<token t_id="194" sentence="5" number="39">up</token>
<token t_id="195" sentence="5" number="40">off</token>
<token t_id="196" sentence="5" number="41">a</token>
<token t_id="197" sentence="5" number="42">pavement</token>
<token t_id="198" sentence="5" number="43">after</token>
<token t_id="199" sentence="5" number="44">he</token>
<token t_id="200" sentence="5" number="45">had</token>
<token t_id="201" sentence="5" number="46">fired</token>
<token t_id="202" sentence="5" number="47">warning</token>
<token t_id="203" sentence="5" number="48">shots</token>
<token t_id="204" sentence="5" number="49">to</token>
<token t_id="205" sentence="5" number="50">disperse</token>
<token t_id="206" sentence="5" number="51">a</token>
<token t_id="207" sentence="5" number="52">mob</token>
<token t_id="208" sentence="5" number="53">.</token>
<token t_id="209" sentence="6" number="0">Alexandros</token>
<token t_id="210" sentence="6" number="1">was</token>
<token t_id="211" sentence="6" number="2">allegedly</token>
<token t_id="212" sentence="6" number="3">among</token>
<token t_id="213" sentence="6" number="4">a</token>
<token t_id="214" sentence="6" number="5">group</token>
<token t_id="215" sentence="6" number="6">of</token>
<token t_id="216" sentence="6" number="7">30</token>
<token t_id="217" sentence="6" number="8">youths</token>
<token t_id="218" sentence="6" number="9">that</token>
<token t_id="219" sentence="6" number="10">had</token>
<token t_id="220" sentence="6" number="11">thrown</token>
<token t_id="221" sentence="6" number="12">stones</token>
<token t_id="222" sentence="6" number="13">at</token>
<token t_id="223" sentence="6" number="14">the</token>
<token t_id="224" sentence="6" number="15">squad</token>
<token t_id="225" sentence="6" number="16">car</token>
<token t_id="226" sentence="6" number="17">in</token>
<token t_id="227" sentence="6" number="18">the</token>
<token t_id="228" sentence="6" number="19">Exarchia</token>
<token t_id="229" sentence="6" number="20">district</token>
<token t_id="230" sentence="6" number="21">of</token>
<token t_id="231" sentence="6" number="22">Athens</token>
<token t_id="232" sentence="6" number="23">,</token>
<token t_id="233" sentence="6" number="24">which</token>
<token t_id="234" sentence="6" number="25">is</token>
<token t_id="235" sentence="6" number="26">known</token>
<token t_id="236" sentence="6" number="27">as</token>
<token t_id="237" sentence="6" number="28">a</token>
<token t_id="238" sentence="6" number="29">stronghold</token>
<token t_id="239" sentence="6" number="30">of</token>
<token t_id="240" sentence="6" number="31">political</token>
<token t_id="241" sentence="6" number="32">radicals</token>
<token t_id="242" sentence="6" number="33">.</token>
<token t_id="243" sentence="7" number="0">Riot</token>
<token t_id="244" sentence="7" number="1">police</token>
<token t_id="245" sentence="7" number="2">fired</token>
<token t_id="246" sentence="7" number="3">teargas</token>
<token t_id="247" sentence="7" number="4">at</token>
<token t_id="248" sentence="7" number="5">youths</token>
<token t_id="249" sentence="7" number="6">throwing</token>
<token t_id="250" sentence="7" number="7">molotov</token>
<token t_id="251" sentence="7" number="8">cocktails</token>
<token t_id="252" sentence="7" number="9">outside</token>
<token t_id="253" sentence="7" number="10">parliament</token>
<token t_id="254" sentence="7" number="11">last</token>
<token t_id="255" sentence="7" number="12">night</token>
<token t_id="256" sentence="7" number="13">,</token>
<token t_id="257" sentence="7" number="14">as</token>
<token t_id="258" sentence="7" number="15">a</token>
<token t_id="259" sentence="7" number="16">general</token>
<token t_id="260" sentence="7" number="17">strike</token>
<token t_id="261" sentence="7" number="18">paralysed</token>
<token t_id="262" sentence="7" number="19">Greece</token>
<token t_id="263" sentence="7" number="20">and</token>
<token t_id="264" sentence="7" number="21">raised</token>
<token t_id="265" sentence="7" number="22">pressure</token>
<token t_id="266" sentence="7" number="23">on</token>
<token t_id="267" sentence="7" number="24">a</token>
<token t_id="268" sentence="7" number="25">fragile</token>
<token t_id="269" sentence="7" number="26">Government</token>
<token t_id="270" sentence="7" number="27">reeling</token>
<token t_id="271" sentence="7" number="28">from</token>
<token t_id="272" sentence="7" number="29">four</token>
<token t_id="273" sentence="7" number="30">days</token>
<token t_id="274" sentence="7" number="31">of</token>
<token t_id="275" sentence="7" number="32">riots</token>
<token t_id="276" sentence="7" number="33">sparked</token>
<token t_id="277" sentence="7" number="34">by</token>
<token t_id="278" sentence="7" number="35">the</token>
<token t_id="279" sentence="7" number="36">police</token>
<token t_id="280" sentence="7" number="37">shooting</token>
<token t_id="281" sentence="7" number="38">.</token>
<token t_id="282" sentence="8" number="0">The</token>
<token t_id="283" sentence="8" number="1">clashes</token>
<token t_id="284" sentence="8" number="2">escalated</token>
<token t_id="285" sentence="8" number="3">into</token>
<token t_id="286" sentence="8" number="4">running</token>
<token t_id="287" sentence="8" number="5">battles</token>
<token t_id="288" sentence="8" number="6">through</token>
<token t_id="289" sentence="8" number="7">the</token>
<token t_id="290" sentence="8" number="8">city</token>
<token t_id="291" sentence="8" number="9">centre</token>
<token t_id="292" sentence="8" number="10">,</token>
<token t_id="293" sentence="8" number="11">with</token>
<token t_id="294" sentence="8" number="12">riot</token>
<token t_id="295" sentence="8" number="13">police</token>
<token t_id="296" sentence="8" number="14">firing</token>
<token t_id="297" sentence="8" number="15">volleys</token>
<token t_id="298" sentence="8" number="16">of</token>
<token t_id="299" sentence="8" number="17">teargas</token>
<token t_id="300" sentence="8" number="18">at</token>
<token t_id="301" sentence="8" number="19">masked</token>
<token t_id="302" sentence="8" number="20">youths</token>
<token t_id="303" sentence="8" number="21">pelting</token>
<token t_id="304" sentence="8" number="22">them</token>
<token t_id="305" sentence="8" number="23">with</token>
<token t_id="306" sentence="8" number="24">rocks</token>
<token t_id="307" sentence="8" number="25">,</token>
<token t_id="308" sentence="8" number="26">bottles</token>
<token t_id="309" sentence="8" number="27">and</token>
<token t_id="310" sentence="8" number="28">blocks</token>
<token t_id="311" sentence="8" number="29">of</token>
<token t_id="312" sentence="8" number="30">marble</token>
<token t_id="313" sentence="8" number="31">smashed</token>
<token t_id="314" sentence="8" number="32">from</token>
<token t_id="315" sentence="8" number="33">the</token>
<token t_id="316" sentence="8" number="34">Athens</token>
<token t_id="317" sentence="8" number="35">metro</token>
<token t_id="318" sentence="8" number="36">station</token>
<token t_id="319" sentence="8" number="37">entrance</token>
<token t_id="320" sentence="8" number="38">.</token>
<token t_id="321" sentence="9" number="0">The</token>
<token t_id="322" sentence="9" number="1">youths</token>
<token t_id="323" sentence="9" number="2">smashed</token>
<token t_id="324" sentence="9" number="3">windows</token>
<token t_id="325" sentence="9" number="4">newly</token>
<token t_id="326" sentence="9" number="5">replaced</token>
<token t_id="327" sentence="9" number="6">after</token>
<token t_id="328" sentence="9" number="7">four</token>
<token t_id="329" sentence="9" number="8">days</token>
<token t_id="330" sentence="9" number="9">of</token>
<token t_id="331" sentence="9" number="10">the</token>
<token t_id="332" sentence="9" number="11">worst</token>
<token t_id="333" sentence="9" number="12">riots</token>
<token t_id="334" sentence="9" number="13">Greece</token>
<token t_id="335" sentence="9" number="14">has</token>
<token t_id="336" sentence="9" number="15">seen</token>
<token t_id="337" sentence="9" number="16">in</token>
<token t_id="338" sentence="9" number="17">decades</token>
<token t_id="339" sentence="9" number="18">.</token>
<token t_id="340" sentence="10" number="0">More</token>
<token t_id="341" sentence="10" number="1">than</token>
<token t_id="342" sentence="10" number="2">10,000</token>
<token t_id="343" sentence="10" number="3">people</token>
<token t_id="344" sentence="10" number="4">had</token>
<token t_id="345" sentence="10" number="5">been</token>
<token t_id="346" sentence="10" number="6">marching</token>
<token t_id="347" sentence="10" number="7">through</token>
<token t_id="348" sentence="10" number="8">central</token>
<token t_id="349" sentence="10" number="9">Athens</token>
<token t_id="350" sentence="10" number="10">to</token>
<token t_id="351" sentence="10" number="11">protest</token>
<token t_id="352" sentence="10" number="12">the</token>
<token t_id="353" sentence="10" number="13">conservative</token>
<token t_id="354" sentence="10" number="14">Government</token>
<token t_id="355" sentence="10" number="15">'s</token>
<token t_id="356" sentence="10" number="16">economic</token>
<token t_id="357" sentence="10" number="17">policies</token>
<token t_id="358" sentence="10" number="18">in</token>
<token t_id="359" sentence="10" number="19">a</token>
<token t_id="360" sentence="10" number="20">general</token>
<token t_id="361" sentence="10" number="21">strike</token>
<token t_id="362" sentence="10" number="22">that</token>
<token t_id="363" sentence="10" number="23">has</token>
<token t_id="364" sentence="10" number="24">shut</token>
<token t_id="365" sentence="10" number="25">down</token>
<token t_id="366" sentence="10" number="26">schools</token>
<token t_id="367" sentence="10" number="27">,</token>
<token t_id="368" sentence="10" number="28">public</token>
<token t_id="369" sentence="10" number="29">services</token>
<token t_id="370" sentence="10" number="30">and</token>
<token t_id="371" sentence="10" number="31">hospitals</token>
<token t_id="372" sentence="10" number="32">and</token>
<token t_id="373" sentence="10" number="33">grounded</token>
<token t_id="374" sentence="10" number="34">flights</token>
<token t_id="375" sentence="10" number="35">.</token>
<token t_id="376" sentence="11" number="0">Although</token>
<token t_id="377" sentence="11" number="1">the</token>
<token t_id="378" sentence="11" number="2">strike</token>
<token t_id="379" sentence="11" number="3">and</token>
<token t_id="380" sentence="11" number="4">demonstrations</token>
<token t_id="381" sentence="11" number="5">had</token>
<token t_id="382" sentence="11" number="6">been</token>
<token t_id="383" sentence="11" number="7">scheduled</token>
<token t_id="384" sentence="11" number="8">long</token>
<token t_id="385" sentence="11" number="9">before</token>
<token t_id="386" sentence="11" number="10">the</token>
<token t_id="387" sentence="11" number="11">riots</token>
<token t_id="388" sentence="11" number="12">broke</token>
<token t_id="389" sentence="11" number="13">out</token>
<token t_id="390" sentence="11" number="14">,</token>
<token t_id="391" sentence="11" number="15">they</token>
<token t_id="392" sentence="11" number="16">have</token>
<token t_id="393" sentence="11" number="17">taken</token>
<token t_id="394" sentence="11" number="18">on</token>
<token t_id="395" sentence="11" number="19">the</token>
<token t_id="396" sentence="11" number="20">added</token>
<token t_id="397" sentence="11" number="21">form</token>
<token t_id="398" sentence="11" number="22">of</token>
<token t_id="399" sentence="11" number="23">protest</token>
<token t_id="400" sentence="11" number="24">against</token>
<token t_id="401" sentence="11" number="25">the</token>
<token t_id="402" sentence="11" number="26">Government</token>
<token t_id="403" sentence="11" number="27">'s</token>
<token t_id="404" sentence="11" number="28">handling</token>
<token t_id="405" sentence="11" number="29">of</token>
<token t_id="406" sentence="11" number="30">the</token>
<token t_id="407" sentence="11" number="31">riots</token>
<token t_id="408" sentence="11" number="32">.</token>
<Markables>
<ACTION_OCCURRENCE m_id="21"  >
  <token_anchor t_id="28"/>
</ACTION_OCCURRENCE>
<ACTION_OCCURRENCE m_id="22"  >
  <token_anchor t_id="32"/>
</ACTION_OCCURRENCE>
<ACTION_OCCURRENCE m_id="14"  >
  <token_anchor t_id="9"/>
  <token_anchor t_id="10"/>
</ACTION_OCCURRENCE>
<ACTION_OCCURRENCE m_id="16"  >
  <token_anchor t_id="17"/>
</ACTION_OCCURRENCE>
<ACTION_OCCURRENCE m_id="17"  >
  <token_anchor t_id="20"/>
</ACTION_OCCURRENCE>
<ACTION_OCCURRENCE m_id="18"  >
  <token_anchor t_id="24"/>
</ACTION_OCCURRENCE>
<ACTION_OCCURRENCE m_id="19"  >
  <token_anchor t_id="25"/>
</ACTION_OCCURRENCE>
<HUMAN_PART_PER m_id="15"  >
  <token_anchor t_id="15"/>
</HUMAN_PART_PER>
<HUMAN_PART_PER m_id="20"  >
  <token_anchor t_id="26"/>
  <token_anchor t_id="27"/>
</HUMAN_PART_PER>
<NON_HUMAN_PART m_id="23"  >
  <token_anchor t_id="31"/>
</NON_HUMAN_PART>
<NON_HUMAN_PART m_id="13"  >
  <token_anchor t_id="6"/>
</NON_HUMAN_PART>


<HUMAN_PART_PER m_id="24" note="byCROMER" >
  <token_anchor t_id="19"/>
</HUMAN_PART_PER>
<HUMAN_PART_PER m_id="25" note="byCROMER" >
  <token_anchor t_id="16"/>
</HUMAN_PART_PER>


<ACTION_OCCURRENCE m_id="32" RELATED_TO="" TAG_DESCRIPTOR="t19b_killing" instance_id="ACT17819728461396359" />
<ACTION_OCCURRENCE m_id="31" RELATED_TO="" TAG_DESCRIPTOR="t19b_riots" instance_id="ACT17819737684267059" />
<HUMAN_PART_PER m_id="30" RELATED_TO="" TAG_DESCRIPTOR="t19b_officer" instance_id="HUM17820759029533562" />
<ACTION_OCCURRENCE m_id="29" RELATED_TO="" TAG_DESCRIPTOR="t19b_sparked" instance_id="ACT17820732359105635" />
<ACTION_OCCURRENCE m_id="28" RELATED_TO="" TAG_DESCRIPTOR="t19b_ricochete" instance_id="ACT27325817963526555" />
<HUMAN_PART_PER m_id="27" RELATED_TO="" TAG_DESCRIPTOR="t19b_alex" instance_id="HUM17819747019655492" />
<NON_HUMAN_PART m_id="26" RELATED_TO="" TAG_DESCRIPTOR="t19b_bullet" instance_id="NON27325848041897773" />
</Markables>

<Relations>
<CROSS_DOC_COREF r_id="33541" note="NON27325848041897773" >
  <source m_id="23" />
  <target m_id="26" />
</CROSS_DOC_COREF>
<CROSS_DOC_COREF r_id="33542" note="HUM17819747019655492" >
  <source m_id="15" />
  <source m_id="25" />
  <source m_id="20" />
  <target m_id="27" />
</CROSS_DOC_COREF>
<CROSS_DOC_COREF r_id="33543" note="ACT27325817963526555" >
  <source m_id="22" />
  <target m_id="28" />
</CROSS_DOC_COREF>
<CROSS_DOC_COREF r_id="33544" note="ACT17820732359105635" >
  <source m_id="17" />
  <target m_id="29" />
</CROSS_DOC_COREF>
<CROSS_DOC_COREF r_id="33545" note="HUM17820759029533562" >
  <source m_id="24" />
  <target m_id="30" />
</CROSS_DOC_COREF>
<CROSS_DOC_COREF r_id="33546" note="ACT17819737684267059" >
  <source m_id="18" />
  <target m_id="31" />
</CROSS_DOC_COREF>
<CROSS_DOC_COREF r_id="33547" note="ACT17819728461396359" >
  <source m_id="16" />
  <source m_id="21" />
  <target m_id="32" />
</CROSS_DOC_COREF>

</Relations>
</Document>
