<Document doc_name="19_6ecb.xml" doc_id="DOC15654491458612443">
<token t_id="1" sentence="0" number="0">A</token>
<token t_id="2" sentence="0" number="1">sanctuary</token>
<token t_id="3" sentence="0" number="2">for</token>
<token t_id="4" sentence="0" number="3">dissent</token>
<token t_id="5" sentence="0" number="4">in</token>
<token t_id="6" sentence="0" number="5">Greece</token>
<token t_id="7" sentence="0" number="6">?</token>
<token t_id="8" sentence="1" number="0">Greek</token>
<token t_id="9" sentence="1" number="1">law</token>
<token t_id="10" sentence="1" number="2">keeps</token>
<token t_id="11" sentence="1" number="3">police</token>
<token t_id="12" sentence="1" number="4">away</token>
<token t_id="13" sentence="1" number="5">from</token>
<token t_id="14" sentence="1" number="6">universities</token>
<token t_id="15" sentence="1" number="7">,</token>
<token t_id="16" sentence="1" number="8">but</token>
<token t_id="17" sentence="1" number="9">some</token>
<token t_id="18" sentence="1" number="10">fear</token>
<token t_id="19" sentence="1" number="11">the</token>
<token t_id="20" sentence="1" number="12">immunity</token>
<token t_id="21" sentence="1" number="13">clause</token>
<token t_id="22" sentence="1" number="14">meant</token>
<token t_id="23" sentence="1" number="15">to</token>
<token t_id="24" sentence="1" number="16">protect</token>
<token t_id="25" sentence="1" number="17">free</token>
<token t_id="26" sentence="1" number="18">speech</token>
<token t_id="27" sentence="1" number="19">is</token>
<token t_id="28" sentence="1" number="20">now</token>
<token t_id="29" sentence="1" number="21">being</token>
<token t_id="30" sentence="1" number="22">used</token>
<token t_id="31" sentence="1" number="23">to</token>
<token t_id="32" sentence="1" number="24">harbor</token>
<token t_id="33" sentence="1" number="25">bastions</token>
<token t_id="34" sentence="1" number="26">of</token>
<token t_id="35" sentence="1" number="27">violence</token>
<token t_id="36" sentence="1" number="28">.</token>
<token t_id="37" sentence="2" number="0">Masked</token>
<token t_id="38" sentence="2" number="1">men</token>
<token t_id="39" sentence="2" number="2">wielding</token>
<token t_id="40" sentence="2" number="3">clubs</token>
<token t_id="41" sentence="2" number="4">guard</token>
<token t_id="42" sentence="2" number="5">the</token>
<token t_id="43" sentence="2" number="6">entrance</token>
<token t_id="44" sentence="2" number="7">to</token>
<token t_id="45" sentence="2" number="8">the</token>
<token t_id="46" sentence="2" number="9">Athens</token>
<token t_id="47" sentence="2" number="10">Polytechnic</token>
<token t_id="48" sentence="2" number="11">University</token>
<token t_id="49" sentence="2" number="12">,</token>
<token t_id="50" sentence="2" number="13">keeping</token>
<token t_id="51" sentence="2" number="14">watch</token>
<token t_id="52" sentence="2" number="15">over</token>
<token t_id="53" sentence="2" number="16">the</token>
<token t_id="54" sentence="2" number="17">graffiti-covered</token>
<token t_id="55" sentence="2" number="18">walls</token>
<token t_id="56" sentence="2" number="19">on</token>
<token t_id="57" sentence="2" number="20">campus</token>
<token t_id="58" sentence="2" number="21">.</token>
<token t_id="59" sentence="3" number="0">Nearby</token>
<token t_id="60" sentence="3" number="1">streets</token>
<token t_id="61" sentence="3" number="2">are</token>
<token t_id="62" sentence="3" number="3">barricaded</token>
<token t_id="63" sentence="3" number="4">with</token>
<token t_id="64" sentence="3" number="5">the</token>
<token t_id="65" sentence="3" number="6">carcasses</token>
<token t_id="66" sentence="3" number="7">of</token>
<token t_id="67" sentence="3" number="8">burnt</token>
<token t_id="68" sentence="3" number="9">cars</token>
<token t_id="69" sentence="3" number="10">,</token>
<token t_id="70" sentence="3" number="11">and</token>
<token t_id="71" sentence="3" number="12">a</token>
<token t_id="72" sentence="3" number="13">huge</token>
<token t_id="73" sentence="3" number="14">black</token>
<token t_id="74" sentence="3" number="15">banner</token>
<token t_id="75" sentence="3" number="16">proclaims</token>
<token t_id="76" sentence="3" number="17">``</token>
<token t_id="77" sentence="3" number="18">MURDERERS</token>
<token t_id="78" sentence="3" number="19">''</token>
<token t_id="79" sentence="3" number="20">-</token>
<token t_id="80" sentence="3" number="21">the</token>
<token t_id="81" sentence="3" number="22">rallying</token>
<token t_id="82" sentence="3" number="23">cry</token>
<token t_id="83" sentence="3" number="24">that</token>
<token t_id="84" sentence="3" number="25">has</token>
<token t_id="85" sentence="3" number="26">brought</token>
<token t_id="86" sentence="3" number="27">Greece</token>
<token t_id="87" sentence="3" number="28">'s</token>
<token t_id="88" sentence="3" number="29">youths</token>
<token t_id="89" sentence="3" number="30">to</token>
<token t_id="90" sentence="3" number="31">the</token>
<token t_id="91" sentence="3" number="32">streets</token>
<token t_id="92" sentence="3" number="33">.</token>
<token t_id="93" sentence="4" number="0">Inside</token>
<token t_id="94" sentence="4" number="1">,</token>
<token t_id="95" sentence="4" number="2">piles</token>
<token t_id="96" sentence="4" number="3">of</token>
<token t_id="97" sentence="4" number="4">empty</token>
<token t_id="98" sentence="4" number="5">gas</token>
<token t_id="99" sentence="4" number="6">canisters</token>
<token t_id="100" sentence="4" number="7">testify</token>
<token t_id="101" sentence="4" number="8">to</token>
<token t_id="102" sentence="4" number="9">the</token>
<token t_id="103" sentence="4" number="10">scores</token>
<token t_id="104" sentence="4" number="11">of</token>
<token t_id="105" sentence="4" number="12">Molotov</token>
<token t_id="106" sentence="4" number="13">cocktails</token>
<token t_id="107" sentence="4" number="14">assembled</token>
<token t_id="108" sentence="4" number="15">there</token>
<token t_id="109" sentence="4" number="16">recently</token>
<token t_id="110" sentence="5" number="0">For</token>
<token t_id="111" sentence="5" number="1">more</token>
<token t_id="112" sentence="5" number="2">than</token>
<token t_id="113" sentence="5" number="3">a</token>
<token t_id="114" sentence="5" number="4">week</token>
<token t_id="115" sentence="5" number="5">,</token>
<token t_id="116" sentence="5" number="6">Athenian</token>
<token t_id="117" sentence="5" number="7">streets</token>
<token t_id="118" sentence="5" number="8">have</token>
<token t_id="119" sentence="5" number="9">been</token>
<token t_id="120" sentence="5" number="10">a</token>
<token t_id="121" sentence="5" number="11">battleground</token>
<token t_id="122" sentence="5" number="12">between</token>
<token t_id="123" sentence="5" number="13">police</token>
<token t_id="124" sentence="5" number="14">and</token>
<token t_id="125" sentence="5" number="15">protesters</token>
<token t_id="126" sentence="5" number="16">,</token>
<token t_id="127" sentence="5" number="17">whose</token>
<token t_id="128" sentence="5" number="18">anger</token>
<token t_id="129" sentence="5" number="19">was</token>
<token t_id="130" sentence="5" number="20">sparked</token>
<token t_id="131" sentence="5" number="21">by</token>
<token t_id="132" sentence="5" number="22">the</token>
<token t_id="133" sentence="5" number="23">fatal</token>
<token t_id="134" sentence="5" number="24">shooting</token>
<token t_id="135" sentence="5" number="25">of</token>
<token t_id="136" sentence="5" number="26">a</token>
<token t_id="137" sentence="5" number="27">15-year-old</token>
<token t_id="138" sentence="5" number="28">boy</token>
<token t_id="139" sentence="5" number="29">by</token>
<token t_id="140" sentence="5" number="30">a</token>
<token t_id="141" sentence="5" number="31">policeman</token>
<token t_id="142" sentence="5" number="32">.</token>
<token t_id="143" sentence="6" number="0">Protected</token>
<token t_id="144" sentence="6" number="1">by</token>
<token t_id="145" sentence="6" number="2">Greece</token>
<token t_id="146" sentence="6" number="3">'s</token>
<token t_id="147" sentence="6" number="4">Constitution</token>
<token t_id="148" sentence="6" number="5">from</token>
<token t_id="149" sentence="6" number="6">police</token>
<token t_id="150" sentence="6" number="7">interference</token>
<token t_id="151" sentence="6" number="8">,</token>
<token t_id="152" sentence="6" number="9">the</token>
<token t_id="153" sentence="6" number="10">Polytechnic</token>
<token t_id="154" sentence="6" number="11">has</token>
<token t_id="155" sentence="6" number="12">become</token>
<token t_id="156" sentence="6" number="13">the</token>
<token t_id="157" sentence="6" number="14">headquarters</token>
<token t_id="158" sentence="6" number="15">of</token>
<token t_id="159" sentence="6" number="16">the</token>
<token t_id="160" sentence="6" number="17">protest</token>
<token t_id="161" sentence="6" number="18">movement</token>
<token t_id="162" sentence="6" number="19">-</token>
<token t_id="163" sentence="6" number="20">and</token>
<token t_id="164" sentence="6" number="21">a</token>
<token t_id="165" sentence="6" number="22">haven</token>
<token t_id="166" sentence="6" number="23">for</token>
<token t_id="167" sentence="6" number="24">those</token>
<token t_id="168" sentence="6" number="25">wreaking</token>
<token t_id="169" sentence="6" number="26">havoc</token>
<token t_id="170" sentence="6" number="27">on</token>
<token t_id="171" sentence="6" number="28">the</token>
<token t_id="172" sentence="6" number="29">city</token>
<token t_id="173" sentence="6" number="30">'s</token>
<token t_id="174" sentence="6" number="31">streets</token>
<token t_id="175" sentence="6" number="32">.</token>
<token t_id="176" sentence="7" number="0">As</token>
<token t_id="177" sentence="7" number="1">Greeks</token>
<token t_id="178" sentence="7" number="2">try</token>
<token t_id="179" sentence="7" number="3">to</token>
<token t_id="180" sentence="7" number="4">make</token>
<token t_id="181" sentence="7" number="5">sense</token>
<token t_id="182" sentence="7" number="6">of</token>
<token t_id="183" sentence="7" number="7">the</token>
<token t_id="184" sentence="7" number="8">chaos</token>
<token t_id="185" sentence="7" number="9">-</token>
<token t_id="186" sentence="7" number="10">and</token>
<token t_id="187" sentence="7" number="11">prepare</token>
<token t_id="188" sentence="7" number="12">for</token>
<token t_id="189" sentence="7" number="13">another</token>
<token t_id="190" sentence="7" number="14">week</token>
<token t_id="191" sentence="7" number="15">of</token>
<token t_id="192" sentence="7" number="16">protests</token>
<token t_id="193" sentence="7" number="17">,</token>
<token t_id="194" sentence="7" number="18">ranging</token>
<token t_id="195" sentence="7" number="19">from</token>
<token t_id="196" sentence="7" number="20">sit-ins</token>
<token t_id="197" sentence="7" number="21">to</token>
<token t_id="198" sentence="7" number="22">nationwide</token>
<token t_id="199" sentence="7" number="23">roadblocks</token>
<token t_id="200" sentence="7" number="24">-</token>
<token t_id="201" sentence="7" number="25">many</token>
<token t_id="202" sentence="7" number="26">here</token>
<token t_id="203" sentence="7" number="27">are</token>
<token t_id="204" sentence="7" number="28">beginning</token>
<token t_id="205" sentence="7" number="29">to</token>
<token t_id="206" sentence="7" number="30">ask</token>
<token t_id="207" sentence="7" number="31">whether</token>
<token t_id="208" sentence="7" number="32">the</token>
<token t_id="209" sentence="7" number="33">asylum</token>
<token t_id="210" sentence="7" number="34">law</token>
<token t_id="211" sentence="7" number="35">is</token>
<token t_id="212" sentence="7" number="36">protecting</token>
<token t_id="213" sentence="7" number="37">free</token>
<token t_id="214" sentence="7" number="38">speech</token>
<token t_id="215" sentence="7" number="39">or</token>
<token t_id="216" sentence="7" number="40">simply</token>
<token t_id="217" sentence="7" number="41">harboring</token>
<token t_id="218" sentence="7" number="42">criminals</token>
<token t_id="219" sentence="7" number="43">.</token>
<token t_id="220" sentence="8" number="0">``</token>
<token t_id="221" sentence="8" number="1">The</token>
<token t_id="222" sentence="8" number="2">university</token>
<token t_id="223" sentence="8" number="3">asylum</token>
<token t_id="224" sentence="8" number="4">is</token>
<token t_id="225" sentence="8" number="5">for</token>
<token t_id="226" sentence="8" number="6">the</token>
<token t_id="227" sentence="8" number="7">freedom</token>
<token t_id="228" sentence="8" number="8">of</token>
<token t_id="229" sentence="8" number="9">movement</token>
<token t_id="230" sentence="8" number="10">of</token>
<token t_id="231" sentence="8" number="11">ideas</token>
<token t_id="232" sentence="8" number="12">,</token>
<token t_id="233" sentence="8" number="13">but</token>
<token t_id="234" sentence="8" number="14">not</token>
<token t_id="235" sentence="8" number="15">of</token>
<token t_id="236" sentence="8" number="16">commitment</token>
<token t_id="237" sentence="8" number="17">of</token>
<token t_id="238" sentence="8" number="18">criminal</token>
<token t_id="239" sentence="8" number="19">actions</token>
<token t_id="240" sentence="8" number="20">,</token>
<token t_id="241" sentence="8" number="21">''</token>
<token t_id="242" sentence="8" number="22">says</token>
<token t_id="243" sentence="8" number="23">George</token>
<token t_id="244" sentence="8" number="24">Bergeles</token>
<token t_id="245" sentence="8" number="25">,</token>
<token t_id="246" sentence="8" number="26">a</token>
<token t_id="247" sentence="8" number="27">professor</token>
<token t_id="248" sentence="8" number="28">at</token>
<token t_id="249" sentence="8" number="29">the</token>
<token t_id="250" sentence="8" number="30">Polytechnic</token>
<token t_id="251" sentence="8" number="31">who</token>
<token t_id="252" sentence="8" number="32">is</token>
<token t_id="253" sentence="8" number="33">sympathetic</token>
<token t_id="254" sentence="8" number="34">to</token>
<token t_id="255" sentence="8" number="35">the</token>
<token t_id="256" sentence="8" number="36">students</token>
<token t_id="257" sentence="8" number="37">'</token>
<token t_id="258" sentence="8" number="38">complaints</token>
<token t_id="259" sentence="8" number="39">,</token>
<token t_id="260" sentence="8" number="40">but</token>
<token t_id="261" sentence="8" number="41">not</token>
<token t_id="262" sentence="8" number="42">their</token>
<token t_id="263" sentence="8" number="43">harsh</token>
<token t_id="264" sentence="8" number="44">tactics</token>
<token t_id="265" sentence="8" number="45">.</token>
<token t_id="266" sentence="9" number="0">``</token>
<token t_id="267" sentence="9" number="1">The</token>
<token t_id="268" sentence="9" number="2">law</token>
<token t_id="269" sentence="9" number="3">about</token>
<token t_id="270" sentence="9" number="4">university</token>
<token t_id="271" sentence="9" number="5">asylum</token>
<token t_id="272" sentence="9" number="6">I</token>
<token t_id="273" sentence="9" number="7">believe</token>
<token t_id="274" sentence="9" number="8">is</token>
<token t_id="275" sentence="9" number="9">a</token>
<token t_id="276" sentence="9" number="10">fantastic</token>
<token t_id="277" sentence="9" number="11">achievement</token>
<token t_id="278" sentence="9" number="12">of</token>
<token t_id="279" sentence="9" number="13">the</token>
<token t_id="280" sentence="9" number="14">university</token>
<token t_id="281" sentence="9" number="15">movement</token>
<token t_id="282" sentence="9" number="16">,</token>
<token t_id="283" sentence="9" number="17">but</token>
<token t_id="284" sentence="9" number="18">we</token>
<token t_id="285" sentence="9" number="19">should</token>
<token t_id="286" sentence="9" number="20">protect</token>
<token t_id="287" sentence="9" number="21">it</token>
<token t_id="288" sentence="9" number="22">by</token>
<token t_id="289" sentence="9" number="23">not</token>
<token t_id="290" sentence="9" number="24">allowing</token>
<token t_id="291" sentence="9" number="25">criminal</token>
<token t_id="292" sentence="9" number="26">offenses</token>
<token t_id="293" sentence="9" number="27">to</token>
<token t_id="294" sentence="9" number="28">happen</token>
<token t_id="295" sentence="9" number="29">inside</token>
<token t_id="296" sentence="9" number="30">.</token>
<token t_id="297" sentence="9" number="31">''</token>
<token t_id="298" sentence="10" number="0">The</token>
<token t_id="299" sentence="10" number="1">Polytechnic</token>
<token t_id="300" sentence="10" number="2">holds</token>
<token t_id="301" sentence="10" number="3">historic</token>
<token t_id="302" sentence="10" number="4">importance</token>
<token t_id="303" sentence="10" number="5">for</token>
<token t_id="304" sentence="10" number="6">Greeks</token>
<token t_id="305" sentence="10" number="7">.</token>
<token t_id="306" sentence="11" number="0">In</token>
<token t_id="307" sentence="11" number="1">November</token>
<token t_id="308" sentence="11" number="2">1973</token>
<token t_id="309" sentence="11" number="3">,</token>
<token t_id="310" sentence="11" number="4">students</token>
<token t_id="311" sentence="11" number="5">barricaded</token>
<token t_id="312" sentence="11" number="6">themselves</token>
<token t_id="313" sentence="11" number="7">inside</token>
<token t_id="314" sentence="11" number="8">in</token>
<token t_id="315" sentence="11" number="9">rebellion</token>
<token t_id="316" sentence="11" number="10">against</token>
<token t_id="317" sentence="11" number="11">the</token>
<token t_id="318" sentence="11" number="12">country</token>
<token t_id="319" sentence="11" number="13">'s</token>
<token t_id="320" sentence="11" number="14">military</token>
<token t_id="321" sentence="11" number="15">junta</token>
<token t_id="322" sentence="11" number="16">,</token>
<token t_id="323" sentence="11" number="17">which</token>
<token t_id="324" sentence="11" number="18">had</token>
<token t_id="325" sentence="11" number="19">been</token>
<token t_id="326" sentence="11" number="20">in</token>
<token t_id="327" sentence="11" number="21">power</token>
<token t_id="328" sentence="11" number="22">since</token>
<token t_id="329" sentence="11" number="23">1967</token>
<token t_id="330" sentence="11" number="24">.</token>
<token t_id="331" sentence="12" number="0">Fearful</token>
<token t_id="332" sentence="12" number="1">that</token>
<token t_id="333" sentence="12" number="2">the</token>
<token t_id="334" sentence="12" number="3">revolt</token>
<token t_id="335" sentence="12" number="4">would</token>
<token t_id="336" sentence="12" number="5">spread</token>
<token t_id="337" sentence="12" number="6">,</token>
<token t_id="338" sentence="12" number="7">on</token>
<token t_id="339" sentence="12" number="8">Nov.</token>
<token t_id="340" sentence="12" number="9">17</token>
<token t_id="341" sentence="12" number="10">the</token>
<token t_id="342" sentence="12" number="11">national</token>
<token t_id="343" sentence="12" number="12">police</token>
<token t_id="344" sentence="12" number="13">moved</token>
<token t_id="345" sentence="12" number="14">in</token>
<token t_id="346" sentence="12" number="15">with</token>
<token t_id="347" sentence="12" number="16">tanks</token>
<token t_id="348" sentence="12" number="17">,</token>
<token t_id="349" sentence="12" number="18">killing</token>
<token t_id="350" sentence="12" number="19">a</token>
<token t_id="351" sentence="12" number="20">still-disputed</token>
<token t_id="352" sentence="12" number="21">number</token>
<token t_id="353" sentence="12" number="22">of</token>
<token t_id="354" sentence="12" number="23">protesters</token>
<token t_id="355" sentence="12" number="24">.</token>
<token t_id="356" sentence="13" number="0">The</token>
<token t_id="357" sentence="13" number="1">junta</token>
<token t_id="358" sentence="13" number="2">fell</token>
<token t_id="359" sentence="13" number="3">less</token>
<token t_id="360" sentence="13" number="4">than</token>
<token t_id="361" sentence="13" number="5">a</token>
<token t_id="362" sentence="13" number="6">year</token>
<token t_id="363" sentence="13" number="7">later</token>
<token t_id="364" sentence="13" number="8">.</token>
<token t_id="365" sentence="14" number="0">Greece</token>
<token t_id="366" sentence="14" number="1">'s</token>
<token t_id="367" sentence="14" number="2">new</token>
<token t_id="368" sentence="14" number="3">Constitution</token>
<token t_id="369" sentence="14" number="4">gave</token>
<token t_id="370" sentence="14" number="5">special</token>
<token t_id="371" sentence="14" number="6">status</token>
<token t_id="372" sentence="14" number="7">to</token>
<token t_id="373" sentence="14" number="8">universities</token>
<token t_id="374" sentence="14" number="9">and</token>
<token t_id="375" sentence="14" number="10">other</token>
<token t_id="376" sentence="14" number="11">schools</token>
<token t_id="377" sentence="14" number="12">,</token>
<token t_id="378" sentence="14" number="13">forever</token>
<token t_id="379" sentence="14" number="14">barring</token>
<token t_id="380" sentence="14" number="15">the</token>
<token t_id="381" sentence="14" number="16">police</token>
<token t_id="382" sentence="14" number="17">from</token>
<token t_id="383" sentence="14" number="18">entering</token>
<token t_id="384" sentence="14" number="19">their</token>
<token t_id="385" sentence="14" number="20">grounds</token>
<token t_id="386" sentence="14" number="21">.</token>
<token t_id="387" sentence="15" number="0">Today</token>
<token t_id="388" sentence="15" number="1">,</token>
<token t_id="389" sentence="15" number="2">the</token>
<token t_id="390" sentence="15" number="3">Poly-technic</token>
<token t_id="391" sentence="15" number="4">and</token>
<token t_id="392" sentence="15" number="5">other</token>
<token t_id="393" sentence="15" number="6">institutions</token>
<token t_id="394" sentence="15" number="7">of</token>
<token t_id="395" sentence="15" number="8">learning</token>
<token t_id="396" sentence="15" number="9">are</token>
<token t_id="397" sentence="15" number="10">once</token>
<token t_id="398" sentence="15" number="11">again</token>
<token t_id="399" sentence="15" number="12">brimming</token>
<token t_id="400" sentence="15" number="13">with</token>
<token t_id="401" sentence="15" number="14">revolutionary</token>
<token t_id="402" sentence="15" number="15">zeal</token>
<token t_id="403" sentence="15" number="16">.</token>
<token t_id="404" sentence="16" number="0">Across</token>
<token t_id="405" sentence="16" number="1">Athens</token>
<token t_id="406" sentence="16" number="2">,</token>
<token t_id="407" sentence="16" number="3">high</token>
<token t_id="408" sentence="16" number="4">schools</token>
<token t_id="409" sentence="16" number="5">and</token>
<token t_id="410" sentence="16" number="6">universities</token>
<token t_id="411" sentence="16" number="7">are</token>
<token t_id="412" sentence="16" number="8">under</token>
<token t_id="413" sentence="16" number="9">occupation</token>
<token t_id="414" sentence="16" number="10">by</token>
<token t_id="415" sentence="16" number="11">students</token>
<token t_id="416" sentence="16" number="12">and</token>
<token t_id="417" sentence="16" number="13">other</token>
<token t_id="418" sentence="16" number="14">youth</token>
<token t_id="419" sentence="16" number="15">angry</token>
<token t_id="420" sentence="16" number="16">at</token>
<token t_id="421" sentence="16" number="17">the</token>
<token t_id="422" sentence="16" number="18">Dec.</token>
<token t_id="423" sentence="16" number="19">6</token>
<token t_id="424" sentence="16" number="20">killing</token>
<token t_id="425" sentence="16" number="21">of</token>
<token t_id="426" sentence="16" number="22">Alexandros</token>
<token t_id="427" sentence="16" number="23">Grigoropoulos</token>
<token t_id="428" sentence="16" number="24">and</token>
<token t_id="429" sentence="16" number="25">also</token>
<token t_id="430" sentence="16" number="26">at</token>
<token t_id="431" sentence="16" number="27">a</token>
<token t_id="432" sentence="16" number="28">political</token>
<token t_id="433" sentence="16" number="29">system</token>
<token t_id="434" sentence="16" number="30">they</token>
<token t_id="435" sentence="16" number="31">see</token>
<token t_id="436" sentence="16" number="32">as</token>
<token t_id="437" sentence="16" number="33">corrupt</token>
<token t_id="438" sentence="16" number="34">and</token>
<token t_id="439" sentence="16" number="35">incompetent</token>
<token t_id="440" sentence="16" number="36">.</token>
<token t_id="441" sentence="17" number="0">So</token>
<token t_id="442" sentence="17" number="1">far</token>
<token t_id="443" sentence="17" number="2">,</token>
<token t_id="444" sentence="17" number="3">Prime</token>
<token t_id="445" sentence="17" number="4">Minister</token>
<token t_id="446" sentence="17" number="5">Costas</token>
<token t_id="447" sentence="17" number="6">Karamanlis</token>
<token t_id="448" sentence="17" number="7">has</token>
<token t_id="449" sentence="17" number="8">rejected</token>
<token t_id="450" sentence="17" number="9">calls</token>
<token t_id="451" sentence="17" number="10">by</token>
<token t_id="452" sentence="17" number="11">opposition</token>
<token t_id="453" sentence="17" number="12">leaders</token>
<token t_id="454" sentence="17" number="13">to</token>
<token t_id="455" sentence="17" number="14">hold</token>
<token t_id="456" sentence="17" number="15">early</token>
<token t_id="457" sentence="17" number="16">elections</token>
<token t_id="458" sentence="17" number="17">,</token>
<token t_id="459" sentence="17" number="18">but</token>
<token t_id="460" sentence="17" number="19">his</token>
<token t_id="461" sentence="17" number="20">center-right</token>
<token t_id="462" sentence="17" number="21">party</token>
<token t_id="463" sentence="17" number="22">holds</token>
<token t_id="464" sentence="17" number="23">only</token>
<token t_id="465" sentence="17" number="24">a</token>
<token t_id="466" sentence="17" number="25">one-seat</token>
<token t_id="467" sentence="17" number="26">majority</token>
<token t_id="468" sentence="17" number="27">in</token>
<token t_id="469" sentence="17" number="28">parliament</token>
<token t_id="470" sentence="17" number="29">,</token>
<token t_id="471" sentence="17" number="30">and</token>
<token t_id="472" sentence="17" number="31">public</token>
<token t_id="473" sentence="17" number="32">support</token>
<token t_id="474" sentence="17" number="33">for</token>
<token t_id="475" sentence="17" number="34">his</token>
<token t_id="476" sentence="17" number="35">government</token>
<token t_id="477" sentence="17" number="36">was</token>
<token t_id="478" sentence="17" number="37">weak</token>
<token t_id="479" sentence="17" number="38">even</token>
<token t_id="480" sentence="17" number="39">before</token>
<token t_id="481" sentence="17" number="40">the</token>
<token t_id="482" sentence="17" number="41">riots</token>
<token t_id="483" sentence="17" number="42">.</token>
<token t_id="484" sentence="18" number="0">The</token>
<token t_id="485" sentence="18" number="1">latest</token>
<token t_id="486" sentence="18" number="2">poll</token>
<token t_id="487" sentence="18" number="3">numbers</token>
<token t_id="488" sentence="18" number="4">show</token>
<token t_id="489" sentence="18" number="5">a</token>
<token t_id="490" sentence="18" number="6">20</token>
<token t_id="491" sentence="18" number="7">percent</token>
<token t_id="492" sentence="18" number="8">approval</token>
<token t_id="493" sentence="18" number="9">rating</token>
<token t_id="494" sentence="18" number="10">.</token>
<token t_id="495" sentence="19" number="0">The</token>
<token t_id="496" sentence="19" number="1">Polytechnic</token>
<token t_id="497" sentence="19" number="2">,</token>
<token t_id="498" sentence="19" number="3">which</token>
<token t_id="499" sentence="19" number="4">lies</token>
<token t_id="500" sentence="19" number="5">on</token>
<token t_id="501" sentence="19" number="6">the</token>
<token t_id="502" sentence="19" number="7">border</token>
<token t_id="503" sentence="19" number="8">of</token>
<token t_id="504" sentence="19" number="9">the</token>
<token t_id="505" sentence="19" number="10">edgy</token>
<token t_id="506" sentence="19" number="11">neighborhood</token>
<token t_id="507" sentence="19" number="12">of</token>
<token t_id="508" sentence="19" number="13">Exarchia</token>
<token t_id="509" sentence="19" number="14">,</token>
<token t_id="510" sentence="19" number="15">where</token>
<token t_id="511" sentence="19" number="16">the</token>
<token t_id="512" sentence="19" number="17">15-year-old</token>
<token t_id="513" sentence="19" number="18">was</token>
<token t_id="514" sentence="19" number="19">killed</token>
<token t_id="515" sentence="19" number="20">,</token>
<token t_id="516" sentence="19" number="21">is</token>
<token t_id="517" sentence="19" number="22">serving</token>
<token t_id="518" sentence="19" number="23">as</token>
<token t_id="519" sentence="19" number="24">the</token>
<token t_id="520" sentence="19" number="25">heart</token>
<token t_id="521" sentence="19" number="26">and</token>
<token t_id="522" sentence="19" number="27">brain</token>
<token t_id="523" sentence="19" number="28">center</token>
<token t_id="524" sentence="19" number="29">of</token>
<token t_id="525" sentence="19" number="30">the</token>
<token t_id="526" sentence="19" number="31">revolt</token>
<token t_id="527" sentence="19" number="32">.</token>
<token t_id="528" sentence="20" number="0">There</token>
<token t_id="529" sentence="20" number="1">,</token>
<token t_id="530" sentence="20" number="2">anarchists</token>
<token t_id="531" sentence="20" number="3">-</token>
<token t_id="532" sentence="20" number="4">many</token>
<token t_id="533" sentence="20" number="5">of</token>
<token t_id="534" sentence="20" number="6">whom</token>
<token t_id="535" sentence="20" number="7">call</token>
<token t_id="536" sentence="20" number="8">Exarchia</token>
<token t_id="537" sentence="20" number="9">their</token>
<token t_id="538" sentence="20" number="10">home</token>
<token t_id="539" sentence="20" number="11">-</token>
<token t_id="540" sentence="20" number="12">are</token>
<token t_id="541" sentence="20" number="13">helping</token>
<token t_id="542" sentence="20" number="14">to</token>
<token t_id="543" sentence="20" number="15">organize</token>
<token t_id="544" sentence="20" number="16">students</token>
<token t_id="545" sentence="20" number="17">and</token>
<token t_id="546" sentence="20" number="18">other</token>
<token t_id="547" sentence="20" number="19">young</token>
<token t_id="548" sentence="20" number="20">people</token>
<token t_id="549" sentence="20" number="21">.</token>
<token t_id="550" sentence="21" number="0">The</token>
<token t_id="551" sentence="21" number="1">area</token>
<token t_id="552" sentence="21" number="2">just</token>
<token t_id="553" sentence="21" number="3">outside</token>
<token t_id="554" sentence="21" number="4">its</token>
<token t_id="555" sentence="21" number="5">gates</token>
<token t_id="556" sentence="21" number="6">has</token>
<token t_id="557" sentence="21" number="7">been</token>
<token t_id="558" sentence="21" number="8">the</token>
<token t_id="559" sentence="21" number="9">site</token>
<token t_id="560" sentence="21" number="10">of</token>
<token t_id="561" sentence="21" number="11">some</token>
<token t_id="562" sentence="21" number="12">of</token>
<token t_id="563" sentence="21" number="13">the</token>
<token t_id="564" sentence="21" number="14">most</token>
<token t_id="565" sentence="21" number="15">intense</token>
<token t_id="566" sentence="21" number="16">clashes</token>
<token t_id="567" sentence="21" number="17">with</token>
<token t_id="568" sentence="21" number="18">police</token>
<token t_id="569" sentence="21" number="19">.</token>
<token t_id="570" sentence="22" number="0">Inside</token>
<token t_id="571" sentence="22" number="1">,</token>
<token t_id="572" sentence="22" number="2">protesters</token>
<token t_id="573" sentence="22" number="3">regroup</token>
<token t_id="574" sentence="22" number="4">and</token>
<token t_id="575" sentence="22" number="5">rearm</token>
<token t_id="576" sentence="22" number="6">around</token>
<token t_id="577" sentence="22" number="7">bonfires</token>
<token t_id="578" sentence="22" number="8">that</token>
<token t_id="579" sentence="22" number="9">burn</token>
<token t_id="580" sentence="22" number="10">through</token>
<token t_id="581" sentence="22" number="11">the</token>
<token t_id="582" sentence="22" number="12">night</token>
<token t_id="583" sentence="22" number="13">.</token>
<token t_id="584" sentence="23" number="0">There</token>
<token t_id="585" sentence="23" number="1">'s</token>
<token t_id="586" sentence="23" number="2">an</token>
<token t_id="587" sentence="23" number="3">air</token>
<token t_id="588" sentence="23" number="4">of</token>
<token t_id="589" sentence="23" number="5">menace</token>
<token t_id="590" sentence="23" number="6">outside</token>
<token t_id="591" sentence="23" number="7">the</token>
<token t_id="592" sentence="23" number="8">Polytechnic</token>
<token t_id="593" sentence="23" number="9">.</token>
<token t_id="594" sentence="24" number="0">But</token>
<token t_id="595" sentence="24" number="1">Stergia</token>
<token t_id="596" sentence="24" number="2">Sarantopoulou</token>
<token t_id="597" sentence="24" number="3">,</token>
<token t_id="598" sentence="24" number="4">an</token>
<token t_id="599" sentence="24" number="5">architecture</token>
<token t_id="600" sentence="24" number="6">student</token>
<token t_id="601" sentence="24" number="7">there</token>
<token t_id="602" sentence="24" number="8">who</token>
<token t_id="603" sentence="24" number="9">has</token>
<token t_id="604" sentence="24" number="10">been</token>
<token t_id="605" sentence="24" number="11">participating</token>
<token t_id="606" sentence="24" number="12">in</token>
<token t_id="607" sentence="24" number="13">protests</token>
<token t_id="608" sentence="24" number="14">,</token>
<token t_id="609" sentence="24" number="15">says</token>
<token t_id="610" sentence="24" number="16">the</token>
<token t_id="611" sentence="24" number="17">mood</token>
<token t_id="612" sentence="24" number="18">is</token>
<token t_id="613" sentence="24" number="19">angry</token>
<token t_id="614" sentence="24" number="20">but</token>
<token t_id="615" sentence="24" number="21">collegial</token>
<token t_id="616" sentence="24" number="22">.</token>
<token t_id="617" sentence="25" number="0">Like</token>
<token t_id="618" sentence="25" number="1">many</token>
<token t_id="619" sentence="25" number="2">students</token>
<token t_id="620" sentence="25" number="3">,</token>
<token t_id="621" sentence="25" number="4">she</token>
<token t_id="622" sentence="25" number="5">passionately</token>
<token t_id="623" sentence="25" number="6">defends</token>
<token t_id="624" sentence="25" number="7">the</token>
<token t_id="625" sentence="25" number="8">asylum</token>
<token t_id="626" sentence="25" number="9">law</token>
<token t_id="627" sentence="25" number="10">.</token>
<token t_id="628" sentence="26" number="0">``</token>
<token t_id="629" sentence="26" number="1">There</token>
<token t_id="630" sentence="26" number="2">are</token>
<token t_id="631" sentence="26" number="3">historical</token>
<token t_id="632" sentence="26" number="4">,</token>
<token t_id="633" sentence="26" number="5">political</token>
<token t_id="634" sentence="26" number="6">,</token>
<token t_id="635" sentence="26" number="7">ideological</token>
<token t_id="636" sentence="26" number="8">reasons</token>
<token t_id="637" sentence="26" number="9">for</token>
<token t_id="638" sentence="26" number="10">the</token>
<token t_id="639" sentence="26" number="11">immunity</token>
<token t_id="640" sentence="26" number="12">to</token>
<token t_id="641" sentence="26" number="13">exist</token>
<token t_id="642" sentence="26" number="14">,</token>
<token t_id="643" sentence="26" number="15">''</token>
<token t_id="644" sentence="26" number="16">she</token>
<token t_id="645" sentence="26" number="17">says</token>
<token t_id="646" sentence="26" number="18">.</token>
<token t_id="647" sentence="27" number="0">``</token>
<token t_id="648" sentence="27" number="1">Universities</token>
<token t_id="649" sentence="27" number="2">are</token>
<token t_id="650" sentence="27" number="3">our</token>
<token t_id="651" sentence="27" number="4">home</token>
<token t_id="652" sentence="27" number="5">.</token>
<token t_id="653" sentence="28" number="0">It</token>
<token t_id="654" sentence="28" number="1">'s</token>
<token t_id="655" sentence="28" number="2">the</token>
<token t_id="656" sentence="28" number="3">students</token>
<token t_id="657" sentence="28" number="4">home</token>
<token t_id="658" sentence="28" number="5">;</token>
<token t_id="659" sentence="28" number="6">it</token>
<token t_id="660" sentence="28" number="7">'s</token>
<token t_id="661" sentence="28" number="8">the</token>
<token t_id="662" sentence="28" number="9">teachers</token>
<token t_id="663" sentence="28" number="10">home</token>
<token t_id="664" sentence="28" number="11">.</token>
<token t_id="665" sentence="28" number="12">''</token>
<token t_id="666" sentence="29" number="0">The</token>
<token t_id="667" sentence="29" number="1">university</token>
<token t_id="668" sentence="29" number="2">safe-haven</token>
<token t_id="669" sentence="29" number="3">policy</token>
<token t_id="670" sentence="29" number="4">might</token>
<token t_id="671" sentence="29" number="5">at</token>
<token t_id="672" sentence="29" number="6">times</token>
<token t_id="673" sentence="29" number="7">be</token>
<token t_id="674" sentence="29" number="8">abused</token>
<token t_id="675" sentence="29" number="9">,</token>
<token t_id="676" sentence="29" number="10">Ms.</token>
<token t_id="677" sentence="29" number="11">Sarantopoulou</token>
<token t_id="678" sentence="29" number="12">says</token>
<token t_id="679" sentence="29" number="13">,</token>
<token t_id="680" sentence="29" number="14">but</token>
<token t_id="681" sentence="29" number="15">in</token>
<token t_id="682" sentence="29" number="16">the</token>
<token t_id="683" sentence="29" number="17">long</token>
<token t_id="684" sentence="29" number="18">run</token>
<token t_id="685" sentence="29" number="19">society</token>
<token t_id="686" sentence="29" number="20">is</token>
<token t_id="687" sentence="29" number="21">better</token>
<token t_id="688" sentence="29" number="22">off</token>
<token t_id="689" sentence="29" number="23">by</token>
<token t_id="690" sentence="29" number="24">having</token>
<token t_id="691" sentence="29" number="25">a</token>
<token t_id="692" sentence="29" number="26">law</token>
<token t_id="693" sentence="29" number="27">that</token>
<token t_id="694" sentence="29" number="28">forever</token>
<token t_id="695" sentence="29" number="29">ensures</token>
<token t_id="696" sentence="29" number="30">a</token>
<token t_id="697" sentence="29" number="31">safe</token>
<token t_id="698" sentence="29" number="32">place</token>
<token t_id="699" sentence="29" number="33">for</token>
<token t_id="700" sentence="29" number="34">free</token>
<token t_id="701" sentence="29" number="35">speech</token>
<token t_id="702" sentence="29" number="36">.</token>
<token t_id="703" sentence="30" number="0">``</token>
<token t_id="704" sentence="30" number="1">It</token>
<token t_id="705" sentence="30" number="2">'s</token>
<token t_id="706" sentence="30" number="3">much</token>
<token t_id="707" sentence="30" number="4">more</token>
<token t_id="708" sentence="30" number="5">harmful</token>
<token t_id="709" sentence="30" number="6">for</token>
<token t_id="710" sentence="30" number="7">the</token>
<token t_id="711" sentence="30" number="8">state</token>
<token t_id="712" sentence="30" number="9">to</token>
<token t_id="713" sentence="30" number="10">control</token>
<token t_id="714" sentence="30" number="11">[</token>
<token t_id="715" sentence="30" number="12">universities</token>
<token t_id="716" sentence="30" number="13">,</token>
<token t_id="717" sentence="30" number="14">]</token>
<token t_id="718" sentence="30" number="15">''</token>
<token t_id="719" sentence="30" number="16">she</token>
<token t_id="720" sentence="30" number="17">says</token>
<token t_id="721" sentence="30" number="18">.</token>
<token t_id="722" sentence="31" number="0">The</token>
<token t_id="723" sentence="31" number="1">explosion</token>
<token t_id="724" sentence="31" number="2">of</token>
<token t_id="725" sentence="31" number="3">rioting</token>
<token t_id="726" sentence="31" number="4">and</token>
<token t_id="727" sentence="31" number="5">looting</token>
<token t_id="728" sentence="31" number="6">that</token>
<token t_id="729" sentence="31" number="7">took</token>
<token t_id="730" sentence="31" number="8">place</token>
<token t_id="731" sentence="31" number="9">in</token>
<token t_id="732" sentence="31" number="10">the</token>
<token t_id="733" sentence="31" number="11">aftermath</token>
<token t_id="734" sentence="31" number="12">of</token>
<token t_id="735" sentence="31" number="13">Alexandros</token>
<token t_id="736" sentence="31" number="14">'s</token>
<token t_id="737" sentence="31" number="15">death</token>
<token t_id="738" sentence="31" number="16">has</token>
<token t_id="739" sentence="31" number="17">faded</token>
<token t_id="740" sentence="31" number="18">in</token>
<token t_id="741" sentence="31" number="19">recent</token>
<token t_id="742" sentence="31" number="20">days</token>
<token t_id="743" sentence="31" number="21">,</token>
<token t_id="744" sentence="31" number="22">but</token>
<token t_id="745" sentence="31" number="23">there</token>
<token t_id="746" sentence="31" number="24">are</token>
<token t_id="747" sentence="31" number="25">still</token>
<token t_id="748" sentence="31" number="26">daily</token>
<token t_id="749" sentence="31" number="27">protests</token>
<token t_id="750" sentence="31" number="28">,</token>
<token t_id="751" sentence="31" number="29">many</token>
<token t_id="752" sentence="31" number="30">of</token>
<token t_id="753" sentence="31" number="31">which</token>
<token t_id="754" sentence="31" number="32">end</token>
<token t_id="755" sentence="31" number="33">in</token>
<token t_id="756" sentence="31" number="34">hails</token>
<token t_id="757" sentence="31" number="35">of</token>
<token t_id="758" sentence="31" number="36">rocks</token>
<token t_id="759" sentence="31" number="37">and</token>
<token t_id="760" sentence="31" number="38">flaming</token>
<token t_id="761" sentence="31" number="39">Molotov</token>
<token t_id="762" sentence="31" number="40">cocktails</token>
<token t_id="763" sentence="31" number="41">.</token>
<token t_id="764" sentence="32" number="0">On</token>
<token t_id="765" sentence="32" number="1">Saturday</token>
<token t_id="766" sentence="32" number="2">,</token>
<token t_id="767" sentence="32" number="3">the</token>
<token t_id="768" sentence="32" number="4">one-week</token>
<token t_id="769" sentence="32" number="5">anniversary</token>
<token t_id="770" sentence="32" number="6">of</token>
<token t_id="771" sentence="32" number="7">the</token>
<token t_id="772" sentence="32" number="8">shooting</token>
<token t_id="773" sentence="32" number="9">,</token>
<token t_id="774" sentence="32" number="10">the</token>
<token t_id="775" sentence="32" number="11">protests</token>
<token t_id="776" sentence="32" number="12">were</token>
<token t_id="777" sentence="32" number="13">largely</token>
<token t_id="778" sentence="32" number="14">peaceful</token>
<token t_id="779" sentence="32" number="15">,</token>
<token t_id="780" sentence="32" number="16">though</token>
<token t_id="781" sentence="32" number="17">still</token>
<token t_id="782" sentence="32" number="18">angry</token>
<token t_id="783" sentence="32" number="19">.</token>
<token t_id="784" sentence="33" number="0">In</token>
<token t_id="785" sentence="33" number="1">daylight</token>
<token t_id="786" sentence="33" number="2">,</token>
<token t_id="787" sentence="33" number="3">a</token>
<token t_id="788" sentence="33" number="4">fragile</token>
<token t_id="789" sentence="33" number="5">normality</token>
<token t_id="790" sentence="33" number="6">began</token>
<token t_id="791" sentence="33" number="7">to</token>
<token t_id="792" sentence="33" number="8">return</token>
<token t_id="793" sentence="33" number="9">to</token>
<token t_id="794" sentence="33" number="10">the</token>
<token t_id="795" sentence="33" number="11">city</token>
<token t_id="796" sentence="33" number="12">center</token>
<token t_id="797" sentence="33" number="13">,</token>
<token t_id="798" sentence="33" number="14">with</token>
<token t_id="799" sentence="33" number="15">shops</token>
<token t_id="800" sentence="33" number="16">again</token>
<token t_id="801" sentence="33" number="17">opening</token>
<token t_id="802" sentence="33" number="18">and</token>
<token t_id="803" sentence="33" number="19">people</token>
<token t_id="804" sentence="33" number="20">returning</token>
<token t_id="805" sentence="33" number="21">to</token>
<token t_id="806" sentence="33" number="22">work</token>
<token t_id="807" sentence="33" number="23">.</token>
<token t_id="808" sentence="34" number="0">But</token>
<token t_id="809" sentence="34" number="1">at</token>
<token t_id="810" sentence="34" number="2">night</token>
<token t_id="811" sentence="34" number="3">,</token>
<token t_id="812" sentence="34" number="4">uncertain</token>
<token t_id="813" sentence="34" number="5">Athenians</token>
<token t_id="814" sentence="34" number="6">stayed</token>
<token t_id="815" sentence="34" number="7">away</token>
<token t_id="816" sentence="34" number="8">from</token>
<token t_id="817" sentence="34" number="9">the</token>
<token t_id="818" sentence="34" number="10">normally</token>
<token t_id="819" sentence="34" number="11">bustling</token>
<token t_id="820" sentence="34" number="12">city</token>
<token t_id="821" sentence="34" number="13">center</token>
<token t_id="822" sentence="34" number="14">,</token>
<token t_id="823" sentence="34" number="15">which</token>
<token t_id="824" sentence="34" number="16">was</token>
<token t_id="825" sentence="34" number="17">ghostly</token>
<token t_id="826" sentence="34" number="18">quiet</token>
<token t_id="827" sentence="34" number="19">.</token>
<token t_id="828" sentence="35" number="0">Groups</token>
<token t_id="829" sentence="35" number="1">of</token>
<token t_id="830" sentence="35" number="2">young</token>
<token t_id="831" sentence="35" number="3">people</token>
<token t_id="832" sentence="35" number="4">roamed</token>
<token t_id="833" sentence="35" number="5">the</token>
<token t_id="834" sentence="35" number="6">streets</token>
<token t_id="835" sentence="35" number="7">across</token>
<token t_id="836" sentence="35" number="8">central</token>
<token t_id="837" sentence="35" number="9">Athens</token>
<token t_id="838" sentence="35" number="10">,</token>
<token t_id="839" sentence="35" number="11">shouting:</token>
<token t_id="840" sentence="36" number="0">``</token>
<token t_id="841" sentence="36" number="1">This</token>
<token t_id="842" sentence="36" number="2">night</token>
<token t_id="843" sentence="36" number="3">is</token>
<token t_id="844" sentence="36" number="4">for</token>
<token t_id="845" sentence="36" number="5">Alexi</token>
<token t_id="846" sentence="36" number="6">!</token>
<token t_id="847" sentence="36" number="7">''</token>
<token t_id="848" sentence="37" number="0">A</token>
<token t_id="849" sentence="37" number="1">heavy</token>
<token t_id="850" sentence="37" number="2">cloud</token>
<token t_id="851" sentence="37" number="3">of</token>
<token t_id="852" sentence="37" number="4">tear</token>
<token t_id="853" sentence="37" number="5">gas</token>
<token t_id="854" sentence="37" number="6">and</token>
<token t_id="855" sentence="37" number="7">smoke</token>
<token t_id="856" sentence="37" number="8">hung</token>
<token t_id="857" sentence="37" number="9">over</token>
<token t_id="858" sentence="37" number="10">Exarchia</token>
<token t_id="859" sentence="37" number="11">,</token>
<token t_id="860" sentence="37" number="12">which</token>
<token t_id="861" sentence="37" number="13">felt</token>
<token t_id="862" sentence="37" number="14">like</token>
<token t_id="863" sentence="37" number="15">a</token>
<token t_id="864" sentence="37" number="16">rebel-held</token>
<token t_id="865" sentence="37" number="17">enclave</token>
<token t_id="866" sentence="37" number="18">in</token>
<token t_id="867" sentence="37" number="19">a</token>
<token t_id="868" sentence="37" number="20">city</token>
<token t_id="869" sentence="37" number="21">at</token>
<token t_id="870" sentence="37" number="22">war</token>
<token t_id="871" sentence="37" number="23">.</token>
<token t_id="872" sentence="38" number="0">Police</token>
<token t_id="873" sentence="38" number="1">lingered</token>
<token t_id="874" sentence="38" number="2">warily</token>
<token t_id="875" sentence="38" number="3">on</token>
<token t_id="876" sentence="38" number="4">its</token>
<token t_id="877" sentence="38" number="5">edges</token>
<token t_id="878" sentence="38" number="6">as</token>
<token t_id="879" sentence="38" number="7">young</token>
<token t_id="880" sentence="38" number="8">people</token>
<token t_id="881" sentence="38" number="9">set</token>
<token t_id="882" sentence="38" number="10">up</token>
<token t_id="883" sentence="38" number="11">burning</token>
<token t_id="884" sentence="38" number="12">barricades</token>
<token t_id="885" sentence="38" number="13">and</token>
<token t_id="886" sentence="38" number="14">attacked</token>
<token t_id="887" sentence="38" number="15">government</token>
<token t_id="888" sentence="38" number="16">buildings</token>
<token t_id="889" sentence="38" number="17">and</token>
<token t_id="890" sentence="38" number="18">banks</token>
<token t_id="891" sentence="38" number="19">.</token>
<token t_id="892" sentence="39" number="0">And</token>
<token t_id="893" sentence="39" number="1">clashes</token>
<token t_id="894" sentence="39" number="2">erupted</token>
<token t_id="895" sentence="39" number="3">once</token>
<token t_id="896" sentence="39" number="4">again</token>
<token t_id="897" sentence="39" number="5">outside</token>
<token t_id="898" sentence="39" number="6">the</token>
<token t_id="899" sentence="39" number="7">Polytechnic</token>
<token t_id="900" sentence="39" number="8">.</token>
<token t_id="901" sentence="40" number="0">Few</token>
<token t_id="902" sentence="40" number="1">here</token>
<token t_id="903" sentence="40" number="2">think</token>
<token t_id="904" sentence="40" number="3">the</token>
<token t_id="905" sentence="40" number="4">unrest</token>
<token t_id="906" sentence="40" number="5">will</token>
<token t_id="907" sentence="40" number="6">end</token>
<token t_id="908" sentence="40" number="7">anytime</token>
<token t_id="909" sentence="40" number="8">soon</token>
<token t_id="910" sentence="40" number="9">,</token>
<token t_id="911" sentence="40" number="10">and</token>
<token t_id="912" sentence="40" number="11">the</token>
<token t_id="913" sentence="40" number="12">rage</token>
<token t_id="914" sentence="40" number="13">of</token>
<token t_id="915" sentence="40" number="14">Greece</token>
<token t_id="916" sentence="40" number="15">'s</token>
<token t_id="917" sentence="40" number="16">youth</token>
<token t_id="918" sentence="40" number="17">continues</token>
<token t_id="919" sentence="40" number="18">to</token>
<token t_id="920" sentence="40" number="19">smolder</token>
<token t_id="921" sentence="40" number="20">.</token>
<token t_id="922" sentence="41" number="0">The</token>
<token t_id="923" sentence="41" number="1">death</token>
<token t_id="924" sentence="41" number="2">of</token>
<token t_id="925" sentence="41" number="3">Alexandros</token>
<token t_id="926" sentence="41" number="4">'s</token>
<token t_id="927" sentence="41" number="5">has</token>
<token t_id="928" sentence="41" number="6">tapped</token>
<token t_id="929" sentence="41" number="7">into</token>
<token t_id="930" sentence="41" number="8">anger</token>
<token t_id="931" sentence="41" number="9">about</token>
<token t_id="932" sentence="41" number="10">a</token>
<token t_id="933" sentence="41" number="11">range</token>
<token t_id="934" sentence="41" number="12">of</token>
<token t_id="935" sentence="41" number="13">broader</token>
<token t_id="936" sentence="41" number="14">complaints</token>
<token t_id="937" sentence="41" number="15">-</token>
<token t_id="938" sentence="41" number="16">about</token>
<token t_id="939" sentence="41" number="17">corruption</token>
<token t_id="940" sentence="41" number="18">,</token>
<token t_id="941" sentence="41" number="19">nepotism</token>
<token t_id="942" sentence="41" number="20">,</token>
<token t_id="943" sentence="41" number="21">a</token>
<token t_id="944" sentence="41" number="22">failing</token>
<token t_id="945" sentence="41" number="23">education</token>
<token t_id="946" sentence="41" number="24">system</token>
<token t_id="947" sentence="41" number="25">,</token>
<token t_id="948" sentence="41" number="26">and</token>
<token t_id="949" sentence="41" number="27">the</token>
<token t_id="950" sentence="41" number="28">poor</token>
<token t_id="951" sentence="41" number="29">economic</token>
<token t_id="952" sentence="41" number="30">prospects</token>
<token t_id="953" sentence="41" number="31">of</token>
<token t_id="954" sentence="41" number="32">young</token>
<token t_id="955" sentence="41" number="33">people</token>
<token t_id="956" sentence="41" number="34">,</token>
<token t_id="957" sentence="41" number="35">including</token>
<token t_id="958" sentence="41" number="36">unemployment</token>
<token t_id="959" sentence="41" number="37">rates</token>
<token t_id="960" sentence="41" number="38">in</token>
<token t_id="961" sentence="41" number="39">the</token>
<token t_id="962" sentence="41" number="40">25</token>
<token t_id="963" sentence="41" number="41">percent</token>
<token t_id="964" sentence="41" number="42">range</token>
<token t_id="965" sentence="41" number="43">.</token>
<token t_id="966" sentence="42" number="0">Protests</token>
<token t_id="967" sentence="42" number="1">are</token>
<token t_id="968" sentence="42" number="2">expected</token>
<token t_id="969" sentence="42" number="3">to</token>
<token t_id="970" sentence="42" number="4">continue</token>
<token t_id="971" sentence="42" number="5">throughout</token>
<token t_id="972" sentence="42" number="6">the</token>
<token t_id="973" sentence="42" number="7">week</token>
<token t_id="974" sentence="42" number="8">,</token>
<token t_id="975" sentence="42" number="9">with</token>
<token t_id="976" sentence="42" number="10">activists</token>
<token t_id="977" sentence="42" number="11">calling</token>
<token t_id="978" sentence="42" number="12">for</token>
<token t_id="979" sentence="42" number="13">roads</token>
<token t_id="980" sentence="42" number="14">to</token>
<token t_id="981" sentence="42" number="15">be</token>
<token t_id="982" sentence="42" number="16">blocked</token>
<token t_id="983" sentence="42" number="17">nationwide</token>
<token t_id="984" sentence="42" number="18">on</token>
<token t_id="985" sentence="42" number="19">Tuesday</token>
<token t_id="986" sentence="42" number="20">.</token>
<token t_id="987" sentence="43" number="0">They</token>
<token t_id="988" sentence="43" number="1">say</token>
<token t_id="989" sentence="43" number="2">they</token>
<token t_id="990" sentence="43" number="3">want</token>
<token t_id="991" sentence="43" number="4">to</token>
<token t_id="992" sentence="43" number="5">bring</token>
<token t_id="993" sentence="43" number="6">down</token>
<token t_id="994" sentence="43" number="7">Greece</token>
<token t_id="995" sentence="43" number="8">'s</token>
<token t_id="996" sentence="43" number="9">whole</token>
<token t_id="997" sentence="43" number="10">political</token>
<token t_id="998" sentence="43" number="11">system</token>
<token t_id="999" sentence="43" number="12">-</token>
<token t_id="1000" sentence="43" number="13">it</token>
<token t_id="1001" sentence="43" number="14">'s</token>
<token t_id="1002" sentence="43" number="15">not</token>
<token t_id="1003" sentence="43" number="16">just</token>
<token t_id="1004" sentence="43" number="17">the</token>
<token t_id="1005" sentence="43" number="18">current</token>
<token t_id="1006" sentence="43" number="19">government</token>
<token t_id="1007" sentence="43" number="20">that</token>
<token t_id="1008" sentence="43" number="21">is</token>
<token t_id="1009" sentence="43" number="22">seen</token>
<token t_id="1010" sentence="43" number="23">as</token>
<token t_id="1011" sentence="43" number="24">tainted</token>
<token t_id="1012" sentence="43" number="25">,</token>
<token t_id="1013" sentence="43" number="26">most</token>
<token t_id="1014" sentence="43" number="27">believe</token>
<token t_id="1015" sentence="43" number="28">the</token>
<token t_id="1016" sentence="43" number="29">main</token>
<token t_id="1017" sentence="43" number="30">opposition</token>
<token t_id="1018" sentence="43" number="31">is</token>
<token t_id="1019" sentence="43" number="32">little</token>
<token t_id="1020" sentence="43" number="33">better</token>
<token t_id="1021" sentence="43" number="34">.</token>
<token t_id="1022" sentence="44" number="0">The</token>
<token t_id="1023" sentence="44" number="1">protesters</token>
<token t_id="1024" sentence="44" number="2">,</token>
<token t_id="1025" sentence="44" number="3">however</token>
<token t_id="1026" sentence="44" number="4">,</token>
<token t_id="1027" sentence="44" number="5">struggle</token>
<token t_id="1028" sentence="44" number="6">to</token>
<token t_id="1029" sentence="44" number="7">articulate</token>
<token t_id="1030" sentence="44" number="8">exactly</token>
<token t_id="1031" sentence="44" number="9">what</token>
<token t_id="1032" sentence="44" number="10">they</token>
<token t_id="1033" sentence="44" number="11">want</token>
<token t_id="1034" sentence="44" number="12">in</token>
<token t_id="1035" sentence="44" number="13">its</token>
<token t_id="1036" sentence="44" number="14">place</token>
<token t_id="1037" sentence="44" number="15">.</token>
<token t_id="1038" sentence="45" number="0">``</token>
<token t_id="1039" sentence="45" number="1">Do</token>
<token t_id="1040" sentence="45" number="2">n't</token>
<token t_id="1041" sentence="45" number="3">bend</token>
<token t_id="1042" sentence="45" number="4">your</token>
<token t_id="1043" sentence="45" number="5">head</token>
<token t_id="1044" sentence="45" number="6">down</token>
<token t_id="1045" sentence="45" number="7">,</token>
<token t_id="1046" sentence="45" number="8">''</token>
<token t_id="1047" sentence="45" number="9">they</token>
<token t_id="1048" sentence="45" number="10">chanted</token>
<token t_id="1049" sentence="45" number="11">as</token>
<token t_id="1050" sentence="45" number="12">they</token>
<token t_id="1051" sentence="45" number="13">confronted</token>
<token t_id="1052" sentence="45" number="14">police</token>
<token t_id="1053" sentence="45" number="15">recently</token>
<token t_id="1054" sentence="45" number="16">in</token>
<token t_id="1055" sentence="45" number="17">front</token>
<token t_id="1056" sentence="45" number="18">of</token>
<token t_id="1057" sentence="45" number="19">parliament</token>
<token t_id="1058" sentence="45" number="20">.</token>
<token t_id="1059" sentence="46" number="0">``</token>
<token t_id="1060" sentence="46" number="1">The</token>
<token t_id="1061" sentence="46" number="2">only</token>
<token t_id="1062" sentence="46" number="3">way</token>
<token t_id="1063" sentence="46" number="4">is</token>
<token t_id="1064" sentence="46" number="5">resistance</token>
<token t_id="1065" sentence="46" number="6">.</token>
<token t_id="1066" sentence="46" number="7">''</token>
<Markables>
<ACTION_OCCURRENCE m_id="17"  >
  <token_anchor t_id="130"/>
</ACTION_OCCURRENCE>
<ACTION_OCCURRENCE m_id="18"  >
  <token_anchor t_id="134"/>
</ACTION_OCCURRENCE>
<HUMAN_PART_ORG m_id="14"  >
  <token_anchor t_id="123"/>
</HUMAN_PART_ORG>
<HUMAN_PART_PER m_id="19"  >
  <token_anchor t_id="138"/>
</HUMAN_PART_PER>
<HUMAN_PART_PER m_id="20"  >
  <token_anchor t_id="141"/>
</HUMAN_PART_PER>
<HUMAN_PART_PER m_id="15"  >
  <token_anchor t_id="125"/>
</HUMAN_PART_PER>
<TIME_DURATION m_id="11"  >
  <token_anchor t_id="113"/>
  <token_anchor t_id="114"/>
</TIME_DURATION>


<HUMAN_PART_PER m_id="21" note="byCROMER" >
  <token_anchor t_id="127"/>
</HUMAN_PART_PER>
<ACTION_STATE m_id="22" note="byCROMER" >
  <token_anchor t_id="128"/>
</ACTION_STATE>
<ACTION_OCCURRENCE m_id="23" note="byCROMER" >
  <token_anchor t_id="121"/>
</ACTION_OCCURRENCE>
<LOC_GEO m_id="24" note="byCROMER" >
  <token_anchor t_id="116"/>
  <token_anchor t_id="117"/>
</LOC_GEO>


<ACTION_OCCURRENCE m_id="33" RELATED_TO="" TAG_DESCRIPTOR="t19b_riots" instance_id="ACT17819737684267059" />
<ACTION_STATE m_id="32" RELATED_TO="" TAG_DESCRIPTOR="t19b_anger" instance_id="ACT17821191557403131" />
<HUMAN_PART_PER m_id="31" RELATED_TO="" TAG_DESCRIPTOR="t19b_officer" instance_id="HUM17820759029533562" />
<LOC_GEO m_id="30" RELATED_TO="" TAG_DESCRIPTOR="t19b_athens" instance_id="LOC17820708043450954" />
<ACTION_OCCURRENCE m_id="29" RELATED_TO="" TAG_DESCRIPTOR="t19b_sparked" instance_id="ACT17820732359105635" />
<HUMAN_PART_PER m_id="28" RELATED_TO="" TAG_DESCRIPTOR="t19b_alex" instance_id="HUM17819747019655492" />
<HUMAN_PART_ORG m_id="27" RELATED_TO="" TAG_DESCRIPTOR="t19b_police" instance_id="HUM17821064766257619" />
<ACTION_OCCURRENCE m_id="26" RELATED_TO="" TAG_DESCRIPTOR="t19b_shooting" instance_id="ACT17819810020957731" />
<HUMAN_PART_PER m_id="25" RELATED_TO="" TAG_DESCRIPTOR="t19b_protesters" instance_id="HUM17820789442194100" />
</Markables>

<Relations>
<CROSS_DOC_COREF r_id="33481" note="HUM17820789442194100" >
  <source m_id="15" />
  <source m_id="21" />
  <target m_id="25" />
</CROSS_DOC_COREF>
<CROSS_DOC_COREF r_id="33482" note="ACT17819810020957731" >
  <source m_id="18" />
  <target m_id="26" />
</CROSS_DOC_COREF>
<CROSS_DOC_COREF r_id="33483" note="HUM17821064766257619" >
  <source m_id="14" />
  <target m_id="27" />
</CROSS_DOC_COREF>
<CROSS_DOC_COREF r_id="33484" note="HUM17819747019655492" >
  <source m_id="19" />
  <target m_id="28" />
</CROSS_DOC_COREF>
<CROSS_DOC_COREF r_id="33485" note="ACT17820732359105635" >
  <source m_id="17" />
  <target m_id="29" />
</CROSS_DOC_COREF>
<CROSS_DOC_COREF r_id="33486" note="LOC17820708043450954" >
  <source m_id="24" />
  <target m_id="30" />
</CROSS_DOC_COREF>
<CROSS_DOC_COREF r_id="33487" note="HUM17820759029533562" >
  <source m_id="20" />
  <target m_id="31" />
</CROSS_DOC_COREF>
<CROSS_DOC_COREF r_id="33488" note="ACT17821191557403131" >
  <source m_id="22" />
  <target m_id="32" />
</CROSS_DOC_COREF>
<CROSS_DOC_COREF r_id="33489" note="ACT17819737684267059" >
  <source m_id="23" />
  <target m_id="33" />
</CROSS_DOC_COREF>

</Relations>
</Document>
