<Document doc_name="19_7ecb.xml" doc_id="DOC15654491252682881">
<token t_id="1" sentence="0" number="0">Greek</token>
<token t_id="2" sentence="0" number="1">government</token>
<token t_id="3" sentence="0" number="2">under</token>
<token t_id="4" sentence="0" number="3">fire</token>
<token t_id="5" sentence="1" number="0">A</token>
<token t_id="6" sentence="1" number="1">week</token>
<token t_id="7" sentence="1" number="2">of</token>
<token t_id="8" sentence="1" number="3">violence</token>
<token t_id="9" sentence="1" number="4">in</token>
<token t_id="10" sentence="1" number="5">Greece</token>
<token t_id="11" sentence="1" number="6">has</token>
<token t_id="12" sentence="1" number="7">taken</token>
<token t_id="13" sentence="1" number="8">its</token>
<token t_id="14" sentence="1" number="9">toll</token>
<token t_id="15" sentence="1" number="10">on</token>
<token t_id="16" sentence="1" number="11">the</token>
<token t_id="17" sentence="1" number="12">fragile</token>
<token t_id="18" sentence="1" number="13">conservative</token>
<token t_id="19" sentence="1" number="14">government</token>
<token t_id="20" sentence="1" number="15">,</token>
<token t_id="21" sentence="1" number="16">with</token>
<token t_id="22" sentence="1" number="17">opinion</token>
<token t_id="23" sentence="1" number="18">polls</token>
<token t_id="24" sentence="1" number="19">showing</token>
<token t_id="25" sentence="1" number="20">many</token>
<token t_id="26" sentence="1" number="21">think</token>
<token t_id="27" sentence="1" number="22">authorities</token>
<token t_id="28" sentence="1" number="23">mishandled</token>
<token t_id="29" sentence="1" number="24">the</token>
<token t_id="30" sentence="1" number="25">worst</token>
<token t_id="31" sentence="1" number="26">rioting</token>
<token t_id="32" sentence="1" number="27">in</token>
<token t_id="33" sentence="1" number="28">decades</token>
<token t_id="34" sentence="1" number="29">.</token>
<token t_id="35" sentence="2" number="0">The</token>
<token t_id="36" sentence="2" number="1">shooting</token>
<token t_id="37" sentence="2" number="2">of</token>
<token t_id="38" sentence="2" number="3">a</token>
<token t_id="39" sentence="2" number="4">15-year-old</token>
<token t_id="40" sentence="2" number="5">boy</token>
<token t_id="41" sentence="2" number="6">by</token>
<token t_id="42" sentence="2" number="7">police</token>
<token t_id="43" sentence="2" number="8">unleashed</token>
<token t_id="44" sentence="2" number="9">a</token>
<token t_id="45" sentence="2" number="10">wave</token>
<token t_id="46" sentence="2" number="11">of</token>
<token t_id="47" sentence="2" number="12">unrest</token>
<token t_id="48" sentence="2" number="13">by</token>
<token t_id="49" sentence="2" number="14">thousands</token>
<token t_id="50" sentence="2" number="15">of</token>
<token t_id="51" sentence="2" number="16">students</token>
<token t_id="52" sentence="2" number="17">and</token>
<token t_id="53" sentence="2" number="18">anarchists</token>
<token t_id="54" sentence="2" number="19">across</token>
<token t_id="55" sentence="2" number="20">the</token>
<token t_id="56" sentence="2" number="21">country</token>
<token t_id="57" sentence="2" number="22">.</token>
<token t_id="58" sentence="3" number="0">This</token>
<token t_id="59" sentence="3" number="1">comes</token>
<token t_id="60" sentence="3" number="2">at</token>
<token t_id="61" sentence="3" number="3">a</token>
<token t_id="62" sentence="3" number="4">time</token>
<token t_id="63" sentence="3" number="5">where</token>
<token t_id="64" sentence="3" number="6">there</token>
<token t_id="65" sentence="3" number="7">is</token>
<token t_id="66" sentence="3" number="8">growing</token>
<token t_id="67" sentence="3" number="9">anger</token>
<token t_id="68" sentence="3" number="10">over</token>
<token t_id="69" sentence="3" number="11">political</token>
<token t_id="70" sentence="3" number="12">scandals</token>
<token t_id="71" sentence="3" number="13">and</token>
<token t_id="72" sentence="3" number="14">the</token>
<token t_id="73" sentence="3" number="15">impact</token>
<token t_id="74" sentence="3" number="16">of</token>
<token t_id="75" sentence="3" number="17">a</token>
<token t_id="76" sentence="3" number="18">global</token>
<token t_id="77" sentence="3" number="19">recession</token>
<token t_id="78" sentence="3" number="20">on</token>
<token t_id="79" sentence="3" number="21">Greece</token>
<token t_id="80" sentence="3" number="22">'s</token>
<token t_id="81" sentence="3" number="23">economy</token>
<token t_id="82" sentence="3" number="24">.</token>
<token t_id="83" sentence="4" number="0">While</token>
<token t_id="84" sentence="4" number="1">the</token>
<token t_id="85" sentence="4" number="2">violence</token>
<token t_id="86" sentence="4" number="3">has</token>
<token t_id="87" sentence="4" number="4">generally</token>
<token t_id="88" sentence="4" number="5">subsided</token>
<token t_id="89" sentence="4" number="6">in</token>
<token t_id="90" sentence="4" number="7">the</token>
<token t_id="91" sentence="4" number="8">past</token>
<token t_id="92" sentence="4" number="9">few</token>
<token t_id="93" sentence="4" number="10">days</token>
<token t_id="94" sentence="4" number="11">,</token>
<token t_id="95" sentence="4" number="12">small</token>
<token t_id="96" sentence="4" number="13">groups</token>
<token t_id="97" sentence="4" number="14">of</token>
<token t_id="98" sentence="4" number="15">hooded</token>
<token t_id="99" sentence="4" number="16">youngsters</token>
<token t_id="100" sentence="4" number="17">are</token>
<token t_id="101" sentence="4" number="18">still</token>
<token t_id="102" sentence="4" number="19">hurling</token>
<token t_id="103" sentence="4" number="20">fire</token>
<token t_id="104" sentence="4" number="21">bombs</token>
<token t_id="105" sentence="4" number="22">,</token>
<token t_id="106" sentence="4" number="23">smashing</token>
<token t_id="107" sentence="4" number="24">shops</token>
<token t_id="108" sentence="4" number="25">and</token>
<token t_id="109" sentence="4" number="26">fighting</token>
<token t_id="110" sentence="4" number="27">running</token>
<token t_id="111" sentence="4" number="28">battles</token>
<token t_id="112" sentence="4" number="29">with</token>
<token t_id="113" sentence="4" number="30">riot</token>
<token t_id="114" sentence="4" number="31">police</token>
<token t_id="115" sentence="4" number="32">.</token>
<token t_id="116" sentence="5" number="0">Prime</token>
<token t_id="117" sentence="5" number="1">Minister</token>
<token t_id="118" sentence="5" number="2">Costas</token>
<token t_id="119" sentence="5" number="3">Karamanlis</token>
<token t_id="120" sentence="5" number="4">has</token>
<token t_id="121" sentence="5" number="5">pledged</token>
<token t_id="122" sentence="5" number="6">to</token>
<token t_id="123" sentence="5" number="7">ensure</token>
<token t_id="124" sentence="5" number="8">security</token>
<token t_id="125" sentence="5" number="9">,</token>
<token t_id="126" sentence="5" number="10">rebuffing</token>
<token t_id="127" sentence="5" number="11">calls</token>
<token t_id="128" sentence="5" number="12">for</token>
<token t_id="129" sentence="5" number="13">early</token>
<token t_id="130" sentence="5" number="14">elections</token>
<token t_id="131" sentence="5" number="15">.</token>
<token t_id="132" sentence="6" number="0">An</token>
<token t_id="133" sentence="6" number="1">opinion</token>
<token t_id="134" sentence="6" number="2">poll</token>
<token t_id="135" sentence="6" number="3">published</token>
<token t_id="136" sentence="6" number="4">by</token>
<token t_id="137" sentence="6" number="5">Ethnos</token>
<token t_id="138" sentence="6" number="6">newspaper</token>
<token t_id="139" sentence="6" number="7">on</token>
<token t_id="140" sentence="6" number="8">Sunday</token>
<token t_id="141" sentence="6" number="9">said</token>
<token t_id="142" sentence="6" number="10">83.3</token>
<token t_id="143" sentence="6" number="11">percent</token>
<token t_id="144" sentence="6" number="12">of</token>
<token t_id="145" sentence="6" number="13">Greeks</token>
<token t_id="146" sentence="6" number="14">were</token>
<token t_id="147" sentence="6" number="15">unhappy</token>
<token t_id="148" sentence="6" number="16">with</token>
<token t_id="149" sentence="6" number="17">the</token>
<token t_id="150" sentence="6" number="18">government</token>
<token t_id="151" sentence="6" number="19">'s</token>
<token t_id="152" sentence="6" number="20">response</token>
<token t_id="153" sentence="6" number="21">to</token>
<token t_id="154" sentence="6" number="22">the</token>
<token t_id="155" sentence="6" number="23">violence</token>
<token t_id="156" sentence="6" number="24">.</token>
<token t_id="157" sentence="7" number="0">``</token>
<token t_id="158" sentence="7" number="1">I</token>
<token t_id="159" sentence="7" number="2">'m</token>
<token t_id="160" sentence="7" number="3">tired</token>
<token t_id="161" sentence="7" number="4">of</token>
<token t_id="162" sentence="7" number="5">coming</token>
<token t_id="163" sentence="7" number="6">to</token>
<token t_id="164" sentence="7" number="7">the</token>
<token t_id="165" sentence="7" number="8">shop</token>
<token t_id="166" sentence="7" number="9">every</token>
<token t_id="167" sentence="7" number="10">night</token>
<token t_id="168" sentence="7" number="11">to</token>
<token t_id="169" sentence="7" number="12">check</token>
<token t_id="170" sentence="7" number="13">the</token>
<token t_id="171" sentence="7" number="14">damages</token>
<token t_id="172" sentence="7" number="15">.</token>
<token t_id="173" sentence="8" number="0">You</token>
<token t_id="174" sentence="8" number="1">think</token>
<token t_id="175" sentence="8" number="2">it</token>
<token t_id="176" sentence="8" number="3">'s</token>
<token t_id="177" sentence="8" number="4">going</token>
<token t_id="178" sentence="8" number="5">to</token>
<token t_id="179" sentence="8" number="6">calm</token>
<token t_id="180" sentence="8" number="7">down</token>
<token t_id="181" sentence="8" number="8">and</token>
<token t_id="182" sentence="8" number="9">then</token>
<token t_id="183" sentence="8" number="10">it</token>
<token t_id="184" sentence="8" number="11">starts</token>
<token t_id="185" sentence="8" number="12">again.</token>
<token t_id="186" sentence="8" number="13">''</token>
<token t_id="187" sentence="8" number="14">said</token>
<token t_id="188" sentence="8" number="15">Anna</token>
<token t_id="189" sentence="8" number="16">Pavlidou</token>
<token t_id="190" sentence="8" number="17">,</token>
<token t_id="191" sentence="8" number="18">manager</token>
<token t_id="192" sentence="8" number="19">of</token>
<token t_id="193" sentence="8" number="20">a</token>
<token t_id="194" sentence="8" number="21">central</token>
<token t_id="195" sentence="8" number="22">Athens</token>
<token t_id="196" sentence="8" number="23">mobile</token>
<token t_id="197" sentence="8" number="24">phone</token>
<token t_id="198" sentence="8" number="25">store</token>
<token t_id="199" sentence="8" number="26">that</token>
<token t_id="200" sentence="8" number="27">has</token>
<token t_id="201" sentence="8" number="28">been</token>
<token t_id="202" sentence="8" number="29">repeatedly</token>
<token t_id="203" sentence="8" number="30">attacked</token>
<token t_id="204" sentence="8" number="31">and</token>
<token t_id="205" sentence="8" number="32">looted</token>
<token t_id="206" sentence="8" number="33">.</token>
<token t_id="207" sentence="9" number="0">``</token>
<token t_id="208" sentence="9" number="1">The</token>
<token t_id="209" sentence="9" number="2">government</token>
<token t_id="210" sentence="9" number="3">should</token>
<token t_id="211" sentence="9" number="4">assume</token>
<token t_id="212" sentence="9" number="5">its</token>
<token t_id="213" sentence="9" number="6">responsibilities</token>
<token t_id="214" sentence="9" number="7">and</token>
<token t_id="215" sentence="9" number="8">resign</token>
<token t_id="216" sentence="9" number="9">.</token>
<token t_id="217" sentence="10" number="0">It</token>
<token t_id="218" sentence="10" number="1">did</token>
<token t_id="219" sentence="10" number="2">n't</token>
<token t_id="220" sentence="10" number="3">handle</token>
<token t_id="221" sentence="10" number="4">it</token>
<token t_id="222" sentence="10" number="5">well</token>
<token t_id="223" sentence="10" number="6">.</token>
<token t_id="224" sentence="11" number="0">If</token>
<token t_id="225" sentence="11" number="1">it</token>
<token t_id="226" sentence="11" number="2">had</token>
<token t_id="227" sentence="11" number="3">,</token>
<token t_id="228" sentence="11" number="4">we</token>
<token t_id="229" sentence="11" number="5">would</token>
<token t_id="230" sentence="11" number="6">n't</token>
<token t_id="231" sentence="11" number="7">have</token>
<token t_id="232" sentence="11" number="8">355</token>
<token t_id="233" sentence="11" number="9">damaged</token>
<token t_id="234" sentence="11" number="10">shops</token>
<token t_id="235" sentence="11" number="11">in</token>
<token t_id="236" sentence="11" number="12">Athens</token>
<token t_id="237" sentence="11" number="13">.</token>
<token t_id="238" sentence="12" number="0">I</token>
<token t_id="239" sentence="12" number="1">mean</token>
<token t_id="240" sentence="12" number="2">we</token>
<token t_id="241" sentence="12" number="3">will</token>
<token t_id="242" sentence="12" number="4">not</token>
<token t_id="243" sentence="12" number="5">be</token>
<token t_id="244" sentence="12" number="6">able</token>
<token t_id="245" sentence="12" number="7">to</token>
<token t_id="246" sentence="12" number="8">open</token>
<token t_id="247" sentence="12" number="9">until</token>
<token t_id="248" sentence="12" number="10">Christmas.</token>
<token t_id="249" sentence="12" number="11">''</token>
<token t_id="250" sentence="12" number="12">she</token>
<token t_id="251" sentence="12" number="13">said</token>
<token t_id="252" sentence="12" number="14">.</token>
<token t_id="253" sentence="13" number="0">A</token>
<token t_id="254" sentence="13" number="1">policeman</token>
<token t_id="255" sentence="13" number="2">charged</token>
<token t_id="256" sentence="13" number="3">with</token>
<token t_id="257" sentence="13" number="4">killing</token>
<token t_id="258" sentence="13" number="5">Alexandros</token>
<token t_id="259" sentence="13" number="6">Grigoropoulos</token>
<token t_id="260" sentence="13" number="7">has</token>
<token t_id="261" sentence="13" number="8">been</token>
<token t_id="262" sentence="13" number="9">jailed</token>
<token t_id="263" sentence="13" number="10">along</token>
<token t_id="264" sentence="13" number="11">with</token>
<token t_id="265" sentence="13" number="12">a</token>
<token t_id="266" sentence="13" number="13">colleague</token>
<token t_id="267" sentence="13" number="14">pending</token>
<token t_id="268" sentence="13" number="15">trial</token>
<token t_id="269" sentence="13" number="16">,</token>
<token t_id="270" sentence="13" number="17">while</token>
<token t_id="271" sentence="13" number="18">more</token>
<token t_id="272" sentence="13" number="19">than</token>
<token t_id="273" sentence="13" number="20">400</token>
<token t_id="274" sentence="13" number="21">protesters</token>
<token t_id="275" sentence="13" number="22">have</token>
<token t_id="276" sentence="13" number="23">been</token>
<token t_id="277" sentence="13" number="24">detained</token>
<token t_id="278" sentence="13" number="25">over</token>
<token t_id="279" sentence="13" number="26">the</token>
<token t_id="280" sentence="13" number="27">unrest</token>
<token t_id="281" sentence="13" number="28">.</token>
<Markables>
<ACTION_OCCURRENCE m_id="9"  >
  <token_anchor t_id="36"/>
</ACTION_OCCURRENCE>
<ACTION_OCCURRENCE m_id="10"  >
  <token_anchor t_id="43"/>
</ACTION_OCCURRENCE>
<ACTION_OCCURRENCE m_id="11"  >
  <token_anchor t_id="47"/>
</ACTION_OCCURRENCE>
<HUMAN_PART_PER m_id="12"  >
  <token_anchor t_id="40"/>
</HUMAN_PART_PER>
<HUMAN_PART_PER m_id="13"  >
  <token_anchor t_id="42"/>
</HUMAN_PART_PER>
<HUMAN_PART_PER m_id="14"  >
  <token_anchor t_id="51"/>
</HUMAN_PART_PER>
<HUMAN_PART_PER m_id="15"  >
  <token_anchor t_id="53"/>
</HUMAN_PART_PER>
<LOC_GEO m_id="16"  >
  <token_anchor t_id="55"/>
  <token_anchor t_id="56"/>
</LOC_GEO>




<ACTION_OCCURRENCE m_id="24" RELATED_TO="" TAG_DESCRIPTOR="t19b_riots" instance_id="ACT17819737684267059" />
<LOC_GEO m_id="23" RELATED_TO="" TAG_DESCRIPTOR="t19b_greece" instance_id="LOC17819756552118938" />
<HUMAN_PART_PER m_id="22" RELATED_TO="" TAG_DESCRIPTOR="t19b_officer" instance_id="HUM17820759029533562" />
<ACTION_OCCURRENCE m_id="21" RELATED_TO="" TAG_DESCRIPTOR="t19b_sparked" instance_id="ACT17820732359105635" />
<ACTION_OCCURRENCE m_id="19" RELATED_TO="" TAG_DESCRIPTOR="t19b_shooting" instance_id="ACT17819810020957731" />
<HUMAN_PART_PER m_id="20" RELATED_TO="" TAG_DESCRIPTOR="t19b_alex" instance_id="HUM17819747019655492" />
<HUMAN_PART_PER m_id="18" RELATED_TO="" TAG_DESCRIPTOR="t19b_protesters" instance_id="HUM17820789442194100" />
</Markables>

<Relations>
<CROSS_DOC_COREF r_id="33489" note="HUM17820789442194100" >
  <source m_id="15" />
  <target m_id="18" />
</CROSS_DOC_COREF>
<CROSS_DOC_COREF r_id="33490" note="ACT17819810020957731" >
  <source m_id="9" />
  <target m_id="19" />
</CROSS_DOC_COREF>
<CROSS_DOC_COREF r_id="33491" note="HUM17819747019655492" >
  <source m_id="12" />
  <target m_id="20" />
</CROSS_DOC_COREF>
<CROSS_DOC_COREF r_id="33492" note="ACT17820732359105635" >
  <source m_id="10" />
  <target m_id="21" />
</CROSS_DOC_COREF>
<CROSS_DOC_COREF r_id="33493" note="HUM17820759029533562" >
  <source m_id="13" />
  <target m_id="22" />
</CROSS_DOC_COREF>
<CROSS_DOC_COREF r_id="33494" note="LOC17819756552118938" >
  <source m_id="16" />
  <target m_id="23" />
</CROSS_DOC_COREF>
<CROSS_DOC_COREF r_id="33495" note="ACT17819737684267059" >
  <source m_id="11" />
  <target m_id="24" />
</CROSS_DOC_COREF>

</Relations>
</Document>
