<Document doc_name="26_13ecb.xml" doc_id="DOC15654841696406968">
<token t_id="1" sentence="0" number="0">A</token>
<token t_id="2" sentence="0" number="1">suspected</token>
<token t_id="3" sentence="0" number="2">Mafia</token>
<token t_id="4" sentence="0" number="3">boss</token>
<token t_id="5" sentence="0" number="4">arrested</token>
<token t_id="6" sentence="0" number="5">in</token>
<token t_id="7" sentence="0" number="6">a</token>
<token t_id="8" sentence="0" number="7">high-profile</token>
<token t_id="9" sentence="0" number="8">police</token>
<token t_id="10" sentence="0" number="9">raid</token>
<token t_id="11" sentence="0" number="10">has</token>
<token t_id="12" sentence="0" number="11">been</token>
<token t_id="13" sentence="0" number="12">found</token>
<token t_id="14" sentence="0" number="13">dead</token>
<token t_id="15" sentence="0" number="14">in</token>
<token t_id="16" sentence="0" number="15">his</token>
<token t_id="17" sentence="0" number="16">cell</token>
<token t_id="18" sentence="0" number="17">,</token>
<token t_id="19" sentence="0" number="18">Italian</token>
<token t_id="20" sentence="0" number="19">police</token>
<token t_id="21" sentence="0" number="20">sources</token>
<token t_id="22" sentence="0" number="21">have</token>
<token t_id="23" sentence="0" number="22">said</token>
<token t_id="24" sentence="0" number="23">.</token>
<token t_id="25" sentence="1" number="0">Gaetano</token>
<token t_id="26" sentence="1" number="1">Lo</token>
<token t_id="27" sentence="1" number="2">Presti</token>
<token t_id="28" sentence="1" number="3">,</token>
<token t_id="29" sentence="1" number="4">who</token>
<token t_id="30" sentence="1" number="5">had</token>
<token t_id="31" sentence="1" number="6">been</token>
<token t_id="32" sentence="1" number="7">previously</token>
<token t_id="33" sentence="1" number="8">convicted</token>
<token t_id="34" sentence="1" number="9">of</token>
<token t_id="35" sentence="1" number="10">mob-related</token>
<token t_id="36" sentence="1" number="11">crimes</token>
<token t_id="37" sentence="1" number="12">before</token>
<token t_id="38" sentence="1" number="13">his</token>
<token t_id="39" sentence="1" number="14">re-arrest</token>
<token t_id="40" sentence="1" number="15">on</token>
<token t_id="41" sentence="1" number="16">Tuesday</token>
<token t_id="42" sentence="1" number="17">,</token>
<token t_id="43" sentence="1" number="18">was</token>
<token t_id="44" sentence="1" number="19">found</token>
<token t_id="45" sentence="1" number="20">dead</token>
<token t_id="46" sentence="1" number="21">in</token>
<token t_id="47" sentence="1" number="22">Pagliarelli</token>
<token t_id="48" sentence="1" number="23">prison</token>
<token t_id="49" sentence="1" number="24">in</token>
<token t_id="50" sentence="1" number="25">the</token>
<token t_id="51" sentence="1" number="26">Sicilian</token>
<token t_id="52" sentence="1" number="27">capital</token>
<token t_id="53" sentence="1" number="28">of</token>
<token t_id="54" sentence="1" number="29">Palermo</token>
<token t_id="55" sentence="1" number="30">.</token>
<token t_id="56" sentence="2" number="0">Police</token>
<token t_id="57" sentence="2" number="1">said</token>
<token t_id="58" sentence="2" number="2">Lo</token>
<token t_id="59" sentence="2" number="3">Presti</token>
<token t_id="60" sentence="2" number="4">had</token>
<token t_id="61" sentence="2" number="5">hanged</token>
<token t_id="62" sentence="2" number="6">himself</token>
<token t_id="63" sentence="2" number="7">late</token>
<token t_id="64" sentence="2" number="8">on</token>
<token t_id="65" sentence="2" number="9">Tuesday</token>
<token t_id="66" sentence="2" number="10">night</token>
<token t_id="67" sentence="2" number="11">.</token>
<Markables>
<ACTION_OCCURRENCE m_id="34"  >
  <token_anchor t_id="5"/>
</ACTION_OCCURRENCE>
<ACTION_OCCURRENCE m_id="35"  >
  <token_anchor t_id="10"/>
</ACTION_OCCURRENCE>
<ACTION_OCCURRENCE m_id="36"  >
  <token_anchor t_id="13"/>
</ACTION_OCCURRENCE>
<ACTION_OCCURRENCE m_id="37"  >
  <token_anchor t_id="33"/>
</ACTION_OCCURRENCE>
<ACTION_OCCURRENCE m_id="38"  >
  <token_anchor t_id="61"/>
</ACTION_OCCURRENCE>
<ACTION_OCCURRENCE m_id="39"  >
  <token_anchor t_id="39"/>
</ACTION_OCCURRENCE>
<ACTION_OCCURRENCE m_id="40"  >
  <token_anchor t_id="44"/>
</ACTION_OCCURRENCE>
<ACTION_REPORTING m_id="41"  >
  <token_anchor t_id="23"/>
</ACTION_REPORTING>
<ACTION_REPORTING m_id="42"  >
  <token_anchor t_id="57"/>
</ACTION_REPORTING>
<HUMAN_PART_ORG m_id="30"  >
  <token_anchor t_id="56"/>
</HUMAN_PART_ORG>
<HUMAN_PART_PER m_id="24"  >
  <token_anchor t_id="3"/>
  <token_anchor t_id="4"/>
</HUMAN_PART_PER>
<HUMAN_PART_PER m_id="25"  >
  <token_anchor t_id="25"/>
  <token_anchor t_id="26"/>
  <token_anchor t_id="27"/>
</HUMAN_PART_PER>
<HUMAN_PART_PER m_id="26"  >
  <token_anchor t_id="58"/>
  <token_anchor t_id="59"/>
</HUMAN_PART_PER>
<HUMAN_PART_PER m_id="27"  >
  <token_anchor t_id="62"/>
</HUMAN_PART_PER>
<HUMAN_PART_PER m_id="29"  >
  <token_anchor t_id="38"/>
</HUMAN_PART_PER>
<LOC_FAC m_id="31"  >
  <token_anchor t_id="46"/>
  <token_anchor t_id="47"/>
  <token_anchor t_id="48"/>
  <token_anchor t_id="49"/>
  <token_anchor t_id="50"/>
  <token_anchor t_id="51"/>
  <token_anchor t_id="52"/>
  <token_anchor t_id="53"/>
  <token_anchor t_id="54"/>
</LOC_FAC>
<LOC_FAC m_id="32"  >
  <token_anchor t_id="16"/>
  <token_anchor t_id="17"/>
</LOC_FAC>
<TIME_OF_THE_DAY m_id="33"  >
  <token_anchor t_id="65"/>
  <token_anchor t_id="66"/>
</TIME_OF_THE_DAY>


<ACTION_OCCURRENCE m_id="43" note="byCROMER" >
  <token_anchor t_id="45"/>
</ACTION_OCCURRENCE>
<ACTION_OCCURRENCE m_id="44" note="byCROMER" >
  <token_anchor t_id="14"/>
</ACTION_OCCURRENCE>
<HUMAN_PART_PER m_id="45" note="byCROMER" >
  <token_anchor t_id="29"/>
</HUMAN_PART_PER>
<HUMAN_PART_ORG m_id="46" note="byCROMER" >
  <token_anchor t_id="21"/>
</HUMAN_PART_ORG>
<TIME_OF_THE_DAY m_id="47" note="byCROMER" >
  <token_anchor t_id="41"/>
</TIME_OF_THE_DAY>


<LOC_FAC m_id="50" RELATED_TO="" TAG_DESCRIPTOR="t26b_prison" instance_id="LOC18441904201489761" />
<ACTION_REPORTING m_id="49" RELATED_TO="" TAG_DESCRIPTOR="26b_police_statement" instance_id="ACT27338400145348157" />
<HUMAN_PART_ORG m_id="48" RELATED_TO="" TAG_DESCRIPTOR="t26b_police" instance_id="HUM18441875401449335" />
<ACTION_OCCURRENCE m_id="57" RELATED_TO="" TAG_DESCRIPTOR="t26b_found" instance_id="ACT18441980729373787" />
<ACTION_OCCURRENCE m_id="56" RELATED_TO="" TAG_DESCRIPTOR="t26b_police_raid" instance_id="ACT27337443408187958" />
<ACTION_OCCURRENCE m_id="55" RELATED_TO="" TAG_DESCRIPTOR="t26b_hanged" instance_id="ACT18441863532401006" />
<ACTION_OCCURRENCE m_id="54" RELATED_TO="" TAG_DESCRIPTOR="t26b_convicted" instance_id="ACT18441992166643867" />
<TIME_OF_THE_DAY m_id="53" RELATED_TO="" TAG_DESCRIPTOR="t26b_late_tuesday" instance_id="TIM18442492397502925" />
<ACTION_OCCURRENCE m_id="52" RELATED_TO="" TAG_DESCRIPTOR="t26b_arrest" instance_id="ACT18441937963352466" />
<HUMAN_PART_PER m_id="51" RELATED_TO="" TAG_DESCRIPTOR="t26b_presti" instance_id="HUM18441890442259339" />
</Markables>

<Relations>
<CROSS_DOC_COREF r_id="32766" note="HUM18441875401449335" >
  <source m_id="30" />
  <source m_id="46" />
  <target m_id="48" />
</CROSS_DOC_COREF>
<CROSS_DOC_COREF r_id="32767" note="ACT27338400145348157" >
  <source m_id="42" />
  <source m_id="41" />
  <target m_id="49" />
</CROSS_DOC_COREF>
<CROSS_DOC_COREF r_id="32768" note="LOC18441904201489761" >
  <source m_id="31" />
  <source m_id="32" />
  <target m_id="50" />
</CROSS_DOC_COREF>
<CROSS_DOC_COREF r_id="32769" note="HUM18441890442259339" >
  <source m_id="26" />
  <source m_id="25" />
  <source m_id="29" />
  <source m_id="45" />
  <source m_id="24" />
  <source m_id="27" />
  <target m_id="51" />
</CROSS_DOC_COREF>
<CROSS_DOC_COREF r_id="32770" note="ACT18441937963352466" >
  <source m_id="39" />
  <source m_id="34" />
  <target m_id="52" />
</CROSS_DOC_COREF>
<CROSS_DOC_COREF r_id="32771" note="TIM18442492397502925" >
  <source m_id="33" />
  <source m_id="47" />
  <target m_id="53" />
</CROSS_DOC_COREF>
<CROSS_DOC_COREF r_id="32772" note="ACT18441992166643867" >
  <source m_id="37" />
  <target m_id="54" />
</CROSS_DOC_COREF>
<CROSS_DOC_COREF r_id="32773" note="ACT18441863532401006" >
  <source m_id="43" />
  <source m_id="44" />
  <source m_id="38" />
  <target m_id="55" />
</CROSS_DOC_COREF>
<CROSS_DOC_COREF r_id="32774" note="ACT27337443408187958" >
  <source m_id="35" />
  <target m_id="56" />
</CROSS_DOC_COREF>
<CROSS_DOC_COREF r_id="32775" note="ACT18441980729373787" >
  <source m_id="40" />
  <source m_id="36" />
  <target m_id="57" />
</CROSS_DOC_COREF>

</Relations>
</Document>
