<Document doc_name="26_12ecb.xml" doc_id="DOC15654841586177559">
<token t_id="1" sentence="0" number="0">An</token>
<token t_id="2" sentence="0" number="1">alleged</token>
<token t_id="3" sentence="0" number="2">Mafia</token>
<token t_id="4" sentence="0" number="3">boss</token>
<token t_id="5" sentence="0" number="4">who</token>
<token t_id="6" sentence="0" number="5">was</token>
<token t_id="7" sentence="0" number="6">caught</token>
<token t_id="8" sentence="0" number="7">on</token>
<token t_id="9" sentence="0" number="8">wiretaps</token>
<token t_id="10" sentence="0" number="9">purportedly</token>
<token t_id="11" sentence="0" number="10">discussing</token>
<token t_id="12" sentence="0" number="11">Cosa</token>
<token t_id="13" sentence="0" number="12">Nostra</token>
<token t_id="14" sentence="0" number="13">'s</token>
<token t_id="15" sentence="0" number="14">new</token>
<token t_id="16" sentence="0" number="15">hierarchy</token>
<token t_id="17" sentence="0" number="16">hanged</token>
<token t_id="18" sentence="0" number="17">himself</token>
<token t_id="19" sentence="0" number="18">in</token>
<token t_id="20" sentence="0" number="19">a</token>
<token t_id="21" sentence="0" number="20">Sicilian</token>
<token t_id="22" sentence="0" number="21">jail</token>
<token t_id="23" sentence="0" number="22">hours</token>
<token t_id="24" sentence="0" number="23">after</token>
<token t_id="25" sentence="0" number="24">his</token>
<token t_id="26" sentence="0" number="25">arrest</token>
<token t_id="27" sentence="0" number="26">,</token>
<token t_id="28" sentence="0" number="27">police</token>
<token t_id="29" sentence="0" number="28">said</token>
<token t_id="30" sentence="0" number="29">Wednesday</token>
<token t_id="31" sentence="0" number="30">.</token>
<Markables>
<ACTION_OCCURRENCE m_id="28"  >
  <token_anchor t_id="26"/>
</ACTION_OCCURRENCE>
<ACTION_OCCURRENCE m_id="18"  >
  <token_anchor t_id="7"/>
</ACTION_OCCURRENCE>
<ACTION_OCCURRENCE m_id="19"  >
  <token_anchor t_id="11"/>
</ACTION_OCCURRENCE>
<ACTION_OCCURRENCE m_id="20"  >
  <token_anchor t_id="17"/>
</ACTION_OCCURRENCE>
<ACTION_REPORTING m_id="21"  >
  <token_anchor t_id="29"/>
</ACTION_REPORTING>
<HUMAN_PART_ORG m_id="25"  >
  <token_anchor t_id="12"/>
  <token_anchor t_id="13"/>
</HUMAN_PART_ORG>
<HUMAN_PART_ORG m_id="22"  >
  <token_anchor t_id="28"/>
</HUMAN_PART_ORG>
<HUMAN_PART_PER m_id="16"  >
  <token_anchor t_id="3"/>
  <token_anchor t_id="4"/>
</HUMAN_PART_PER>
<HUMAN_PART_PER m_id="17"  >
  <token_anchor t_id="18"/>
</HUMAN_PART_PER>
<LOC_FAC m_id="26"  >
  <token_anchor t_id="20"/>
  <token_anchor t_id="21"/>
  <token_anchor t_id="22"/>
</LOC_FAC>
<NON_HUMAN_PART m_id="24"  >
  <token_anchor t_id="9"/>
</NON_HUMAN_PART>
<TIME_DATE m_id="23"  >
  <token_anchor t_id="30"/>
</TIME_DATE>
<TIME_DURATION m_id="27"  >
  <token_anchor t_id="23"/>
</TIME_DURATION>




<ACTION_OCCURRENCE m_id="38" RELATED_TO="" TAG_DESCRIPTOR="t26b_hanged" instance_id="ACT18441863532401006" />
<ACTION_OCCURRENCE m_id="37" RELATED_TO="" TAG_DESCRIPTOR="t26b_arrest" instance_id="ACT18441937963352466" />
<HUMAN_PART_PER m_id="36" RELATED_TO="" TAG_DESCRIPTOR="t26b_presti" instance_id="HUM18441890442259339" />
<TIME_DURATION m_id="35" RELATED_TO="" TAG_DESCRIPTOR="t26b_hours" instance_id="TIM18442142154629810" />
<LOC_FAC m_id="34" RELATED_TO="" TAG_DESCRIPTOR="t26b_prison" instance_id="LOC18441904201489761" />
<TIME_DATE m_id="33" RELATED_TO="" TAG_DESCRIPTOR="t26b_wednesday" instance_id="TIM18442419387533474" />
<ACTION_REPORTING m_id="32" RELATED_TO="" TAG_DESCRIPTOR="26b_police_statement" instance_id="ACT27338400145348157" />
<HUMAN_PART_ORG m_id="31" RELATED_TO="" TAG_DESCRIPTOR="t26b_police" instance_id="HUM18441875401449335" />
</Markables>

<Relations>
<CROSS_DOC_COREF r_id="32752" note="HUM18441875401449335" >
  <source m_id="22" />
  <target m_id="31" />
</CROSS_DOC_COREF>
<CROSS_DOC_COREF r_id="32753" note="ACT27338400145348157" >
  <source m_id="21" />
  <target m_id="32" />
</CROSS_DOC_COREF>
<CROSS_DOC_COREF r_id="32754" note="TIM18442419387533474" >
  <source m_id="23" />
  <target m_id="33" />
</CROSS_DOC_COREF>
<CROSS_DOC_COREF r_id="32755" note="LOC18441904201489761" >
  <source m_id="26" />
  <target m_id="34" />
</CROSS_DOC_COREF>
<CROSS_DOC_COREF r_id="32756" note="TIM18442142154629810" >
  <source m_id="27" />
  <target m_id="35" />
</CROSS_DOC_COREF>
<CROSS_DOC_COREF r_id="32757" note="HUM18441890442259339" >
  <source m_id="16" />
  <source m_id="17" />
  <target m_id="36" />
</CROSS_DOC_COREF>
<CROSS_DOC_COREF r_id="32758" note="ACT18441937963352466" >
  <source m_id="28" />
  <target m_id="37" />
</CROSS_DOC_COREF>
<CROSS_DOC_COREF r_id="32759" note="ACT18441863532401006" >
  <source m_id="20" />
  <target m_id="38" />
</CROSS_DOC_COREF>

</Relations>
</Document>
