<Document doc_name="26_10ecbplus.xml" doc_id="DOC15646399978078464">
<token t_id="1" sentence="0" number="0">http</token>
<token t_id="2" sentence="0" number="1">:</token>
<token t_id="3" sentence="0" number="2">/</token>
<token t_id="4" sentence="0" number="3">/</token>
<token t_id="5" sentence="0" number="4">www</token>
<token t_id="6" sentence="0" number="5">.</token>
<token t_id="7" sentence="0" number="6">upi</token>
<token t_id="8" sentence="0" number="7">.</token>
<token t_id="9" sentence="0" number="8">com</token>
<token t_id="10" sentence="0" number="9">/</token>
<token t_id="11" sentence="0" number="10">Top</token>
<token t_id="12" sentence="0" number="11">_</token>
<token t_id="13" sentence="0" number="12">News</token>
<token t_id="14" sentence="0" number="13">/</token>
<token t_id="15" sentence="0" number="14">2005</token>
<token t_id="16" sentence="0" number="15">/</token>
<token t_id="17" sentence="0" number="16">12</token>
<token t_id="18" sentence="0" number="17">/</token>
<token t_id="19" sentence="0" number="18">19</token>
<token t_id="20" sentence="0" number="19">/</token>
<token t_id="21" sentence="0" number="20">Vincent</token>
<token t_id="22" sentence="0" number="21">-</token>
<token t_id="23" sentence="0" number="22">The</token>
<token t_id="24" sentence="0" number="23">-</token>
<token t_id="25" sentence="0" number="24">Chin</token>
<token t_id="26" sentence="0" number="25">-</token>
<token t_id="27" sentence="0" number="26">Gigante</token>
<token t_id="28" sentence="0" number="27">-</token>
<token t_id="29" sentence="0" number="28">dies</token>
<token t_id="30" sentence="0" number="29">-</token>
<token t_id="31" sentence="0" number="30">in</token>
<token t_id="32" sentence="0" number="31">-</token>
<token t_id="33" sentence="0" number="32">prison</token>
<token t_id="34" sentence="0" number="33">/</token>
<token t_id="35" sentence="0" number="34">UPI</token>
<token t_id="36" sentence="0" number="35">-</token>
<token t_id="37" sentence="0" number="36">88751135046674</token>
<token t_id="38" sentence="0" number="37">/</token>
<token t_id="39" sentence="1" number="0">Vincent</token>
<token t_id="40" sentence="1" number="1">'The</token>
<token t_id="41" sentence="1" number="2">Chin'</token>
<token t_id="42" sentence="1" number="3">Gigante</token>
<token t_id="43" sentence="1" number="4">dies</token>
<token t_id="44" sentence="1" number="5">in</token>
<token t_id="45" sentence="1" number="6">prison</token>
<token t_id="46" sentence="2" number="0">Published</token>
<token t_id="47" sentence="2" number="1">:</token>
<token t_id="48" sentence="2" number="2">Dec</token>
<token t_id="49" sentence="2" number="3">.</token>
<token t_id="50" sentence="2" number="4">19</token>
<token t_id="51" sentence="2" number="5">,</token>
<token t_id="52" sentence="2" number="6">2005</token>
<token t_id="53" sentence="2" number="7">at</token>
<token t_id="54" sentence="2" number="8">9</token>
<token t_id="55" sentence="2" number="9">:</token>
<token t_id="56" sentence="2" number="10">44</token>
<token t_id="57" sentence="2" number="11">PM</token>
<token t_id="58" sentence="3" number="0">Vincent</token>
<token t_id="59" sentence="3" number="1">"The</token>
<token t_id="60" sentence="3" number="2">Chin"</token>
<token t_id="61" sentence="3" number="3">Gigante</token>
<token t_id="62" sentence="3" number="4">,</token>
<token t_id="63" sentence="3" number="5">the</token>
<token t_id="64" sentence="3" number="6">New</token>
<token t_id="65" sentence="3" number="7">York</token>
<token t_id="66" sentence="3" number="8">mob</token>
<token t_id="67" sentence="3" number="9">boss</token>
<token t_id="68" sentence="3" number="10">whose</token>
<token t_id="69" sentence="3" number="11">crazy</token>
<token t_id="70" sentence="3" number="12">act</token>
<token t_id="71" sentence="3" number="13">earned</token>
<token t_id="72" sentence="3" number="14">him</token>
<token t_id="73" sentence="3" number="15">the</token>
<token t_id="74" sentence="3" number="16">nickname</token>
<token t_id="75" sentence="3" number="17">"The</token>
<token t_id="76" sentence="3" number="18">Oddfather</token>
<token t_id="77" sentence="3" number="19">,</token>
<token t_id="78" sentence="3" number="20">"</token>
<token t_id="79" sentence="3" number="21">died</token>
<token t_id="80" sentence="3" number="22">in</token>
<token t_id="81" sentence="3" number="23">prison</token>
<token t_id="82" sentence="3" number="24">Monday</token>
<token t_id="83" sentence="3" number="25">.</token>
<token t_id="84" sentence="4" number="0">He</token>
<token t_id="85" sentence="4" number="1">was</token>
<token t_id="86" sentence="4" number="2">77</token>
<token t_id="87" sentence="4" number="3">.</token>
<token t_id="88" sentence="5" number="0">The</token>
<token t_id="89" sentence="5" number="1">former</token>
<token t_id="90" sentence="5" number="2">driver</token>
<token t_id="91" sentence="5" number="3">for</token>
<token t_id="92" sentence="5" number="4">late</token>
<token t_id="93" sentence="5" number="5">Mafia</token>
<token t_id="94" sentence="5" number="6">boss</token>
<token t_id="95" sentence="5" number="7">Vito</token>
<token t_id="96" sentence="5" number="8">Genovese</token>
<token t_id="97" sentence="5" number="9">,</token>
<token t_id="98" sentence="5" number="10">Gigante</token>
<token t_id="99" sentence="5" number="11">rose</token>
<token t_id="100" sentence="5" number="12">to</token>
<token t_id="101" sentence="5" number="13">the</token>
<token t_id="102" sentence="5" number="14">head</token>
<token t_id="103" sentence="5" number="15">of</token>
<token t_id="104" sentence="5" number="16">the</token>
<token t_id="105" sentence="5" number="17">crime</token>
<token t_id="106" sentence="5" number="18">family</token>
<token t_id="107" sentence="5" number="19">that</token>
<token t_id="108" sentence="5" number="20">bears</token>
<token t_id="109" sentence="5" number="21">Genovese's</token>
<token t_id="110" sentence="5" number="22">name</token>
<token t_id="111" sentence="5" number="23">,</token>
<token t_id="112" sentence="5" number="24">Newsday</token>
<token t_id="113" sentence="5" number="25">reported</token>
<token t_id="114" sentence="5" number="26">.</token>
<token t_id="115" sentence="6" number="0">"He</token>
<token t_id="116" sentence="6" number="1">was</token>
<token t_id="117" sentence="6" number="2">the</token>
<token t_id="118" sentence="6" number="3">last</token>
<token t_id="119" sentence="6" number="4">of</token>
<token t_id="120" sentence="6" number="5">the</token>
<token t_id="121" sentence="6" number="6">old</token>
<token t_id="122" sentence="6" number="7">-</token>
<token t_id="123" sentence="6" number="8">school</token>
<token t_id="124" sentence="6" number="9">bosses</token>
<token t_id="125" sentence="6" number="10">,</token>
<token t_id="126" sentence="6" number="11">"</token>
<token t_id="127" sentence="6" number="12">said</token>
<token t_id="128" sentence="6" number="13">ex</token>
<token t_id="129" sentence="6" number="14">-</token>
<token t_id="130" sentence="6" number="15">NYPD</token>
<token t_id="131" sentence="6" number="16">organized</token>
<token t_id="132" sentence="6" number="17">crime</token>
<token t_id="133" sentence="6" number="18">detective</token>
<token t_id="134" sentence="6" number="19">Joe</token>
<token t_id="135" sentence="6" number="20">Coffey</token>
<token t_id="136" sentence="6" number="21">Monday</token>
<token t_id="137" sentence="6" number="22">.</token>
<token t_id="138" sentence="7" number="0">Bureau</token>
<token t_id="139" sentence="7" number="1">of</token>
<token t_id="140" sentence="7" number="2">Prisons</token>
<token t_id="141" sentence="7" number="3">spokesman</token>
<token t_id="142" sentence="7" number="4">Al</token>
<token t_id="143" sentence="7" number="5">Quintero</token>
<token t_id="144" sentence="7" number="6">said</token>
<token t_id="145" sentence="7" number="7">Gigante</token>
<token t_id="146" sentence="7" number="8">died</token>
<token t_id="147" sentence="7" number="9">early</token>
<token t_id="148" sentence="7" number="10">Monday</token>
<token t_id="149" sentence="7" number="11">of</token>
<token t_id="150" sentence="7" number="12">apparent</token>
<token t_id="151" sentence="7" number="13">heart</token>
<token t_id="152" sentence="7" number="14">disease</token>
<token t_id="153" sentence="7" number="15">at</token>
<token t_id="154" sentence="7" number="16">the</token>
<token t_id="155" sentence="7" number="17">U</token>
<token t_id="156" sentence="7" number="18">.</token>
<token t_id="157" sentence="7" number="19">S</token>
<token t_id="158" sentence="7" number="20">.</token>
<token t_id="159" sentence="7" number="21">medical</token>
<token t_id="160" sentence="7" number="22">center</token>
<token t_id="161" sentence="7" number="23">for</token>
<token t_id="162" sentence="7" number="24">federal</token>
<token t_id="163" sentence="7" number="25">prisoners</token>
<token t_id="164" sentence="7" number="26">in</token>
<token t_id="165" sentence="7" number="27">Springfield</token>
<token t_id="166" sentence="7" number="28">,</token>
<token t_id="167" sentence="7" number="29">Mo</token>
<token t_id="168" sentence="7" number="30">.</token>
<token t_id="169" sentence="8" number="0">It</token>
<token t_id="170" sentence="8" number="1">is</token>
<token t_id="171" sentence="8" number="2">the</token>
<token t_id="172" sentence="8" number="3">same</token>
<token t_id="173" sentence="8" number="4">prison</token>
<token t_id="174" sentence="8" number="5">where</token>
<token t_id="175" sentence="8" number="6">mobsters</token>
<token t_id="176" sentence="8" number="7">John</token>
<token t_id="177" sentence="8" number="8">Gotti</token>
<token t_id="178" sentence="8" number="9">,</token>
<token t_id="179" sentence="8" number="10">Anthony</token>
<token t_id="180" sentence="8" number="11">"Fat</token>
<token t_id="181" sentence="8" number="12">Tony"</token>
<token t_id="182" sentence="8" number="13">Salerno</token>
<token t_id="183" sentence="8" number="14">and</token>
<token t_id="184" sentence="8" number="15">Anthony</token>
<token t_id="185" sentence="8" number="16">"Tony</token>
<token t_id="186" sentence="8" number="17">Ducks"</token>
<token t_id="187" sentence="8" number="18">Corallo</token>
<token t_id="188" sentence="8" number="19">also</token>
<token t_id="189" sentence="8" number="20">died</token>
<token t_id="190" sentence="8" number="21">,</token>
<token t_id="191" sentence="8" number="22">the</token>
<token t_id="192" sentence="8" number="23">newspaper</token>
<token t_id="193" sentence="8" number="24">said</token>
<token t_id="194" sentence="8" number="25">.</token>
<token t_id="195" sentence="9" number="0">Gigante</token>
<token t_id="196" sentence="9" number="1">was</token>
<token t_id="197" sentence="9" number="2">serving</token>
<token t_id="198" sentence="9" number="3">a</token>
<token t_id="199" sentence="9" number="4">12</token>
<token t_id="200" sentence="9" number="5">-</token>
<token t_id="201" sentence="9" number="6">year</token>
<token t_id="202" sentence="9" number="7">sentence</token>
<token t_id="203" sentence="9" number="8">for</token>
<token t_id="204" sentence="9" number="9">a</token>
<token t_id="205" sentence="9" number="10">racketeering</token>
<token t_id="206" sentence="9" number="11">conspiracy</token>
<token t_id="207" sentence="9" number="12">conviction</token>
<token t_id="208" sentence="9" number="13">in</token>
<token t_id="209" sentence="9" number="14">Brooklyn</token>
<token t_id="210" sentence="9" number="15">in</token>
<token t_id="211" sentence="9" number="16">1997</token>
<token t_id="212" sentence="9" number="17">and</token>
<token t_id="213" sentence="9" number="18">was</token>
<token t_id="214" sentence="9" number="19">due</token>
<token t_id="215" sentence="9" number="20">to</token>
<token t_id="216" sentence="9" number="21">be</token>
<token t_id="217" sentence="9" number="22">released</token>
<token t_id="218" sentence="9" number="23">in</token>
<token t_id="219" sentence="9" number="24">June</token>
<token t_id="220" sentence="9" number="25">2010</token>
<token t_id="221" sentence="9" number="26">.</token>
<token t_id="222" sentence="10" number="0">He</token>
<token t_id="223" sentence="10" number="1">became</token>
<token t_id="224" sentence="10" number="2">a</token>
<token t_id="225" sentence="10" number="3">legend</token>
<token t_id="226" sentence="10" number="4">for</token>
<token t_id="227" sentence="10" number="5">pretending</token>
<token t_id="228" sentence="10" number="6">he</token>
<token t_id="229" sentence="10" number="7">was</token>
<token t_id="230" sentence="10" number="8">mentally</token>
<token t_id="231" sentence="10" number="9">ill</token>
<token t_id="232" sentence="10" number="10">as</token>
<token t_id="233" sentence="10" number="11">a</token>
<token t_id="234" sentence="10" number="12">way</token>
<token t_id="235" sentence="10" number="13">of</token>
<token t_id="236" sentence="10" number="14">escaping</token>
<token t_id="237" sentence="10" number="15">prosecution</token>
<token t_id="238" sentence="10" number="16">.</token>
<token t_id="239" sentence="11" number="0">Gigante</token>
<token t_id="240" sentence="11" number="1">would</token>
<token t_id="241" sentence="11" number="2">wander</token>
<token t_id="242" sentence="11" number="3">around</token>
<token t_id="243" sentence="11" number="4">Greenwich</token>
<token t_id="244" sentence="11" number="5">Village</token>
<token t_id="245" sentence="11" number="6">in</token>
<token t_id="246" sentence="11" number="7">his</token>
<token t_id="247" sentence="11" number="8">bathrobe</token>
<token t_id="248" sentence="11" number="9">,</token>
<token t_id="249" sentence="11" number="10">mumbling</token>
<token t_id="250" sentence="11" number="11">to</token>
<token t_id="251" sentence="11" number="12">himself</token>
<token t_id="252" sentence="11" number="13">.</token>
<token t_id="253" sentence="12" number="0">In</token>
<token t_id="254" sentence="12" number="1">April</token>
<token t_id="255" sentence="12" number="2">2003</token>
<token t_id="256" sentence="12" number="3">,</token>
<token t_id="257" sentence="12" number="4">Gigante</token>
<token t_id="258" sentence="12" number="5">plead</token>
<token t_id="259" sentence="12" number="6">guilty</token>
<token t_id="260" sentence="12" number="7">to</token>
<token t_id="261" sentence="12" number="8">charges</token>
<token t_id="262" sentence="12" number="9">he</token>
<token t_id="263" sentence="12" number="10">feigned</token>
<token t_id="264" sentence="12" number="11">mental</token>
<token t_id="265" sentence="12" number="12">illness</token>
<token t_id="266" sentence="12" number="13">in</token>
<token t_id="267" sentence="12" number="14">the</token>
<token t_id="268" sentence="12" number="15">1990s</token>
<token t_id="269" sentence="12" number="16">,</token>
<token t_id="270" sentence="12" number="17">adding</token>
<token t_id="271" sentence="12" number="18">three</token>
<token t_id="272" sentence="12" number="19">years</token>
<token t_id="273" sentence="12" number="20">to</token>
<token t_id="274" sentence="12" number="21">his</token>
<token t_id="275" sentence="12" number="22">sentence</token>
<token t_id="276" sentence="12" number="23">.</token>
<Markables>
<ACTION_OCCURRENCE m_id="9"  >
  <token_anchor t_id="43"/>
</ACTION_OCCURRENCE>
<ACTION_OCCURRENCE m_id="10"  >
  <token_anchor t_id="70"/>
</ACTION_OCCURRENCE>
<ACTION_OCCURRENCE m_id="11"  >
  <token_anchor t_id="71"/>
</ACTION_OCCURRENCE>
<ACTION_OCCURRENCE m_id="12"  >
  <token_anchor t_id="79"/>
</ACTION_OCCURRENCE>
<ACTION_OCCURRENCE m_id="13"  >
  <token_anchor t_id="146"/>
</ACTION_OCCURRENCE>
<HUMAN_PART_ORG m_id="23"  >
  <token_anchor t_id="138"/>
  <token_anchor t_id="139"/>
  <token_anchor t_id="140"/>
</HUMAN_PART_ORG>
<HUMAN_PART_PER m_id="1"  >
  <token_anchor t_id="39"/>
  <token_anchor t_id="40"/>
  <token_anchor t_id="41"/>
  <token_anchor t_id="42"/>
</HUMAN_PART_PER>
<HUMAN_PART_PER m_id="2"  >
  <token_anchor t_id="58"/>
  <token_anchor t_id="59"/>
  <token_anchor t_id="60"/>
  <token_anchor t_id="61"/>
</HUMAN_PART_PER>
<HUMAN_PART_PER m_id="3"  >
  <token_anchor t_id="142"/>
  <token_anchor t_id="143"/>
</HUMAN_PART_PER>
<HUMAN_PART_PER m_id="4"  >
  <token_anchor t_id="145"/>
</HUMAN_PART_PER>
<HUMAN_PART_PER m_id="5"  >
  <token_anchor t_id="163"/>
</HUMAN_PART_PER>
<HUMAN_PART_PER m_id="6"  >
  <token_anchor t_id="66"/>
  <token_anchor t_id="67"/>
</HUMAN_PART_PER>
<HUMAN_PART_PER m_id="7"  >
  <token_anchor t_id="72"/>
</HUMAN_PART_PER>
<HUMAN_PART_PER m_id="8"  >
  <token_anchor t_id="75"/>
  <token_anchor t_id="76"/>
</HUMAN_PART_PER>
<LOC_FAC m_id="14"  >
  <token_anchor t_id="154"/>
  <token_anchor t_id="155"/>
  <token_anchor t_id="156"/>
  <token_anchor t_id="157"/>
  <token_anchor t_id="158"/>
  <token_anchor t_id="159"/>
  <token_anchor t_id="160"/>
</LOC_FAC>
<LOC_FAC m_id="15"  >
  <token_anchor t_id="44"/>
  <token_anchor t_id="45"/>
</LOC_FAC>
<LOC_FAC m_id="16"  >
  <token_anchor t_id="80"/>
  <token_anchor t_id="81"/>
</LOC_FAC>
<LOC_GEO m_id="17"  >
  <token_anchor t_id="164"/>
  <token_anchor t_id="165"/>
  <token_anchor t_id="166"/>
  <token_anchor t_id="167"/>
</LOC_GEO>
<NON_HUMAN_PART m_id="19"  >
  <token_anchor t_id="74"/>
</NON_HUMAN_PART>
<TIME_DATE m_id="21"  >
  <token_anchor t_id="82"/>
</TIME_DATE>
<TIME_OF_THE_DAY m_id="18"  >
  <token_anchor t_id="48"/>
  <token_anchor t_id="49"/>
  <token_anchor t_id="50"/>
  <token_anchor t_id="51"/>
  <token_anchor t_id="52"/>
  <token_anchor t_id="53"/>
  <token_anchor t_id="54"/>
  <token_anchor t_id="55"/>
  <token_anchor t_id="56"/>
  <token_anchor t_id="57"/>
</TIME_OF_THE_DAY>
<ACTION_REPORTING m_id="28" note="byCROMER" >
  <token_anchor t_id="144"/>
</ACTION_REPORTING>
<ACTION_STATE m_id="29" note="byCROMER" >
  <token_anchor t_id="69"/>
</ACTION_STATE>
<TIME_DATE m_id="30" note="byCROMER" >
  <token_anchor t_id="147"/>
  <token_anchor t_id="148"/>
</TIME_DATE>
<ACTION_STATE m_id="31" note="byCROMER" >
  <token_anchor t_id="151"/>
  <token_anchor t_id="152"/>
</ACTION_STATE>


<ACTION_OCCURRENCE m_id="33" RELATED_TO="" TAG_DESCRIPTOR="t26_feigning" instance_id="ACT18440603446786525" />
<TIME_DATE m_id="32" RELATED_TO="" TAG_DESCRIPTOR="t26_monday" instance_id="TIM18440801253239963" />
<ACTION_OCCURRENCE m_id="39" RELATED_TO="" TAG_DESCRIPTOR="t26_died" instance_id="ACT18440577880137709" />
<LOC_FAC m_id="40" RELATED_TO="" TAG_DESCRIPTOR="t26_prison" instance_id="LOC18440750306982431" />
<ACTION_STATE m_id="38" RELATED_TO="" TAG_DESCRIPTOR="t26_mental_illness" instance_id="ACT18440672179378046" />
<HUMAN_PART_PER m_id="37" RELATED_TO="" TAG_DESCRIPTOR="t26_quintero" instance_id="HUM18440722716468597" />
<ACTION_REPORTING m_id="36" RELATED_TO="" TAG_DESCRIPTOR="t26_said_quintero" instance_id="ACT28450088385472026" />
<ACTION_STATE m_id="35" RELATED_TO="" TAG_DESCRIPTOR="t26_heart_disease" instance_id="ACT18440655322799332" />
<HUMAN_PART_PER m_id="34" RELATED_TO="" TAG_DESCRIPTOR="t26_gigante" instance_id="HUM18440698565277092" />
</Markables>

<Relations>
<CROSS_DOC_COREF r_id="41491" note="TIM18440801253239963" >
  <source m_id="30" />
  <source m_id="21" />
  <target m_id="32" />
</CROSS_DOC_COREF>
<CROSS_DOC_COREF r_id="41492" note="ACT18440603446786525" >
  <source m_id="10" />
  <target m_id="33" />
</CROSS_DOC_COREF>
<CROSS_DOC_COREF r_id="41493" note="HUM18440698565277092" >
  <source m_id="2" />
  <source m_id="6" />
  <source m_id="4" />
  <source m_id="1" />
  <source m_id="7" />
  <target m_id="34" />
</CROSS_DOC_COREF>
<CROSS_DOC_COREF r_id="41494" note="ACT18440655322799332" >
  <source m_id="31" />
  <target m_id="35" />
</CROSS_DOC_COREF>
<CROSS_DOC_COREF r_id="41495" note="ACT28450088385472026" >
  <source m_id="28" />
  <target m_id="36" />
</CROSS_DOC_COREF>
<CROSS_DOC_COREF r_id="41496" note="HUM18440722716468597" >
  <source m_id="3" />
  <target m_id="37" />
</CROSS_DOC_COREF>
<CROSS_DOC_COREF r_id="41497" note="ACT18440672179378046" >
  <source m_id="29" />
  <target m_id="38" />
</CROSS_DOC_COREF>
<CROSS_DOC_COREF r_id="41498" note="ACT18440577880137709" >
  <source m_id="12" />
  <source m_id="13" />
  <source m_id="9" />
  <target m_id="39" />
</CROSS_DOC_COREF>
<CROSS_DOC_COREF r_id="41499" note="LOC18440750306982431" >
  <source m_id="16" />
  <source m_id="14" />
  <source m_id="15" />
  <target m_id="40" />
</CROSS_DOC_COREF>

</Relations>
</Document>
