<Document doc_name="26_5ecb.xml" doc_id="DOC15654840837497113">
<token t_id="1" sentence="0" number="0">A</token>
<token t_id="2" sentence="0" number="1">suspected</token>
<token t_id="3" sentence="0" number="2">Mafia</token>
<token t_id="4" sentence="0" number="3">leader</token>
<token t_id="5" sentence="0" number="4">has</token>
<token t_id="6" sentence="0" number="5">hanged</token>
<token t_id="7" sentence="0" number="6">himself</token>
<token t_id="8" sentence="0" number="7">in</token>
<token t_id="9" sentence="0" number="8">prison</token>
<token t_id="10" sentence="0" number="9">in</token>
<token t_id="11" sentence="0" number="10">Sicily</token>
<token t_id="12" sentence="0" number="11">hours</token>
<token t_id="13" sentence="0" number="12">after</token>
<token t_id="14" sentence="0" number="13">being</token>
<token t_id="15" sentence="0" number="14">arrested</token>
<token t_id="16" sentence="0" number="15">,</token>
<token t_id="17" sentence="0" number="16">Italian</token>
<token t_id="18" sentence="0" number="17">police</token>
<token t_id="19" sentence="0" number="18">say</token>
<token t_id="20" sentence="0" number="19">.</token>
<token t_id="21" sentence="1" number="0">Police</token>
<token t_id="22" sentence="1" number="1">said</token>
<token t_id="23" sentence="1" number="2">Lo</token>
<token t_id="24" sentence="1" number="3">Presti</token>
<token t_id="25" sentence="1" number="4">,</token>
<token t_id="26" sentence="1" number="5">alleged</token>
<token t_id="27" sentence="1" number="6">boss</token>
<token t_id="28" sentence="1" number="7">of</token>
<token t_id="29" sentence="1" number="8">a</token>
<token t_id="30" sentence="1" number="9">Sicilian</token>
<token t_id="31" sentence="1" number="10">Mafia</token>
<token t_id="32" sentence="1" number="11">clan</token>
<token t_id="33" sentence="1" number="12">in</token>
<token t_id="34" sentence="1" number="13">a</token>
<token t_id="35" sentence="1" number="14">district</token>
<token t_id="36" sentence="1" number="15">of</token>
<token t_id="37" sentence="1" number="16">Palermo</token>
<token t_id="38" sentence="1" number="17">,</token>
<token t_id="39" sentence="1" number="18">hanged</token>
<token t_id="40" sentence="1" number="19">himself</token>
<token t_id="41" sentence="1" number="20">in</token>
<token t_id="42" sentence="1" number="21">his</token>
<token t_id="43" sentence="1" number="22">cell</token>
<token t_id="44" sentence="1" number="23">.</token>
<Markables>
<ACTION_OCCURRENCE m_id="28"  >
  <token_anchor t_id="6"/>
</ACTION_OCCURRENCE>
<ACTION_OCCURRENCE m_id="29"  >
  <token_anchor t_id="15"/>
</ACTION_OCCURRENCE>
<ACTION_OCCURRENCE m_id="30"  >
  <token_anchor t_id="39"/>
</ACTION_OCCURRENCE>
<ACTION_REPORTING m_id="31"  >
  <token_anchor t_id="22"/>
</ACTION_REPORTING>
<ACTION_REPORTING m_id="32"  >
  <token_anchor t_id="19"/>
</ACTION_REPORTING>
<HUMAN_PART_ORG m_id="22"  >
  <token_anchor t_id="21"/>
</HUMAN_PART_ORG>
<HUMAN_PART_ORG m_id="23"  >
  <token_anchor t_id="18"/>
</HUMAN_PART_ORG>
<HUMAN_PART_ORG m_id="24"  >
  <token_anchor t_id="31"/>
  <token_anchor t_id="32"/>
</HUMAN_PART_ORG>
<HUMAN_PART_PER m_id="18"  >
  <token_anchor t_id="3"/>
  <token_anchor t_id="4"/>
</HUMAN_PART_PER>
<HUMAN_PART_PER m_id="19"  >
  <token_anchor t_id="7"/>
</HUMAN_PART_PER>
<HUMAN_PART_PER m_id="20"  >
  <token_anchor t_id="23"/>
  <token_anchor t_id="24"/>
</HUMAN_PART_PER>
<HUMAN_PART_PER m_id="21"  >
  <token_anchor t_id="40"/>
</HUMAN_PART_PER>
<LOC_FAC m_id="26"  >
  <token_anchor t_id="8"/>
  <token_anchor t_id="9"/>
  <token_anchor t_id="10"/>
  <token_anchor t_id="11"/>
</LOC_FAC>
<LOC_FAC m_id="25"  >
  <token_anchor t_id="41"/>
  <token_anchor t_id="42"/>
  <token_anchor t_id="43"/>
</LOC_FAC>
<LOC_GEO m_id="33"  >
  <token_anchor t_id="33"/>
  <token_anchor t_id="34"/>
  <token_anchor t_id="35"/>
  <token_anchor t_id="36"/>
  <token_anchor t_id="37"/>
</LOC_GEO>
<TIME_DURATION m_id="27"  >
  <token_anchor t_id="12"/>
</TIME_DURATION>




<ACTION_OCCURRENCE m_id="39" RELATED_TO="" TAG_DESCRIPTOR="t26b_arrest" instance_id="ACT18441937963352466" />
<HUMAN_PART_PER m_id="38" RELATED_TO="" TAG_DESCRIPTOR="t26b_presti" instance_id="HUM18441890442259339" />
<TIME_DURATION m_id="37" RELATED_TO="" TAG_DESCRIPTOR="t26b_hours" instance_id="TIM18442142154629810" />
<LOC_FAC m_id="36" RELATED_TO="" TAG_DESCRIPTOR="t26b_prison" instance_id="LOC18441904201489761" />
<ACTION_REPORTING m_id="35" RELATED_TO="" TAG_DESCRIPTOR="26b_police_statement" instance_id="ACT27338400145348157" />
<HUMAN_PART_ORG m_id="34" RELATED_TO="" TAG_DESCRIPTOR="t26b_police" instance_id="HUM18441875401449335" />
<ACTION_OCCURRENCE m_id="41" RELATED_TO="" TAG_DESCRIPTOR="t26b_hanged" instance_id="ACT18441863532401006" />
<LOC_GEO m_id="40" RELATED_TO="" TAG_DESCRIPTOR="t26b_porta_nuova" instance_id="LOC18441954119583356" />
</Markables>

<Relations>
<CROSS_DOC_COREF r_id="32651" note="HUM18441875401449335" >
  <source m_id="23" />
  <source m_id="22" />
  <target m_id="34" />
</CROSS_DOC_COREF>
<CROSS_DOC_COREF r_id="32652" note="ACT27338400145348157" >
  <source m_id="32" />
  <source m_id="31" />
  <target m_id="35" />
</CROSS_DOC_COREF>
<CROSS_DOC_COREF r_id="32653" note="LOC18441904201489761" >
  <source m_id="25" />
  <source m_id="26" />
  <target m_id="36" />
</CROSS_DOC_COREF>
<CROSS_DOC_COREF r_id="32654" note="TIM18442142154629810" >
  <source m_id="27" />
  <target m_id="37" />
</CROSS_DOC_COREF>
<CROSS_DOC_COREF r_id="32655" note="HUM18441890442259339" >
  <source m_id="20" />
  <source m_id="18" />
  <source m_id="19" />
  <source m_id="21" />
  <target m_id="38" />
</CROSS_DOC_COREF>
<CROSS_DOC_COREF r_id="32656" note="ACT18441937963352466" >
  <source m_id="29" />
  <target m_id="39" />
</CROSS_DOC_COREF>
<CROSS_DOC_COREF r_id="32657" note="LOC18441954119583356" >
  <source m_id="33" />
  <target m_id="40" />
</CROSS_DOC_COREF>
<CROSS_DOC_COREF r_id="32658" note="ACT18441863532401006" >
  <source m_id="30" />
  <source m_id="28" />
  <target m_id="41" />
</CROSS_DOC_COREF>

</Relations>
</Document>
