<Document doc_name="26_6ecbplus.xml" doc_id="DOC15646400047508544">
<token t_id="1" sentence="0" number="0">http</token>
<token t_id="2" sentence="0" number="1">:</token>
<token t_id="3" sentence="0" number="2">/</token>
<token t_id="4" sentence="0" number="3">/</token>
<token t_id="5" sentence="0" number="4">www</token>
<token t_id="6" sentence="0" number="5">.</token>
<token t_id="7" sentence="0" number="6">nysun</token>
<token t_id="8" sentence="0" number="7">.</token>
<token t_id="9" sentence="0" number="8">com</token>
<token t_id="10" sentence="0" number="9">/</token>
<token t_id="11" sentence="0" number="10">obituaries</token>
<token t_id="12" sentence="0" number="11">/</token>
<token t_id="13" sentence="0" number="12">vincent</token>
<token t_id="14" sentence="0" number="13">-</token>
<token t_id="15" sentence="0" number="14">chin</token>
<token t_id="16" sentence="0" number="15">-</token>
<token t_id="17" sentence="0" number="16">gigante</token>
<token t_id="18" sentence="0" number="17">-</token>
<token t_id="19" sentence="0" number="18">77</token>
<token t_id="20" sentence="0" number="19">-</token>
<token t_id="21" sentence="0" number="20">crime</token>
<token t_id="22" sentence="0" number="21">-</token>
<token t_id="23" sentence="0" number="22">boss</token>
<token t_id="24" sentence="0" number="23">/</token>
<token t_id="25" sentence="0" number="24">24729</token>
<token t_id="26" sentence="0" number="25">/</token>
<token t_id="27" sentence="1" number="0">Vincent</token>
<token t_id="28" sentence="1" number="1">'Chin'</token>
<token t_id="29" sentence="1" number="2">Gigante</token>
<token t_id="30" sentence="1" number="3">,</token>
<token t_id="31" sentence="1" number="4">77</token>
<token t_id="32" sentence="1" number="5">,</token>
<token t_id="33" sentence="1" number="6">Crime</token>
<token t_id="34" sentence="1" number="7">Boss</token>
<token t_id="35" sentence="2" number="0">December</token>
<token t_id="36" sentence="2" number="1">20</token>
<token t_id="37" sentence="2" number="2">,</token>
<token t_id="38" sentence="2" number="3">2005</token>
<token t_id="39" sentence="3" number="0">Vincent</token>
<token t_id="40" sentence="3" number="1">Gigante</token>
<token t_id="41" sentence="3" number="2">,</token>
<token t_id="42" sentence="3" number="3">who</token>
<token t_id="43" sentence="3" number="4">died</token>
<token t_id="44" sentence="3" number="5">yesterday</token>
<token t_id="45" sentence="3" number="6">in</token>
<token t_id="46" sentence="3" number="7">federal</token>
<token t_id="47" sentence="3" number="8">prison</token>
<token t_id="48" sentence="3" number="9">at</token>
<token t_id="49" sentence="3" number="10">77</token>
<token t_id="50" sentence="3" number="11">,</token>
<token t_id="51" sentence="3" number="12">was</token>
<token t_id="52" sentence="3" number="13">the</token>
<token t_id="53" sentence="3" number="14">Genovese</token>
<token t_id="54" sentence="3" number="15">crime</token>
<token t_id="55" sentence="3" number="16">family</token>
<token t_id="56" sentence="3" number="17">boss</token>
<token t_id="57" sentence="3" number="18">who</token>
<token t_id="58" sentence="3" number="19">for</token>
<token t_id="59" sentence="3" number="20">three</token>
<token t_id="60" sentence="3" number="21">decades</token>
<token t_id="61" sentence="3" number="22">feigned</token>
<token t_id="62" sentence="3" number="23">lunacy</token>
<token t_id="63" sentence="3" number="24">to</token>
<token t_id="64" sentence="3" number="25">evade</token>
<token t_id="65" sentence="3" number="26">prosecution</token>
<token t_id="66" sentence="3" number="27">for</token>
<token t_id="67" sentence="3" number="28">crimes</token>
<token t_id="68" sentence="3" number="29">ranging</token>
<token t_id="69" sentence="3" number="30">from</token>
<token t_id="70" sentence="3" number="31">loan</token>
<token t_id="71" sentence="3" number="32">sharking</token>
<token t_id="72" sentence="3" number="33">to</token>
<token t_id="73" sentence="3" number="34">murder</token>
<token t_id="74" sentence="3" number="35">to</token>
<token t_id="75" sentence="3" number="36">bribing</token>
<token t_id="76" sentence="3" number="37">the</token>
<token t_id="77" sentence="3" number="38">entire</token>
<token t_id="78" sentence="3" number="39">police</token>
<token t_id="79" sentence="3" number="40">force</token>
<token t_id="80" sentence="3" number="41">of</token>
<token t_id="81" sentence="3" number="42">Old</token>
<token t_id="82" sentence="3" number="43">Tappan</token>
<token t_id="83" sentence="3" number="44">,</token>
<token t_id="84" sentence="3" number="45">N</token>
<token t_id="85" sentence="3" number="46">.</token>
<token t_id="86" sentence="3" number="47">J</token>
<token t_id="87" sentence="3" number="48">.</token>
<token t_id="88" sentence="4" number="0">He</token>
<token t_id="89" sentence="4" number="1">was</token>
<token t_id="90" sentence="4" number="2">known</token>
<token t_id="91" sentence="4" number="3">as</token>
<token t_id="92" sentence="4" number="4">"Chin</token>
<token t_id="93" sentence="4" number="5">,</token>
<token t_id="94" sentence="4" number="6">"</token>
<token t_id="95" sentence="4" number="7">and</token>
<token t_id="96" sentence="4" number="8">his</token>
<token t_id="97" sentence="4" number="9">moniker</token>
<token t_id="98" sentence="4" number="10">was</token>
<token t_id="99" sentence="4" number="11">often</token>
<token t_id="100" sentence="4" number="12">invoked</token>
<token t_id="101" sentence="4" number="13">by</token>
<token t_id="102" sentence="4" number="14">denizens</token>
<token t_id="103" sentence="4" number="15">of</token>
<token t_id="104" sentence="4" number="16">the</token>
<token t_id="105" sentence="4" number="17">Mafia</token>
<token t_id="106" sentence="4" number="18">underworld</token>
<token t_id="107" sentence="4" number="19">with</token>
<token t_id="108" sentence="4" number="20">a</token>
<token t_id="109" sentence="4" number="21">hand</token>
<token t_id="110" sentence="4" number="22">-</token>
<token t_id="111" sentence="4" number="23">to</token>
<token t_id="112" sentence="4" number="24">-</token>
<token t_id="113" sentence="4" number="25">chin</token>
<token t_id="114" sentence="4" number="26">gesture</token>
<token t_id="115" sentence="4" number="27">rather</token>
<token t_id="116" sentence="4" number="28">than</token>
<token t_id="117" sentence="4" number="29">a</token>
<token t_id="118" sentence="4" number="30">word</token>
<token t_id="119" sentence="4" number="31">,</token>
<token t_id="120" sentence="4" number="32">the</token>
<token t_id="121" sentence="4" number="33">better</token>
<token t_id="122" sentence="4" number="34">to</token>
<token t_id="123" sentence="4" number="35">foil</token>
<token t_id="124" sentence="4" number="36">police</token>
<token t_id="125" sentence="4" number="37">bugs</token>
<token t_id="126" sentence="4" number="38">.</token>
<token t_id="127" sentence="5" number="0">To</token>
<token t_id="128" sentence="5" number="1">the</token>
<token t_id="129" sentence="5" number="2">writers</token>
<token t_id="130" sentence="5" number="3">of</token>
<token t_id="131" sentence="5" number="4">headlines</token>
<token t_id="132" sentence="5" number="5">he</token>
<token t_id="133" sentence="5" number="6">was</token>
<token t_id="134" sentence="5" number="7">sometimes</token>
<token t_id="135" sentence="5" number="8">"Daffy</token>
<token t_id="136" sentence="5" number="9">Don"</token>
<token t_id="137" sentence="5" number="10">or</token>
<token t_id="138" sentence="5" number="11">"the</token>
<token t_id="139" sentence="5" number="12">Oddfather"</token>
<token t_id="140" sentence="5" number="13">for</token>
<token t_id="141" sentence="5" number="14">his</token>
<token t_id="142" sentence="5" number="15">habit</token>
<token t_id="143" sentence="5" number="16">of</token>
<token t_id="144" sentence="5" number="17">walking</token>
<token t_id="145" sentence="5" number="18">the</token>
<token t_id="146" sentence="5" number="19">streets</token>
<token t_id="147" sentence="5" number="20">of</token>
<token t_id="148" sentence="5" number="21">the</token>
<token t_id="149" sentence="5" number="22">West</token>
<token t_id="150" sentence="5" number="23">Village</token>
<token t_id="151" sentence="5" number="24">clad</token>
<token t_id="152" sentence="5" number="25">in</token>
<token t_id="153" sentence="5" number="26">a</token>
<token t_id="154" sentence="5" number="27">bathrobe</token>
<token t_id="155" sentence="5" number="28">,</token>
<token t_id="156" sentence="5" number="29">striped</token>
<token t_id="157" sentence="5" number="30">pyjamas</token>
<token t_id="158" sentence="5" number="31">,</token>
<token t_id="159" sentence="5" number="32">and</token>
<token t_id="160" sentence="5" number="33">slippers</token>
<token t_id="161" sentence="5" number="34">,</token>
<token t_id="162" sentence="5" number="35">while</token>
<token t_id="163" sentence="5" number="36">muttering</token>
<token t_id="164" sentence="5" number="37">incoherently</token>
<token t_id="165" sentence="5" number="38">.</token>
<token t_id="166" sentence="6" number="0">Federal</token>
<token t_id="167" sentence="6" number="1">prosecutors</token>
<token t_id="168" sentence="6" number="2">claimed</token>
<token t_id="169" sentence="6" number="3">it</token>
<token t_id="170" sentence="6" number="4">was</token>
<token t_id="171" sentence="6" number="5">an</token>
<token t_id="172" sentence="6" number="6">act</token>
<token t_id="173" sentence="6" number="7">,</token>
<token t_id="174" sentence="6" number="8">but</token>
<token t_id="175" sentence="6" number="9">it</token>
<token t_id="176" sentence="6" number="10">was</token>
<token t_id="177" sentence="6" number="11">not</token>
<token t_id="178" sentence="6" number="12">until</token>
<token t_id="179" sentence="6" number="13">2003</token>
<token t_id="180" sentence="6" number="14">,</token>
<token t_id="181" sentence="6" number="15">after</token>
<token t_id="182" sentence="6" number="16">more</token>
<token t_id="183" sentence="6" number="17">than</token>
<token t_id="184" sentence="6" number="18">three</token>
<token t_id="185" sentence="6" number="19">decades</token>
<token t_id="186" sentence="6" number="20">of</token>
<token t_id="187" sentence="6" number="21">faking</token>
<token t_id="188" sentence="6" number="22">mental</token>
<token t_id="189" sentence="6" number="23">illness</token>
<token t_id="190" sentence="6" number="24">,</token>
<token t_id="191" sentence="6" number="25">that</token>
<token t_id="192" sentence="6" number="26">Gigante</token>
<token t_id="193" sentence="6" number="27">admitted</token>
<token t_id="194" sentence="6" number="28">in</token>
<token t_id="195" sentence="6" number="29">court</token>
<token t_id="196" sentence="6" number="30">that</token>
<token t_id="197" sentence="6" number="31">he</token>
<token t_id="198" sentence="6" number="32">did</token>
<token t_id="199" sentence="6" number="33">it</token>
<token t_id="200" sentence="6" number="34">to</token>
<token t_id="201" sentence="6" number="35">avoid</token>
<token t_id="202" sentence="6" number="36">prosecution</token>
<token t_id="203" sentence="6" number="37">.</token>
<token t_id="204" sentence="7" number="0">His</token>
<token t_id="205" sentence="7" number="1">admission</token>
<token t_id="206" sentence="7" number="2">came</token>
<token t_id="207" sentence="7" number="3">as</token>
<token t_id="208" sentence="7" number="4">part</token>
<token t_id="209" sentence="7" number="5">of</token>
<token t_id="210" sentence="7" number="6">a</token>
<token t_id="211" sentence="7" number="7">plea</token>
<token t_id="212" sentence="7" number="8">deal</token>
<token t_id="213" sentence="7" number="9">on</token>
<token t_id="214" sentence="7" number="10">behalf</token>
<token t_id="215" sentence="7" number="11">of</token>
<token t_id="216" sentence="7" number="12">his</token>
<token t_id="217" sentence="7" number="13">son</token>
<token t_id="218" sentence="7" number="14">,</token>
<token t_id="219" sentence="7" number="15">Andrew</token>
<token t_id="220" sentence="7" number="16">,</token>
<token t_id="221" sentence="7" number="17">also</token>
<token t_id="222" sentence="7" number="18">convicted</token>
<token t_id="223" sentence="7" number="19">of</token>
<token t_id="224" sentence="7" number="20">mob</token>
<token t_id="225" sentence="7" number="21">-</token>
<token t_id="226" sentence="7" number="22">related</token>
<token t_id="227" sentence="7" number="23">activities</token>
<token t_id="228" sentence="7" number="24">.</token>
<token t_id="229" sentence="8" number="0">For</token>
<token t_id="230" sentence="8" number="1">two</token>
<token t_id="231" sentence="8" number="2">decades</token>
<token t_id="232" sentence="8" number="3">,</token>
<token t_id="233" sentence="8" number="4">Gigante</token>
<token t_id="234" sentence="8" number="5">was</token>
<token t_id="235" sentence="8" number="6">head</token>
<token t_id="236" sentence="8" number="7">of</token>
<token t_id="237" sentence="8" number="8">the</token>
<token t_id="238" sentence="8" number="9">Genovese</token>
<token t_id="239" sentence="8" number="10">crime</token>
<token t_id="240" sentence="8" number="11">family</token>
<token t_id="241" sentence="8" number="12">,</token>
<token t_id="242" sentence="8" number="13">which</token>
<token t_id="243" sentence="8" number="14">emerged</token>
<token t_id="244" sentence="8" number="15">as</token>
<token t_id="245" sentence="8" number="16">the</token>
<token t_id="246" sentence="8" number="17">largest</token>
<token t_id="247" sentence="8" number="18">of</token>
<token t_id="248" sentence="8" number="19">the</token>
<token t_id="249" sentence="8" number="20">five</token>
<token t_id="250" sentence="8" number="21">New</token>
<token t_id="251" sentence="8" number="22">York</token>
<token t_id="252" sentence="8" number="23">Mafia</token>
<token t_id="253" sentence="8" number="24">clans</token>
<token t_id="254" sentence="8" number="25">after</token>
<token t_id="255" sentence="8" number="26">decades</token>
<token t_id="256" sentence="8" number="27">of</token>
<token t_id="257" sentence="8" number="28">concerted</token>
<token t_id="258" sentence="8" number="29">federal</token>
<token t_id="259" sentence="8" number="30">prosecutions</token>
<token t_id="260" sentence="8" number="31">decimated</token>
<token t_id="261" sentence="8" number="32">its</token>
<token t_id="262" sentence="8" number="33">rivals</token>
<token t_id="263" sentence="8" number="34">.</token>
<token t_id="264" sentence="9" number="0">It</token>
<token t_id="265" sentence="9" number="1">was</token>
<token t_id="266" sentence="9" number="2">estimated</token>
<token t_id="267" sentence="9" number="3">that</token>
<token t_id="268" sentence="9" number="4">there</token>
<token t_id="269" sentence="9" number="5">were</token>
<token t_id="270" sentence="9" number="6">some</token>
<token t_id="271" sentence="9" number="7">300</token>
<token t_id="272" sentence="9" number="8">members</token>
<token t_id="273" sentence="9" number="9">of</token>
<token t_id="274" sentence="9" number="10">the</token>
<token t_id="275" sentence="9" number="11">family</token>
<token t_id="276" sentence="9" number="12">under</token>
<token t_id="277" sentence="9" number="13">his</token>
<token t_id="278" sentence="9" number="14">control</token>
<token t_id="279" sentence="9" number="15">.</token>
<token t_id="280" sentence="10" number="0">The</token>
<token t_id="281" sentence="10" number="1">Genovese</token>
<token t_id="282" sentence="10" number="2">rackets</token>
<token t_id="283" sentence="10" number="3">included</token>
<token t_id="284" sentence="10" number="4">guaranteeing</token>
<token t_id="285" sentence="10" number="5">labor</token>
<token t_id="286" sentence="10" number="6">peace</token>
<token t_id="287" sentence="10" number="7">to</token>
<token t_id="288" sentence="10" number="8">firms</token>
<token t_id="289" sentence="10" number="9">in</token>
<token t_id="290" sentence="10" number="10">construction</token>
<token t_id="291" sentence="10" number="11">,</token>
<token t_id="292" sentence="10" number="12">garbage</token>
<token t_id="293" sentence="10" number="13">removal</token>
<token t_id="294" sentence="10" number="14">,</token>
<token t_id="295" sentence="10" number="15">and</token>
<token t_id="296" sentence="10" number="16">trucking</token>
<token t_id="297" sentence="10" number="17">;</token>
<token t_id="298" sentence="10" number="18">extorting</token>
<token t_id="299" sentence="10" number="19">payoffs</token>
<token t_id="300" sentence="10" number="20">from</token>
<token t_id="301" sentence="10" number="21">companies</token>
<token t_id="302" sentence="10" number="22">doing</token>
<token t_id="303" sentence="10" number="23">business</token>
<token t_id="304" sentence="10" number="24">at</token>
<token t_id="305" sentence="10" number="25">the</token>
<token t_id="306" sentence="10" number="26">Ports</token>
<token t_id="307" sentence="10" number="27">of</token>
<token t_id="308" sentence="10" number="28">Newark</token>
<token t_id="309" sentence="10" number="29">and</token>
<token t_id="310" sentence="10" number="30">Elizabeth</token>
<token t_id="311" sentence="10" number="31">;</token>
<token t_id="312" sentence="10" number="32">various</token>
<token t_id="313" sentence="10" number="33">rackets</token>
<token t_id="314" sentence="10" number="34">at</token>
<token t_id="315" sentence="10" number="35">the</token>
<token t_id="316" sentence="10" number="36">Fulton</token>
<token t_id="317" sentence="10" number="37">Fish</token>
<token t_id="318" sentence="10" number="38">Market</token>
<token t_id="319" sentence="10" number="39">and</token>
<token t_id="320" sentence="10" number="40">the</token>
<token t_id="321" sentence="10" number="41">Jacob</token>
<token t_id="322" sentence="10" number="42">K</token>
<token t_id="323" sentence="10" number="43">.</token>
<token t_id="324" sentence="10" number="44">Javits</token>
<token t_id="325" sentence="10" number="45">Convention</token>
<token t_id="326" sentence="10" number="46">Center</token>
<token t_id="327" sentence="10" number="47">;</token>
<token t_id="328" sentence="10" number="48">contracts</token>
<token t_id="329" sentence="10" number="49">for</token>
<token t_id="330" sentence="10" number="50">window</token>
<token t_id="331" sentence="10" number="51">-</token>
<token t_id="332" sentence="10" number="52">installation</token>
<token t_id="333" sentence="10" number="53">in</token>
<token t_id="334" sentence="10" number="54">city</token>
<token t_id="335" sentence="10" number="55">housing</token>
<token t_id="336" sentence="10" number="56">,</token>
<token t_id="337" sentence="10" number="57">and</token>
<token t_id="338" sentence="10" number="58">the</token>
<token t_id="339" sentence="10" number="59">old</token>
<token t_id="340" sentence="10" number="60">standbys</token>
<token t_id="341" sentence="10" number="61">of</token>
<token t_id="342" sentence="10" number="62">bookmaking</token>
<token t_id="343" sentence="10" number="63">,</token>
<token t_id="344" sentence="10" number="64">loan</token>
<token t_id="345" sentence="10" number="65">-</token>
<token t_id="346" sentence="10" number="66">sharking</token>
<token t_id="347" sentence="10" number="67">,</token>
<token t_id="348" sentence="10" number="68">and</token>
<token t_id="349" sentence="10" number="69">narcotics</token>
<token t_id="350" sentence="10" number="70">.</token>
<token t_id="351" sentence="11" number="0">It</token>
<token t_id="352" sentence="11" number="1">was</token>
<token t_id="353" sentence="11" number="2">narcotics</token>
<token t_id="354" sentence="11" number="3">that</token>
<token t_id="355" sentence="11" number="4">first</token>
<token t_id="356" sentence="11" number="5">sent</token>
<token t_id="357" sentence="11" number="6">Gigante</token>
<token t_id="358" sentence="11" number="7">to</token>
<token t_id="359" sentence="11" number="8">prison</token>
<token t_id="360" sentence="11" number="9">,</token>
<token t_id="361" sentence="11" number="10">in</token>
<token t_id="362" sentence="11" number="11">1959</token>
<token t_id="363" sentence="11" number="12">,</token>
<token t_id="364" sentence="11" number="13">when</token>
<token t_id="365" sentence="11" number="14">he</token>
<token t_id="366" sentence="11" number="15">received</token>
<token t_id="367" sentence="11" number="16">a</token>
<token t_id="368" sentence="11" number="17">five</token>
<token t_id="369" sentence="11" number="18">-</token>
<token t_id="370" sentence="11" number="19">year</token>
<token t_id="371" sentence="11" number="20">sentence</token>
<token t_id="372" sentence="11" number="21">after</token>
<token t_id="373" sentence="11" number="22">being</token>
<token t_id="374" sentence="11" number="23">caught</token>
<token t_id="375" sentence="11" number="24">conspiring</token>
<token t_id="376" sentence="11" number="25">to</token>
<token t_id="377" sentence="11" number="26">smuggle</token>
<token t_id="378" sentence="11" number="27">heroin</token>
<token t_id="379" sentence="11" number="28">from</token>
<token t_id="380" sentence="11" number="29">abroad</token>
<token t_id="381" sentence="11" number="30">.</token>
<token t_id="382" sentence="12" number="0">Also</token>
<token t_id="383" sentence="12" number="1">sentenced</token>
<token t_id="384" sentence="12" number="2">in</token>
<token t_id="385" sentence="12" number="3">the</token>
<token t_id="386" sentence="12" number="4">case</token>
<token t_id="387" sentence="12" number="5">was</token>
<token t_id="388" sentence="12" number="6">the</token>
<token t_id="389" sentence="12" number="7">man</token>
<token t_id="390" sentence="12" number="8">who</token>
<token t_id="391" sentence="12" number="9">gave</token>
<token t_id="392" sentence="12" number="10">his</token>
<token t_id="393" sentence="12" number="11">name</token>
<token t_id="394" sentence="12" number="12">to</token>
<token t_id="395" sentence="12" number="13">the</token>
<token t_id="396" sentence="12" number="14">crime</token>
<token t_id="397" sentence="12" number="15">family</token>
<token t_id="398" sentence="12" number="16">,</token>
<token t_id="399" sentence="12" number="17">Vito</token>
<token t_id="400" sentence="12" number="18">Genovese</token>
<token t_id="401" sentence="12" number="19">.</token>
<token t_id="402" sentence="13" number="0">Genovese</token>
<token t_id="403" sentence="13" number="1">ran</token>
<token t_id="404" sentence="13" number="2">his</token>
<token t_id="405" sentence="13" number="3">organization</token>
<token t_id="406" sentence="13" number="4">from</token>
<token t_id="407" sentence="13" number="5">behind</token>
<token t_id="408" sentence="13" number="6">bars</token>
<token t_id="409" sentence="13" number="7">while</token>
<token t_id="410" sentence="13" number="8">serving</token>
<token t_id="411" sentence="13" number="9">a</token>
<token t_id="412" sentence="13" number="10">15</token>
<token t_id="413" sentence="13" number="11">-</token>
<token t_id="414" sentence="13" number="12">year</token>
<token t_id="415" sentence="13" number="13">sentence</token>
<token t_id="416" sentence="13" number="14">.</token>
<token t_id="417" sentence="14" number="0">It</token>
<token t_id="418" sentence="14" number="1">was</token>
<token t_id="419" sentence="14" number="2">a</token>
<token t_id="420" sentence="14" number="3">similar</token>
<token t_id="421" sentence="14" number="4">ruse</token>
<token t_id="422" sentence="14" number="5">-</token>
<token t_id="423" sentence="14" number="6">maintaining</token>
<token t_id="424" sentence="14" number="7">control</token>
<token t_id="425" sentence="14" number="8">of</token>
<token t_id="426" sentence="14" number="9">the</token>
<token t_id="427" sentence="14" number="10">family</token>
<token t_id="428" sentence="14" number="11">while</token>
<token t_id="429" sentence="14" number="12">incarcerated</token>
<token t_id="430" sentence="14" number="13">by</token>
<token t_id="431" sentence="14" number="14">transmitting</token>
<token t_id="432" sentence="14" number="15">orders</token>
<token t_id="433" sentence="14" number="16">through</token>
<token t_id="434" sentence="14" number="17">his</token>
<token t_id="435" sentence="14" number="18">son</token>
<token t_id="436" sentence="14" number="19">,</token>
<token t_id="437" sentence="14" number="20">Andrew</token>
<token t_id="438" sentence="14" number="21">-</token>
<token t_id="439" sentence="14" number="22">that</token>
<token t_id="440" sentence="14" number="23">was</token>
<token t_id="441" sentence="14" number="24">Gigante's</token>
<token t_id="442" sentence="14" number="25">downfall</token>
<token t_id="443" sentence="14" number="26">.</token>
<token t_id="444" sentence="15" number="0">Gigante</token>
<token t_id="445" sentence="15" number="1">was</token>
<token t_id="446" sentence="15" number="2">born</token>
<token t_id="447" sentence="15" number="3">in</token>
<token t_id="448" sentence="15" number="4">the</token>
<token t_id="449" sentence="15" number="5">Bronx</token>
<token t_id="450" sentence="15" number="6">to</token>
<token t_id="451" sentence="15" number="7">parents</token>
<token t_id="452" sentence="15" number="8">who</token>
<token t_id="453" sentence="15" number="9">were</token>
<token t_id="454" sentence="15" number="10">immigrants</token>
<token t_id="455" sentence="15" number="11">from</token>
<token t_id="456" sentence="15" number="12">Naples</token>
<token t_id="457" sentence="15" number="13">,</token>
<token t_id="458" sentence="15" number="14">Italy</token>
<token t_id="459" sentence="15" number="15">.</token>
<token t_id="460" sentence="16" number="0">His</token>
<token t_id="461" sentence="16" number="1">father</token>
<token t_id="462" sentence="16" number="2">was</token>
<token t_id="463" sentence="16" number="3">a</token>
<token t_id="464" sentence="16" number="4">jewelry</token>
<token t_id="465" sentence="16" number="5">engraver</token>
<token t_id="466" sentence="16" number="6">,</token>
<token t_id="467" sentence="16" number="7">and</token>
<token t_id="468" sentence="16" number="8">his</token>
<token t_id="469" sentence="16" number="9">mother</token>
<token t_id="470" sentence="16" number="10">was</token>
<token t_id="471" sentence="16" number="11">a</token>
<token t_id="472" sentence="16" number="12">seamstress</token>
<token t_id="473" sentence="16" number="13">.</token>
<token t_id="474" sentence="17" number="0">Born</token>
<token t_id="475" sentence="17" number="1">Vincenzo</token>
<token t_id="476" sentence="17" number="2">,</token>
<token t_id="477" sentence="17" number="3">he</token>
<token t_id="478" sentence="17" number="4">was</token>
<token t_id="479" sentence="17" number="5">called</token>
<token t_id="480" sentence="17" number="6">"Chin"</token>
<token t_id="481" sentence="17" number="7">for</token>
<token t_id="482" sentence="17" number="8">short</token>
<token t_id="483" sentence="17" number="9">,</token>
<token t_id="484" sentence="17" number="10">and</token>
<token t_id="485" sentence="17" number="11">his</token>
<token t_id="486" sentence="17" number="12">prominent</token>
<token t_id="487" sentence="17" number="13">chin</token>
<token t_id="488" sentence="17" number="14">probably</token>
<token t_id="489" sentence="17" number="15">helped</token>
<token t_id="490" sentence="17" number="16">the</token>
<token t_id="491" sentence="17" number="17">name</token>
<token t_id="492" sentence="17" number="18">stick</token>
<token t_id="493" sentence="17" number="19">.</token>
<token t_id="494" sentence="18" number="0">He</token>
<token t_id="495" sentence="18" number="1">put</token>
<token t_id="496" sentence="18" number="2">it</token>
<token t_id="497" sentence="18" number="3">to</token>
<token t_id="498" sentence="18" number="4">good</token>
<token t_id="499" sentence="18" number="5">use</token>
<token t_id="500" sentence="18" number="6">as</token>
<token t_id="501" sentence="18" number="7">a</token>
<token t_id="502" sentence="18" number="8">teenage</token>
<token t_id="503" sentence="18" number="9">boxer</token>
<token t_id="504" sentence="18" number="10">,</token>
<token t_id="505" sentence="18" number="11">winning</token>
<token t_id="506" sentence="18" number="12">21</token>
<token t_id="507" sentence="18" number="13">of</token>
<token t_id="508" sentence="18" number="14">25</token>
<token t_id="509" sentence="18" number="15">club</token>
<token t_id="510" sentence="18" number="16">fights</token>
<token t_id="511" sentence="18" number="17">.</token>
<token t_id="512" sentence="19" number="0">Gigante</token>
<token t_id="513" sentence="19" number="1">was</token>
<token t_id="514" sentence="19" number="2">arrested</token>
<token t_id="515" sentence="19" number="3">several</token>
<token t_id="516" sentence="19" number="4">times</token>
<token t_id="517" sentence="19" number="5">from</token>
<token t_id="518" sentence="19" number="6">when</token>
<token t_id="519" sentence="19" number="7">he</token>
<token t_id="520" sentence="19" number="8">was</token>
<token t_id="521" sentence="19" number="9">17</token>
<token t_id="522" sentence="19" number="10">to</token>
<token t_id="523" sentence="19" number="11">25</token>
<token t_id="524" sentence="19" number="12">,</token>
<token t_id="525" sentence="19" number="13">for</token>
<token t_id="526" sentence="19" number="14">possession</token>
<token t_id="527" sentence="19" number="15">of</token>
<token t_id="528" sentence="19" number="16">an</token>
<token t_id="529" sentence="19" number="17">unlicensed</token>
<token t_id="530" sentence="19" number="18">handgun</token>
<token t_id="531" sentence="19" number="19">,</token>
<token t_id="532" sentence="19" number="20">gambling</token>
<token t_id="533" sentence="19" number="21">,</token>
<token t_id="534" sentence="19" number="22">bookmaking</token>
<token t_id="535" sentence="19" number="23">,</token>
<token t_id="536" sentence="19" number="24">grand</token>
<token t_id="537" sentence="19" number="25">larceny</token>
<token t_id="538" sentence="19" number="26">,</token>
<token t_id="539" sentence="19" number="27">and</token>
<token t_id="540" sentence="19" number="28">arson</token>
<token t_id="541" sentence="19" number="29">.</token>
<token t_id="542" sentence="20" number="0">Two</token>
<token t_id="543" sentence="20" number="1">of</token>
<token t_id="544" sentence="20" number="2">his</token>
<token t_id="545" sentence="20" number="3">brothers</token>
<token t_id="546" sentence="20" number="4">,</token>
<token t_id="547" sentence="20" number="5">Mario</token>
<token t_id="548" sentence="20" number="6">and</token>
<token t_id="549" sentence="20" number="7">Ralph</token>
<token t_id="550" sentence="20" number="8">,</token>
<token t_id="551" sentence="20" number="9">were</token>
<token t_id="552" sentence="20" number="10">also</token>
<token t_id="553" sentence="20" number="11">identified</token>
<token t_id="554" sentence="20" number="12">as</token>
<token t_id="555" sentence="20" number="13">Mafia</token>
<token t_id="556" sentence="20" number="14">soldiers</token>
<token t_id="557" sentence="20" number="15">,</token>
<token t_id="558" sentence="20" number="16">while</token>
<token t_id="559" sentence="20" number="17">another</token>
<token t_id="560" sentence="20" number="18">,</token>
<token t_id="561" sentence="20" number="19">Louis</token>
<token t_id="562" sentence="20" number="20">,</token>
<token t_id="563" sentence="20" number="21">was</token>
<token t_id="564" sentence="20" number="22">a</token>
<token t_id="565" sentence="20" number="23">prominent</token>
<token t_id="566" sentence="20" number="24">Catholic</token>
<token t_id="567" sentence="20" number="25">priest</token>
<token t_id="568" sentence="20" number="26">as</token>
<token t_id="569" sentence="20" number="27">well</token>
<token t_id="570" sentence="20" number="28">as</token>
<token t_id="571" sentence="20" number="29">a</token>
<token t_id="572" sentence="20" number="30">Democratic</token>
<token t_id="573" sentence="20" number="31">politician</token>
<token t_id="574" sentence="20" number="32">in</token>
<token t_id="575" sentence="20" number="33">the</token>
<token t_id="576" sentence="20" number="34">Bronx</token>
<token t_id="577" sentence="20" number="35">.</token>
<token t_id="578" sentence="21" number="0">In</token>
<token t_id="579" sentence="21" number="1">1957</token>
<token t_id="580" sentence="21" number="2">Gigante</token>
<token t_id="581" sentence="21" number="3">was</token>
<token t_id="582" sentence="21" number="4">charged</token>
<token t_id="583" sentence="21" number="5">with</token>
<token t_id="584" sentence="21" number="6">attempted</token>
<token t_id="585" sentence="21" number="7">murder</token>
<token t_id="586" sentence="21" number="8">in</token>
<token t_id="587" sentence="21" number="9">the</token>
<token t_id="588" sentence="21" number="10">shooting</token>
<token t_id="589" sentence="21" number="11">of</token>
<token t_id="590" sentence="21" number="12">Frank</token>
<token t_id="591" sentence="21" number="13">Costello</token>
<token t_id="592" sentence="21" number="14">,</token>
<token t_id="593" sentence="21" number="15">then</token>
<token t_id="594" sentence="21" number="16">the</token>
<token t_id="595" sentence="21" number="17">head</token>
<token t_id="596" sentence="21" number="18">of</token>
<token t_id="597" sentence="21" number="19">what</token>
<token t_id="598" sentence="21" number="20">would</token>
<token t_id="599" sentence="21" number="21">be</token>
<token t_id="600" sentence="21" number="22">called</token>
<token t_id="601" sentence="21" number="23">the</token>
<token t_id="602" sentence="21" number="24">Genovese</token>
<token t_id="603" sentence="21" number="25">family</token>
<token t_id="604" sentence="21" number="26">.</token>
<token t_id="605" sentence="22" number="0">He</token>
<token t_id="606" sentence="22" number="1">was</token>
<token t_id="607" sentence="22" number="2">acquitted</token>
<token t_id="608" sentence="22" number="3">despite</token>
<token t_id="609" sentence="22" number="4">the</token>
<token t_id="610" sentence="22" number="5">testimony</token>
<token t_id="611" sentence="22" number="6">of</token>
<token t_id="612" sentence="22" number="7">a</token>
<token t_id="613" sentence="22" number="8">doorman</token>
<token t_id="614" sentence="22" number="9">who</token>
<token t_id="615" sentence="22" number="10">claimed</token>
<token t_id="616" sentence="22" number="11">to</token>
<token t_id="617" sentence="22" number="12">have</token>
<token t_id="618" sentence="22" number="13">witnessed</token>
<token t_id="619" sentence="22" number="14">the</token>
<token t_id="620" sentence="22" number="15">crime</token>
<token t_id="621" sentence="22" number="16">;</token>
<token t_id="622" sentence="22" number="17">Costello</token>
<token t_id="623" sentence="22" number="18">himself</token>
<token t_id="624" sentence="22" number="19">claimed</token>
<token t_id="625" sentence="22" number="20">not</token>
<token t_id="626" sentence="22" number="21">to</token>
<token t_id="627" sentence="22" number="22">have</token>
<token t_id="628" sentence="22" number="23">seen</token>
<token t_id="629" sentence="22" number="24">his</token>
<token t_id="630" sentence="22" number="25">assailant</token>
<token t_id="631" sentence="22" number="26">,</token>
<token t_id="632" sentence="22" number="27">despite</token>
<token t_id="633" sentence="22" number="28">being</token>
<token t_id="634" sentence="22" number="29">shot</token>
<token t_id="635" sentence="22" number="30">at</token>
<token t_id="636" sentence="22" number="31">close</token>
<token t_id="637" sentence="22" number="32">range</token>
<token t_id="638" sentence="22" number="33">from</token>
<token t_id="639" sentence="22" number="34">the</token>
<token t_id="640" sentence="22" number="35">front</token>
<token t_id="641" sentence="22" number="36">.</token>
<token t_id="642" sentence="23" number="0">The</token>
<token t_id="643" sentence="23" number="1">shot</token>
<token t_id="644" sentence="23" number="2">had</token>
<token t_id="645" sentence="23" number="3">only</token>
<token t_id="646" sentence="23" number="4">"creased</token>
<token t_id="647" sentence="23" number="5">his</token>
<token t_id="648" sentence="23" number="6">head</token>
<token t_id="649" sentence="23" number="7">,</token>
<token t_id="650" sentence="23" number="8">"</token>
<token t_id="651" sentence="23" number="9">according</token>
<token t_id="652" sentence="23" number="10">to</token>
<token t_id="653" sentence="23" number="11">reports</token>
<token t_id="654" sentence="23" number="12">at</token>
<token t_id="655" sentence="23" number="13">the</token>
<token t_id="656" sentence="23" number="14">time</token>
<token t_id="657" sentence="23" number="15">.</token>
<token t_id="658" sentence="24" number="0">The</token>
<token t_id="659" sentence="24" number="1">prosecutor</token>
<token t_id="660" sentence="24" number="2">in</token>
<token t_id="661" sentence="24" number="3">the</token>
<token t_id="662" sentence="24" number="4">Costello</token>
<token t_id="663" sentence="24" number="5">case</token>
<token t_id="664" sentence="24" number="6">claimed</token>
<token t_id="665" sentence="24" number="7">that</token>
<token t_id="666" sentence="24" number="8">Gigante</token>
<token t_id="667" sentence="24" number="9">was</token>
<token t_id="668" sentence="24" number="10">"a</token>
<token t_id="669" sentence="24" number="11">young</token>
<token t_id="670" sentence="24" number="12">punk</token>
<token t_id="671" sentence="24" number="13">on</token>
<token t_id="672" sentence="24" number="14">the</token>
<token t_id="673" sentence="24" number="15">way</token>
<token t_id="674" sentence="24" number="16">up</token>
<token t_id="675" sentence="24" number="17">in</token>
<token t_id="676" sentence="24" number="18">the</token>
<token t_id="677" sentence="24" number="19">underworld</token>
<token t_id="678" sentence="24" number="20">who</token>
<token t_id="679" sentence="24" number="21">was</token>
<token t_id="680" sentence="24" number="22">chosen</token>
<token t_id="681" sentence="24" number="23">to</token>
<token t_id="682" sentence="24" number="24">kill</token>
<token t_id="683" sentence="24" number="25">Costello</token>
<token t_id="684" sentence="24" number="26">to</token>
<token t_id="685" sentence="24" number="27">win</token>
<token t_id="686" sentence="24" number="28">his</token>
<token t_id="687" sentence="24" number="29">spurs</token>
<token t_id="688" sentence="24" number="30">.</token>
<token t_id="689" sentence="24" number="31">"</token>
<token t_id="690" sentence="25" number="0">If</token>
<token t_id="691" sentence="25" number="1">so</token>
<token t_id="692" sentence="25" number="2">,</token>
<token t_id="693" sentence="25" number="3">it</token>
<token t_id="694" sentence="25" number="4">seemed</token>
<token t_id="695" sentence="25" number="5">to</token>
<token t_id="696" sentence="25" number="6">have</token>
<token t_id="697" sentence="25" number="7">worked</token>
<token t_id="698" sentence="25" number="8">,</token>
<token t_id="699" sentence="25" number="9">despite</token>
<token t_id="700" sentence="25" number="10">his</token>
<token t_id="701" sentence="25" number="11">having</token>
<token t_id="702" sentence="25" number="12">missed</token>
<token t_id="703" sentence="25" number="13">.</token>
<token t_id="704" sentence="26" number="0">Costello</token>
<token t_id="705" sentence="26" number="1">retired</token>
<token t_id="706" sentence="26" number="2">soon</token>
<token t_id="707" sentence="26" number="3">after</token>
<token t_id="708" sentence="26" number="4">,</token>
<token t_id="709" sentence="26" number="5">and</token>
<token t_id="710" sentence="26" number="6">Genovese</token>
<token t_id="711" sentence="26" number="7">assumed</token>
<token t_id="712" sentence="26" number="8">control</token>
<token t_id="713" sentence="26" number="9">of</token>
<token t_id="714" sentence="26" number="10">the</token>
<token t_id="715" sentence="26" number="11">family</token>
<token t_id="716" sentence="26" number="12">,</token>
<token t_id="717" sentence="26" number="13">which</token>
<token t_id="718" sentence="26" number="14">had</token>
<token t_id="719" sentence="26" number="15">a</token>
<token t_id="720" sentence="26" number="16">history</token>
<token t_id="721" sentence="26" number="17">going</token>
<token t_id="722" sentence="26" number="18">back</token>
<token t_id="723" sentence="26" number="19">to</token>
<token t_id="724" sentence="26" number="20">Lucky</token>
<token t_id="725" sentence="26" number="21">Luciano</token>
<token t_id="726" sentence="26" number="22">.</token>
<token t_id="727" sentence="27" number="0">After</token>
<token t_id="728" sentence="27" number="1">serving</token>
<token t_id="729" sentence="27" number="2">five</token>
<token t_id="730" sentence="27" number="3">years</token>
<token t_id="731" sentence="27" number="4">on</token>
<token t_id="732" sentence="27" number="5">the</token>
<token t_id="733" sentence="27" number="6">1959</token>
<token t_id="734" sentence="27" number="7">heroin</token>
<token t_id="735" sentence="27" number="8">conviction</token>
<token t_id="736" sentence="27" number="9">,</token>
<token t_id="737" sentence="27" number="10">Gigante</token>
<token t_id="738" sentence="27" number="11">resumed</token>
<token t_id="739" sentence="27" number="12">his</token>
<token t_id="740" sentence="27" number="13">life</token>
<token t_id="741" sentence="27" number="14">of</token>
<token t_id="742" sentence="27" number="15">crime</token>
<token t_id="743" sentence="27" number="16">.</token>
<token t_id="744" sentence="28" number="0">He</token>
<token t_id="745" sentence="28" number="1">first</token>
<token t_id="746" sentence="28" number="2">sought</token>
<token t_id="747" sentence="28" number="3">psychiatric</token>
<token t_id="748" sentence="28" number="4">help</token>
<token t_id="749" sentence="28" number="5">in</token>
<token t_id="750" sentence="28" number="6">1966</token>
<token t_id="751" sentence="28" number="7">,</token>
<token t_id="752" sentence="28" number="8">while</token>
<token t_id="753" sentence="28" number="9">under</token>
<token t_id="754" sentence="28" number="10">investigation</token>
<token t_id="755" sentence="28" number="11">for</token>
<token t_id="756" sentence="28" number="12">bribing</token>
<token t_id="757" sentence="28" number="13">New</token>
<token t_id="758" sentence="28" number="14">York</token>
<token t_id="759" sentence="28" number="15">City</token>
<token t_id="760" sentence="28" number="16">police</token>
<token t_id="761" sentence="28" number="17">.</token>
<token t_id="762" sentence="29" number="0">In</token>
<token t_id="763" sentence="29" number="1">1970</token>
<token t_id="764" sentence="29" number="2">,</token>
<token t_id="765" sentence="29" number="3">he</token>
<token t_id="766" sentence="29" number="4">was</token>
<token t_id="767" sentence="29" number="5">indicted</token>
<token t_id="768" sentence="29" number="6">for</token>
<token t_id="769" sentence="29" number="7">bribing</token>
<token t_id="770" sentence="29" number="8">the</token>
<token t_id="771" sentence="29" number="9">entire</token>
<token t_id="772" sentence="29" number="10">five</token>
<token t_id="773" sentence="29" number="11">-</token>
<token t_id="774" sentence="29" number="12">man</token>
<token t_id="775" sentence="29" number="13">police</token>
<token t_id="776" sentence="29" number="14">force</token>
<token t_id="777" sentence="29" number="15">of</token>
<token t_id="778" sentence="29" number="16">Old</token>
<token t_id="779" sentence="29" number="17">Tappan</token>
<token t_id="780" sentence="29" number="18">,</token>
<token t_id="781" sentence="29" number="19">N</token>
<token t_id="782" sentence="29" number="20">.</token>
<token t_id="783" sentence="29" number="21">J</token>
<token t_id="784" sentence="29" number="22">.</token>
<token t_id="785" sentence="29" number="23">,</token>
<token t_id="786" sentence="29" number="24">a</token>
<token t_id="787" sentence="29" number="25">small</token>
<token t_id="788" sentence="29" number="26">town</token>
<token t_id="789" sentence="29" number="27">in</token>
<token t_id="790" sentence="29" number="28">Bergen</token>
<token t_id="791" sentence="29" number="29">County</token>
<token t_id="792" sentence="29" number="30">where</token>
<token t_id="793" sentence="29" number="31">he</token>
<token t_id="794" sentence="29" number="32">had</token>
<token t_id="795" sentence="29" number="33">moved</token>
<token t_id="796" sentence="29" number="34">.</token>
<token t_id="797" sentence="30" number="0">After</token>
<token t_id="798" sentence="30" number="1">he</token>
<token t_id="799" sentence="30" number="2">produced</token>
<token t_id="800" sentence="30" number="3">evidence</token>
<token t_id="801" sentence="30" number="4">that</token>
<token t_id="802" sentence="30" number="5">he</token>
<token t_id="803" sentence="30" number="6">was</token>
<token t_id="804" sentence="30" number="7">under</token>
<token t_id="805" sentence="30" number="8">psychiatric</token>
<token t_id="806" sentence="30" number="9">care</token>
<token t_id="807" sentence="30" number="10">at</token>
<token t_id="808" sentence="30" number="11">St</token>
<token t_id="809" sentence="30" number="12">.</token>
<token t_id="810" sentence="30" number="13">Vincent's</token>
<token t_id="811" sentence="30" number="14">hospital</token>
<token t_id="812" sentence="30" number="15">in</token>
<token t_id="813" sentence="30" number="16">Westchester</token>
<token t_id="814" sentence="30" number="17">,</token>
<token t_id="815" sentence="30" number="18">the</token>
<token t_id="816" sentence="30" number="19">court</token>
<token t_id="817" sentence="30" number="20">ruled</token>
<token t_id="818" sentence="30" number="21">that</token>
<token t_id="819" sentence="30" number="22">he</token>
<token t_id="820" sentence="30" number="23">was</token>
<token t_id="821" sentence="30" number="24">mentally</token>
<token t_id="822" sentence="30" number="25">incompetent</token>
<token t_id="823" sentence="30" number="26">to</token>
<token t_id="824" sentence="30" number="27">testify</token>
<token t_id="825" sentence="30" number="28">in</token>
<token t_id="826" sentence="30" number="29">the</token>
<token t_id="827" sentence="30" number="30">case</token>
<token t_id="828" sentence="30" number="31">.</token>
<token t_id="829" sentence="31" number="0">It</token>
<token t_id="830" sentence="31" number="1">was</token>
<token t_id="831" sentence="31" number="2">a</token>
<token t_id="832" sentence="31" number="3">pattern</token>
<token t_id="833" sentence="31" number="4">Gigante</token>
<token t_id="834" sentence="31" number="5">would</token>
<token t_id="835" sentence="31" number="6">repeat</token>
<token t_id="836" sentence="31" number="7">in</token>
<token t_id="837" sentence="31" number="8">the</token>
<token t_id="838" sentence="31" number="9">coming</token>
<token t_id="839" sentence="31" number="10">decades</token>
<token t_id="840" sentence="31" number="11">,</token>
<token t_id="841" sentence="31" number="12">including</token>
<token t_id="842" sentence="31" number="13">committing</token>
<token t_id="843" sentence="31" number="14">himself</token>
<token t_id="844" sentence="31" number="15">several</token>
<token t_id="845" sentence="31" number="16">times</token>
<token t_id="846" sentence="31" number="17">when</token>
<token t_id="847" sentence="31" number="18">prosecutions</token>
<token t_id="848" sentence="31" number="19">threatened</token>
<token t_id="849" sentence="31" number="20">.</token>
<token t_id="850" sentence="32" number="0">Gigante's</token>
<token t_id="851" sentence="32" number="1">immediate</token>
<token t_id="852" sentence="32" number="2">family</token>
<token t_id="853" sentence="32" number="3">supported</token>
<token t_id="854" sentence="32" number="4">him</token>
<token t_id="855" sentence="32" number="5">,</token>
<token t_id="856" sentence="32" number="6">especially</token>
<token t_id="857" sentence="32" number="7">Louis</token>
<token t_id="858" sentence="32" number="8">,</token>
<token t_id="859" sentence="32" number="9">the</token>
<token t_id="860" sentence="32" number="10">glad</token>
<token t_id="861" sentence="32" number="11">-</token>
<token t_id="862" sentence="32" number="12">handing</token>
<token t_id="863" sentence="32" number="13">,</token>
<token t_id="864" sentence="32" number="14">cigar</token>
<token t_id="865" sentence="32" number="15">-</token>
<token t_id="866" sentence="32" number="16">smoking</token>
<token t_id="867" sentence="32" number="17">priest</token>
<token t_id="868" sentence="32" number="18">and</token>
<token t_id="869" sentence="32" number="19">builder</token>
<token t_id="870" sentence="32" number="20">of</token>
<token t_id="871" sentence="32" number="21">low</token>
<token t_id="872" sentence="32" number="22">-</token>
<token t_id="873" sentence="32" number="23">income</token>
<token t_id="874" sentence="32" number="24">housing</token>
<token t_id="875" sentence="32" number="25">,</token>
<token t_id="876" sentence="32" number="26">who</token>
<token t_id="877" sentence="32" number="27">told</token>
<token t_id="878" sentence="32" number="28">reporters</token>
<token t_id="879" sentence="32" number="29">his</token>
<token t_id="880" sentence="32" number="30">brother</token>
<token t_id="881" sentence="32" number="31">had</token>
<token t_id="882" sentence="32" number="32">paranoid</token>
<token t_id="883" sentence="32" number="33">schizophrenia</token>
<token t_id="884" sentence="32" number="34">,</token>
<token t_id="885" sentence="32" number="35">dementia</token>
<token t_id="886" sentence="32" number="36">,</token>
<token t_id="887" sentence="32" number="37">and</token>
<token t_id="888" sentence="32" number="38">Alzheimer's</token>
<token t_id="889" sentence="32" number="39">disease</token>
<token t_id="890" sentence="32" number="40">.</token>
<token t_id="891" sentence="33" number="0">Federal</token>
<token t_id="892" sentence="33" number="1">marshals</token>
<token t_id="893" sentence="33" number="2">serving</token>
<token t_id="894" sentence="33" number="3">him</token>
<token t_id="895" sentence="33" number="4">with</token>
<token t_id="896" sentence="33" number="5">a</token>
<token t_id="897" sentence="33" number="6">subpoena</token>
<token t_id="898" sentence="33" number="7">at</token>
<token t_id="899" sentence="33" number="8">his</token>
<token t_id="900" sentence="33" number="9">mother's</token>
<token t_id="901" sentence="33" number="10">Sullivan</token>
<token t_id="902" sentence="33" number="11">Street</token>
<token t_id="903" sentence="33" number="12">apartment</token>
<token t_id="904" sentence="33" number="13">house</token>
<token t_id="905" sentence="33" number="14">once</token>
<token t_id="906" sentence="33" number="15">found</token>
<token t_id="907" sentence="33" number="16">him</token>
<token t_id="908" sentence="33" number="17">standing</token>
<token t_id="909" sentence="33" number="18">under</token>
<token t_id="910" sentence="33" number="19">the</token>
<token t_id="911" sentence="33" number="20">shower</token>
<token t_id="912" sentence="33" number="21">,</token>
<token t_id="913" sentence="33" number="22">fully</token>
<token t_id="914" sentence="33" number="23">clothed</token>
<token t_id="915" sentence="33" number="24">,</token>
<token t_id="916" sentence="33" number="25">holding</token>
<token t_id="917" sentence="33" number="26">an</token>
<token t_id="918" sentence="33" number="27">umbrella</token>
<token t_id="919" sentence="33" number="28">.</token>
<token t_id="920" sentence="34" number="0">"Vincenzo</token>
<token t_id="921" sentence="34" number="1">?</token>
<token t_id="922" sentence="35" number="0">He</token>
<token t_id="923" sentence="35" number="1">is</token>
<token t_id="924" sentence="35" number="2">the</token>
<token t_id="925" sentence="35" number="3">boss</token>
<token t_id="926" sentence="35" number="4">of</token>
<token t_id="927" sentence="35" number="5">the</token>
<token t_id="928" sentence="35" number="6">toilet</token>
<token t_id="929" sentence="35" number="7">!</token>
<token t_id="930" sentence="35" number="8">"</token>
<token t_id="931" sentence="36" number="0">his</token>
<token t_id="932" sentence="36" number="1">mother</token>
<token t_id="933" sentence="36" number="2">told</token>
<token t_id="934" sentence="36" number="3">New</token>
<token t_id="935" sentence="36" number="4">York</token>
<token t_id="936" sentence="36" number="5">Post</token>
<token t_id="937" sentence="36" number="6">columnist</token>
<token t_id="938" sentence="36" number="7">Cindy</token>
<token t_id="939" sentence="36" number="8">Adams</token>
<token t_id="940" sentence="36" number="9">.</token>
<token t_id="941" sentence="37" number="0">Gigante</token>
<token t_id="942" sentence="37" number="1">,</token>
<token t_id="943" sentence="37" number="2">meantime</token>
<token t_id="944" sentence="37" number="3">,</token>
<token t_id="945" sentence="37" number="4">was</token>
<token t_id="946" sentence="37" number="5">consolidating</token>
<token t_id="947" sentence="37" number="6">his</token>
<token t_id="948" sentence="37" number="7">power</token>
<token t_id="949" sentence="37" number="8">within</token>
<token t_id="950" sentence="37" number="9">the</token>
<token t_id="951" sentence="37" number="10">Genovese</token>
<token t_id="952" sentence="37" number="11">family</token>
<token t_id="953" sentence="37" number="12">.</token>
<token t_id="954" sentence="38" number="0">In</token>
<token t_id="955" sentence="38" number="1">the</token>
<token t_id="956" sentence="38" number="2">late</token>
<token t_id="957" sentence="38" number="3">1970s</token>
<token t_id="958" sentence="38" number="4">,</token>
<token t_id="959" sentence="38" number="5">he</token>
<token t_id="960" sentence="38" number="6">ran</token>
<token t_id="961" sentence="38" number="7">a</token>
<token t_id="962" sentence="38" number="8">crew</token>
<token t_id="963" sentence="38" number="9">in</token>
<token t_id="964" sentence="38" number="10">Lower</token>
<token t_id="965" sentence="38" number="11">Manhattan</token>
<token t_id="966" sentence="38" number="12">,</token>
<token t_id="967" sentence="38" number="13">operating</token>
<token t_id="968" sentence="38" number="14">waterfront</token>
<token t_id="969" sentence="38" number="15">rackets</token>
<token t_id="970" sentence="38" number="16">,</token>
<token t_id="971" sentence="38" number="17">as</token>
<token t_id="972" sentence="38" number="18">well</token>
<token t_id="973" sentence="38" number="19">as</token>
<token t_id="974" sentence="38" number="20">loan</token>
<token t_id="975" sentence="38" number="21">-</token>
<token t_id="976" sentence="38" number="22">sharking</token>
<token t_id="977" sentence="38" number="23">and</token>
<token t_id="978" sentence="38" number="24">gambling</token>
<token t_id="979" sentence="38" number="25">in</token>
<token t_id="980" sentence="38" number="26">New</token>
<token t_id="981" sentence="38" number="27">Jersey</token>
<token t_id="982" sentence="38" number="28">.</token>
<token t_id="983" sentence="39" number="0">He</token>
<token t_id="984" sentence="39" number="1">emerged</token>
<token t_id="985" sentence="39" number="2">as</token>
<token t_id="986" sentence="39" number="3">head</token>
<token t_id="987" sentence="39" number="4">of</token>
<token t_id="988" sentence="39" number="5">the</token>
<token t_id="989" sentence="39" number="6">Genovese</token>
<token t_id="990" sentence="39" number="7">family</token>
<token t_id="991" sentence="39" number="8">by</token>
<token t_id="992" sentence="39" number="9">the</token>
<token t_id="993" sentence="39" number="10">early</token>
<token t_id="994" sentence="39" number="11">1980s</token>
<token t_id="995" sentence="39" number="12">.</token>
<token t_id="996" sentence="40" number="0">Federal</token>
<token t_id="997" sentence="40" number="1">prosecutors</token>
<token t_id="998" sentence="40" number="2">kept</token>
<token t_id="999" sentence="40" number="3">him</token>
<token t_id="1000" sentence="40" number="4">under</token>
<token t_id="1001" sentence="40" number="5">observation</token>
<token t_id="1002" sentence="40" number="6">for</token>
<token t_id="1003" sentence="40" number="7">decades</token>
<token t_id="1004" sentence="40" number="8">,</token>
<token t_id="1005" sentence="40" number="9">and</token>
<token t_id="1006" sentence="40" number="10">Gigante</token>
<token t_id="1007" sentence="40" number="11">kept</token>
<token t_id="1008" sentence="40" number="12">up</token>
<token t_id="1009" sentence="40" number="13">the</token>
<token t_id="1010" sentence="40" number="14">crazy</token>
<token t_id="1011" sentence="40" number="15">act</token>
<token t_id="1012" sentence="40" number="16">with</token>
<token t_id="1013" sentence="40" number="17">amazing</token>
<token t_id="1014" sentence="40" number="18">consistency</token>
<token t_id="1015" sentence="40" number="19">.</token>
<token t_id="1016" sentence="41" number="0">He</token>
<token t_id="1017" sentence="41" number="1">spent</token>
<token t_id="1018" sentence="41" number="2">much</token>
<token t_id="1019" sentence="41" number="3">of</token>
<token t_id="1020" sentence="41" number="4">each</token>
<token t_id="1021" sentence="41" number="5">day</token>
<token t_id="1022" sentence="41" number="6">walking</token>
<token t_id="1023" sentence="41" number="7">around</token>
<token t_id="1024" sentence="41" number="8">the</token>
<token t_id="1025" sentence="41" number="9">Village</token>
<token t_id="1026" sentence="41" number="10">in</token>
<token t_id="1027" sentence="41" number="11">his</token>
<token t_id="1028" sentence="41" number="12">bed</token>
<token t_id="1029" sentence="41" number="13">clothes</token>
<token t_id="1030" sentence="41" number="14">and</token>
<token t_id="1031" sentence="41" number="15">playing</token>
<token t_id="1032" sentence="41" number="16">cards</token>
<token t_id="1033" sentence="41" number="17">at</token>
<token t_id="1034" sentence="41" number="18">his</token>
<token t_id="1035" sentence="41" number="19">Triangle</token>
<token t_id="1036" sentence="41" number="20">Civic</token>
<token t_id="1037" sentence="41" number="21">Improvement</token>
<token t_id="1038" sentence="41" number="22">Association</token>
<token t_id="1039" sentence="41" number="23">on</token>
<token t_id="1040" sentence="41" number="24">Mulberry</token>
<token t_id="1041" sentence="41" number="25">Street</token>
<token t_id="1042" sentence="41" number="26">.</token>
<token t_id="1043" sentence="42" number="0">A</token>
<token t_id="1044" sentence="42" number="1">sign</token>
<token t_id="1045" sentence="42" number="2">hung</token>
<token t_id="1046" sentence="42" number="3">on</token>
<token t_id="1047" sentence="42" number="4">the</token>
<token t_id="1048" sentence="42" number="5">wall</token>
<token t_id="1049" sentence="42" number="6">warning</token>
<token t_id="1050" sentence="42" number="7">business</token>
<token t_id="1051" sentence="42" number="8">associates</token>
<token t_id="1052" sentence="42" number="9">against</token>
<token t_id="1053" sentence="42" number="10">loose</token>
<token t_id="1054" sentence="42" number="11">talk</token>
<token t_id="1055" sentence="42" number="12">:</token>
<token t_id="1056" sentence="42" number="13">"This</token>
<token t_id="1057" sentence="42" number="14">place</token>
<token t_id="1058" sentence="42" number="15">is</token>
<token t_id="1059" sentence="42" number="16">bugged</token>
<token t_id="1060" sentence="42" number="17">.</token>
<token t_id="1061" sentence="42" number="18">"</token>
<token t_id="1062" sentence="43" number="0">By</token>
<token t_id="1063" sentence="43" number="1">the</token>
<token t_id="1064" sentence="43" number="2">late</token>
<token t_id="1065" sentence="43" number="3">1980s</token>
<token t_id="1066" sentence="43" number="4">,</token>
<token t_id="1067" sentence="43" number="5">he</token>
<token t_id="1068" sentence="43" number="6">rarely</token>
<token t_id="1069" sentence="43" number="7">went</token>
<token t_id="1070" sentence="43" number="8">to</token>
<token t_id="1071" sentence="43" number="9">Old</token>
<token t_id="1072" sentence="43" number="10">Tappan</token>
<token t_id="1073" sentence="43" number="11">,</token>
<token t_id="1074" sentence="43" number="12">preferring</token>
<token t_id="1075" sentence="43" number="13">to</token>
<token t_id="1076" sentence="43" number="14">spend</token>
<token t_id="1077" sentence="43" number="15">his</token>
<token t_id="1078" sentence="43" number="16">nights</token>
<token t_id="1079" sentence="43" number="17">on</token>
<token t_id="1080" sentence="43" number="18">the</token>
<token t_id="1081" sentence="43" number="19">Upper</token>
<token t_id="1082" sentence="43" number="20">East</token>
<token t_id="1083" sentence="43" number="21">Side</token>
<token t_id="1084" sentence="43" number="22">with</token>
<token t_id="1085" sentence="43" number="23">his</token>
<token t_id="1086" sentence="43" number="24">mistress</token>
<token t_id="1087" sentence="43" number="25">,</token>
<token t_id="1088" sentence="43" number="26">with</token>
<token t_id="1089" sentence="43" number="27">whom</token>
<token t_id="1090" sentence="43" number="28">he</token>
<token t_id="1091" sentence="43" number="29">had</token>
<token t_id="1092" sentence="43" number="30">three</token>
<token t_id="1093" sentence="43" number="31">children</token>
<token t_id="1094" sentence="43" number="32">.</token>
<token t_id="1095" sentence="44" number="0">Oddly</token>
<token t_id="1096" sentence="44" number="1">,</token>
<token t_id="1097" sentence="44" number="2">both</token>
<token t_id="1098" sentence="44" number="3">his</token>
<token t_id="1099" sentence="44" number="4">wife</token>
<token t_id="1100" sentence="44" number="5">and</token>
<token t_id="1101" sentence="44" number="6">his</token>
<token t_id="1102" sentence="44" number="7">mistress</token>
<token t_id="1103" sentence="44" number="8">were</token>
<token t_id="1104" sentence="44" number="9">named</token>
<token t_id="1105" sentence="44" number="10">Olympia</token>
<token t_id="1106" sentence="44" number="11">.</token>
<token t_id="1107" sentence="45" number="0">Gigante's</token>
<token t_id="1108" sentence="45" number="1">mental</token>
<token t_id="1109" sentence="45" number="2">illness</token>
<token t_id="1110" sentence="45" number="3">act</token>
<token t_id="1111" sentence="45" number="4">allowed</token>
<token t_id="1112" sentence="45" number="5">him</token>
<token t_id="1113" sentence="45" number="6">to</token>
<token t_id="1114" sentence="45" number="7">escape</token>
<token t_id="1115" sentence="45" number="8">trial</token>
<token t_id="1116" sentence="45" number="9">despite</token>
<token t_id="1117" sentence="45" number="10">being</token>
<token t_id="1118" sentence="45" number="11">indicted</token>
<token t_id="1119" sentence="45" number="12">numerous</token>
<token t_id="1120" sentence="45" number="13">times</token>
<token t_id="1121" sentence="45" number="14">on</token>
<token t_id="1122" sentence="45" number="15">charges</token>
<token t_id="1123" sentence="45" number="16">ranging</token>
<token t_id="1124" sentence="45" number="17">from</token>
<token t_id="1125" sentence="45" number="18">bid</token>
<token t_id="1126" sentence="45" number="19">rigging</token>
<token t_id="1127" sentence="45" number="20">and</token>
<token t_id="1128" sentence="45" number="21">extortion</token>
<token t_id="1129" sentence="45" number="22">to</token>
<token t_id="1130" sentence="45" number="23">conspiracy</token>
<token t_id="1131" sentence="45" number="24">to</token>
<token t_id="1132" sentence="45" number="25">commit</token>
<token t_id="1133" sentence="45" number="26">eight</token>
<token t_id="1134" sentence="45" number="27">murders</token>
<token t_id="1135" sentence="45" number="28">.</token>
<token t_id="1136" sentence="46" number="0">His</token>
<token t_id="1137" sentence="46" number="1">luck</token>
<token t_id="1138" sentence="46" number="2">held</token>
<token t_id="1139" sentence="46" number="3">until</token>
<token t_id="1140" sentence="46" number="4">1997</token>
<token t_id="1141" sentence="46" number="5">,</token>
<token t_id="1142" sentence="46" number="6">when</token>
<token t_id="1143" sentence="46" number="7">a</token>
<token t_id="1144" sentence="46" number="8">New</token>
<token t_id="1145" sentence="46" number="9">York</token>
<token t_id="1146" sentence="46" number="10">jury</token>
<token t_id="1147" sentence="46" number="11">found</token>
<token t_id="1148" sentence="46" number="12">him</token>
<token t_id="1149" sentence="46" number="13">guilty</token>
<token t_id="1150" sentence="46" number="14">of</token>
<token t_id="1151" sentence="46" number="15">a</token>
<token t_id="1152" sentence="46" number="16">range</token>
<token t_id="1153" sentence="46" number="17">of</token>
<token t_id="1154" sentence="46" number="18">charges</token>
<token t_id="1155" sentence="46" number="19">and</token>
<token t_id="1156" sentence="46" number="20">sentenced</token>
<token t_id="1157" sentence="46" number="21">him</token>
<token t_id="1158" sentence="46" number="22">to</token>
<token t_id="1159" sentence="46" number="23">12</token>
<token t_id="1160" sentence="46" number="24">years</token>
<token t_id="1161" sentence="46" number="25">in</token>
<token t_id="1162" sentence="46" number="26">the</token>
<token t_id="1163" sentence="46" number="27">federal</token>
<token t_id="1164" sentence="46" number="28">penitentiary</token>
<token t_id="1165" sentence="46" number="29">.</token>
<token t_id="1166" sentence="47" number="0">It</token>
<token t_id="1167" sentence="47" number="1">may</token>
<token t_id="1168" sentence="47" number="2">have</token>
<token t_id="1169" sentence="47" number="3">been</token>
<token t_id="1170" sentence="47" number="4">a</token>
<token t_id="1171" sentence="47" number="5">bad</token>
<token t_id="1172" sentence="47" number="6">omen</token>
<token t_id="1173" sentence="47" number="7">that</token>
<token t_id="1174" sentence="47" number="8">the</token>
<token t_id="1175" sentence="47" number="9">judge</token>
<token t_id="1176" sentence="47" number="10">in</token>
<token t_id="1177" sentence="47" number="11">the</token>
<token t_id="1178" sentence="47" number="12">case</token>
<token t_id="1179" sentence="47" number="13">,</token>
<token t_id="1180" sentence="47" number="14">Jack</token>
<token t_id="1181" sentence="47" number="15">B</token>
<token t_id="1182" sentence="47" number="16">.</token>
<token t_id="1183" sentence="47" number="17">Weinstein</token>
<token t_id="1184" sentence="47" number="18">,</token>
<token t_id="1185" sentence="47" number="19">insisted</token>
<token t_id="1186" sentence="47" number="20">that</token>
<token t_id="1187" sentence="47" number="21">Gigante</token>
<token t_id="1188" sentence="47" number="22">wear</token>
<token t_id="1189" sentence="47" number="23">a</token>
<token t_id="1190" sentence="47" number="24">suit</token>
<token t_id="1191" sentence="47" number="25">rather</token>
<token t_id="1192" sentence="47" number="26">than</token>
<token t_id="1193" sentence="47" number="27">a</token>
<token t_id="1194" sentence="47" number="28">bathrobe</token>
<token t_id="1195" sentence="47" number="29">to</token>
<token t_id="1196" sentence="47" number="30">his</token>
<token t_id="1197" sentence="47" number="31">trial</token>
<token t_id="1198" sentence="47" number="32">.</token>
<token t_id="1199" sentence="48" number="0">At</token>
<token t_id="1200" sentence="48" number="1">the</token>
<token t_id="1201" sentence="48" number="2">Palma</token>
<token t_id="1202" sentence="48" number="3">Boys</token>
<token t_id="1203" sentence="48" number="4">Social</token>
<token t_id="1204" sentence="48" number="5">Club</token>
<token t_id="1205" sentence="48" number="6">in</token>
<token t_id="1206" sentence="48" number="7">East</token>
<token t_id="1207" sentence="48" number="8">Harlem</token>
<token t_id="1208" sentence="48" number="9">in</token>
<token t_id="1209" sentence="48" number="10">1985</token>
<token t_id="1210" sentence="48" number="11">,</token>
<token t_id="1211" sentence="48" number="12">the</token>
<token t_id="1212" sentence="48" number="13">FBI</token>
<token t_id="1213" sentence="48" number="14">taped</token>
<token t_id="1214" sentence="48" number="15">the</token>
<token t_id="1215" sentence="48" number="16">following</token>
<token t_id="1216" sentence="48" number="17">exchange</token>
<token t_id="1217" sentence="48" number="18">between</token>
<token t_id="1218" sentence="48" number="19">two</token>
<token t_id="1219" sentence="48" number="20">Genovese</token>
<token t_id="1220" sentence="48" number="21">family</token>
<token t_id="1221" sentence="48" number="22">members</token>
<token t_id="1222" sentence="48" number="23">,</token>
<token t_id="1223" sentence="48" number="24">Anthony</token>
<token t_id="1224" sentence="48" number="25">"Fat</token>
<token t_id="1225" sentence="48" number="26">Tony"</token>
<token t_id="1226" sentence="48" number="27">Salerno</token>
<token t_id="1227" sentence="48" number="28">and</token>
<token t_id="1228" sentence="48" number="29">Giuseppe</token>
<token t_id="1229" sentence="48" number="30">Sabato</token>
<token t_id="1230" sentence="48" number="31">:</token>
<token t_id="1231" sentence="49" number="0">Salerno</token>
<token t_id="1232" sentence="49" number="1">:</token>
<token t_id="1233" sentence="49" number="2">He's</token>
<token t_id="1234" sentence="49" number="3">got</token>
<token t_id="1235" sentence="49" number="4">to</token>
<token t_id="1236" sentence="49" number="5">worry</token>
<token t_id="1237" sentence="49" number="6">if</token>
<token t_id="1238" sentence="49" number="7">he</token>
<token t_id="1239" sentence="49" number="8">gets</token>
<token t_id="1240" sentence="49" number="9">pinched</token>
<token t_id="1241" sentence="49" number="10">,</token>
<token t_id="1242" sentence="49" number="11">all</token>
<token t_id="1243" sentence="49" number="12">them</token>
<token t_id="1244" sentence="49" number="13">years</token>
<token t_id="1245" sentence="49" number="14">he</token>
<token t_id="1246" sentence="49" number="15">spent</token>
<token t_id="1247" sentence="49" number="16">in</token>
<token t_id="1248" sentence="49" number="17">that</token>
<token t_id="1249" sentence="49" number="18">[</token>
<token t_id="1250" sentence="49" number="19">expletive</token>
<token t_id="1251" sentence="49" number="20">deleted</token>
<token t_id="1252" sentence="49" number="21">]</token>
<token t_id="1253" sentence="49" number="22">asylum</token>
<token t_id="1254" sentence="49" number="23">.</token>
<token t_id="1255" sentence="50" number="0">Sabato</token>
<token t_id="1256" sentence="50" number="1">:</token>
<token t_id="1257" sentence="50" number="2">That's</token>
<token t_id="1258" sentence="50" number="3">what</token>
<token t_id="1259" sentence="50" number="4">I'm</token>
<token t_id="1260" sentence="50" number="5">saying</token>
<token t_id="1261" sentence="50" number="6">.</token>
<token t_id="1262" sentence="51" number="0">Salerno</token>
<token t_id="1263" sentence="51" number="1">:</token>
<token t_id="1264" sentence="51" number="2">For</token>
<token t_id="1265" sentence="51" number="3">nothing</token>
<token t_id="1266" sentence="51" number="4">.</token>
<token t_id="1267" sentence="52" number="0">Vincent</token>
<token t_id="1268" sentence="52" number="1">L</token>
<token t_id="1269" sentence="52" number="2">.</token>
<token t_id="1270" sentence="52" number="3">Gigante</token>
<token t_id="1271" sentence="53" number="0">Born</token>
<token t_id="1272" sentence="53" number="1">March</token>
<token t_id="1273" sentence="53" number="2">29</token>
<token t_id="1274" sentence="53" number="3">,</token>
<token t_id="1275" sentence="53" number="4">1928</token>
<token t_id="1276" sentence="53" number="5">,</token>
<token t_id="1277" sentence="53" number="6">in</token>
<token t_id="1278" sentence="53" number="7">the</token>
<token t_id="1279" sentence="53" number="8">Bronx</token>
<token t_id="1280" sentence="53" number="9">;</token>
<token t_id="1281" sentence="53" number="10">died</token>
<token t_id="1282" sentence="53" number="11">December</token>
<token t_id="1283" sentence="53" number="12">19</token>
<token t_id="1284" sentence="53" number="13">at</token>
<token t_id="1285" sentence="53" number="14">the</token>
<token t_id="1286" sentence="53" number="15">U</token>
<token t_id="1287" sentence="53" number="16">.</token>
<token t_id="1288" sentence="53" number="17">S</token>
<token t_id="1289" sentence="53" number="18">.</token>
<token t_id="1290" sentence="53" number="19">Medical</token>
<token t_id="1291" sentence="53" number="20">Center</token>
<token t_id="1292" sentence="53" number="21">for</token>
<token t_id="1293" sentence="53" number="22">federal</token>
<token t_id="1294" sentence="53" number="23">prisoners</token>
<token t_id="1295" sentence="53" number="24">in</token>
<token t_id="1296" sentence="53" number="25">Springfield</token>
<token t_id="1297" sentence="53" number="26">,</token>
<token t_id="1298" sentence="53" number="27">Mo</token>
<token t_id="1299" sentence="53" number="28">.</token>
<token t_id="1300" sentence="53" number="29">;</token>
<token t_id="1301" sentence="53" number="30">the</token>
<token t_id="1302" sentence="53" number="31">cause</token>
<token t_id="1303" sentence="53" number="32">of</token>
<token t_id="1304" sentence="53" number="33">death</token>
<token t_id="1305" sentence="53" number="34">was</token>
<token t_id="1306" sentence="53" number="35">not</token>
<token t_id="1307" sentence="53" number="36">announced</token>
<token t_id="1308" sentence="53" number="37">,</token>
<token t_id="1309" sentence="53" number="38">but</token>
<token t_id="1310" sentence="53" number="39">he</token>
<token t_id="1311" sentence="53" number="40">had</token>
<token t_id="1312" sentence="53" number="41">recently</token>
<token t_id="1313" sentence="53" number="42">suffered</token>
<token t_id="1314" sentence="53" number="43">heart</token>
<token t_id="1315" sentence="53" number="44">problems</token>
<token t_id="1316" sentence="53" number="45">.</token>
<Markables>
<ACTION_OCCURRENCE m_id="10"  >
  <token_anchor t_id="67"/>
</ACTION_OCCURRENCE>
<ACTION_OCCURRENCE m_id="15"  >
  <token_anchor t_id="70"/>
  <token_anchor t_id="71"/>
</ACTION_OCCURRENCE>
<ACTION_OCCURRENCE m_id="16"  >
  <token_anchor t_id="73"/>
</ACTION_OCCURRENCE>
<ACTION_OCCURRENCE m_id="17"  >
  <token_anchor t_id="75"/>
</ACTION_OCCURRENCE>
<ACTION_OCCURRENCE m_id="6"  >
  <token_anchor t_id="43"/>
</ACTION_OCCURRENCE>
<ACTION_OCCURRENCE m_id="7"  >
  <token_anchor t_id="61"/>
</ACTION_OCCURRENCE>
<ACTION_OCCURRENCE m_id="8"  >
  <token_anchor t_id="64"/>
</ACTION_OCCURRENCE>
<ACTION_STATE m_id="14"  >
  <token_anchor t_id="62"/>
</ACTION_STATE>
<HUMAN_PART_ORG m_id="18"  >
  <token_anchor t_id="78"/>
  <token_anchor t_id="79"/>
</HUMAN_PART_ORG>
<HUMAN_PART_PER m_id="2"  >
  <token_anchor t_id="27"/>
  <token_anchor t_id="28"/>
  <token_anchor t_id="29"/>
</HUMAN_PART_PER>
<HUMAN_PART_PER m_id="3"  >
  <token_anchor t_id="39"/>
  <token_anchor t_id="40"/>
</HUMAN_PART_PER>
<HUMAN_PART_PER m_id="4"  >
  <token_anchor t_id="56"/>
</HUMAN_PART_PER>
<HUMAN_PART_PER m_id="5"  >
  <token_anchor t_id="33"/>
  <token_anchor t_id="34"/>
</HUMAN_PART_PER>
<LOC_FAC m_id="12"  >
  <token_anchor t_id="45"/>
  <token_anchor t_id="46"/>
  <token_anchor t_id="47"/>
</LOC_FAC>
<LOC_GEO m_id="19"  >
  <token_anchor t_id="81"/>
  <token_anchor t_id="82"/>
  <token_anchor t_id="83"/>
  <token_anchor t_id="84"/>
  <token_anchor t_id="85"/>
  <token_anchor t_id="86"/>
</LOC_GEO>
<TIME_DATE m_id="11"  >
  <token_anchor t_id="44"/>
</TIME_DATE>
<TIME_DATE m_id="1"  >
  <token_anchor t_id="35"/>
  <token_anchor t_id="36"/>
  <token_anchor t_id="37"/>
  <token_anchor t_id="38"/>
</TIME_DATE>
<TIME_DURATION m_id="13"  >
  <token_anchor t_id="59"/>
  <token_anchor t_id="60"/>
</TIME_DURATION>


<NEG_ACTION_OCCURRENCE m_id="21" note="byCROMER" >
  <token_anchor t_id="65"/>
</NEG_ACTION_OCCURRENCE>


<LOC_FAC m_id="29" RELATED_TO="" TAG_DESCRIPTOR="t26_prison" instance_id="LOC18440750306982431" />
<TIME_DURATION m_id="30" RELATED_TO="" TAG_DESCRIPTOR="t26_decades" instance_id="TIM18440826675897964" />
<ACTION_OCCURRENCE m_id="28" RELATED_TO="" TAG_DESCRIPTOR="t26_died" instance_id="ACT18440577880137709" />
<ACTION_STATE m_id="27" RELATED_TO="" TAG_DESCRIPTOR="t26_mental_illness" instance_id="ACT18440672179378046" />
<ACTION_OCCURRENCE m_id="26" RELATED_TO="" TAG_DESCRIPTOR="t26_avoided_jail" instance_id="ACT18440590596898814" />
<NEG_ACTION_OCCURRENCE m_id="25" RELATED_TO="" TAG_DESCRIPTOR="t26_going_to_jail" instance_id="NEG28451243429836369" />
<HUMAN_PART_PER m_id="24" RELATED_TO="" TAG_DESCRIPTOR="t26_gigante" instance_id="HUM18440698565277092" />
<ACTION_OCCURRENCE m_id="23" RELATED_TO="" TAG_DESCRIPTOR="t26_feigning" instance_id="ACT18440603446786525" />
<TIME_DATE m_id="22" RELATED_TO="" TAG_DESCRIPTOR="t26_monday" instance_id="TIM18440801253239963" />
</Markables>

<Relations>
<CROSS_DOC_COREF r_id="40755" note="TIM18440801253239963" >
  <source m_id="11" />
  <target m_id="22" />
</CROSS_DOC_COREF>
<CROSS_DOC_COREF r_id="40756" note="ACT18440603446786525" >
  <source m_id="7" />
  <target m_id="23" />
</CROSS_DOC_COREF>
<CROSS_DOC_COREF r_id="40757" note="HUM18440698565277092" >
  <source m_id="3" />
  <source m_id="4" />
  <source m_id="5" />
  <source m_id="2" />
  <target m_id="24" />
</CROSS_DOC_COREF>
<CROSS_DOC_COREF r_id="40758" note="NEG28451243429836369" >
  <source m_id="21" />
  <target m_id="25" />
</CROSS_DOC_COREF>
<CROSS_DOC_COREF r_id="40759" note="ACT18440590596898814" >
  <source m_id="8" />
  <target m_id="26" />
</CROSS_DOC_COREF>
<CROSS_DOC_COREF r_id="40760" note="ACT18440672179378046" >
  <source m_id="14" />
  <target m_id="27" />
</CROSS_DOC_COREF>
<CROSS_DOC_COREF r_id="40761" note="ACT18440577880137709" >
  <source m_id="6" />
  <target m_id="28" />
</CROSS_DOC_COREF>
<CROSS_DOC_COREF r_id="40762" note="LOC18440750306982431" >
  <source m_id="12" />
  <target m_id="29" />
</CROSS_DOC_COREF>
<CROSS_DOC_COREF r_id="40763" note="TIM18440826675897964" >
  <source m_id="13" />
  <target m_id="30" />
</CROSS_DOC_COREF>

</Relations>
</Document>
