<Document doc_name="26_7ecbplus.xml" doc_id="DOC15646399468537378">
<token t_id="1" sentence="0" number="0">http</token>
<token t_id="2" sentence="0" number="1">:</token>
<token t_id="3" sentence="0" number="2">/</token>
<token t_id="4" sentence="0" number="3">/</token>
<token t_id="5" sentence="0" number="4">www</token>
<token t_id="6" sentence="0" number="5">.</token>
<token t_id="7" sentence="0" number="6">redorbit</token>
<token t_id="8" sentence="0" number="7">.</token>
<token t_id="9" sentence="0" number="8">com</token>
<token t_id="10" sentence="0" number="9">/</token>
<token t_id="11" sentence="0" number="10">news</token>
<token t_id="12" sentence="0" number="11">/</token>
<token t_id="13" sentence="0" number="12">general</token>
<token t_id="14" sentence="0" number="13">/</token>
<token t_id="15" sentence="0" number="14">334815</token>
<token t_id="16" sentence="0" number="15">/</token>
<token t_id="17" sentence="0" number="16">ny</token>
<token t_id="18" sentence="0" number="17">_</token>
<token t_id="19" sentence="0" number="18">mob</token>
<token t_id="20" sentence="0" number="19">_</token>
<token t_id="21" sentence="0" number="20">don</token>
<token t_id="22" sentence="0" number="21">_</token>
<token t_id="23" sentence="0" number="22">vincent</token>
<token t_id="24" sentence="0" number="23">_</token>
<token t_id="25" sentence="0" number="24">chin</token>
<token t_id="26" sentence="0" number="25">_</token>
<token t_id="27" sentence="0" number="26">gigante</token>
<token t_id="28" sentence="0" number="27">_</token>
<token t_id="29" sentence="0" number="28">dies</token>
<token t_id="30" sentence="0" number="29">_</token>
<token t_id="31" sentence="0" number="30">in</token>
<token t_id="32" sentence="0" number="31">_</token>
<token t_id="33" sentence="0" number="32">prison</token>
<token t_id="34" sentence="0" number="33">/</token>
<token t_id="35" sentence="1" number="0">NY</token>
<token t_id="36" sentence="1" number="1">mob</token>
<token t_id="37" sentence="1" number="2">don</token>
<token t_id="38" sentence="1" number="3">Vincent</token>
<token t_id="39" sentence="1" number="4">'Chin'</token>
<token t_id="40" sentence="1" number="5">Gigante</token>
<token t_id="41" sentence="1" number="6">dies</token>
<token t_id="42" sentence="1" number="7">in</token>
<token t_id="43" sentence="1" number="8">prison</token>
<token t_id="44" sentence="2" number="0">December</token>
<token t_id="45" sentence="2" number="1">19</token>
<token t_id="46" sentence="2" number="2">,</token>
<token t_id="47" sentence="2" number="3">2005</token>
<token t_id="48" sentence="3" number="0">Convicted</token>
<token t_id="49" sentence="3" number="1">mobster</token>
<token t_id="50" sentence="3" number="2">Vincent</token>
<token t_id="51" sentence="3" number="3">"Chin"</token>
<token t_id="52" sentence="3" number="4">Gigante</token>
<token t_id="53" sentence="3" number="5">,</token>
<token t_id="54" sentence="3" number="6">famed</token>
<token t_id="55" sentence="3" number="7">for</token>
<token t_id="56" sentence="3" number="8">wandering</token>
<token t_id="57" sentence="3" number="9">the</token>
<token t_id="58" sentence="3" number="10">streets</token>
<token t_id="59" sentence="3" number="11">of</token>
<token t_id="60" sentence="3" number="12">New</token>
<token t_id="61" sentence="3" number="13">York</token>
<token t_id="62" sentence="3" number="14">in</token>
<token t_id="63" sentence="3" number="15">a</token>
<token t_id="64" sentence="3" number="16">tattered</token>
<token t_id="65" sentence="3" number="17">bathrobe</token>
<token t_id="66" sentence="3" number="18">in</token>
<token t_id="67" sentence="3" number="19">a</token>
<token t_id="68" sentence="3" number="20">show</token>
<token t_id="69" sentence="3" number="21">of</token>
<token t_id="70" sentence="3" number="22">insanity</token>
<token t_id="71" sentence="3" number="23">,</token>
<token t_id="72" sentence="3" number="24">died</token>
<token t_id="73" sentence="3" number="25">on</token>
<token t_id="74" sentence="3" number="26">Monday</token>
<token t_id="75" sentence="3" number="27">in</token>
<token t_id="76" sentence="3" number="28">federal</token>
<token t_id="77" sentence="3" number="29">prison</token>
<token t_id="78" sentence="3" number="30">,</token>
<token t_id="79" sentence="3" number="31">officials</token>
<token t_id="80" sentence="3" number="32">said</token>
<token t_id="81" sentence="3" number="33">.</token>
<token t_id="82" sentence="4" number="0">Considered</token>
<token t_id="83" sentence="4" number="1">one</token>
<token t_id="84" sentence="4" number="2">of</token>
<token t_id="85" sentence="4" number="3">the</token>
<token t_id="86" sentence="4" number="4">last</token>
<token t_id="87" sentence="4" number="5">of</token>
<token t_id="88" sentence="4" number="6">New</token>
<token t_id="89" sentence="4" number="7">York's</token>
<token t_id="90" sentence="4" number="8">old</token>
<token t_id="91" sentence="4" number="9">-</token>
<token t_id="92" sentence="4" number="10">time</token>
<token t_id="93" sentence="4" number="11">Mafia</token>
<token t_id="94" sentence="4" number="12">dons</token>
<token t_id="95" sentence="4" number="13">,</token>
<token t_id="96" sentence="4" number="14">the</token>
<token t_id="97" sentence="4" number="15">reputed</token>
<token t_id="98" sentence="4" number="16">head</token>
<token t_id="99" sentence="4" number="17">of</token>
<token t_id="100" sentence="4" number="18">the</token>
<token t_id="101" sentence="4" number="19">Genovese</token>
<token t_id="102" sentence="4" number="20">family</token>
<token t_id="103" sentence="4" number="21">was</token>
<token t_id="104" sentence="4" number="22">serving</token>
<token t_id="105" sentence="4" number="23">a</token>
<token t_id="106" sentence="4" number="24">12</token>
<token t_id="107" sentence="4" number="25">-</token>
<token t_id="108" sentence="4" number="26">year</token>
<token t_id="109" sentence="4" number="27">sentence</token>
<token t_id="110" sentence="4" number="28">at</token>
<token t_id="111" sentence="4" number="29">the</token>
<token t_id="112" sentence="4" number="30">U</token>
<token t_id="113" sentence="4" number="31">.</token>
<token t_id="114" sentence="4" number="32">S</token>
<token t_id="115" sentence="4" number="33">.</token>
<token t_id="116" sentence="4" number="34">Medical</token>
<token t_id="117" sentence="4" number="35">Center</token>
<token t_id="118" sentence="4" number="36">for</token>
<token t_id="119" sentence="4" number="37">Federal</token>
<token t_id="120" sentence="4" number="38">Prisoners</token>
<token t_id="121" sentence="4" number="39">in</token>
<token t_id="122" sentence="4" number="40">Springfield</token>
<token t_id="123" sentence="4" number="41">,</token>
<token t_id="124" sentence="4" number="42">Missouri</token>
<token t_id="125" sentence="4" number="43">.</token>
<token t_id="126" sentence="5" number="0">He</token>
<token t_id="127" sentence="5" number="1">was</token>
<token t_id="128" sentence="5" number="2">77</token>
<token t_id="129" sentence="5" number="3">.</token>
<token t_id="130" sentence="6" number="0">Gigante</token>
<token t_id="131" sentence="6" number="1">was</token>
<token t_id="132" sentence="6" number="2">also</token>
<token t_id="133" sentence="6" number="3">nicknamed</token>
<token t_id="134" sentence="6" number="4">"The</token>
<token t_id="135" sentence="6" number="5">Oddfather"</token>
<token t_id="136" sentence="6" number="6">and</token>
<token t_id="137" sentence="6" number="7">"The</token>
<token t_id="138" sentence="6" number="8">Pajama</token>
<token t_id="139" sentence="6" number="9">King"</token>
<token t_id="140" sentence="6" number="10">-</token>
<token t_id="141" sentence="6" number="11">references</token>
<token t_id="142" sentence="6" number="12">to</token>
<token t_id="143" sentence="6" number="13">his</token>
<token t_id="144" sentence="6" number="14">habit</token>
<token t_id="145" sentence="6" number="15">of</token>
<token t_id="146" sentence="6" number="16">shuffling</token>
<token t_id="147" sentence="6" number="17">along</token>
<token t_id="148" sentence="6" number="18">the</token>
<token t_id="149" sentence="6" number="19">sidewalk</token>
<token t_id="150" sentence="6" number="20">in</token>
<token t_id="151" sentence="6" number="21">Manhattan's</token>
<token t_id="152" sentence="6" number="22">Greenwich</token>
<token t_id="153" sentence="6" number="23">Village</token>
<token t_id="154" sentence="6" number="24">muttering</token>
<token t_id="155" sentence="6" number="25">to</token>
<token t_id="156" sentence="6" number="26">himself</token>
<token t_id="157" sentence="6" number="27">,</token>
<token t_id="158" sentence="6" number="28">looking</token>
<token t_id="159" sentence="6" number="29">disheveled</token>
<token t_id="160" sentence="6" number="30">and</token>
<token t_id="161" sentence="6" number="31">unshaven</token>
<token t_id="162" sentence="6" number="32">in</token>
<token t_id="163" sentence="6" number="33">a</token>
<token t_id="164" sentence="6" number="34">robe</token>
<token t_id="165" sentence="6" number="35">and</token>
<token t_id="166" sentence="6" number="36">slippers</token>
<token t_id="167" sentence="6" number="37">.</token>
<token t_id="168" sentence="7" number="0">His</token>
<token t_id="169" sentence="7" number="1">attorneys</token>
<token t_id="170" sentence="7" number="2">argued</token>
<token t_id="171" sentence="7" number="3">that</token>
<token t_id="172" sentence="7" number="4">Gigante</token>
<token t_id="173" sentence="7" number="5">was</token>
<token t_id="174" sentence="7" number="6">mentally</token>
<token t_id="175" sentence="7" number="7">ill</token>
<token t_id="176" sentence="7" number="8">and</token>
<token t_id="177" sentence="7" number="9">incapable</token>
<token t_id="178" sentence="7" number="10">of</token>
<token t_id="179" sentence="7" number="11">running</token>
<token t_id="180" sentence="7" number="12">a</token>
<token t_id="181" sentence="7" number="13">crime</token>
<token t_id="182" sentence="7" number="14">family</token>
<token t_id="183" sentence="7" number="15">;</token>
<token t_id="184" sentence="7" number="16">prosecutors</token>
<token t_id="185" sentence="7" number="17">argued</token>
<token t_id="186" sentence="7" number="18">he</token>
<token t_id="187" sentence="7" number="19">was</token>
<token t_id="188" sentence="7" number="20">feigning</token>
<token t_id="189" sentence="7" number="21">illness</token>
<token t_id="190" sentence="7" number="22">to</token>
<token t_id="191" sentence="7" number="23">avoid</token>
<token t_id="192" sentence="7" number="24">prosecution</token>
<token t_id="193" sentence="7" number="25">.</token>
<token t_id="194" sentence="8" number="0">Eventually</token>
<token t_id="195" sentence="8" number="1">,</token>
<token t_id="196" sentence="8" number="2">a</token>
<token t_id="197" sentence="8" number="3">jury</token>
<token t_id="198" sentence="8" number="4">found</token>
<token t_id="199" sentence="8" number="5">Gigante</token>
<token t_id="200" sentence="8" number="6">guilty</token>
<token t_id="201" sentence="8" number="7">in</token>
<token t_id="202" sentence="8" number="8">1997</token>
<token t_id="203" sentence="8" number="9">of</token>
<token t_id="204" sentence="8" number="10">conspiracy</token>
<token t_id="205" sentence="8" number="11">to</token>
<token t_id="206" sentence="8" number="12">murder</token>
<token t_id="207" sentence="8" number="13">other</token>
<token t_id="208" sentence="8" number="14">organized</token>
<token t_id="209" sentence="8" number="15">crime</token>
<token t_id="210" sentence="8" number="16">figures</token>
<token t_id="211" sentence="8" number="17">,</token>
<token t_id="212" sentence="8" number="18">racketeering</token>
<token t_id="213" sentence="8" number="19">,</token>
<token t_id="214" sentence="8" number="20">extortion</token>
<token t_id="215" sentence="8" number="21">and</token>
<token t_id="216" sentence="8" number="22">other</token>
<token t_id="217" sentence="8" number="23">charges</token>
<token t_id="218" sentence="8" number="24">.</token>
<token t_id="219" sentence="9" number="0">The</token>
<token t_id="220" sentence="9" number="1">case</token>
<token t_id="221" sentence="9" number="2">relied</token>
<token t_id="222" sentence="9" number="3">heavily</token>
<token t_id="223" sentence="9" number="4">on</token>
<token t_id="224" sentence="9" number="5">the</token>
<token t_id="225" sentence="9" number="6">testimony</token>
<token t_id="226" sentence="9" number="7">of</token>
<token t_id="227" sentence="9" number="8">six</token>
<token t_id="228" sentence="9" number="9">former</token>
<token t_id="229" sentence="9" number="10">mobsters</token>
<token t_id="230" sentence="9" number="11">who</token>
<token t_id="231" sentence="9" number="12">became</token>
<token t_id="232" sentence="9" number="13">government</token>
<token t_id="233" sentence="9" number="14">informants</token>
<token t_id="234" sentence="9" number="15">,</token>
<token t_id="235" sentence="9" number="16">including</token>
<token t_id="236" sentence="9" number="17">Salvatore</token>
<token t_id="237" sentence="9" number="18">"Sammy</token>
<token t_id="238" sentence="9" number="19">the</token>
<token t_id="239" sentence="9" number="20">Bull"</token>
<token t_id="240" sentence="9" number="21">Gravano</token>
<token t_id="241" sentence="9" number="22">,</token>
<token t_id="242" sentence="9" number="23">whose</token>
<token t_id="243" sentence="9" number="24">testimony</token>
<token t_id="244" sentence="9" number="25">was</token>
<token t_id="245" sentence="9" number="26">critical</token>
<token t_id="246" sentence="9" number="27">in</token>
<token t_id="247" sentence="9" number="28">the</token>
<token t_id="248" sentence="9" number="29">1992</token>
<token t_id="249" sentence="9" number="30">conviction</token>
<token t_id="250" sentence="9" number="31">of</token>
<token t_id="251" sentence="9" number="32">the</token>
<token t_id="252" sentence="9" number="33">late</token>
<token t_id="253" sentence="9" number="34">mobster</token>
<token t_id="254" sentence="9" number="35">John</token>
<token t_id="255" sentence="9" number="36">Gotti</token>
<token t_id="256" sentence="9" number="37">.</token>
<token t_id="257" sentence="10" number="0">Following</token>
<token t_id="258" sentence="10" number="1">Gigante's</token>
<token t_id="259" sentence="10" number="2">conviction</token>
<token t_id="260" sentence="10" number="3">,</token>
<token t_id="261" sentence="10" number="4">prosecutors</token>
<token t_id="262" sentence="10" number="5">said</token>
<token t_id="263" sentence="10" number="6">he</token>
<token t_id="264" sentence="10" number="7">continued</token>
<token t_id="265" sentence="10" number="8">to</token>
<token t_id="266" sentence="10" number="9">run</token>
<token t_id="267" sentence="10" number="10">the</token>
<token t_id="268" sentence="10" number="11">crime</token>
<token t_id="269" sentence="10" number="12">family</token>
<token t_id="270" sentence="10" number="13">from</token>
<token t_id="271" sentence="10" number="14">prison</token>
<token t_id="272" sentence="10" number="15">.</token>
<token t_id="273" sentence="11" number="0">In</token>
<token t_id="274" sentence="11" number="1">2003</token>
<token t_id="275" sentence="11" number="2">,</token>
<token t_id="276" sentence="11" number="3">he</token>
<token t_id="277" sentence="11" number="4">pleaded</token>
<token t_id="278" sentence="11" number="5">guilty</token>
<token t_id="279" sentence="11" number="6">to</token>
<token t_id="280" sentence="11" number="7">obstructing</token>
<token t_id="281" sentence="11" number="8">justice</token>
<token t_id="282" sentence="11" number="9">by</token>
<token t_id="283" sentence="11" number="10">misleading</token>
<token t_id="284" sentence="11" number="11">doctors</token>
<token t_id="285" sentence="11" number="12">about</token>
<token t_id="286" sentence="11" number="13">his</token>
<token t_id="287" sentence="11" number="14">mental</token>
<token t_id="288" sentence="11" number="15">state</token>
<token t_id="289" sentence="11" number="16">.</token>
<token t_id="290" sentence="12" number="0">The</token>
<token t_id="291" sentence="12" number="1">cause</token>
<token t_id="292" sentence="12" number="2">of</token>
<token t_id="293" sentence="12" number="3">death</token>
<token t_id="294" sentence="12" number="4">was</token>
<token t_id="295" sentence="12" number="5">unknown</token>
<token t_id="296" sentence="12" number="6">,</token>
<token t_id="297" sentence="12" number="7">but</token>
<token t_id="298" sentence="12" number="8">Gigante</token>
<token t_id="299" sentence="12" number="9">had</token>
<token t_id="300" sentence="12" number="10">been</token>
<token t_id="301" sentence="12" number="11">suffering</token>
<token t_id="302" sentence="12" number="12">from</token>
<token t_id="303" sentence="12" number="13">heart</token>
<token t_id="304" sentence="12" number="14">disease</token>
<token t_id="305" sentence="12" number="15">,</token>
<token t_id="306" sentence="12" number="16">said</token>
<token t_id="307" sentence="12" number="17">prison</token>
<token t_id="308" sentence="12" number="18">spokesman</token>
<token t_id="309" sentence="12" number="19">Al</token>
<token t_id="310" sentence="12" number="20">Quintero</token>
<token t_id="311" sentence="12" number="21">.</token>
<Markables>
<ACTION_CAUSATIVE m_id="13"  >
  <token_anchor t_id="291"/>
</ACTION_CAUSATIVE>
<ACTION_OCCURRENCE m_id="9"  >
  <token_anchor t_id="56"/>
</ACTION_OCCURRENCE>
<ACTION_OCCURRENCE m_id="10"  >
  <token_anchor t_id="68"/>
</ACTION_OCCURRENCE>
<ACTION_OCCURRENCE m_id="11"  >
  <token_anchor t_id="72"/>
</ACTION_OCCURRENCE>
<ACTION_OCCURRENCE m_id="12"  >
  <token_anchor t_id="301"/>
</ACTION_OCCURRENCE>
<ACTION_OCCURRENCE m_id="7"  >
  <token_anchor t_id="41"/>
</ACTION_OCCURRENCE>
<ACTION_OCCURRENCE m_id="8"  >
  <token_anchor t_id="48"/>
</ACTION_OCCURRENCE>
<ACTION_REPORTING m_id="18"  >
  <token_anchor t_id="80"/>
</ACTION_REPORTING>
<ACTION_REPORTING m_id="19"  >
  <token_anchor t_id="306"/>
</ACTION_REPORTING>
<ACTION_STATE m_id="14"  >
  <token_anchor t_id="293"/>
</ACTION_STATE>
<ACTION_STATE m_id="15"  >
  <token_anchor t_id="303"/>
  <token_anchor t_id="304"/>
</ACTION_STATE>
<ACTION_STATE m_id="16"  >
  <token_anchor t_id="54"/>
</ACTION_STATE>
<ACTION_STATE m_id="17"  >
  <token_anchor t_id="70"/>
</ACTION_STATE>
<HUMAN_PART_PER m_id="1"  >
  <token_anchor t_id="38"/>
  <token_anchor t_id="39"/>
  <token_anchor t_id="40"/>
</HUMAN_PART_PER>
<HUMAN_PART_PER m_id="2"  >
  <token_anchor t_id="50"/>
  <token_anchor t_id="51"/>
  <token_anchor t_id="52"/>
</HUMAN_PART_PER>
<HUMAN_PART_PER m_id="3"  >
  <token_anchor t_id="79"/>
</HUMAN_PART_PER>
<HUMAN_PART_PER m_id="4"  >
  <token_anchor t_id="298"/>
</HUMAN_PART_PER>
<HUMAN_PART_PER m_id="5"  >
  <token_anchor t_id="309"/>
  <token_anchor t_id="310"/>
</HUMAN_PART_PER>
<LOC_FAC m_id="21"  >
  <token_anchor t_id="42"/>
  <token_anchor t_id="43"/>
</LOC_FAC>
<LOC_FAC m_id="22"  >
  <token_anchor t_id="57"/>
  <token_anchor t_id="58"/>
  <token_anchor t_id="59"/>
  <token_anchor t_id="60"/>
  <token_anchor t_id="61"/>
</LOC_FAC>
<LOC_FAC m_id="23"  >
  <token_anchor t_id="75"/>
  <token_anchor t_id="76"/>
  <token_anchor t_id="77"/>
</LOC_FAC>
<NEG_ACTION_STATE m_id="20"  >
  <token_anchor t_id="295"/>
</NEG_ACTION_STATE>
<NON_HUMAN_PART m_id="24"  >
  <token_anchor t_id="65"/>
</NON_HUMAN_PART>
<TIME_DATE m_id="25"  >
  <token_anchor t_id="73"/>
  <token_anchor t_id="74"/>
</TIME_DATE>
<TIME_DATE m_id="6"  >
  <token_anchor t_id="44"/>
  <token_anchor t_id="45"/>
  <token_anchor t_id="46"/>
  <token_anchor t_id="47"/>
</TIME_DATE>




<ACTION_STATE m_id="33" RELATED_TO="" TAG_DESCRIPTOR="t26_heart_disease" instance_id="ACT18440655322799332" />
<HUMAN_PART_PER m_id="32" RELATED_TO="" TAG_DESCRIPTOR="t26_gigante" instance_id="HUM18440698565277092" />
<ACTION_OCCURRENCE m_id="29" RELATED_TO="" TAG_DESCRIPTOR="t26_suffered_heart_attack" instance_id="ACT18440623861291848" />
<LOC_FAC m_id="31" RELATED_TO="" TAG_DESCRIPTOR="t26_streets" instance_id="LOC18440762931534969" />
<TIME_DATE m_id="28" RELATED_TO="" TAG_DESCRIPTOR="t26_monday" instance_id="TIM18440801253239963" />
<ACTION_OCCURRENCE m_id="30" RELATED_TO="" TAG_DESCRIPTOR="t26_feigning" instance_id="ACT18440603446786525" />
<LOC_FAC m_id="39" RELATED_TO="" TAG_DESCRIPTOR="t26_prison" instance_id="LOC18440750306982431" />
<ACTION_OCCURRENCE m_id="38" RELATED_TO="" TAG_DESCRIPTOR="t26_died" instance_id="ACT18440577880137709" />
<NON_HUMAN_PART m_id="37" RELATED_TO="" TAG_DESCRIPTOR="t26_bathrobe" instance_id="NON18440775683576631" />
<ACTION_STATE m_id="36" RELATED_TO="" TAG_DESCRIPTOR="t26_mental_illness" instance_id="ACT18440672179378046" />
<HUMAN_PART_PER m_id="35" RELATED_TO="" TAG_DESCRIPTOR="t26_quintero" instance_id="HUM18440722716468597" />
<ACTION_OCCURRENCE m_id="34" RELATED_TO="" TAG_DESCRIPTOR="t26_wandering_streets" instance_id="ACT18440640282544111" />
</Markables>

<Relations>
<CROSS_DOC_COREF r_id="40757" note="TIM18440801253239963" >
  <source m_id="25" />
  <target m_id="28" />
</CROSS_DOC_COREF>
<CROSS_DOC_COREF r_id="40758" note="ACT18440623861291848" >
  <source m_id="12" />
  <target m_id="29" />
</CROSS_DOC_COREF>
<CROSS_DOC_COREF r_id="40759" note="ACT18440603446786525" >
  <source m_id="10" />
  <target m_id="30" />
</CROSS_DOC_COREF>
<CROSS_DOC_COREF r_id="40760" note="LOC18440762931534969" >
  <source m_id="22" />
  <target m_id="31" />
</CROSS_DOC_COREF>
<CROSS_DOC_COREF r_id="40761" note="HUM18440698565277092" >
  <source m_id="1" />
  <source m_id="4" />
  <source m_id="2" />
  <target m_id="32" />
</CROSS_DOC_COREF>
<CROSS_DOC_COREF r_id="40762" note="ACT18440655322799332" >
  <source m_id="15" />
  <target m_id="33" />
</CROSS_DOC_COREF>
<CROSS_DOC_COREF r_id="40763" note="ACT18440640282544111" >
  <source m_id="9" />
  <target m_id="34" />
</CROSS_DOC_COREF>
<CROSS_DOC_COREF r_id="40764" note="HUM18440722716468597" >
  <source m_id="5" />
  <target m_id="35" />
</CROSS_DOC_COREF>
<CROSS_DOC_COREF r_id="40765" note="ACT18440672179378046" >
  <source m_id="17" />
  <target m_id="36" />
</CROSS_DOC_COREF>
<CROSS_DOC_COREF r_id="40766" note="NON18440775683576631" >
  <source m_id="24" />
  <target m_id="37" />
</CROSS_DOC_COREF>
<CROSS_DOC_COREF r_id="40767" note="ACT18440577880137709" >
  <source m_id="7" />
  <source m_id="11" />
  <target m_id="38" />
</CROSS_DOC_COREF>
<CROSS_DOC_COREF r_id="40768" note="LOC18440750306982431" >
  <source m_id="23" />
  <source m_id="21" />
  <target m_id="39" />
</CROSS_DOC_COREF>

</Relations>
</Document>
