<Document doc_name="26_9ecbplus.xml" doc_id="DOC15646399720486152">
<token t_id="1" sentence="0" number="0">http</token>
<token t_id="2" sentence="0" number="1">:</token>
<token t_id="3" sentence="0" number="2">/</token>
<token t_id="4" sentence="0" number="3">/</token>
<token t_id="5" sentence="0" number="4">www</token>
<token t_id="6" sentence="0" number="5">.</token>
<token t_id="7" sentence="0" number="6">sunjournal</token>
<token t_id="8" sentence="0" number="7">.</token>
<token t_id="9" sentence="0" number="8">com</token>
<token t_id="10" sentence="0" number="9">/</token>
<token t_id="11" sentence="0" number="10">node</token>
<token t_id="12" sentence="0" number="11">/</token>
<token t_id="13" sentence="0" number="12">131532</token>
<token t_id="14" sentence="1" number="0">Mafia</token>
<token t_id="15" sentence="1" number="1">'Oddfather</token>
<token t_id="16" sentence="1" number="2">,</token>
<token t_id="17" sentence="1" number="3">'</token>
<token t_id="18" sentence="1" number="4">Vincent</token>
<token t_id="19" sentence="1" number="5">'Chin'</token>
<token t_id="20" sentence="1" number="6">Gigante</token>
<token t_id="21" sentence="1" number="7">,</token>
<token t_id="22" sentence="1" number="8">dies</token>
<token t_id="23" sentence="1" number="9">in</token>
<token t_id="24" sentence="1" number="10">U</token>
<token t_id="25" sentence="1" number="11">.</token>
<token t_id="26" sentence="1" number="12">S</token>
<token t_id="27" sentence="1" number="13">.</token>
<token t_id="28" sentence="1" number="14">prison</token>
<token t_id="29" sentence="1" number="15">at</token>
<token t_id="30" sentence="1" number="16">77</token>
<token t_id="31" sentence="2" number="0">Tuesday</token>
<token t_id="32" sentence="2" number="1">,</token>
<token t_id="33" sentence="2" number="2">December</token>
<token t_id="34" sentence="2" number="3">20</token>
<token t_id="35" sentence="2" number="4">,</token>
<token t_id="36" sentence="2" number="5">2005</token>
<token t_id="37" sentence="3" number="0">Vincent</token>
<token t_id="38" sentence="3" number="1">"The</token>
<token t_id="39" sentence="3" number="2">Chin"</token>
<token t_id="40" sentence="3" number="3">Gigante</token>
<token t_id="41" sentence="3" number="4">,</token>
<token t_id="42" sentence="3" number="5">the</token>
<token t_id="43" sentence="3" number="6">powerful</token>
<token t_id="44" sentence="3" number="7">mob</token>
<token t_id="45" sentence="3" number="8">boss</token>
<token t_id="46" sentence="3" number="9">who</token>
<token t_id="47" sentence="3" number="10">avoided</token>
<token t_id="48" sentence="3" number="11">jail</token>
<token t_id="49" sentence="3" number="12">for</token>
<token t_id="50" sentence="3" number="13">decades</token>
<token t_id="51" sentence="3" number="14">by</token>
<token t_id="52" sentence="3" number="15">wandering</token>
<token t_id="53" sentence="3" number="16">the</token>
<token t_id="54" sentence="3" number="17">Greenwich</token>
<token t_id="55" sentence="3" number="18">Village</token>
<token t_id="56" sentence="3" number="19">streets</token>
<token t_id="57" sentence="3" number="20">in</token>
<token t_id="58" sentence="3" number="21">a</token>
<token t_id="59" sentence="3" number="22">ratty</token>
<token t_id="60" sentence="3" number="23">bathrobe</token>
<token t_id="61" sentence="3" number="24">and</token>
<token t_id="62" sentence="3" number="25">slippers</token>
<token t_id="63" sentence="3" number="26">as</token>
<token t_id="64" sentence="3" number="27">part</token>
<token t_id="65" sentence="3" number="28">of</token>
<token t_id="66" sentence="3" number="29">an</token>
<token t_id="67" sentence="3" number="30">elaborate</token>
<token t_id="68" sentence="3" number="31">feigned</token>
<token t_id="69" sentence="3" number="32">mental</token>
<token t_id="70" sentence="3" number="33">illness</token>
<token t_id="71" sentence="3" number="34">,</token>
<token t_id="72" sentence="3" number="35">died</token>
<token t_id="73" sentence="3" number="36">Monday</token>
<token t_id="74" sentence="3" number="37">in</token>
<token t_id="75" sentence="3" number="38">prison</token>
<token t_id="76" sentence="3" number="39">,</token>
<token t_id="77" sentence="3" number="40">federal</token>
<token t_id="78" sentence="3" number="41">officials</token>
<token t_id="79" sentence="3" number="42">said</token>
<token t_id="80" sentence="3" number="43">.</token>
<token t_id="81" sentence="4" number="0">He</token>
<token t_id="82" sentence="4" number="1">was</token>
<token t_id="83" sentence="4" number="2">77</token>
<token t_id="84" sentence="4" number="3">.</token>
<token t_id="85" sentence="5" number="0">Gigante</token>
<token t_id="86" sentence="5" number="1">died</token>
<token t_id="87" sentence="5" number="2">at</token>
<token t_id="88" sentence="5" number="3">the</token>
<token t_id="89" sentence="5" number="4">U</token>
<token t_id="90" sentence="5" number="5">.</token>
<token t_id="91" sentence="5" number="6">S</token>
<token t_id="92" sentence="5" number="7">.</token>
<token t_id="93" sentence="5" number="8">Medical</token>
<token t_id="94" sentence="5" number="9">Center</token>
<token t_id="95" sentence="5" number="10">for</token>
<token t_id="96" sentence="5" number="11">federal</token>
<token t_id="97" sentence="5" number="12">prisoners</token>
<token t_id="98" sentence="5" number="13">in</token>
<token t_id="99" sentence="5" number="14">Springfield</token>
<token t_id="100" sentence="5" number="15">,</token>
<token t_id="101" sentence="5" number="16">Mo</token>
<token t_id="102" sentence="5" number="17">.</token>
<token t_id="103" sentence="5" number="18">,</token>
<token t_id="104" sentence="5" number="19">said</token>
<token t_id="105" sentence="5" number="20">prison</token>
<token t_id="106" sentence="5" number="21">spokesman</token>
<token t_id="107" sentence="5" number="22">Al</token>
<token t_id="108" sentence="5" number="23">Quintero</token>
<token t_id="109" sentence="5" number="24">.</token>
<token t_id="110" sentence="6" number="0">The</token>
<token t_id="111" sentence="6" number="1">cause</token>
<token t_id="112" sentence="6" number="2">of</token>
<token t_id="113" sentence="6" number="3">death</token>
<token t_id="114" sentence="6" number="4">was</token>
<token t_id="115" sentence="6" number="5">not</token>
<token t_id="116" sentence="6" number="6">immediately</token>
<token t_id="117" sentence="6" number="7">known</token>
<token t_id="118" sentence="6" number="8">,</token>
<token t_id="119" sentence="6" number="9">but</token>
<token t_id="120" sentence="6" number="10">Quintero</token>
<token t_id="121" sentence="6" number="11">said</token>
<token t_id="122" sentence="6" number="12">Gigante</token>
<token t_id="123" sentence="6" number="13">had</token>
<token t_id="124" sentence="6" number="14">a</token>
<token t_id="125" sentence="6" number="15">history</token>
<token t_id="126" sentence="6" number="16">of</token>
<token t_id="127" sentence="6" number="17">heart</token>
<token t_id="128" sentence="6" number="18">disease</token>
<token t_id="129" sentence="6" number="19">.</token>
<token t_id="130" sentence="7" number="0">Dubbed</token>
<token t_id="131" sentence="7" number="1">the</token>
<token t_id="132" sentence="7" number="2">"Oddfather"</token>
<token t_id="133" sentence="7" number="3">for</token>
<token t_id="134" sentence="7" number="4">his</token>
<token t_id="135" sentence="7" number="5">bizarre</token>
<token t_id="136" sentence="7" number="6">behavior</token>
<token t_id="137" sentence="7" number="7">,</token>
<token t_id="138" sentence="7" number="8">the</token>
<token t_id="139" sentence="7" number="9">former</token>
<token t_id="140" sentence="7" number="10">Genovese</token>
<token t_id="141" sentence="7" number="11">crime</token>
<token t_id="142" sentence="7" number="12">family</token>
<token t_id="143" sentence="7" number="13">head</token>
<token t_id="144" sentence="7" number="14">,</token>
<token t_id="145" sentence="7" number="15">an</token>
<token t_id="146" sentence="7" number="16">ex</token>
<token t_id="147" sentence="7" number="17">-</token>
<token t_id="148" sentence="7" number="18">boxer</token>
<token t_id="149" sentence="7" number="19">whose</token>
<token t_id="150" sentence="7" number="20">lengthy</token>
<token t_id="151" sentence="7" number="21">string</token>
<token t_id="152" sentence="7" number="22">of</token>
<token t_id="153" sentence="7" number="23">victories</token>
<token t_id="154" sentence="7" number="24">over</token>
<token t_id="155" sentence="7" number="25">prosecutors</token>
<token t_id="156" sentence="7" number="26">ended</token>
<token t_id="157" sentence="7" number="27">with</token>
<token t_id="158" sentence="7" number="28">a</token>
<token t_id="159" sentence="7" number="29">July</token>
<token t_id="160" sentence="7" number="30">1997</token>
<token t_id="161" sentence="7" number="31">racketeering</token>
<token t_id="162" sentence="7" number="32">conviction</token>
<token t_id="163" sentence="7" number="33">,</token>
<token t_id="164" sentence="7" number="34">finally</token>
<token t_id="165" sentence="7" number="35">admitted</token>
<token t_id="166" sentence="7" number="36">his</token>
<token t_id="167" sentence="7" number="37">insanity</token>
<token t_id="168" sentence="7" number="38">ruse</token>
<token t_id="169" sentence="7" number="39">at</token>
<token t_id="170" sentence="7" number="40">an</token>
<token t_id="171" sentence="7" number="41">April</token>
<token t_id="172" sentence="7" number="42">2003</token>
<token t_id="173" sentence="7" number="43">court</token>
<token t_id="174" sentence="7" number="44">hearing</token>
<token t_id="175" sentence="7" number="45">.</token>
<token t_id="176" sentence="8" number="0">After</token>
<token t_id="177" sentence="8" number="1">nearly</token>
<token t_id="178" sentence="8" number="2">a</token>
<token t_id="179" sentence="8" number="3">quarter</token>
<token t_id="180" sentence="8" number="4">-</token>
<token t_id="181" sentence="8" number="5">century</token>
<token t_id="182" sentence="8" number="6">of</token>
<token t_id="183" sentence="8" number="7">public</token>
<token t_id="184" sentence="8" number="8">craziness</token>
<token t_id="185" sentence="8" number="9">,</token>
<token t_id="186" sentence="8" number="10">Gigante</token>
<token t_id="187" sentence="8" number="11">calmly</token>
<token t_id="188" sentence="8" number="12">pleaded</token>
<token t_id="189" sentence="8" number="13">guilty</token>
<token t_id="190" sentence="8" number="14">to</token>
<token t_id="191" sentence="8" number="15">obstruction</token>
<token t_id="192" sentence="8" number="16">of</token>
<token t_id="193" sentence="8" number="17">justice</token>
<token t_id="194" sentence="8" number="18">for</token>
<token t_id="195" sentence="8" number="19">his</token>
<token t_id="196" sentence="8" number="20">deception</token>
<token t_id="197" sentence="8" number="21">.</token>
<token t_id="198" sentence="9" number="0">He</token>
<token t_id="199" sentence="9" number="1">then</token>
<token t_id="200" sentence="9" number="2">chatted</token>
<token t_id="201" sentence="9" number="3">amiably</token>
<token t_id="202" sentence="9" number="4">with</token>
<token t_id="203" sentence="9" number="5">his</token>
<token t_id="204" sentence="9" number="6">son</token>
<token t_id="205" sentence="9" number="7">,</token>
<token t_id="206" sentence="9" number="8">shook</token>
<token t_id="207" sentence="9" number="9">hands</token>
<token t_id="208" sentence="9" number="10">with</token>
<token t_id="209" sentence="9" number="11">defense</token>
<token t_id="210" sentence="9" number="12">lawyers</token>
<token t_id="211" sentence="9" number="13">and</token>
<token t_id="212" sentence="9" number="14">even</token>
<token t_id="213" sentence="9" number="15">laughed</token>
<token t_id="214" sentence="9" number="16">at</token>
<token t_id="215" sentence="9" number="17">one</token>
<token t_id="216" sentence="9" number="18">point</token>
<token t_id="217" sentence="9" number="19">.</token>
<token t_id="218" sentence="10" number="0">"God</token>
<token t_id="219" sentence="10" number="1">bless</token>
<token t_id="220" sentence="10" number="2">you</token>
<token t_id="221" sentence="10" number="3">,</token>
<token t_id="222" sentence="10" number="4">"</token>
<token t_id="223" sentence="10" number="5">he</token>
<token t_id="224" sentence="10" number="6">told</token>
<token t_id="225" sentence="10" number="7">the</token>
<token t_id="226" sentence="10" number="8">judge</token>
<token t_id="227" sentence="10" number="9">,</token>
<token t_id="228" sentence="10" number="10">offering</token>
<token t_id="229" sentence="10" number="11">a</token>
<token t_id="230" sentence="10" number="12">broad</token>
<token t_id="231" sentence="10" number="13">wave</token>
<token t_id="232" sentence="10" number="14">goodbye</token>
<token t_id="233" sentence="10" number="15">before</token>
<token t_id="234" sentence="10" number="16">leaving</token>
<token t_id="235" sentence="10" number="17">the</token>
<token t_id="236" sentence="10" number="18">Brooklyn</token>
<token t_id="237" sentence="10" number="19">courtroom</token>
<token t_id="238" sentence="10" number="20">.</token>
<token t_id="239" sentence="11" number="0">Gigante</token>
<token t_id="240" sentence="11" number="1">was</token>
<token t_id="241" sentence="11" number="2">jailed</token>
<token t_id="242" sentence="11" number="3">in</token>
<token t_id="243" sentence="11" number="4">the</token>
<token t_id="244" sentence="11" number="5">medical</token>
<token t_id="245" sentence="11" number="6">ward</token>
<token t_id="246" sentence="11" number="7">at</token>
<token t_id="247" sentence="11" number="8">the</token>
<token t_id="248" sentence="11" number="9">federal</token>
<token t_id="249" sentence="11" number="10">prison</token>
<token t_id="250" sentence="11" number="11">in</token>
<token t_id="251" sentence="11" number="12">Springfield</token>
<token t_id="252" sentence="11" number="13">-</token>
<token t_id="253" sentence="11" number="14">the</token>
<token t_id="254" sentence="11" number="15">same</token>
<token t_id="255" sentence="11" number="16">facility</token>
<token t_id="256" sentence="11" number="17">where</token>
<token t_id="257" sentence="11" number="18">rival</token>
<token t_id="258" sentence="11" number="19">mob</token>
<token t_id="259" sentence="11" number="20">boss</token>
<token t_id="260" sentence="11" number="21">John</token>
<token t_id="261" sentence="11" number="22">Gotti</token>
<token t_id="262" sentence="11" number="23">died</token>
<token t_id="263" sentence="11" number="24">.</token>
<token t_id="264" sentence="12" number="0">Denying</token>
<token t_id="265" sentence="12" number="1">he</token>
<token t_id="266" sentence="12" number="2">was</token>
<token t_id="267" sentence="12" number="3">a</token>
<token t_id="268" sentence="12" number="4">gangster</token>
<token t_id="269" sentence="12" number="5">,</token>
<token t_id="270" sentence="12" number="6">Gigante</token>
<token t_id="271" sentence="12" number="7">would</token>
<token t_id="272" sentence="12" number="8">wander</token>
<token t_id="273" sentence="12" number="9">the</token>
<token t_id="274" sentence="12" number="10">streets</token>
<token t_id="275" sentence="12" number="11">of</token>
<token t_id="276" sentence="12" number="12">his</token>
<token t_id="277" sentence="12" number="13">native</token>
<token t_id="278" sentence="12" number="14">Greenwich</token>
<token t_id="279" sentence="12" number="15">Village</token>
<token t_id="280" sentence="12" number="16">in</token>
<token t_id="281" sentence="12" number="17">nightclothes</token>
<token t_id="282" sentence="12" number="18">,</token>
<token t_id="283" sentence="12" number="19">muttering</token>
<token t_id="284" sentence="12" number="20">incoherently</token>
<token t_id="285" sentence="12" number="21">.</token>
<token t_id="286" sentence="13" number="0">Relatives</token>
<token t_id="287" sentence="13" number="1">,</token>
<token t_id="288" sentence="13" number="2">including</token>
<token t_id="289" sentence="13" number="3">a</token>
<token t_id="290" sentence="13" number="4">brother</token>
<token t_id="291" sentence="13" number="5">was</token>
<token t_id="292" sentence="13" number="6">who</token>
<token t_id="293" sentence="13" number="7">a</token>
<token t_id="294" sentence="13" number="8">Roman</token>
<token t_id="295" sentence="13" number="9">Catholic</token>
<token t_id="296" sentence="13" number="10">priest</token>
<token t_id="297" sentence="13" number="11">,</token>
<token t_id="298" sentence="13" number="12">insisted</token>
<token t_id="299" sentence="13" number="13">Gigante</token>
<token t_id="300" sentence="13" number="14">suffered</token>
<token t_id="301" sentence="13" number="15">from</token>
<token t_id="302" sentence="13" number="16">paranoid</token>
<token t_id="303" sentence="13" number="17">schizophrenia</token>
<token t_id="304" sentence="13" number="18">,</token>
<token t_id="305" sentence="13" number="19">dementia</token>
<token t_id="306" sentence="13" number="20">and</token>
<token t_id="307" sentence="13" number="21">Alzheimer's</token>
<token t_id="308" sentence="13" number="22">disease</token>
<token t_id="309" sentence="13" number="23">.</token>
<token t_id="310" sentence="14" number="0">Authorities</token>
<token t_id="311" sentence="14" number="1">charged</token>
<token t_id="312" sentence="14" number="2">it</token>
<token t_id="313" sentence="14" number="3">was</token>
<token t_id="314" sentence="14" number="4">a</token>
<token t_id="315" sentence="14" number="5">brazen</token>
<token t_id="316" sentence="14" number="6">act</token>
<token t_id="317" sentence="14" number="7">to</token>
<token t_id="318" sentence="14" number="8">avoid</token>
<token t_id="319" sentence="14" number="9">the</token>
<token t_id="320" sentence="14" number="10">law</token>
<token t_id="321" sentence="14" number="11">-</token>
<token t_id="322" sentence="14" number="12">although</token>
<token t_id="323" sentence="14" number="13">it</token>
<token t_id="324" sentence="14" number="14">wasn't</token>
<token t_id="325" sentence="14" number="15">until</token>
<token t_id="326" sentence="14" number="16">1997</token>
<token t_id="327" sentence="14" number="17">that</token>
<token t_id="328" sentence="14" number="18">a</token>
<token t_id="329" sentence="14" number="19">jury</token>
<token t_id="330" sentence="14" number="20">agreed</token>
<token t_id="331" sentence="14" number="21">,</token>
<token t_id="332" sentence="14" number="22">and</token>
<token t_id="333" sentence="14" number="23">it</token>
<token t_id="334" sentence="14" number="24">took</token>
<token t_id="335" sentence="14" number="25">another</token>
<token t_id="336" sentence="14" number="26">six</token>
<token t_id="337" sentence="14" number="27">years</token>
<token t_id="338" sentence="14" number="28">for</token>
<token t_id="339" sentence="14" number="29">Gigante</token>
<token t_id="340" sentence="14" number="30">to</token>
<token t_id="341" sentence="14" number="31">concede</token>
<token t_id="342" sentence="14" number="32">his</token>
<token t_id="343" sentence="14" number="33">subterfuge</token>
<token t_id="344" sentence="14" number="34">.</token>
<token t_id="345" sentence="15" number="0">At</token>
<token t_id="346" sentence="15" number="1">the</token>
<token t_id="347" sentence="15" number="2">height</token>
<token t_id="348" sentence="15" number="3">of</token>
<token t_id="349" sentence="15" number="4">his</token>
<token t_id="350" sentence="15" number="5">power</token>
<token t_id="351" sentence="15" number="6">,</token>
<token t_id="352" sentence="15" number="7">Gigante's</token>
<token t_id="353" sentence="15" number="8">empire</token>
<token t_id="354" sentence="15" number="9">stretched</token>
<token t_id="355" sentence="15" number="10">from</token>
<token t_id="356" sentence="15" number="11">the</token>
<token t_id="357" sentence="15" number="12">booths</token>
<token t_id="358" sentence="15" number="13">at</token>
<token t_id="359" sentence="15" number="14">Little</token>
<token t_id="360" sentence="15" number="15">Italy's</token>
<token t_id="361" sentence="15" number="16">San</token>
<token t_id="362" sentence="15" number="17">Gennaro</token>
<token t_id="363" sentence="15" number="18">Festival</token>
<token t_id="364" sentence="15" number="19">to</token>
<token t_id="365" sentence="15" number="20">the</token>
<token t_id="366" sentence="15" number="21">docks</token>
<token t_id="367" sentence="15" number="22">of</token>
<token t_id="368" sentence="15" number="23">Miami</token>
<token t_id="369" sentence="15" number="24">.</token>
<token t_id="370" sentence="16" number="0">"The</token>
<token t_id="371" sentence="16" number="1">looney</token>
<token t_id="372" sentence="16" number="2">tunes</token>
<token t_id="373" sentence="16" number="3">act</token>
<token t_id="374" sentence="16" number="4">served</token>
<token t_id="375" sentence="16" number="5">Gigante</token>
<token t_id="376" sentence="16" number="6">well</token>
<token t_id="377" sentence="16" number="7">-</token>
<token t_id="378" sentence="16" number="8">it</token>
<token t_id="379" sentence="16" number="9">kept</token>
<token t_id="380" sentence="16" number="10">him</token>
<token t_id="381" sentence="16" number="11">out</token>
<token t_id="382" sentence="16" number="12">of</token>
<token t_id="383" sentence="16" number="13">prison</token>
<token t_id="384" sentence="16" number="14">for</token>
<token t_id="385" sentence="16" number="15">30</token>
<token t_id="386" sentence="16" number="16">years</token>
<token t_id="387" sentence="16" number="17">-</token>
<token t_id="388" sentence="16" number="18">but</token>
<token t_id="389" sentence="16" number="19">in</token>
<token t_id="390" sentence="16" number="20">the</token>
<token t_id="391" sentence="16" number="21">end</token>
<token t_id="392" sentence="16" number="22">he</token>
<token t_id="393" sentence="16" number="23">was</token>
<token t_id="394" sentence="16" number="24">the</token>
<token t_id="395" sentence="16" number="25">victim</token>
<token t_id="396" sentence="16" number="26">of</token>
<token t_id="397" sentence="16" number="27">his</token>
<token t_id="398" sentence="16" number="28">own</token>
<token t_id="399" sentence="16" number="29">crazy</token>
<token t_id="400" sentence="16" number="30">act</token>
<token t_id="401" sentence="16" number="31">.</token>
<token t_id="402" sentence="17" number="0">He</token>
<token t_id="403" sentence="17" number="1">never</token>
<token t_id="404" sentence="17" number="2">had</token>
<token t_id="405" sentence="17" number="3">a</token>
<token t_id="406" sentence="17" number="4">chance</token>
<token t_id="407" sentence="17" number="5">to</token>
<token t_id="408" sentence="17" number="6">enjoy</token>
<token t_id="409" sentence="17" number="7">the</token>
<token t_id="410" sentence="17" number="8">fruits</token>
<token t_id="411" sentence="17" number="9">of</token>
<token t_id="412" sentence="17" number="10">his</token>
<token t_id="413" sentence="17" number="11">plunder</token>
<token t_id="414" sentence="17" number="12">,</token>
<token t_id="415" sentence="17" number="13">and</token>
<token t_id="416" sentence="17" number="14">he</token>
<token t_id="417" sentence="17" number="15">told</token>
<token t_id="418" sentence="17" number="16">some</token>
<token t_id="419" sentence="17" number="17">people</token>
<token t_id="420" sentence="17" number="18">that</token>
<token t_id="421" sentence="17" number="19">if</token>
<token t_id="422" sentence="17" number="20">given</token>
<token t_id="423" sentence="17" number="21">the</token>
<token t_id="424" sentence="17" number="22">chance</token>
<token t_id="425" sentence="17" number="23">,</token>
<token t_id="426" sentence="17" number="24">he</token>
<token t_id="427" sentence="17" number="25">wouldn't</token>
<token t_id="428" sentence="17" number="26">do</token>
<token t_id="429" sentence="17" number="27">it</token>
<token t_id="430" sentence="17" number="28">that</token>
<token t_id="431" sentence="17" number="29">way</token>
<token t_id="432" sentence="17" number="30">again</token>
<token t_id="433" sentence="17" number="31">,</token>
<token t_id="434" sentence="17" number="32">"</token>
<token t_id="435" sentence="17" number="33">said</token>
<token t_id="436" sentence="17" number="34">Jerry</token>
<token t_id="437" sentence="17" number="35">Capeci</token>
<token t_id="438" sentence="17" number="36">,</token>
<token t_id="439" sentence="17" number="37">a</token>
<token t_id="440" sentence="17" number="38">Mafia</token>
<token t_id="441" sentence="17" number="39">expert</token>
<token t_id="442" sentence="17" number="40">and</token>
<token t_id="443" sentence="17" number="41">author</token>
<token t_id="444" sentence="17" number="42">of</token>
<token t_id="445" sentence="17" number="43">six</token>
<token t_id="446" sentence="17" number="44">books</token>
<token t_id="447" sentence="17" number="45">on</token>
<token t_id="448" sentence="17" number="46">organized</token>
<token t_id="449" sentence="17" number="47">crime</token>
<token t_id="450" sentence="17" number="48">.</token>
<token t_id="451" sentence="18" number="0">For</token>
<token t_id="452" sentence="18" number="1">the</token>
<token t_id="453" sentence="18" number="2">man</token>
<token t_id="454" sentence="18" number="3">described</token>
<token t_id="455" sentence="18" number="4">by</token>
<token t_id="456" sentence="18" number="5">The</token>
<token t_id="457" sentence="18" number="6">New</token>
<token t_id="458" sentence="18" number="7">York</token>
<token t_id="459" sentence="18" number="8">Times</token>
<token t_id="460" sentence="18" number="9">Magazine</token>
<token t_id="461" sentence="18" number="10">as</token>
<token t_id="462" sentence="18" number="11">"the</token>
<token t_id="463" sentence="18" number="12">last</token>
<token t_id="464" sentence="18" number="13">great</token>
<token t_id="465" sentence="18" number="14">Mafioso</token>
<token t_id="466" sentence="18" number="15">of</token>
<token t_id="467" sentence="18" number="16">the</token>
<token t_id="468" sentence="18" number="17">century</token>
<token t_id="469" sentence="18" number="18">,</token>
<token t_id="470" sentence="18" number="19">"</token>
<token t_id="471" sentence="18" number="20">his</token>
<token t_id="472" sentence="18" number="21">admission</token>
<token t_id="473" sentence="18" number="22">was</token>
<token t_id="474" sentence="18" number="23">the</token>
<token t_id="475" sentence="18" number="24">final</token>
<token t_id="476" sentence="18" number="25">act</token>
<token t_id="477" sentence="18" number="26">in</token>
<token t_id="478" sentence="18" number="27">a</token>
<token t_id="479" sentence="18" number="28">50</token>
<token t_id="480" sentence="18" number="29">-</token>
<token t_id="481" sentence="18" number="30">year</token>
<token t_id="482" sentence="18" number="31">career</token>
<token t_id="483" sentence="18" number="32">spanning</token>
<token t_id="484" sentence="18" number="33">the</token>
<token t_id="485" sentence="18" number="34">era</token>
<token t_id="486" sentence="18" number="35">of</token>
<token t_id="487" sentence="18" number="36">the</token>
<token t_id="488" sentence="18" number="37">old</token>
<token t_id="489" sentence="18" number="38">-</token>
<token t_id="490" sentence="18" number="39">time</token>
<token t_id="491" sentence="18" number="40">,</token>
<token t_id="492" sentence="18" number="41">publicity</token>
<token t_id="493" sentence="18" number="42">-</token>
<token t_id="494" sentence="18" number="43">shy</token>
<token t_id="495" sentence="18" number="44">"Mustache</token>
<token t_id="496" sentence="18" number="45">Petes"</token>
<token t_id="497" sentence="18" number="46">and</token>
<token t_id="498" sentence="18" number="47">the</token>
<token t_id="499" sentence="18" number="48">modern</token>
<token t_id="500" sentence="18" number="49">-</token>
<token t_id="501" sentence="18" number="50">day</token>
<token t_id="502" sentence="18" number="51">Mafia</token>
<token t_id="503" sentence="18" number="52">of</token>
<token t_id="504" sentence="18" number="53">the</token>
<token t_id="505" sentence="18" number="54">swaggering</token>
<token t_id="506" sentence="18" number="55">Gotti</token>
<token t_id="507" sentence="18" number="56">.</token>
<token t_id="508" sentence="19" number="0">Gigante</token>
<token t_id="509" sentence="19" number="1">looked</token>
<token t_id="510" sentence="19" number="2">the</token>
<token t_id="511" sentence="19" number="3">part</token>
<token t_id="512" sentence="19" number="4">,</token>
<token t_id="513" sentence="19" number="5">a</token>
<token t_id="514" sentence="19" number="6">stocky</token>
<token t_id="515" sentence="19" number="7">figure</token>
<token t_id="516" sentence="19" number="8">with</token>
<token t_id="517" sentence="19" number="9">a</token>
<token t_id="518" sentence="19" number="10">pugilist's</token>
<token t_id="519" sentence="19" number="11">face</token>
<token t_id="520" sentence="19" number="12">and</token>
<token t_id="521" sentence="19" number="13">1940s</token>
<token t_id="522" sentence="19" number="14">Brylcreem</token>
<token t_id="523" sentence="19" number="15">pompadour</token>
<token t_id="524" sentence="19" number="16">.</token>
<token t_id="525" sentence="20" number="0">Mob</token>
<token t_id="526" sentence="20" number="1">experts</token>
<token t_id="527" sentence="20" number="2">called</token>
<token t_id="528" sentence="20" number="3">him</token>
<token t_id="529" sentence="20" number="4">a</token>
<token t_id="530" sentence="20" number="5">traditional</token>
<token t_id="531" sentence="20" number="6">boss</token>
<token t_id="532" sentence="20" number="7">,</token>
<token t_id="533" sentence="20" number="8">trusted</token>
<token t_id="534" sentence="20" number="9">by</token>
<token t_id="535" sentence="20" number="10">others</token>
<token t_id="536" sentence="20" number="11">,</token>
<token t_id="537" sentence="20" number="12">who</token>
<token t_id="538" sentence="20" number="13">settled</token>
<token t_id="539" sentence="20" number="14">issues</token>
<token t_id="540" sentence="20" number="15">by</token>
<token t_id="541" sentence="20" number="16">whatever</token>
<token t_id="542" sentence="20" number="17">means</token>
<token t_id="543" sentence="20" number="18">-</token>
<token t_id="544" sentence="20" number="19">verbal</token>
<token t_id="545" sentence="20" number="20">or</token>
<token t_id="546" sentence="20" number="21">violent</token>
<token t_id="547" sentence="20" number="22">-</token>
<token t_id="548" sentence="20" number="23">were</token>
<token t_id="549" sentence="20" number="24">required</token>
<token t_id="550" sentence="20" number="25">.</token>
<token t_id="551" sentence="21" number="0">His</token>
<token t_id="552" sentence="21" number="1">fall</token>
<token t_id="553" sentence="21" number="2">from</token>
<token t_id="554" sentence="21" number="3">power</token>
<token t_id="555" sentence="21" number="4">was</token>
<token t_id="556" sentence="21" number="5">sealed</token>
<token t_id="557" sentence="21" number="6">in</token>
<token t_id="558" sentence="21" number="7">a</token>
<token t_id="559" sentence="21" number="8">Brooklyn</token>
<token t_id="560" sentence="21" number="9">courtroom</token>
<token t_id="561" sentence="21" number="10">where</token>
<token t_id="562" sentence="21" number="11">a</token>
<token t_id="563" sentence="21" number="12">parade</token>
<token t_id="564" sentence="21" number="13">of</token>
<token t_id="565" sentence="21" number="14">six</token>
<token t_id="566" sentence="21" number="15">turncoat</token>
<token t_id="567" sentence="21" number="16">mobsters</token>
<token t_id="568" sentence="21" number="17">,</token>
<token t_id="569" sentence="21" number="18">led</token>
<token t_id="570" sentence="21" number="19">by</token>
<token t_id="571" sentence="21" number="20">ex</token>
<token t_id="572" sentence="21" number="21">-</token>
<token t_id="573" sentence="21" number="22">Gotti</token>
<token t_id="574" sentence="21" number="23">underboss</token>
<token t_id="575" sentence="21" number="24">Salvatore</token>
<token t_id="576" sentence="21" number="25">"Sammy</token>
<token t_id="577" sentence="21" number="26">the</token>
<token t_id="578" sentence="21" number="27">Bull"</token>
<token t_id="579" sentence="21" number="28">Gravano</token>
<token t_id="580" sentence="21" number="29">,</token>
<token t_id="581" sentence="21" number="30">described</token>
<token t_id="582" sentence="21" number="31">"Chin's"</token>
<token t_id="583" sentence="21" number="32">power</token>
<token t_id="584" sentence="21" number="33">in</token>
<token t_id="585" sentence="21" number="34">the</token>
<token t_id="586" sentence="21" number="35">Genovese</token>
<token t_id="587" sentence="21" number="36">clan</token>
<token t_id="588" sentence="21" number="37">and</token>
<token t_id="589" sentence="21" number="38">the</token>
<token t_id="590" sentence="21" number="39">"Commission</token>
<token t_id="591" sentence="21" number="40">,</token>
<token t_id="592" sentence="21" number="41">"</token>
<token t_id="593" sentence="21" number="42">organized</token>
<token t_id="594" sentence="21" number="43">crime's</token>
<token t_id="595" sentence="21" number="44">ruling</token>
<token t_id="596" sentence="21" number="45">directorate</token>
<token t_id="597" sentence="21" number="46">.</token>
<token t_id="598" sentence="22" number="0">The</token>
<token t_id="599" sentence="22" number="1">trial</token>
<token t_id="600" sentence="22" number="2">was</token>
<token t_id="601" sentence="22" number="3">a</token>
<token t_id="602" sentence="22" number="4">spectacle</token>
<token t_id="603" sentence="22" number="5">,</token>
<token t_id="604" sentence="22" number="6">with</token>
<token t_id="605" sentence="22" number="7">Gigante</token>
<token t_id="606" sentence="22" number="8">in</token>
<token t_id="607" sentence="22" number="9">a</token>
<token t_id="608" sentence="22" number="10">wheelchair</token>
<token t_id="609" sentence="22" number="11">,</token>
<token t_id="610" sentence="22" number="12">mumbling</token>
<token t_id="611" sentence="22" number="13">silently</token>
<token t_id="612" sentence="22" number="14">,</token>
<token t_id="613" sentence="22" number="15">seemingly</token>
<token t_id="614" sentence="22" number="16">oblivious</token>
<token t_id="615" sentence="22" number="17">to</token>
<token t_id="616" sentence="22" number="18">the</token>
<token t_id="617" sentence="22" number="19">proceedings</token>
<token t_id="618" sentence="22" number="20">.</token>
<token t_id="619" sentence="23" number="0">His</token>
<token t_id="620" sentence="23" number="1">lawyers</token>
<token t_id="621" sentence="23" number="2">claimed</token>
<token t_id="622" sentence="23" number="3">they</token>
<token t_id="623" sentence="23" number="4">could</token>
<token t_id="624" sentence="23" number="5">not</token>
<token t_id="625" sentence="23" number="6">communicate</token>
<token t_id="626" sentence="23" number="7">in</token>
<token t_id="627" sentence="23" number="8">any</token>
<token t_id="628" sentence="23" number="9">"meaningful</token>
<token t_id="629" sentence="23" number="10">way"</token>
<token t_id="630" sentence="23" number="11">with</token>
<token t_id="631" sentence="23" number="12">a</token>
<token t_id="632" sentence="23" number="13">client</token>
<token t_id="633" sentence="23" number="14">who</token>
<token t_id="634" sentence="23" number="15">didn't</token>
<token t_id="635" sentence="23" number="16">know</token>
<token t_id="636" sentence="23" number="17">where</token>
<token t_id="637" sentence="23" number="18">he</token>
<token t_id="638" sentence="23" number="19">was</token>
<token t_id="639" sentence="23" number="20">,</token>
<token t_id="640" sentence="23" number="21">or</token>
<token t_id="641" sentence="23" number="22">why</token>
<token t_id="642" sentence="23" number="23">.</token>
<token t_id="643" sentence="24" number="0">At</token>
<token t_id="644" sentence="24" number="1">one</token>
<token t_id="645" sentence="24" number="2">point</token>
<token t_id="646" sentence="24" number="3">the</token>
<token t_id="647" sentence="24" number="4">trial</token>
<token t_id="648" sentence="24" number="5">turned</token>
<token t_id="649" sentence="24" number="6">into</token>
<token t_id="650" sentence="24" number="7">a</token>
<token t_id="651" sentence="24" number="8">"battle</token>
<token t_id="652" sentence="24" number="9">of</token>
<token t_id="653" sentence="24" number="10">the</token>
<token t_id="654" sentence="24" number="11">wheelchairs</token>
<token t_id="655" sentence="24" number="12">,</token>
<token t_id="656" sentence="24" number="13">"</token>
<token t_id="657" sentence="24" number="14">with</token>
<token t_id="658" sentence="24" number="15">testimony</token>
<token t_id="659" sentence="24" number="16">from</token>
<token t_id="660" sentence="24" number="17">Peter</token>
<token t_id="661" sentence="24" number="18">Chiodo</token>
<token t_id="662" sentence="24" number="19">,</token>
<token t_id="663" sentence="24" number="20">a</token>
<token t_id="664" sentence="24" number="21">300</token>
<token t_id="665" sentence="24" number="22">-</token>
<token t_id="666" sentence="24" number="23">plus</token>
<token t_id="667" sentence="24" number="24">-</token>
<token t_id="668" sentence="24" number="25">pound</token>
<token t_id="669" sentence="24" number="26">mobster</token>
<token t_id="670" sentence="24" number="27">who</token>
<token t_id="671" sentence="24" number="28">had</token>
<token t_id="672" sentence="24" number="29">survived</token>
<token t_id="673" sentence="24" number="30">a</token>
<token t_id="674" sentence="24" number="31">ganglaand</token>
<token t_id="675" sentence="24" number="32">execution</token>
<token t_id="676" sentence="24" number="33">only</token>
<token t_id="677" sentence="24" number="34">because</token>
<token t_id="678" sentence="24" number="35">his</token>
<token t_id="679" sentence="24" number="36">fat</token>
<token t_id="680" sentence="24" number="37">stopped</token>
<token t_id="681" sentence="24" number="38">a</token>
<token t_id="682" sentence="24" number="39">dozen</token>
<token t_id="683" sentence="24" number="40">bullets</token>
<token t_id="684" sentence="24" number="41">.</token>
<token t_id="685" sentence="25" number="0">None</token>
<token t_id="686" sentence="25" number="1">of</token>
<token t_id="687" sentence="25" number="2">that</token>
<token t_id="688" sentence="25" number="3">swayed</token>
<token t_id="689" sentence="25" number="4">jurors</token>
<token t_id="690" sentence="25" number="5">,</token>
<token t_id="691" sentence="25" number="6">who</token>
<token t_id="692" sentence="25" number="7">convicted</token>
<token t_id="693" sentence="25" number="8">Gigante</token>
<token t_id="694" sentence="25" number="9">of</token>
<token t_id="695" sentence="25" number="10">racketeering</token>
<token t_id="696" sentence="25" number="11">,</token>
<token t_id="697" sentence="25" number="12">extortion</token>
<token t_id="698" sentence="25" number="13">and</token>
<token t_id="699" sentence="25" number="14">plotting</token>
<token t_id="700" sentence="25" number="15">the</token>
<token t_id="701" sentence="25" number="16">murder</token>
<token t_id="702" sentence="25" number="17">-</token>
<token t_id="703" sentence="25" number="18">never</token>
<token t_id="704" sentence="25" number="19">carried</token>
<token t_id="705" sentence="25" number="20">out</token>
<token t_id="706" sentence="25" number="21">-</token>
<token t_id="707" sentence="25" number="22">of</token>
<token t_id="708" sentence="25" number="23">ex</token>
<token t_id="709" sentence="25" number="24">-</token>
<token t_id="710" sentence="25" number="25">mob</token>
<token t_id="711" sentence="25" number="26">associate</token>
<token t_id="712" sentence="25" number="27">Peter</token>
<token t_id="713" sentence="25" number="28">Savino</token>
<token t_id="714" sentence="25" number="29">.</token>
<token t_id="715" sentence="26" number="0">"Defendant</token>
<token t_id="716" sentence="26" number="1">has</token>
<token t_id="717" sentence="26" number="2">been</token>
<token t_id="718" sentence="26" number="3">consistently</token>
<token t_id="719" sentence="26" number="4">feigning</token>
<token t_id="720" sentence="26" number="5">insanity</token>
<token t_id="721" sentence="26" number="6">for</token>
<token t_id="722" sentence="26" number="7">many</token>
<token t_id="723" sentence="26" number="8">years</token>
<token t_id="724" sentence="26" number="9">and</token>
<token t_id="725" sentence="26" number="10">is</token>
<token t_id="726" sentence="26" number="11">still</token>
<token t_id="727" sentence="26" number="12">doing</token>
<token t_id="728" sentence="26" number="13">so</token>
<token t_id="729" sentence="26" number="14">in</token>
<token t_id="730" sentence="26" number="15">a</token>
<token t_id="731" sentence="26" number="16">shrewd</token>
<token t_id="732" sentence="26" number="17">attempt</token>
<token t_id="733" sentence="26" number="18">to</token>
<token t_id="734" sentence="26" number="19">avoid</token>
<token t_id="735" sentence="26" number="20">punishment</token>
<token t_id="736" sentence="26" number="21">for</token>
<token t_id="737" sentence="26" number="22">his</token>
<token t_id="738" sentence="26" number="23">crimes</token>
<token t_id="739" sentence="26" number="24">,</token>
<token t_id="740" sentence="26" number="25">"</token>
<token t_id="741" sentence="26" number="26">U</token>
<token t_id="742" sentence="26" number="27">.</token>
<token t_id="743" sentence="26" number="28">S</token>
<token t_id="744" sentence="26" number="29">.</token>
<token t_id="745" sentence="26" number="30">District</token>
<token t_id="746" sentence="26" number="31">Judge</token>
<token t_id="747" sentence="26" number="32">Jack</token>
<token t_id="748" sentence="26" number="33">B</token>
<token t_id="749" sentence="26" number="34">.</token>
<token t_id="750" sentence="26" number="35">Weinstein</token>
<token t_id="751" sentence="26" number="36">said</token>
<token t_id="752" sentence="26" number="37">in</token>
<token t_id="753" sentence="26" number="38">sentencing</token>
<token t_id="754" sentence="26" number="39">Gigante</token>
<token t_id="755" sentence="26" number="40">to</token>
<token t_id="756" sentence="26" number="41">12</token>
<token t_id="757" sentence="26" number="42">years</token>
<token t_id="758" sentence="26" number="43">in</token>
<token t_id="759" sentence="26" number="44">prison</token>
<token t_id="760" sentence="26" number="45">.</token>
<token t_id="761" sentence="27" number="0">"He</token>
<token t_id="762" sentence="27" number="1">is</token>
<token t_id="763" sentence="27" number="2">a</token>
<token t_id="764" sentence="27" number="3">shadow</token>
<token t_id="765" sentence="27" number="4">of</token>
<token t_id="766" sentence="27" number="5">his</token>
<token t_id="767" sentence="27" number="6">former</token>
<token t_id="768" sentence="27" number="7">self</token>
<token t_id="769" sentence="27" number="8">-</token>
<token t_id="770" sentence="27" number="9">an</token>
<token t_id="771" sentence="27" number="10">old</token>
<token t_id="772" sentence="27" number="11">man</token>
<token t_id="773" sentence="27" number="12">finally</token>
<token t_id="774" sentence="27" number="13">brought</token>
<token t_id="775" sentence="27" number="14">to</token>
<token t_id="776" sentence="27" number="15">bay</token>
<token t_id="777" sentence="27" number="16">in</token>
<token t_id="778" sentence="27" number="17">his</token>
<token t_id="779" sentence="27" number="18">declining</token>
<token t_id="780" sentence="27" number="19">years</token>
<token t_id="781" sentence="27" number="20">after</token>
<token t_id="782" sentence="27" number="21">decades</token>
<token t_id="783" sentence="27" number="22">of</token>
<token t_id="784" sentence="27" number="23">vicious</token>
<token t_id="785" sentence="27" number="24">criminal</token>
<token t_id="786" sentence="27" number="25">tyranny</token>
<token t_id="787" sentence="27" number="26">.</token>
<token t_id="788" sentence="27" number="27">"</token>
<token t_id="789" sentence="28" number="0">The</token>
<token t_id="790" sentence="28" number="1">verdict</token>
<token t_id="791" sentence="28" number="2">was</token>
<token t_id="792" sentence="28" number="3">a</token>
<token t_id="793" sentence="28" number="4">major</token>
<token t_id="794" sentence="28" number="5">blow</token>
<token t_id="795" sentence="28" number="6">to</token>
<token t_id="796" sentence="28" number="7">a</token>
<token t_id="797" sentence="28" number="8">Mafia</token>
<token t_id="798" sentence="28" number="9">already</token>
<token t_id="799" sentence="28" number="10">reeling</token>
<token t_id="800" sentence="28" number="11">from</token>
<token t_id="801" sentence="28" number="12">defections</token>
<token t_id="802" sentence="28" number="13">and</token>
<token t_id="803" sentence="28" number="14">convictions</token>
<token t_id="804" sentence="28" number="15">under</token>
<token t_id="805" sentence="28" number="16">the</token>
<token t_id="806" sentence="28" number="17">federal</token>
<token t_id="807" sentence="28" number="18">racketeering</token>
<token t_id="808" sentence="28" number="19">statute</token>
<token t_id="809" sentence="28" number="20">.</token>
<token t_id="810" sentence="29" number="0">Although</token>
<token t_id="811" sentence="29" number="1">Gigante</token>
<token t_id="812" sentence="29" number="2">allegedly</token>
<token t_id="813" sentence="29" number="3">ran</token>
<token t_id="814" sentence="29" number="4">the</token>
<token t_id="815" sentence="29" number="5">family</token>
<token t_id="816" sentence="29" number="6">from</token>
<token t_id="817" sentence="29" number="7">prison</token>
<token t_id="818" sentence="29" number="8">,</token>
<token t_id="819" sentence="29" number="9">the</token>
<token t_id="820" sentence="29" number="10">Genovese</token>
<token t_id="821" sentence="29" number="11">clan</token>
<token t_id="822" sentence="29" number="12">joined</token>
<token t_id="823" sentence="29" number="13">the</token>
<token t_id="824" sentence="29" number="14">city's</token>
<token t_id="825" sentence="29" number="15">four</token>
<token t_id="826" sentence="29" number="16">other</token>
<token t_id="827" sentence="29" number="17">mob</token>
<token t_id="828" sentence="29" number="18">families</token>
<token t_id="829" sentence="29" number="19">in</token>
<token t_id="830" sentence="29" number="20">disarray</token>
<token t_id="831" sentence="29" number="21">after</token>
<token t_id="832" sentence="29" number="22">he</token>
<token t_id="833" sentence="29" number="23">was</token>
<token t_id="834" sentence="29" number="24">jailed</token>
<token t_id="835" sentence="29" number="25">.</token>
<token t_id="836" sentence="30" number="0">Lawyer</token>
<token t_id="837" sentence="30" number="1">Michael</token>
<token t_id="838" sentence="30" number="2">Marinaccio</token>
<token t_id="839" sentence="30" number="3">,</token>
<token t_id="840" sentence="30" number="4">who</token>
<token t_id="841" sentence="30" number="5">led</token>
<token t_id="842" sentence="30" number="6">Gigante's</token>
<token t_id="843" sentence="30" number="7">defense</token>
<token t_id="844" sentence="30" number="8">team</token>
<token t_id="845" sentence="30" number="9">,</token>
<token t_id="846" sentence="30" number="10">said</token>
<token t_id="847" sentence="30" number="11">Monday</token>
<token t_id="848" sentence="30" number="12">that</token>
<token t_id="849" sentence="30" number="13">"putting</token>
<token t_id="850" sentence="30" number="14">aside</token>
<token t_id="851" sentence="30" number="15">the</token>
<token t_id="852" sentence="30" number="16">mental</token>
<token t_id="853" sentence="30" number="17">stuff</token>
<token t_id="854" sentence="30" number="18">,</token>
<token t_id="855" sentence="30" number="19">"</token>
<token t_id="856" sentence="30" number="20">Gigante</token>
<token t_id="857" sentence="30" number="21">had</token>
<token t_id="858" sentence="30" number="22">suffered</token>
<token t_id="859" sentence="30" number="23">from</token>
<token t_id="860" sentence="30" number="24">"a</token>
<token t_id="861" sentence="30" number="25">multitude</token>
<token t_id="862" sentence="30" number="26">of</token>
<token t_id="863" sentence="30" number="27">medical</token>
<token t_id="864" sentence="30" number="28">issues</token>
<token t_id="865" sentence="30" number="29">relating</token>
<token t_id="866" sentence="30" number="30">to</token>
<token t_id="867" sentence="30" number="31">the</token>
<token t_id="868" sentence="30" number="32">heart</token>
<token t_id="869" sentence="30" number="33">,</token>
<token t_id="870" sentence="30" number="34">"</token>
<token t_id="871" sentence="30" number="35">and</token>
<token t_id="872" sentence="30" number="36">had</token>
<token t_id="873" sentence="30" number="37">undergone</token>
<token t_id="874" sentence="30" number="38">open</token>
<token t_id="875" sentence="30" number="39">heart</token>
<token t_id="876" sentence="30" number="40">surgery</token>
<token t_id="877" sentence="30" number="41">twice</token>
<token t_id="878" sentence="30" number="42">,</token>
<token t_id="879" sentence="30" number="43">in</token>
<token t_id="880" sentence="30" number="44">1988</token>
<token t_id="881" sentence="30" number="45">and</token>
<token t_id="882" sentence="30" number="46">1996</token>
<token t_id="883" sentence="30" number="47">.</token>
<token t_id="884" sentence="31" number="0">Recently</token>
<token t_id="885" sentence="31" number="1">when</token>
<token t_id="886" sentence="31" number="2">he</token>
<token t_id="887" sentence="31" number="3">complained</token>
<token t_id="888" sentence="31" number="4">of</token>
<token t_id="889" sentence="31" number="5">breathing</token>
<token t_id="890" sentence="31" number="6">difficulties</token>
<token t_id="891" sentence="31" number="7">,</token>
<token t_id="892" sentence="31" number="8">his</token>
<token t_id="893" sentence="31" number="9">family</token>
<token t_id="894" sentence="31" number="10">obtained</token>
<token t_id="895" sentence="31" number="11">a</token>
<token t_id="896" sentence="31" number="12">court</token>
<token t_id="897" sentence="31" number="13">order</token>
<token t_id="898" sentence="31" number="14">to</token>
<token t_id="899" sentence="31" number="15">have</token>
<token t_id="900" sentence="31" number="16">him</token>
<token t_id="901" sentence="31" number="17">treated</token>
<token t_id="902" sentence="31" number="18">at</token>
<token t_id="903" sentence="31" number="19">a</token>
<token t_id="904" sentence="31" number="20">hospital</token>
<token t_id="905" sentence="31" number="21">outside</token>
<token t_id="906" sentence="31" number="22">the</token>
<token t_id="907" sentence="31" number="23">prison</token>
<token t_id="908" sentence="31" number="24">until</token>
<token t_id="909" sentence="31" number="25">about</token>
<token t_id="910" sentence="31" number="26">two</token>
<token t_id="911" sentence="31" number="27">weeks</token>
<token t_id="912" sentence="31" number="28">ago</token>
<token t_id="913" sentence="31" number="29">,</token>
<token t_id="914" sentence="31" number="30">Marinaccio</token>
<token t_id="915" sentence="31" number="31">said</token>
<token t_id="916" sentence="31" number="32">in</token>
<token t_id="917" sentence="31" number="33">a</token>
<token t_id="918" sentence="31" number="34">telephone</token>
<token t_id="919" sentence="31" number="35">interview</token>
<token t_id="920" sentence="31" number="36">.</token>
<token t_id="921" sentence="32" number="0">"Vincent</token>
<token t_id="922" sentence="32" number="1">was</token>
<token t_id="923" sentence="32" number="2">very</token>
<token t_id="924" sentence="32" number="3">frail</token>
<token t_id="925" sentence="32" number="4">,</token>
<token t_id="926" sentence="32" number="5">and</token>
<token t_id="927" sentence="32" number="6">I</token>
<token t_id="928" sentence="32" number="7">have</token>
<token t_id="929" sentence="32" number="8">to</token>
<token t_id="930" sentence="32" number="9">say</token>
<token t_id="931" sentence="32" number="10">the</token>
<token t_id="932" sentence="32" number="11">prison</token>
<token t_id="933" sentence="32" number="12">medical</token>
<token t_id="934" sentence="32" number="13">care</token>
<token t_id="935" sentence="32" number="14">was</token>
<token t_id="936" sentence="32" number="15">substandard</token>
<token t_id="937" sentence="32" number="16">,</token>
<token t_id="938" sentence="32" number="17">no</token>
<token t_id="939" sentence="32" number="18">matter</token>
<token t_id="940" sentence="32" number="19">where</token>
<token t_id="941" sentence="32" number="20">he</token>
<token t_id="942" sentence="32" number="21">was</token>
<token t_id="943" sentence="32" number="22">,</token>
<token t_id="944" sentence="32" number="23">"</token>
<token t_id="945" sentence="32" number="24">Marinaccio</token>
<token t_id="946" sentence="32" number="25">said</token>
<token t_id="947" sentence="32" number="26">.</token>
<token t_id="948" sentence="33" number="0">"The</token>
<token t_id="949" sentence="33" number="1">family</token>
<token t_id="950" sentence="33" number="2">is</token>
<token t_id="951" sentence="33" number="3">very</token>
<token t_id="952" sentence="33" number="4">close</token>
<token t_id="953" sentence="33" number="5">,</token>
<token t_id="954" sentence="33" number="6">they</token>
<token t_id="955" sentence="33" number="7">made</token>
<token t_id="956" sentence="33" number="8">regular</token>
<token t_id="957" sentence="33" number="9">visits</token>
<token t_id="958" sentence="33" number="10">,</token>
<token t_id="959" sentence="33" number="11">and</token>
<token t_id="960" sentence="33" number="12">I</token>
<token t_id="961" sentence="33" number="13">feel</token>
<token t_id="962" sentence="33" number="14">especially</token>
<token t_id="963" sentence="33" number="15">bad</token>
<token t_id="964" sentence="33" number="16">for</token>
<token t_id="965" sentence="33" number="17">them</token>
<token t_id="966" sentence="33" number="18">,</token>
<token t_id="967" sentence="33" number="19">"</token>
<token t_id="968" sentence="33" number="20">he</token>
<token t_id="969" sentence="33" number="21">added</token>
<token t_id="970" sentence="33" number="22">.</token>
<token t_id="971" sentence="34" number="0">Born</token>
<token t_id="972" sentence="34" number="1">in</token>
<token t_id="973" sentence="34" number="2">the</token>
<token t_id="974" sentence="34" number="3">Bronx</token>
<token t_id="975" sentence="34" number="4">in</token>
<token t_id="976" sentence="34" number="5">1928</token>
<token t_id="977" sentence="34" number="6">,</token>
<token t_id="978" sentence="34" number="7">one</token>
<token t_id="979" sentence="34" number="8">of</token>
<token t_id="980" sentence="34" number="9">five</token>
<token t_id="981" sentence="34" number="10">sons</token>
<token t_id="982" sentence="34" number="11">of</token>
<token t_id="983" sentence="34" number="12">Italian</token>
<token t_id="984" sentence="34" number="13">immigrant</token>
<token t_id="985" sentence="34" number="14">parents</token>
<token t_id="986" sentence="34" number="15">,</token>
<token t_id="987" sentence="34" number="16">Gigante</token>
<token t_id="988" sentence="34" number="17">was</token>
<token t_id="989" sentence="34" number="18">nicknamed</token>
<token t_id="990" sentence="34" number="19">"Chin"</token>
<token t_id="991" sentence="34" number="20">-</token>
<token t_id="992" sentence="34" number="21">short</token>
<token t_id="993" sentence="34" number="22">for</token>
<token t_id="994" sentence="34" number="23">"Vincenzo"</token>
<token t_id="995" sentence="34" number="24">-</token>
<token t_id="996" sentence="34" number="25">by</token>
<token t_id="997" sentence="34" number="26">his</token>
<token t_id="998" sentence="34" number="27">mother</token>
<token t_id="999" sentence="34" number="28">.</token>
<token t_id="1000" sentence="35" number="0">He</token>
<token t_id="1001" sentence="35" number="1">became</token>
<token t_id="1002" sentence="35" number="2">a</token>
<token t_id="1003" sentence="35" number="3">small</token>
<token t_id="1004" sentence="35" number="4">-</token>
<token t_id="1005" sentence="35" number="5">time</token>
<token t_id="1006" sentence="35" number="6">boxer</token>
<token t_id="1007" sentence="35" number="7">and</token>
<token t_id="1008" sentence="35" number="8">drifted</token>
<token t_id="1009" sentence="35" number="9">into</token>
<token t_id="1010" sentence="35" number="10">the</token>
<token t_id="1011" sentence="35" number="11">crime</token>
<token t_id="1012" sentence="35" number="12">family</token>
<token t_id="1013" sentence="35" number="13">founded</token>
<token t_id="1014" sentence="35" number="14">in</token>
<token t_id="1015" sentence="35" number="15">1931</token>
<token t_id="1016" sentence="35" number="16">by</token>
<token t_id="1017" sentence="35" number="17">legendary</token>
<token t_id="1018" sentence="35" number="18">gangster</token>
<token t_id="1019" sentence="35" number="19">Charles</token>
<token t_id="1020" sentence="35" number="20">"Lucky"</token>
<token t_id="1021" sentence="35" number="21">Luciano</token>
<token t_id="1022" sentence="35" number="22">.</token>
<token t_id="1023" sentence="36" number="0">In</token>
<token t_id="1024" sentence="36" number="1">1957</token>
<token t_id="1025" sentence="36" number="2">,</token>
<token t_id="1026" sentence="36" number="3">Gigante</token>
<token t_id="1027" sentence="36" number="4">was</token>
<token t_id="1028" sentence="36" number="5">the</token>
<token t_id="1029" sentence="36" number="6">hitman</token>
<token t_id="1030" sentence="36" number="7">in</token>
<token t_id="1031" sentence="36" number="8">a</token>
<token t_id="1032" sentence="36" number="9">botched</token>
<token t_id="1033" sentence="36" number="10">attempt</token>
<token t_id="1034" sentence="36" number="11">to</token>
<token t_id="1035" sentence="36" number="12">assassinate</token>
<token t_id="1036" sentence="36" number="13">then</token>
<token t_id="1037" sentence="36" number="14">-</token>
<token t_id="1038" sentence="36" number="15">boss</token>
<token t_id="1039" sentence="36" number="16">Frank</token>
<token t_id="1040" sentence="36" number="17">Costello</token>
<token t_id="1041" sentence="36" number="18">.</token>
<token t_id="1042" sentence="37" number="0">After</token>
<token t_id="1043" sentence="37" number="1">refusing</token>
<token t_id="1044" sentence="37" number="2">to</token>
<token t_id="1045" sentence="37" number="3">name</token>
<token t_id="1046" sentence="37" number="4">his</token>
<token t_id="1047" sentence="37" number="5">attacker</token>
<token t_id="1048" sentence="37" number="6">in</token>
<token t_id="1049" sentence="37" number="7">court</token>
<token t_id="1050" sentence="37" number="8">,</token>
<token t_id="1051" sentence="37" number="9">the</token>
<token t_id="1052" sentence="37" number="10">shaken</token>
<token t_id="1053" sentence="37" number="11">Costello</token>
<token t_id="1054" sentence="37" number="12">retired</token>
<token t_id="1055" sentence="37" number="13">,</token>
<token t_id="1056" sentence="37" number="14">making</token>
<token t_id="1057" sentence="37" number="15">Gigante's</token>
<token t_id="1058" sentence="37" number="16">patron</token>
<token t_id="1059" sentence="37" number="17">,</token>
<token t_id="1060" sentence="37" number="18">Vito</token>
<token t_id="1061" sentence="37" number="19">Genovese</token>
<token t_id="1062" sentence="37" number="20">,</token>
<token t_id="1063" sentence="37" number="21">kingpin</token>
<token t_id="1064" sentence="37" number="22">of</token>
<token t_id="1065" sentence="37" number="23">the</token>
<token t_id="1066" sentence="37" number="24">family</token>
<token t_id="1067" sentence="37" number="25">that</token>
<token t_id="1068" sentence="37" number="26">still</token>
<token t_id="1069" sentence="37" number="27">bears</token>
<token t_id="1070" sentence="37" number="28">his</token>
<token t_id="1071" sentence="37" number="29">name</token>
<token t_id="1072" sentence="37" number="30">.</token>
<token t_id="1073" sentence="38" number="0">Over</token>
<token t_id="1074" sentence="38" number="1">time</token>
<token t_id="1075" sentence="38" number="2">,</token>
<token t_id="1076" sentence="38" number="3">Gigante</token>
<token t_id="1077" sentence="38" number="4">proved</token>
<token t_id="1078" sentence="38" number="5">better</token>
<token t_id="1079" sentence="38" number="6">at</token>
<token t_id="1080" sentence="38" number="7">beating</token>
<token t_id="1081" sentence="38" number="8">the</token>
<token t_id="1082" sentence="38" number="9">law</token>
<token t_id="1083" sentence="38" number="10">than</token>
<token t_id="1084" sentence="38" number="11">Gotti</token>
<token t_id="1085" sentence="38" number="12">,</token>
<token t_id="1086" sentence="38" number="13">the</token>
<token t_id="1087" sentence="38" number="14">so</token>
<token t_id="1088" sentence="38" number="15">-</token>
<token t_id="1089" sentence="38" number="16">called</token>
<token t_id="1090" sentence="38" number="17">"Teflon</token>
<token t_id="1091" sentence="38" number="18">Don"</token>
<token t_id="1092" sentence="38" number="19">who</token>
<token t_id="1093" sentence="38" number="20">won</token>
<token t_id="1094" sentence="38" number="21">two</token>
<token t_id="1095" sentence="38" number="22">acquittals</token>
<token t_id="1096" sentence="38" number="23">before</token>
<token t_id="1097" sentence="38" number="24">tapes</token>
<token t_id="1098" sentence="38" number="25">and</token>
<token t_id="1099" sentence="38" number="26">turncoats</token>
<token t_id="1100" sentence="38" number="27">sent</token>
<token t_id="1101" sentence="38" number="28">him</token>
<token t_id="1102" sentence="38" number="29">to</token>
<token t_id="1103" sentence="38" number="30">prison</token>
<token t_id="1104" sentence="38" number="31">for</token>
<token t_id="1105" sentence="38" number="32">life</token>
<token t_id="1106" sentence="38" number="33">.</token>
<token t_id="1107" sentence="39" number="0">Prior</token>
<token t_id="1108" sentence="39" number="1">to</token>
<token t_id="1109" sentence="39" number="2">1997</token>
<token t_id="1110" sentence="39" number="3">,</token>
<token t_id="1111" sentence="39" number="4">Gigante</token>
<token t_id="1112" sentence="39" number="5">had</token>
<token t_id="1113" sentence="39" number="6">served</token>
<token t_id="1114" sentence="39" number="7">only</token>
<token t_id="1115" sentence="39" number="8">a</token>
<token t_id="1116" sentence="39" number="9">five</token>
<token t_id="1117" sentence="39" number="10">-</token>
<token t_id="1118" sentence="39" number="11">year</token>
<token t_id="1119" sentence="39" number="12">heroin</token>
<token t_id="1120" sentence="39" number="13">rap</token>
<token t_id="1121" sentence="39" number="14">in</token>
<token t_id="1122" sentence="39" number="15">1959</token>
<token t_id="1123" sentence="39" number="16">.</token>
<token t_id="1124" sentence="40" number="0">As</token>
<token t_id="1125" sentence="40" number="1">boss</token>
<token t_id="1126" sentence="40" number="2">,</token>
<token t_id="1127" sentence="40" number="3">Gigante's</token>
<token t_id="1128" sentence="40" number="4">watchword</token>
<token t_id="1129" sentence="40" number="5">was</token>
<token t_id="1130" sentence="40" number="6">secrecy</token>
<token t_id="1131" sentence="40" number="7">.</token>
<token t_id="1132" sentence="41" number="0">A</token>
<token t_id="1133" sentence="41" number="1">sign</token>
<token t_id="1134" sentence="41" number="2">at</token>
<token t_id="1135" sentence="41" number="3">his</token>
<token t_id="1136" sentence="41" number="4">headquarters</token>
<token t_id="1137" sentence="41" number="5">warned</token>
<token t_id="1138" sentence="41" number="6">,</token>
<token t_id="1139" sentence="41" number="7">"Don't</token>
<token t_id="1140" sentence="41" number="8">talk</token>
<token t_id="1141" sentence="41" number="9">.</token>
<token t_id="1142" sentence="42" number="0">This</token>
<token t_id="1143" sentence="42" number="1">place</token>
<token t_id="1144" sentence="42" number="2">is</token>
<token t_id="1145" sentence="42" number="3">bugged</token>
<token t_id="1146" sentence="42" number="4">.</token>
<token t_id="1147" sentence="42" number="5">"</token>
<token t_id="1148" sentence="43" number="0">He</token>
<token t_id="1149" sentence="43" number="1">held</token>
<token t_id="1150" sentence="43" number="2">Commission</token>
<token t_id="1151" sentence="43" number="3">meetings</token>
<token t_id="1152" sentence="43" number="4">in</token>
<token t_id="1153" sentence="43" number="5">his</token>
<token t_id="1154" sentence="43" number="6">mother's</token>
<token t_id="1155" sentence="43" number="7">apartment</token>
<token t_id="1156" sentence="43" number="8">house</token>
<token t_id="1157" sentence="43" number="9">.</token>
<token t_id="1158" sentence="44" number="0">Fellow</token>
<token t_id="1159" sentence="44" number="1">mobsters</token>
<token t_id="1160" sentence="44" number="2">,</token>
<token t_id="1161" sentence="44" number="3">ordered</token>
<token t_id="1162" sentence="44" number="4">never</token>
<token t_id="1163" sentence="44" number="5">to</token>
<token t_id="1164" sentence="44" number="6">say</token>
<token t_id="1165" sentence="44" number="7">his</token>
<token t_id="1166" sentence="44" number="8">name</token>
<token t_id="1167" sentence="44" number="9">in</token>
<token t_id="1168" sentence="44" number="10">public</token>
<token t_id="1169" sentence="44" number="11">,</token>
<token t_id="1170" sentence="44" number="12">referred</token>
<token t_id="1171" sentence="44" number="13">to</token>
<token t_id="1172" sentence="44" number="14">him</token>
<token t_id="1173" sentence="44" number="15">by</token>
<token t_id="1174" sentence="44" number="16">stroking</token>
<token t_id="1175" sentence="44" number="17">their</token>
<token t_id="1176" sentence="44" number="18">chins</token>
<token t_id="1177" sentence="44" number="19">.</token>
<token t_id="1178" sentence="45" number="0">He</token>
<token t_id="1179" sentence="45" number="1">also</token>
<token t_id="1180" sentence="45" number="2">turned</token>
<token t_id="1181" sentence="45" number="3">his</token>
<token t_id="1182" sentence="45" number="4">claim</token>
<token t_id="1183" sentence="45" number="5">of</token>
<token t_id="1184" sentence="45" number="6">mental</token>
<token t_id="1185" sentence="45" number="7">illness</token>
<token t_id="1186" sentence="45" number="8">-</token>
<token t_id="1187" sentence="45" number="9">first</token>
<token t_id="1188" sentence="45" number="10">used</token>
<token t_id="1189" sentence="45" number="11">to</token>
<token t_id="1190" sentence="45" number="12">escape</token>
<token t_id="1191" sentence="45" number="13">trial</token>
<token t_id="1192" sentence="45" number="14">in</token>
<token t_id="1193" sentence="45" number="15">a</token>
<token t_id="1194" sentence="45" number="16">1970</token>
<token t_id="1195" sentence="45" number="17">police</token>
<token t_id="1196" sentence="45" number="18">-</token>
<token t_id="1197" sentence="45" number="19">bribery</token>
<token t_id="1198" sentence="45" number="20">case</token>
<token t_id="1199" sentence="45" number="21">-</token>
<token t_id="1200" sentence="45" number="22">into</token>
<token t_id="1201" sentence="45" number="23">a</token>
<token t_id="1202" sentence="45" number="24">full</token>
<token t_id="1203" sentence="45" number="25">-</token>
<token t_id="1204" sentence="45" number="26">time</token>
<token t_id="1205" sentence="45" number="27">strategy</token>
<token t_id="1206" sentence="45" number="28">,</token>
<token t_id="1207" sentence="45" number="29">behaving</token>
<token t_id="1208" sentence="45" number="30">weirdly</token>
<token t_id="1209" sentence="45" number="31">in</token>
<token t_id="1210" sentence="45" number="32">public</token>
<token t_id="1211" sentence="45" number="33">,</token>
<token t_id="1212" sentence="45" number="34">checking</token>
<token t_id="1213" sentence="45" number="35">into</token>
<token t_id="1214" sentence="45" number="36">psychiatric</token>
<token t_id="1215" sentence="45" number="37">treatment</token>
<token t_id="1216" sentence="45" number="38">clinics</token>
<token t_id="1217" sentence="45" number="39">whenever</token>
<token t_id="1218" sentence="45" number="40">the</token>
<token t_id="1219" sentence="45" number="41">FBI</token>
<token t_id="1220" sentence="45" number="42">turned</token>
<token t_id="1221" sentence="45" number="43">up</token>
<token t_id="1222" sentence="45" number="44">the</token>
<token t_id="1223" sentence="45" number="45">heat</token>
<token t_id="1224" sentence="45" number="46">.</token>
<token t_id="1225" sentence="46" number="0">There</token>
<token t_id="1226" sentence="46" number="1">were</token>
<token t_id="1227" sentence="46" number="2">comic</token>
<token t_id="1228" sentence="46" number="3">-</token>
<token t_id="1229" sentence="46" number="4">opera</token>
<token t_id="1230" sentence="46" number="5">moments</token>
<token t_id="1231" sentence="46" number="6">:</token>
<token t_id="1232" sentence="46" number="7">Once</token>
<token t_id="1233" sentence="46" number="8">,</token>
<token t_id="1234" sentence="46" number="9">agents</token>
<token t_id="1235" sentence="46" number="10">serving</token>
<token t_id="1236" sentence="46" number="11">a</token>
<token t_id="1237" sentence="46" number="12">subpoena</token>
<token t_id="1238" sentence="46" number="13">found</token>
<token t_id="1239" sentence="46" number="14">Gigante</token>
<token t_id="1240" sentence="46" number="15">standing</token>
<token t_id="1241" sentence="46" number="16">naked</token>
<token t_id="1242" sentence="46" number="17">in</token>
<token t_id="1243" sentence="46" number="18">the</token>
<token t_id="1244" sentence="46" number="19">shower</token>
<token t_id="1245" sentence="46" number="20">,</token>
<token t_id="1246" sentence="46" number="21">holding</token>
<token t_id="1247" sentence="46" number="22">an</token>
<token t_id="1248" sentence="46" number="23">umbrella</token>
<token t_id="1249" sentence="46" number="24">.</token>
<token t_id="1250" sentence="47" number="0">Another</token>
<token t_id="1251" sentence="47" number="1">time</token>
<token t_id="1252" sentence="47" number="2">,</token>
<token t_id="1253" sentence="47" number="3">upon</token>
<token t_id="1254" sentence="47" number="4">spotting</token>
<token t_id="1255" sentence="47" number="5">agents</token>
<token t_id="1256" sentence="47" number="6">watching</token>
<token t_id="1257" sentence="47" number="7">him</token>
<token t_id="1258" sentence="47" number="8">,</token>
<token t_id="1259" sentence="47" number="9">he</token>
<token t_id="1260" sentence="47" number="10">fell</token>
<token t_id="1261" sentence="47" number="11">to</token>
<token t_id="1262" sentence="47" number="12">the</token>
<token t_id="1263" sentence="47" number="13">sidewalk</token>
<token t_id="1264" sentence="47" number="14">and</token>
<token t_id="1265" sentence="47" number="15">prayed</token>
<token t_id="1266" sentence="47" number="16">.</token>
<token t_id="1267" sentence="48" number="0">Such</token>
<token t_id="1268" sentence="48" number="1">maneuvers</token>
<token t_id="1269" sentence="48" number="2">paid</token>
<token t_id="1270" sentence="48" number="3">off</token>
<token t_id="1271" sentence="48" number="4">.</token>
<token t_id="1272" sentence="49" number="0">In</token>
<token t_id="1273" sentence="49" number="1">1985</token>
<token t_id="1274" sentence="49" number="2">a</token>
<token t_id="1275" sentence="49" number="3">federal</token>
<token t_id="1276" sentence="49" number="4">crackdown</token>
<token t_id="1277" sentence="49" number="5">on</token>
<token t_id="1278" sentence="49" number="6">the</token>
<token t_id="1279" sentence="49" number="7">Commission</token>
<token t_id="1280" sentence="49" number="8">indicted</token>
<token t_id="1281" sentence="49" number="9">12</token>
<token t_id="1282" sentence="49" number="10">top</token>
<token t_id="1283" sentence="49" number="11">hoodlums</token>
<token t_id="1284" sentence="49" number="12">-</token>
<token t_id="1285" sentence="49" number="13">but</token>
<token t_id="1286" sentence="49" number="14">not</token>
<token t_id="1287" sentence="49" number="15">Gigante</token>
<token t_id="1288" sentence="49" number="16">,</token>
<token t_id="1289" sentence="49" number="17">who</token>
<token t_id="1290" sentence="49" number="18">some</token>
<token t_id="1291" sentence="49" number="19">experts</token>
<token t_id="1292" sentence="49" number="20">said</token>
<token t_id="1293" sentence="49" number="21">was</token>
<token t_id="1294" sentence="49" number="22">the</token>
<token t_id="1295" sentence="49" number="23">actual</token>
<token t_id="1296" sentence="49" number="24">leader</token>
<token t_id="1297" sentence="49" number="25">.</token>
<token t_id="1298" sentence="50" number="0">Yet</token>
<token t_id="1299" sentence="50" number="1">even</token>
<token t_id="1300" sentence="50" number="2">"Chin's"</token>
<token t_id="1301" sentence="50" number="3">ruses</token>
<token t_id="1302" sentence="50" number="4">were</token>
<token t_id="1303" sentence="50" number="5">not</token>
<token t_id="1304" sentence="50" number="6">always</token>
<token t_id="1305" sentence="50" number="7">airtight</token>
<token t_id="1306" sentence="50" number="8">;</token>
<token t_id="1307" sentence="50" number="9">some</token>
<token t_id="1308" sentence="50" number="10">mob</token>
<token t_id="1309" sentence="50" number="11">cronies</token>
<token t_id="1310" sentence="50" number="12">slipped</token>
<token t_id="1311" sentence="50" number="13">up</token>
<token t_id="1312" sentence="50" number="14">,</token>
<token t_id="1313" sentence="50" number="15">and</token>
<token t_id="1314" sentence="50" number="16">the</token>
<token t_id="1315" sentence="50" number="17">FBI</token>
<token t_id="1316" sentence="50" number="18">eventually</token>
<token t_id="1317" sentence="50" number="19">obtained</token>
<token t_id="1318" sentence="50" number="20">tapes</token>
<token t_id="1319" sentence="50" number="21">of</token>
<token t_id="1320" sentence="50" number="22">Gigante</token>
<token t_id="1321" sentence="50" number="23">acting</token>
<token t_id="1322" sentence="50" number="24">normally</token>
<token t_id="1323" sentence="50" number="25">in</token>
<token t_id="1324" sentence="50" number="26">private</token>
<token t_id="1325" sentence="50" number="27">.</token>
<token t_id="1326" sentence="51" number="0">Later</token>
<token t_id="1327" sentence="51" number="1">,</token>
<token t_id="1328" sentence="51" number="2">prison</token>
<token t_id="1329" sentence="51" number="3">psychologists</token>
<token t_id="1330" sentence="51" number="4">also</token>
<token t_id="1331" sentence="51" number="5">said</token>
<token t_id="1332" sentence="51" number="6">he</token>
<token t_id="1333" sentence="51" number="7">appeared</token>
<token t_id="1334" sentence="51" number="8">rational</token>
<token t_id="1335" sentence="51" number="9">at</token>
<token t_id="1336" sentence="51" number="10">times</token>
<token t_id="1337" sentence="51" number="11">.</token>
<token t_id="1338" sentence="52" number="0">Gigante</token>
<token t_id="1339" sentence="52" number="1">had</token>
<token t_id="1340" sentence="52" number="2">eight</token>
<token t_id="1341" sentence="52" number="3">children</token>
<token t_id="1342" sentence="52" number="4">by</token>
<token t_id="1343" sentence="52" number="5">his</token>
<token t_id="1344" sentence="52" number="6">wife</token>
<token t_id="1345" sentence="52" number="7">and</token>
<token t_id="1346" sentence="52" number="8">a</token>
<token t_id="1347" sentence="52" number="9">mistress</token>
<token t_id="1348" sentence="52" number="10">,</token>
<token t_id="1349" sentence="52" number="11">both</token>
<token t_id="1350" sentence="52" number="12">named</token>
<token t_id="1351" sentence="52" number="13">Olympia</token>
<token t_id="1352" sentence="52" number="14">.</token>
<token t_id="1353" sentence="53" number="0">Relatives</token>
<token t_id="1354" sentence="53" number="1">,</token>
<token t_id="1355" sentence="53" number="2">led</token>
<token t_id="1356" sentence="53" number="3">by</token>
<token t_id="1357" sentence="53" number="4">Rev</token>
<token t_id="1358" sentence="53" number="5">.</token>
<token t_id="1359" sentence="53" number="6">Louis</token>
<token t_id="1360" sentence="53" number="7">Gigante</token>
<token t_id="1361" sentence="53" number="8">,</token>
<token t_id="1362" sentence="53" number="9">his</token>
<token t_id="1363" sentence="53" number="10">priest</token>
<token t_id="1364" sentence="53" number="11">-</token>
<token t_id="1365" sentence="53" number="12">brother</token>
<token t_id="1366" sentence="53" number="13">and</token>
<token t_id="1367" sentence="53" number="14">most</token>
<token t_id="1368" sentence="53" number="15">ardent</token>
<token t_id="1369" sentence="53" number="16">defender</token>
<token t_id="1370" sentence="53" number="17">,</token>
<token t_id="1371" sentence="53" number="18">filled</token>
<token t_id="1372" sentence="53" number="19">three</token>
<token t_id="1373" sentence="53" number="20">rows</token>
<token t_id="1374" sentence="53" number="21">at</token>
<token t_id="1375" sentence="53" number="22">the</token>
<token t_id="1376" sentence="53" number="23">1997</token>
<token t_id="1377" sentence="53" number="24">trial</token>
<token t_id="1378" sentence="53" number="25">.</token>
<token t_id="1379" sentence="54" number="0">Louis</token>
<token t_id="1380" sentence="54" number="1">Gigante</token>
<token t_id="1381" sentence="54" number="2">was</token>
<token t_id="1382" sentence="54" number="3">in</token>
<token t_id="1383" sentence="54" number="4">court</token>
<token t_id="1384" sentence="54" number="5">when</token>
<token t_id="1385" sentence="54" number="6">his</token>
<token t_id="1386" sentence="54" number="7">brother</token>
<token t_id="1387" sentence="54" number="8">finally</token>
<token t_id="1388" sentence="54" number="9">admitted</token>
<token t_id="1389" sentence="54" number="10">to</token>
<token t_id="1390" sentence="54" number="11">faking</token>
<token t_id="1391" sentence="54" number="12">his</token>
<token t_id="1392" sentence="54" number="13">illness</token>
<token t_id="1393" sentence="54" number="14">.</token>
<Markables>
<ACTION_CAUSATIVE m_id="19"  >
  <token_anchor t_id="111"/>
</ACTION_CAUSATIVE>
<ACTION_OCCURRENCE m_id="9"  >
  <token_anchor t_id="47"/>
</ACTION_OCCURRENCE>
<ACTION_OCCURRENCE m_id="10"  >
  <token_anchor t_id="52"/>
</ACTION_OCCURRENCE>
<ACTION_OCCURRENCE m_id="11"  >
  <token_anchor t_id="68"/>
</ACTION_OCCURRENCE>
<ACTION_OCCURRENCE m_id="12"  >
  <token_anchor t_id="72"/>
</ACTION_OCCURRENCE>
<ACTION_OCCURRENCE m_id="13"  >
  <token_anchor t_id="86"/>
</ACTION_OCCURRENCE>
<ACTION_OCCURRENCE m_id="18"  >
  <token_anchor t_id="125"/>
</ACTION_OCCURRENCE>
<ACTION_OCCURRENCE m_id="8"  >
  <token_anchor t_id="22"/>
</ACTION_OCCURRENCE>
<ACTION_REPORTING m_id="24"  >
  <token_anchor t_id="121"/>
</ACTION_REPORTING>
<ACTION_REPORTING m_id="25"  >
  <token_anchor t_id="79"/>
</ACTION_REPORTING>
<ACTION_REPORTING m_id="33"  >
  <token_anchor t_id="104"/>
</ACTION_REPORTING>
<ACTION_STATE m_id="21"  >
  <token_anchor t_id="69"/>
  <token_anchor t_id="70"/>
</ACTION_STATE>
<ACTION_STATE m_id="23"  >
  <token_anchor t_id="127"/>
  <token_anchor t_id="128"/>
</ACTION_STATE>
<HUMAN_PART_PER m_id="14"  >
  <token_anchor t_id="44"/>
  <token_anchor t_id="45"/>
</HUMAN_PART_PER>
<HUMAN_PART_PER m_id="30"  >
  <token_anchor t_id="78"/>
</HUMAN_PART_PER>
<HUMAN_PART_PER m_id="31"  >
  <token_anchor t_id="97"/>
</HUMAN_PART_PER>
<HUMAN_PART_PER m_id="1"  >
  <token_anchor t_id="18"/>
  <token_anchor t_id="19"/>
  <token_anchor t_id="20"/>
</HUMAN_PART_PER>
<HUMAN_PART_PER m_id="2"  >
  <token_anchor t_id="37"/>
  <token_anchor t_id="38"/>
  <token_anchor t_id="39"/>
  <token_anchor t_id="40"/>
</HUMAN_PART_PER>
<HUMAN_PART_PER m_id="3"  >
  <token_anchor t_id="85"/>
</HUMAN_PART_PER>
<HUMAN_PART_PER m_id="4"  >
  <token_anchor t_id="107"/>
  <token_anchor t_id="108"/>
</HUMAN_PART_PER>
<HUMAN_PART_PER m_id="5"  >
  <token_anchor t_id="120"/>
</HUMAN_PART_PER>
<HUMAN_PART_PER m_id="6"  >
  <token_anchor t_id="122"/>
</HUMAN_PART_PER>
<LOC_FAC m_id="16"  >
  <token_anchor t_id="74"/>
  <token_anchor t_id="75"/>
</LOC_FAC>
<LOC_FAC m_id="17"  >
  <token_anchor t_id="88"/>
  <token_anchor t_id="89"/>
  <token_anchor t_id="90"/>
  <token_anchor t_id="91"/>
  <token_anchor t_id="92"/>
  <token_anchor t_id="93"/>
  <token_anchor t_id="94"/>
</LOC_FAC>
<LOC_FAC m_id="37"  >
  <token_anchor t_id="24"/>
  <token_anchor t_id="25"/>
  <token_anchor t_id="26"/>
  <token_anchor t_id="27"/>
  <token_anchor t_id="28"/>
</LOC_FAC>
<LOC_GEO m_id="27"  >
  <token_anchor t_id="53"/>
  <token_anchor t_id="54"/>
  <token_anchor t_id="55"/>
  <token_anchor t_id="56"/>
</LOC_GEO>
<LOC_GEO m_id="32"  >
  <token_anchor t_id="99"/>
  <token_anchor t_id="100"/>
  <token_anchor t_id="101"/>
</LOC_GEO>
<NEG_ACTION_STATE m_id="22"  >
  <token_anchor t_id="117"/>
</NEG_ACTION_STATE>
<NON_HUMAN_PART m_id="28"  >
  <token_anchor t_id="60"/>
</NON_HUMAN_PART>
<NON_HUMAN_PART m_id="29"  >
  <token_anchor t_id="62"/>
</NON_HUMAN_PART>
<TIME_DATE m_id="26"  >
  <token_anchor t_id="73"/>
</TIME_DATE>
<TIME_DATE m_id="7"  >
  <token_anchor t_id="31"/>
  <token_anchor t_id="32"/>
  <token_anchor t_id="33"/>
  <token_anchor t_id="34"/>
  <token_anchor t_id="35"/>
  <token_anchor t_id="36"/>
</TIME_DATE>


<NEG_ACTION_OCCURRENCE m_id="39" note="byCROMER" >
  <token_anchor t_id="48"/>
</NEG_ACTION_OCCURRENCE>
<ACTION_OCCURRENCE m_id="40" note="byCROMER" >
  <token_anchor t_id="113"/>
</ACTION_OCCURRENCE>


<HUMAN_PART_PER m_id="50" RELATED_TO="" TAG_DESCRIPTOR="t26_quintero" instance_id="HUM18440722716468597" />
<ACTION_REPORTING m_id="49" RELATED_TO="" TAG_DESCRIPTOR="t26_said_quintero" instance_id="ACT28450088385472026" />
<ACTION_OCCURRENCE m_id="48" RELATED_TO="" TAG_DESCRIPTOR="t26_wandering_streets" instance_id="ACT18440640282544111" />
<HUMAN_PART_PER m_id="47" RELATED_TO="" TAG_DESCRIPTOR="t26_gigante" instance_id="HUM18440698565277092" />
<LOC_FAC m_id="46" RELATED_TO="" TAG_DESCRIPTOR="t26_prison" instance_id="LOC18440750306982431" />
<NON_HUMAN_PART m_id="45" RELATED_TO="" TAG_DESCRIPTOR="t26_bathrobe" instance_id="NON18440775683576631" />
<NEG_ACTION_OCCURRENCE m_id="44" RELATED_TO="" TAG_DESCRIPTOR="t26_going_to_jail" instance_id="NEG28451243429836369" />
<ACTION_STATE m_id="43" RELATED_TO="" TAG_DESCRIPTOR="t26_heart_disease" instance_id="ACT18440655322799332" />
<ACTION_OCCURRENCE m_id="42" RELATED_TO="" TAG_DESCRIPTOR="t26_feigning" instance_id="ACT18440603446786525" />
<TIME_DATE m_id="41" RELATED_TO="" TAG_DESCRIPTOR="t26_monday" instance_id="TIM18440801253239963" />
<ACTION_STATE m_id="54" RELATED_TO="" TAG_DESCRIPTOR="t26_mental_illness" instance_id="ACT18440672179378046" />
<ACTION_OCCURRENCE m_id="53" RELATED_TO="" TAG_DESCRIPTOR="t26_died" instance_id="ACT18440577880137709" />
<NON_HUMAN_PART m_id="52" RELATED_TO="" TAG_DESCRIPTOR="t26_slippers" instance_id="NON18440790227167183" />
<ACTION_OCCURRENCE m_id="51" RELATED_TO="" TAG_DESCRIPTOR="t26_avoided_jail" instance_id="ACT18440590596898814" />
</Markables>

<Relations>
<CROSS_DOC_COREF r_id="40766" note="TIM18440801253239963" >
  <source m_id="26" />
  <target m_id="41" />
</CROSS_DOC_COREF>
<CROSS_DOC_COREF r_id="40767" note="ACT18440603446786525" >
  <source m_id="11" />
  <target m_id="42" />
</CROSS_DOC_COREF>
<CROSS_DOC_COREF r_id="40768" note="ACT18440655322799332" >
  <source m_id="23" />
  <target m_id="43" />
</CROSS_DOC_COREF>
<CROSS_DOC_COREF r_id="40769" note="NEG28451243429836369" >
  <source m_id="39" />
  <target m_id="44" />
</CROSS_DOC_COREF>
<CROSS_DOC_COREF r_id="40770" note="NON18440775683576631" >
  <source m_id="28" />
  <target m_id="45" />
</CROSS_DOC_COREF>
<CROSS_DOC_COREF r_id="40771" note="LOC18440750306982431" >
  <source m_id="37" />
  <source m_id="17" />
  <source m_id="16" />
  <target m_id="46" />
</CROSS_DOC_COREF>
<CROSS_DOC_COREF r_id="40772" note="HUM18440698565277092" >
  <source m_id="1" />
  <source m_id="6" />
  <source m_id="2" />
  <source m_id="14" />
  <source m_id="3" />
  <target m_id="47" />
</CROSS_DOC_COREF>
<CROSS_DOC_COREF r_id="40773" note="ACT18440640282544111" >
  <source m_id="10" />
  <target m_id="48" />
</CROSS_DOC_COREF>
<CROSS_DOC_COREF r_id="40774" note="ACT28450088385472026" >
  <source m_id="33" />
  <target m_id="49" />
</CROSS_DOC_COREF>
<CROSS_DOC_COREF r_id="40775" note="HUM18440722716468597" >
  <source m_id="4" />
  <source m_id="5" />
  <target m_id="50" />
</CROSS_DOC_COREF>
<CROSS_DOC_COREF r_id="40776" note="ACT18440590596898814" >
  <source m_id="9" />
  <target m_id="51" />
</CROSS_DOC_COREF>
<CROSS_DOC_COREF r_id="40777" note="NON18440790227167183" >
  <source m_id="29" />
  <target m_id="52" />
</CROSS_DOC_COREF>
<CROSS_DOC_COREF r_id="40778" note="ACT18440577880137709" >
  <source m_id="40" />
  <source m_id="8" />
  <source m_id="12" />
  <source m_id="13" />
  <target m_id="53" />
</CROSS_DOC_COREF>
<CROSS_DOC_COREF r_id="40779" note="ACT18440672179378046" >
  <source m_id="21" />
  <target m_id="54" />
</CROSS_DOC_COREF>

</Relations>
</Document>
