<Document doc_name="22_1ecbplus.xml" doc_id="DOC15646312679379220">
<token t_id="1" sentence="0" number="0">http</token>
<token t_id="2" sentence="0" number="1">:</token>
<token t_id="3" sentence="0" number="2">/</token>
<token t_id="4" sentence="0" number="3">/</token>
<token t_id="5" sentence="0" number="4">www</token>
<token t_id="6" sentence="0" number="5">.</token>
<token t_id="7" sentence="0" number="6">nbcphiladelphia</token>
<token t_id="8" sentence="0" number="7">.</token>
<token t_id="9" sentence="0" number="8">com</token>
<token t_id="10" sentence="0" number="9">/</token>
<token t_id="11" sentence="0" number="10">news</token>
<token t_id="12" sentence="0" number="11">/</token>
<token t_id="13" sentence="0" number="12">local</token>
<token t_id="14" sentence="0" number="13">/</token>
<token t_id="15" sentence="0" number="14">Co</token>
<token t_id="16" sentence="0" number="15">-</token>
<token t_id="17" sentence="0" number="16">Worker</token>
<token t_id="18" sentence="0" number="17">-</token>
<token t_id="19" sentence="0" number="18">Calls</token>
<token t_id="20" sentence="0" number="19">-</token>
<token t_id="21" sentence="0" number="20">Alleged</token>
<token t_id="22" sentence="0" number="21">-</token>
<token t_id="23" sentence="0" number="22">Shooter</token>
<token t_id="24" sentence="0" number="23">-</token>
<token t_id="25" sentence="0" number="24">Very</token>
<token t_id="26" sentence="0" number="25">-</token>
<token t_id="27" sentence="0" number="26">Spiritual</token>
<token t_id="28" sentence="0" number="27">-</token>
<token t_id="29" sentence="0" number="28">102624529</token>
<token t_id="30" sentence="0" number="29">.</token>
<token t_id="31" sentence="0" number="30">html</token>
<token t_id="32" sentence="1" number="0">Co</token>
<token t_id="33" sentence="1" number="1">-</token>
<token t_id="34" sentence="1" number="2">Worker</token>
<token t_id="35" sentence="1" number="3">Calls</token>
<token t_id="36" sentence="1" number="4">Alleged</token>
<token t_id="37" sentence="1" number="5">Shooter</token>
<token t_id="38" sentence="1" number="6">:</token>
<token t_id="39" sentence="1" number="7">"Very</token>
<token t_id="40" sentence="1" number="8">Spiritual"</token>
<token t_id="41" sentence="2" number="0">Friday</token>
<token t_id="42" sentence="2" number="1">,</token>
<token t_id="43" sentence="2" number="2">Sep</token>
<token t_id="44" sentence="2" number="3">10</token>
<token t_id="45" sentence="2" number="4">,</token>
<token t_id="46" sentence="2" number="5">2010</token>
<token t_id="47" sentence="2" number="6">|</token>
<token t_id="48" sentence="2" number="7">Updated</token>
<token t_id="49" sentence="2" number="8">8</token>
<token t_id="50" sentence="2" number="9">:</token>
<token t_id="51" sentence="2" number="10">52</token>
<token t_id="52" sentence="2" number="11">PM</token>
<token t_id="53" sentence="2" number="12">EDT</token>
<token t_id="54" sentence="3" number="0">"She's</token>
<token t_id="55" sentence="3" number="1">not</token>
<token t_id="56" sentence="3" number="2">a</token>
<token t_id="57" sentence="3" number="3">loose</token>
<token t_id="58" sentence="3" number="4">cannon</token>
<token t_id="59" sentence="3" number="5">.</token>
<token t_id="60" sentence="4" number="0">She's</token>
<token t_id="61" sentence="4" number="1">a</token>
<token t_id="62" sentence="4" number="2">hard</token>
<token t_id="63" sentence="4" number="3">worker</token>
<token t_id="64" sentence="4" number="4">,</token>
<token t_id="65" sentence="4" number="5">works</token>
<token t_id="66" sentence="4" number="6">very</token>
<token t_id="67" sentence="4" number="7">hard</token>
<token t_id="68" sentence="4" number="8">.</token>
<token t_id="69" sentence="5" number="0">She's</token>
<token t_id="70" sentence="5" number="1">very</token>
<token t_id="71" sentence="5" number="2">spiritual</token>
<token t_id="72" sentence="5" number="3">.</token>
<token t_id="73" sentence="5" number="4">"</token>
<token t_id="74" sentence="6" number="0">Kenneth</token>
<token t_id="75" sentence="6" number="1">Dorsey</token>
<token t_id="76" sentence="6" number="2">says</token>
<token t_id="77" sentence="6" number="3">the</token>
<token t_id="78" sentence="6" number="4">woman</token>
<token t_id="79" sentence="6" number="5">accused</token>
<token t_id="80" sentence="6" number="6">of</token>
<token t_id="81" sentence="6" number="7">killing</token>
<token t_id="82" sentence="6" number="8">two</token>
<token t_id="83" sentence="6" number="9">co</token>
<token t_id="84" sentence="6" number="10">-</token>
<token t_id="85" sentence="6" number="11">workers</token>
<token t_id="86" sentence="6" number="12">and</token>
<token t_id="87" sentence="6" number="13">critically</token>
<token t_id="88" sentence="6" number="14">injuring</token>
<token t_id="89" sentence="6" number="15">a</token>
<token t_id="90" sentence="6" number="16">third</token>
<token t_id="91" sentence="6" number="17">at</token>
<token t_id="92" sentence="6" number="18">the</token>
<token t_id="93" sentence="6" number="19">Kraft</token>
<token t_id="94" sentence="6" number="20">plant</token>
<token t_id="95" sentence="6" number="21">in</token>
<token t_id="96" sentence="6" number="22">Northeast</token>
<token t_id="97" sentence="6" number="23">Philly</token>
<token t_id="98" sentence="6" number="24">is</token>
<token t_id="99" sentence="6" number="25">a</token>
<token t_id="100" sentence="6" number="26">good</token>
<token t_id="101" sentence="6" number="27">person</token>
<token t_id="102" sentence="6" number="28">.</token>
<token t_id="103" sentence="7" number="0">And</token>
<token t_id="104" sentence="7" number="1">so</token>
<token t_id="105" sentence="7" number="2">were</token>
<token t_id="106" sentence="7" number="3">the</token>
<token t_id="107" sentence="7" number="4">two</token>
<token t_id="108" sentence="7" number="5">women</token>
<token t_id="109" sentence="7" number="6">she's</token>
<token t_id="110" sentence="7" number="7">accused</token>
<token t_id="111" sentence="7" number="8">of</token>
<token t_id="112" sentence="7" number="9">gunning</token>
<token t_id="113" sentence="7" number="10">down</token>
<token t_id="114" sentence="7" number="11">with</token>
<token t_id="115" sentence="7" number="12">a</token>
<token t_id="116" sentence="7" number="13">.</token>
<token t_id="117" sentence="7" number="14">357</token>
<token t_id="118" sentence="7" number="15">Magnum</token>
<token t_id="119" sentence="7" number="16">,</token>
<token t_id="120" sentence="7" number="17">just</token>
<token t_id="121" sentence="7" number="18">minutes</token>
<token t_id="122" sentence="7" number="19">after</token>
<token t_id="123" sentence="7" number="20">she'd</token>
<token t_id="124" sentence="7" number="21">been</token>
<token t_id="125" sentence="7" number="22">suspended</token>
<token t_id="126" sentence="7" number="23">and</token>
<token t_id="127" sentence="7" number="24">escorted</token>
<token t_id="128" sentence="7" number="25">from</token>
<token t_id="129" sentence="7" number="26">the</token>
<token t_id="130" sentence="7" number="27">building</token>
<token t_id="131" sentence="7" number="28">.</token>
<token t_id="132" sentence="8" number="0">Dorsey's</token>
<token t_id="133" sentence="8" number="1">been</token>
<token t_id="134" sentence="8" number="2">at</token>
<token t_id="135" sentence="8" number="3">the</token>
<token t_id="136" sentence="8" number="4">plant</token>
<token t_id="137" sentence="8" number="5">for</token>
<token t_id="138" sentence="8" number="6">37</token>
<token t_id="139" sentence="8" number="7">years</token>
<token t_id="140" sentence="8" number="8">and</token>
<token t_id="141" sentence="8" number="9">worked</token>
<token t_id="142" sentence="8" number="10">on</token>
<token t_id="143" sentence="8" number="11">the</token>
<token t_id="144" sentence="8" number="12">third</token>
<token t_id="145" sentence="8" number="13">floor</token>
<token t_id="146" sentence="8" number="14">with</token>
<token t_id="147" sentence="8" number="15">the</token>
<token t_id="148" sentence="8" number="16">three</token>
<token t_id="149" sentence="8" number="17">victims</token>
<token t_id="150" sentence="8" number="18">and</token>
<token t_id="151" sentence="8" number="19">the</token>
<token t_id="152" sentence="8" number="20">alleged</token>
<token t_id="153" sentence="8" number="21">shooter</token>
<token t_id="154" sentence="8" number="22">,</token>
<token t_id="155" sentence="8" number="23">Yvonne</token>
<token t_id="156" sentence="8" number="24">Hiller</token>
<token t_id="157" sentence="8" number="25">.</token>
<token t_id="158" sentence="9" number="0">"They</token>
<token t_id="159" sentence="9" number="1">had</token>
<token t_id="160" sentence="9" number="2">argued</token>
<token t_id="161" sentence="9" number="3">,</token>
<token t_id="162" sentence="9" number="4">from</token>
<token t_id="163" sentence="9" number="5">what</token>
<token t_id="164" sentence="9" number="6">I</token>
<token t_id="165" sentence="9" number="7">was</token>
<token t_id="166" sentence="9" number="8">told</token>
<token t_id="167" sentence="9" number="9">,</token>
<token t_id="168" sentence="9" number="10">they</token>
<token t_id="169" sentence="9" number="11">argued</token>
<token t_id="170" sentence="9" number="12">,</token>
<token t_id="171" sentence="9" number="13">"</token>
<token t_id="172" sentence="9" number="14">Dorsey</token>
<token t_id="173" sentence="9" number="15">told</token>
<token t_id="174" sentence="9" number="16">NBC10's</token>
<token t_id="175" sentence="9" number="17">Rosemary</token>
<token t_id="176" sentence="9" number="18">Connors</token>
<token t_id="177" sentence="9" number="19">after</token>
<token t_id="178" sentence="9" number="20">the</token>
<token t_id="179" sentence="9" number="21">shootings</token>
<token t_id="180" sentence="9" number="22">Thursday</token>
<token t_id="181" sentence="9" number="23">night</token>
<token t_id="182" sentence="9" number="24">.</token>
<token t_id="183" sentence="10" number="0">"I</token>
<token t_id="184" sentence="10" number="1">had</token>
<token t_id="185" sentence="10" number="2">just</token>
<token t_id="186" sentence="10" number="3">started</token>
<token t_id="187" sentence="10" number="4">my</token>
<token t_id="188" sentence="10" number="5">job</token>
<token t_id="189" sentence="10" number="6">,</token>
<token t_id="190" sentence="10" number="7">you</token>
<token t_id="191" sentence="10" number="8">know</token>
<token t_id="192" sentence="10" number="9">and</token>
<token t_id="193" sentence="10" number="10">I</token>
<token t_id="194" sentence="10" number="11">heard</token>
<token t_id="195" sentence="10" number="12">like</token>
<token t_id="196" sentence="10" number="13">bang</token>
<token t_id="197" sentence="10" number="14">,</token>
<token t_id="198" sentence="10" number="15">bang</token>
<token t_id="199" sentence="10" number="16">,</token>
<token t_id="200" sentence="10" number="17">but</token>
<token t_id="201" sentence="10" number="18">you</token>
<token t_id="202" sentence="10" number="19">hear</token>
<token t_id="203" sentence="10" number="20">noises</token>
<token t_id="204" sentence="10" number="21">everyday</token>
<token t_id="205" sentence="10" number="22">at</token>
<token t_id="206" sentence="10" number="23">a</token>
<token t_id="207" sentence="10" number="24">bakery</token>
<token t_id="208" sentence="10" number="25">so</token>
<token t_id="209" sentence="10" number="26">you</token>
<token t_id="210" sentence="10" number="27">don't</token>
<token t_id="211" sentence="10" number="28">pay</token>
<token t_id="212" sentence="10" number="29">any</token>
<token t_id="213" sentence="10" number="30">mind</token>
<token t_id="214" sentence="10" number="31">.</token>
<token t_id="215" sentence="10" number="32">"</token>
<token t_id="216" sentence="11" number="0">Then</token>
<token t_id="217" sentence="11" number="1">a</token>
<token t_id="218" sentence="11" number="2">co</token>
<token t_id="219" sentence="11" number="3">-</token>
<token t_id="220" sentence="11" number="4">worker</token>
<token t_id="221" sentence="11" number="5">yelled</token>
<token t_id="222" sentence="11" number="6">,</token>
<token t_id="223" sentence="11" number="7">"Come</token>
<token t_id="224" sentence="11" number="8">on</token>
<token t_id="225" sentence="11" number="9">,</token>
<token t_id="226" sentence="11" number="10">you</token>
<token t_id="227" sentence="11" number="11">got</token>
<token t_id="228" sentence="11" number="12">to</token>
<token t_id="229" sentence="11" number="13">leave</token>
<token t_id="230" sentence="11" number="14">now</token>
<token t_id="231" sentence="11" number="15">!</token>
<token t_id="232" sentence="12" number="0">She's</token>
<token t_id="233" sentence="12" number="1">shooting</token>
<token t_id="234" sentence="12" number="2">.</token>
<token t_id="235" sentence="12" number="3">"</token>
<token t_id="236" sentence="13" number="0">After</token>
<token t_id="237" sentence="13" number="1">the</token>
<token t_id="238" sentence="13" number="2">shootings</token>
<token t_id="239" sentence="13" number="3">,</token>
<token t_id="240" sentence="13" number="4">Hiller</token>
<token t_id="241" sentence="13" number="5">holed</token>
<token t_id="242" sentence="13" number="6">up</token>
<token t_id="243" sentence="13" number="7">in</token>
<token t_id="244" sentence="13" number="8">an</token>
<token t_id="245" sentence="13" number="9">office</token>
<token t_id="246" sentence="13" number="10">on</token>
<token t_id="247" sentence="13" number="11">the</token>
<token t_id="248" sentence="13" number="12">second</token>
<token t_id="249" sentence="13" number="13">floor</token>
<token t_id="250" sentence="13" number="14">where</token>
<token t_id="251" sentence="13" number="15">the</token>
<token t_id="252" sentence="13" number="16">SWAT</token>
<token t_id="253" sentence="13" number="17">team</token>
<token t_id="254" sentence="13" number="18">found</token>
<token t_id="255" sentence="13" number="19">her</token>
<token t_id="256" sentence="13" number="20">after</token>
<token t_id="257" sentence="13" number="21">co</token>
<token t_id="258" sentence="13" number="22">-</token>
<token t_id="259" sentence="13" number="23">workers</token>
<token t_id="260" sentence="13" number="24">who</token>
<token t_id="261" sentence="13" number="25">were</token>
<token t_id="262" sentence="13" number="26">hiding</token>
<token t_id="263" sentence="13" number="27">in</token>
<token t_id="264" sentence="13" number="28">the</token>
<token t_id="265" sentence="13" number="29">office</token>
<token t_id="266" sentence="13" number="30">next</token>
<token t_id="267" sentence="13" number="31">door</token>
<token t_id="268" sentence="13" number="32">tipped</token>
<token t_id="269" sentence="13" number="33">off</token>
<token t_id="270" sentence="13" number="34">building</token>
<token t_id="271" sentence="13" number="35">security</token>
<token t_id="272" sentence="13" number="36">.</token>
<token t_id="273" sentence="14" number="0">"I</token>
<token t_id="274" sentence="14" number="1">never</token>
<token t_id="275" sentence="14" number="2">thought</token>
<token t_id="276" sentence="14" number="3">in</token>
<token t_id="277" sentence="14" number="4">my</token>
<token t_id="278" sentence="14" number="5">deepest</token>
<token t_id="279" sentence="14" number="6">heart</token>
<token t_id="280" sentence="14" number="7">that</token>
<token t_id="281" sentence="14" number="8">it</token>
<token t_id="282" sentence="14" number="9">would</token>
<token t_id="283" sentence="14" number="10">come</token>
<token t_id="284" sentence="14" number="11">down</token>
<token t_id="285" sentence="14" number="12">to</token>
<token t_id="286" sentence="14" number="13">this</token>
<token t_id="287" sentence="14" number="14">,</token>
<token t_id="288" sentence="14" number="15">"</token>
<token t_id="289" sentence="14" number="16">Dorsey</token>
<token t_id="290" sentence="14" number="17">said</token>
<token t_id="291" sentence="14" number="18">.</token>
<token t_id="292" sentence="15" number="0">Some</token>
<token t_id="293" sentence="15" number="1">co</token>
<token t_id="294" sentence="15" number="2">-</token>
<token t_id="295" sentence="15" number="3">workers</token>
<token t_id="296" sentence="15" number="4">said</token>
<token t_id="297" sentence="15" number="5">she</token>
<token t_id="298" sentence="15" number="6">had</token>
<token t_id="299" sentence="15" number="7">a</token>
<token t_id="300" sentence="15" number="8">history</token>
<token t_id="301" sentence="15" number="9">of</token>
<token t_id="302" sentence="15" number="10">run</token>
<token t_id="303" sentence="15" number="11">-</token>
<token t_id="304" sentence="15" number="12">ins</token>
<token t_id="305" sentence="15" number="13">with</token>
<token t_id="306" sentence="15" number="14">other</token>
<token t_id="307" sentence="15" number="15">workers</token>
<token t_id="308" sentence="15" number="16">and</token>
<token t_id="309" sentence="15" number="17">management</token>
<token t_id="310" sentence="15" number="18">,</token>
<token t_id="311" sentence="15" number="19">Dorsey</token>
<token t_id="312" sentence="15" number="20">said</token>
<token t_id="313" sentence="15" number="21">like</token>
<token t_id="314" sentence="15" number="22">anyone</token>
<token t_id="315" sentence="15" number="23">,</token>
<token t_id="316" sentence="15" number="24">they</token>
<token t_id="317" sentence="15" number="25">sometimes</token>
<token t_id="318" sentence="15" number="26">had</token>
<token t_id="319" sentence="15" number="27">their</token>
<token t_id="320" sentence="15" number="28">differences</token>
<token t_id="321" sentence="15" number="29">,</token>
<token t_id="322" sentence="15" number="30">but</token>
<token t_id="323" sentence="15" number="31">always</token>
<token t_id="324" sentence="15" number="32">got</token>
<token t_id="325" sentence="15" number="33">along</token>
<token t_id="326" sentence="15" number="34">.</token>
<token t_id="327" sentence="16" number="0">"We</token>
<token t_id="328" sentence="16" number="1">talked</token>
<token t_id="329" sentence="16" number="2">about</token>
<token t_id="330" sentence="16" number="3">her</token>
<token t_id="331" sentence="16" number="4">Muslim</token>
<token t_id="332" sentence="16" number="5">faith</token>
<token t_id="333" sentence="16" number="6">and</token>
<token t_id="334" sentence="16" number="7">I</token>
<token t_id="335" sentence="16" number="8">wished</token>
<token t_id="336" sentence="16" number="9">her</token>
<token t_id="337" sentence="16" number="10">happy</token>
<token t_id="338" sentence="16" number="11">Ramadan</token>
<token t_id="339" sentence="16" number="12">,</token>
<token t_id="340" sentence="16" number="13">"</token>
<token t_id="341" sentence="16" number="14">Dorsey</token>
<token t_id="342" sentence="16" number="15">said</token>
<token t_id="343" sentence="16" number="16">.</token>
<token t_id="344" sentence="17" number="0">"I</token>
<token t_id="345" sentence="17" number="1">might</token>
<token t_id="346" sentence="17" number="2">be</token>
<token t_id="347" sentence="17" number="3">wrong</token>
<token t_id="348" sentence="17" number="4">,</token>
<token t_id="349" sentence="17" number="5">but</token>
<token t_id="350" sentence="17" number="6">my</token>
<token t_id="351" sentence="17" number="7">guess</token>
<token t_id="352" sentence="17" number="8">is</token>
<token t_id="353" sentence="17" number="9">she</token>
<token t_id="354" sentence="17" number="10">had</token>
<token t_id="355" sentence="17" number="11">some</token>
<token t_id="356" sentence="17" number="12">people</token>
<token t_id="357" sentence="17" number="13">that</token>
<token t_id="358" sentence="17" number="14">she</token>
<token t_id="359" sentence="17" number="15">had</token>
<token t_id="360" sentence="17" number="16">issues</token>
<token t_id="361" sentence="17" number="17">with</token>
<token t_id="362" sentence="17" number="18">and</token>
<token t_id="363" sentence="17" number="19">a</token>
<token t_id="364" sentence="17" number="20">personal</token>
<token t_id="365" sentence="17" number="21">agenda</token>
<token t_id="366" sentence="17" number="22">,</token>
<token t_id="367" sentence="17" number="23">a</token>
<token t_id="368" sentence="17" number="24">score</token>
<token t_id="369" sentence="17" number="25">she</token>
<token t_id="370" sentence="17" number="26">had</token>
<token t_id="371" sentence="17" number="27">to</token>
<token t_id="372" sentence="17" number="28">settle</token>
<token t_id="373" sentence="17" number="29">.</token>
<token t_id="374" sentence="17" number="30">"</token>
<token t_id="375" sentence="18" number="0">Dorsey</token>
<token t_id="376" sentence="18" number="1">said</token>
<token t_id="377" sentence="18" number="2">the</token>
<token t_id="378" sentence="18" number="3">shooting</token>
<token t_id="379" sentence="18" number="4">was</token>
<token t_id="380" sentence="18" number="5">going</token>
<token t_id="381" sentence="18" number="6">to</token>
<token t_id="382" sentence="18" number="7">be</token>
<token t_id="383" sentence="18" number="8">hard</token>
<token t_id="384" sentence="18" number="9">on</token>
<token t_id="385" sentence="18" number="10">everyone</token>
<token t_id="386" sentence="18" number="11">.</token>
<token t_id="387" sentence="19" number="0">"We're</token>
<token t_id="388" sentence="19" number="1">like</token>
<token t_id="389" sentence="19" number="2">family</token>
<token t_id="390" sentence="19" number="3">here</token>
<token t_id="391" sentence="19" number="4">.</token>
<token t_id="392" sentence="19" number="5">"</token>
<token t_id="393" sentence="20" number="0">"Tell</token>
<token t_id="394" sentence="20" number="1">your</token>
<token t_id="395" sentence="20" number="2">audience</token>
<token t_id="396" sentence="20" number="3">to</token>
<token t_id="397" sentence="20" number="4">keep</token>
<token t_id="398" sentence="20" number="5">the</token>
<token t_id="399" sentence="20" number="6">families</token>
<token t_id="400" sentence="20" number="7">in</token>
<token t_id="401" sentence="20" number="8">your</token>
<token t_id="402" sentence="20" number="9">prayers</token>
<token t_id="403" sentence="20" number="10">,</token>
<token t_id="404" sentence="20" number="11">however</token>
<token t_id="405" sentence="20" number="12">you</token>
<token t_id="406" sentence="20" number="13">pray</token>
<token t_id="407" sentence="20" number="14">-</token>
<token t_id="408" sentence="20" number="15">-</token>
<token t_id="409" sentence="20" number="16">whether</token>
<token t_id="410" sentence="20" number="17">you're</token>
<token t_id="411" sentence="20" number="18">Jewish</token>
<token t_id="412" sentence="20" number="19">,</token>
<token t_id="413" sentence="20" number="20">Christian</token>
<token t_id="414" sentence="20" number="21">,</token>
<token t_id="415" sentence="20" number="22">Muslim</token>
<token t_id="416" sentence="20" number="23">-</token>
<token t_id="417" sentence="20" number="24">-</token>
<token t_id="418" sentence="20" number="25">we're</token>
<token t_id="419" sentence="20" number="26">all</token>
<token t_id="420" sentence="20" number="27">in</token>
<token t_id="421" sentence="20" number="28">shock</token>
<token t_id="422" sentence="20" number="29">.</token>
<token t_id="423" sentence="20" number="30">.</token>
<token t_id="424" sentence="20" number="31">.</token>
<token t_id="425" sentence="21" number="0">and</token>
<token t_id="426" sentence="21" number="1">I</token>
<token t_id="427" sentence="21" number="2">lost</token>
<token t_id="428" sentence="21" number="3">two</token>
<token t_id="429" sentence="21" number="4">of</token>
<token t_id="430" sentence="21" number="5">my</token>
<token t_id="431" sentence="21" number="6">closest</token>
<token t_id="432" sentence="21" number="7">friends</token>
<token t_id="433" sentence="21" number="8">.</token>
<token t_id="434" sentence="21" number="9">.</token>
<token t_id="435" sentence="21" number="10">.</token>
<token t_id="436" sentence="22" number="0">I'm</token>
<token t_id="437" sentence="22" number="1">gonna</token>
<token t_id="438" sentence="22" number="2">go</token>
<token t_id="439" sentence="22" number="3">home</token>
<token t_id="440" sentence="22" number="4">and</token>
<token t_id="441" sentence="22" number="5">take</token>
<token t_id="442" sentence="22" number="6">a</token>
<token t_id="443" sentence="22" number="7">shower</token>
<token t_id="444" sentence="22" number="8">and</token>
<token t_id="445" sentence="22" number="9">read</token>
<token t_id="446" sentence="22" number="10">the</token>
<token t_id="447" sentence="22" number="11">Bible</token>
<token t_id="448" sentence="22" number="12">and</token>
<token t_id="449" sentence="22" number="13">pray</token>
<token t_id="450" sentence="22" number="14">.</token>
<token t_id="451" sentence="23" number="0">Hopefully</token>
<token t_id="452" sentence="23" number="1">,</token>
<token t_id="453" sentence="23" number="2">I</token>
<token t_id="454" sentence="23" number="3">can</token>
<token t_id="455" sentence="23" number="4">get</token>
<token t_id="456" sentence="23" number="5">through</token>
<token t_id="457" sentence="23" number="6">this</token>
<token t_id="458" sentence="23" number="7">.</token>
<Markables>
<ACTION_OCCURRENCE m_id="10"  >
  <token_anchor t_id="81"/>
</ACTION_OCCURRENCE>
<ACTION_OCCURRENCE m_id="11"  >
  <token_anchor t_id="79"/>
</ACTION_OCCURRENCE>
<ACTION_OCCURRENCE m_id="12"  >
  <token_anchor t_id="88"/>
</ACTION_OCCURRENCE>
<ACTION_OCCURRENCE m_id="13"  >
  <token_anchor t_id="110"/>
</ACTION_OCCURRENCE>
<ACTION_OCCURRENCE m_id="14"  >
  <token_anchor t_id="112"/>
  <token_anchor t_id="113"/>
</ACTION_OCCURRENCE>
<ACTION_OCCURRENCE m_id="15"  >
  <token_anchor t_id="125"/>
</ACTION_OCCURRENCE>
<ACTION_OCCURRENCE m_id="16"  >
  <token_anchor t_id="127"/>
</ACTION_OCCURRENCE>
<ACTION_REPORTING m_id="17"  >
  <token_anchor t_id="76"/>
</ACTION_REPORTING>
<HUMAN_PART_PER m_id="9"  >
  <token_anchor t_id="123"/>
</HUMAN_PART_PER>
<HUMAN_PART_PER m_id="2"  >
  <token_anchor t_id="74"/>
  <token_anchor t_id="75"/>
</HUMAN_PART_PER>
<HUMAN_PART_PER m_id="3"  >
  <token_anchor t_id="78"/>
</HUMAN_PART_PER>
<HUMAN_PART_PER m_id="4"  >
  <token_anchor t_id="83"/>
  <token_anchor t_id="84"/>
  <token_anchor t_id="85"/>
</HUMAN_PART_PER>
<HUMAN_PART_PER m_id="5"  >
  <token_anchor t_id="90"/>
</HUMAN_PART_PER>
<HUMAN_PART_PER m_id="6"  >
  <token_anchor t_id="101"/>
</HUMAN_PART_PER>
<HUMAN_PART_PER m_id="7"  >
  <token_anchor t_id="108"/>
</HUMAN_PART_PER>
<HUMAN_PART_PER m_id="8"  >
  <token_anchor t_id="109"/>
</HUMAN_PART_PER>
<LOC_FAC m_id="18"  >
  <token_anchor t_id="91"/>
  <token_anchor t_id="92"/>
  <token_anchor t_id="93"/>
  <token_anchor t_id="94"/>
  <token_anchor t_id="95"/>
  <token_anchor t_id="96"/>
  <token_anchor t_id="97"/>
</LOC_FAC>
<LOC_FAC m_id="21"  >
  <token_anchor t_id="129"/>
  <token_anchor t_id="130"/>
</LOC_FAC>
<NON_HUMAN_PART m_id="19"  >
  <token_anchor t_id="118"/>
</NON_HUMAN_PART>
<TIME_DURATION m_id="20"  >
  <token_anchor t_id="121"/>
</TIME_DURATION>
<TIME_OF_THE_DAY m_id="1"  >
  <token_anchor t_id="41"/>
  <token_anchor t_id="42"/>
  <token_anchor t_id="43"/>
  <token_anchor t_id="44"/>
  <token_anchor t_id="45"/>
  <token_anchor t_id="46"/>
  <token_anchor t_id="47"/>
  <token_anchor t_id="48"/>
  <token_anchor t_id="49"/>
  <token_anchor t_id="50"/>
  <token_anchor t_id="51"/>
  <token_anchor t_id="52"/>
  <token_anchor t_id="53"/>
</TIME_OF_THE_DAY>




<TIME_DURATION m_id="33" RELATED_TO="" TAG_DESCRIPTOR="t22_minutes" instance_id="TIM18235819622302982" />
<ACTION_OCCURRENCE m_id="32" RELATED_TO="" TAG_DESCRIPTOR="t22_suspended" instance_id="ACT18235614722947042" />
<LOC_FAC m_id="31" RELATED_TO="" TAG_DESCRIPTOR="t22_kraft" instance_id="LOC18235758158505691" />
<ACTION_OCCURRENCE m_id="29" RELATED_TO="" TAG_DESCRIPTOR="t22_escorted" instance_id="ACT18235556790378090" />
<ACTION_OCCURRENCE m_id="30" RELATED_TO="" TAG_DESCRIPTOR="t22_accussed" instance_id="ACT18239294642491039" />
<HUMAN_PART_PER m_id="28" RELATED_TO="" TAG_DESCRIPTOR="t22_one_wounded" instance_id="HUM18235732007199628" />
<NON_HUMAN_PART m_id="27" RELATED_TO="" TAG_DESCRIPTOR="t22_gun" instance_id="NON18235768583580719" />
<ACTION_OCCURRENCE m_id="26" RELATED_TO="" TAG_DESCRIPTOR="t22_wounded" instance_id="ACT18235626614479420" />
<HUMAN_PART_PER m_id="36" RELATED_TO="" TAG_DESCRIPTOR="t22_two_killed" instance_id="HUM18235719432245275" />
<ACTION_OCCURRENCE m_id="35" RELATED_TO="" TAG_DESCRIPTOR="t22_killing" instance_id="ACT18235797518957764" />
<HUMAN_PART_PER m_id="34" RELATED_TO="" TAG_DESCRIPTOR="t22_yvonne_hiller" instance_id="HUM18235680503915426" />
</Markables>

<Relations>
<CROSS_DOC_COREF r_id="41309" note="ACT18235626614479420" >
  <source m_id="12" />
  <target m_id="26" />
</CROSS_DOC_COREF>
<CROSS_DOC_COREF r_id="41310" note="NON18235768583580719" >
  <source m_id="19" />
  <target m_id="27" />
</CROSS_DOC_COREF>
<CROSS_DOC_COREF r_id="41311" note="HUM18235732007199628" >
  <source m_id="5" />
  <target m_id="28" />
</CROSS_DOC_COREF>
<CROSS_DOC_COREF r_id="41312" note="ACT18235556790378090" >
  <source m_id="16" />
  <target m_id="29" />
</CROSS_DOC_COREF>
<CROSS_DOC_COREF r_id="41313" note="ACT18239294642491039" >
  <source m_id="11" />
  <source m_id="13" />
  <target m_id="30" />
</CROSS_DOC_COREF>
<CROSS_DOC_COREF r_id="41314" note="LOC18235758158505691" >
  <source m_id="21" />
  <source m_id="18" />
  <target m_id="31" />
</CROSS_DOC_COREF>
<CROSS_DOC_COREF r_id="41315" note="ACT18235614722947042" >
  <source m_id="15" />
  <target m_id="32" />
</CROSS_DOC_COREF>
<CROSS_DOC_COREF r_id="41316" note="TIM18235819622302982" >
  <source m_id="20" />
  <target m_id="33" />
</CROSS_DOC_COREF>
<CROSS_DOC_COREF r_id="41317" note="HUM18235680503915426" >
  <source m_id="3" />
  <source m_id="9" />
  <source m_id="8" />
  <target m_id="34" />
</CROSS_DOC_COREF>
<CROSS_DOC_COREF r_id="41318" note="ACT18235797518957764" >
  <source m_id="14" />
  <source m_id="10" />
  <target m_id="35" />
</CROSS_DOC_COREF>
<CROSS_DOC_COREF r_id="41319" note="HUM18235719432245275" >
  <source m_id="4" />
  <source m_id="7" />
  <target m_id="36" />
</CROSS_DOC_COREF>

</Relations>
</Document>
