<Document doc_name="22_7ecbplus.xml" doc_id="DOC15646313145428239">
<token t_id="1" sentence="0" number="0">http</token>
<token t_id="2" sentence="0" number="1">:</token>
<token t_id="3" sentence="0" number="2">/</token>
<token t_id="4" sentence="0" number="3">/</token>
<token t_id="5" sentence="0" number="4">philadelphia</token>
<token t_id="6" sentence="0" number="5">.</token>
<token t_id="7" sentence="0" number="6">cbslocal</token>
<token t_id="8" sentence="0" number="7">.</token>
<token t_id="9" sentence="0" number="8">com</token>
<token t_id="10" sentence="0" number="9">/</token>
<token t_id="11" sentence="0" number="10">2012</token>
<token t_id="12" sentence="0" number="11">/</token>
<token t_id="13" sentence="0" number="12">09</token>
<token t_id="14" sentence="0" number="13">/</token>
<token t_id="15" sentence="0" number="14">10</token>
<token t_id="16" sentence="0" number="15">/</token>
<token t_id="17" sentence="0" number="16">trial</token>
<token t_id="18" sentence="0" number="17">-</token>
<token t_id="19" sentence="0" number="18">underway</token>
<token t_id="20" sentence="0" number="19">-</token>
<token t_id="21" sentence="0" number="20">for</token>
<token t_id="22" sentence="0" number="21">-</token>
<token t_id="23" sentence="0" number="22">woman</token>
<token t_id="24" sentence="0" number="23">-</token>
<token t_id="25" sentence="0" number="24">charged</token>
<token t_id="26" sentence="0" number="25">-</token>
<token t_id="27" sentence="0" number="26">in</token>
<token t_id="28" sentence="0" number="27">-</token>
<token t_id="29" sentence="0" number="28">2010</token>
<token t_id="30" sentence="0" number="29">-</token>
<token t_id="31" sentence="0" number="30">kraft</token>
<token t_id="32" sentence="0" number="31">-</token>
<token t_id="33" sentence="0" number="32">foods</token>
<token t_id="34" sentence="0" number="33">-</token>
<token t_id="35" sentence="0" number="34">rampage</token>
<token t_id="36" sentence="0" number="35">-</token>
<token t_id="37" sentence="0" number="36">in</token>
<token t_id="38" sentence="0" number="37">-</token>
<token t_id="39" sentence="0" number="38">ne</token>
<token t_id="40" sentence="0" number="39">-</token>
<token t_id="41" sentence="0" number="40">philadelphia</token>
<token t_id="42" sentence="0" number="41">/</token>
<token t_id="43" sentence="1" number="0">Woman</token>
<token t_id="44" sentence="1" number="1">Convicted</token>
<token t_id="45" sentence="1" number="2">of</token>
<token t_id="46" sentence="1" number="3">Double</token>
<token t_id="47" sentence="1" number="4">Murder</token>
<token t_id="48" sentence="1" number="5">In</token>
<token t_id="49" sentence="1" number="6">2010</token>
<token t_id="50" sentence="1" number="7">Kraft</token>
<token t_id="51" sentence="1" number="8">Foods</token>
<token t_id="52" sentence="1" number="9">Rampage</token>
<token t_id="53" sentence="1" number="10">In</token>
<token t_id="54" sentence="1" number="11">NE</token>
<token t_id="55" sentence="1" number="12">Philadelphia</token>
<token t_id="56" sentence="2" number="0">September</token>
<token t_id="57" sentence="2" number="1">10</token>
<token t_id="58" sentence="2" number="2">,</token>
<token t_id="59" sentence="2" number="3">2012</token>
<token t_id="60" sentence="2" number="4">4</token>
<token t_id="61" sentence="2" number="5">:</token>
<token t_id="62" sentence="2" number="6">15</token>
<token t_id="63" sentence="2" number="7">PM</token>
<token t_id="64" sentence="3" number="0">A</token>
<token t_id="65" sentence="3" number="1">Philadelphia</token>
<token t_id="66" sentence="3" number="2">judge</token>
<token t_id="67" sentence="3" number="3">today</token>
<token t_id="68" sentence="3" number="4">found</token>
<token t_id="69" sentence="3" number="5">a</token>
<token t_id="70" sentence="3" number="6">former</token>
<token t_id="71" sentence="3" number="7">Kraft</token>
<token t_id="72" sentence="3" number="8">Foods</token>
<token t_id="73" sentence="3" number="9">company</token>
<token t_id="74" sentence="3" number="10">employee</token>
<token t_id="75" sentence="3" number="11">guilty</token>
<token t_id="76" sentence="3" number="12">of</token>
<token t_id="77" sentence="3" number="13">murder</token>
<token t_id="78" sentence="3" number="14">in</token>
<token t_id="79" sentence="3" number="15">a</token>
<token t_id="80" sentence="3" number="16">workplace</token>
<token t_id="81" sentence="3" number="17">rampage</token>
<token t_id="82" sentence="3" number="18">exactly</token>
<token t_id="83" sentence="3" number="19">two</token>
<token t_id="84" sentence="3" number="20">years</token>
<token t_id="85" sentence="3" number="21">ago</token>
<token t_id="86" sentence="3" number="22">in</token>
<token t_id="87" sentence="3" number="23">Northeast</token>
<token t_id="88" sentence="3" number="24">Philadelphia</token>
<token t_id="89" sentence="3" number="25">that</token>
<token t_id="90" sentence="3" number="26">left</token>
<token t_id="91" sentence="3" number="27">two</token>
<token t_id="92" sentence="3" number="28">women</token>
<token t_id="93" sentence="3" number="29">dead</token>
<token t_id="94" sentence="3" number="30">and</token>
<token t_id="95" sentence="3" number="31">a</token>
<token t_id="96" sentence="3" number="32">third</token>
<token t_id="97" sentence="3" number="33">employee</token>
<token t_id="98" sentence="3" number="34">wounded</token>
<token t_id="99" sentence="3" number="35">.</token>
<token t_id="100" sentence="4" number="0">Witnesses</token>
<token t_id="101" sentence="4" number="1">say</token>
<token t_id="102" sentence="4" number="2">defendant</token>
<token t_id="103" sentence="4" number="3">Yvonne</token>
<token t_id="104" sentence="4" number="4">Hiller</token>
<token t_id="105" sentence="4" number="5">had</token>
<token t_id="106" sentence="4" number="6">long</token>
<token t_id="107" sentence="4" number="7">complained</token>
<token t_id="108" sentence="4" number="8">of</token>
<token t_id="109" sentence="4" number="9">abuse</token>
<token t_id="110" sentence="4" number="10">by</token>
<token t_id="111" sentence="4" number="11">fellow</token>
<token t_id="112" sentence="4" number="12">employees</token>
<token t_id="113" sentence="4" number="13">,</token>
<token t_id="114" sentence="4" number="14">claimed</token>
<token t_id="115" sentence="4" number="15">they</token>
<token t_id="116" sentence="4" number="16">were</token>
<token t_id="117" sentence="4" number="17">poisoning</token>
<token t_id="118" sentence="4" number="18">her</token>
<token t_id="119" sentence="4" number="19">by</token>
<token t_id="120" sentence="4" number="20">spraying</token>
<token t_id="121" sentence="4" number="21">her</token>
<token t_id="122" sentence="4" number="22">with</token>
<token t_id="123" sentence="4" number="23">chemicals</token>
<token t_id="124" sentence="4" number="24">including</token>
<token t_id="125" sentence="4" number="25">deer</token>
<token t_id="126" sentence="4" number="26">urine</token>
<token t_id="127" sentence="4" number="27">.</token>
<token t_id="128" sentence="5" number="0">But</token>
<token t_id="129" sentence="5" number="1">authorities</token>
<token t_id="130" sentence="5" number="2">say</token>
<token t_id="131" sentence="5" number="3">the</token>
<token t_id="132" sentence="5" number="4">allegations</token>
<token t_id="133" sentence="5" number="5">were</token>
<token t_id="134" sentence="5" number="6">investigated</token>
<token t_id="135" sentence="5" number="7">by</token>
<token t_id="136" sentence="5" number="8">police</token>
<token t_id="137" sentence="5" number="9">and</token>
<token t_id="138" sentence="5" number="10">OSHA</token>
<token t_id="139" sentence="5" number="11">and</token>
<token t_id="140" sentence="5" number="12">were</token>
<token t_id="141" sentence="5" number="13">determined</token>
<token t_id="142" sentence="5" number="14">to</token>
<token t_id="143" sentence="5" number="15">be</token>
<token t_id="144" sentence="5" number="16">unfounded</token>
<token t_id="145" sentence="5" number="17">.</token>
<token t_id="146" sentence="6" number="0">Then</token>
<token t_id="147" sentence="6" number="1">,</token>
<token t_id="148" sentence="6" number="2">on</token>
<token t_id="149" sentence="6" number="3">September</token>
<token t_id="150" sentence="6" number="4">10</token>
<token t_id="151" sentence="6" number="5">,</token>
<token t_id="152" sentence="6" number="6">2010</token>
<token t_id="153" sentence="6" number="7">,</token>
<token t_id="154" sentence="6" number="8">according</token>
<token t_id="155" sentence="6" number="9">to</token>
<token t_id="156" sentence="6" number="10">a</token>
<token t_id="157" sentence="6" number="11">surviving</token>
<token t_id="158" sentence="6" number="12">victim</token>
<token t_id="159" sentence="6" number="13">,</token>
<token t_id="160" sentence="6" number="14">Hiller</token>
<token t_id="161" sentence="6" number="15">went</token>
<token t_id="162" sentence="6" number="16">berserk</token>
<token t_id="163" sentence="6" number="17">again</token>
<token t_id="164" sentence="6" number="18">,</token>
<token t_id="165" sentence="6" number="19">cursing</token>
<token t_id="166" sentence="6" number="20">and</token>
<token t_id="167" sentence="6" number="21">making</token>
<token t_id="168" sentence="6" number="22">accusations</token>
<token t_id="169" sentence="6" number="23">and</token>
<token t_id="170" sentence="6" number="24">threats</token>
<token t_id="171" sentence="6" number="25">.</token>
<token t_id="172" sentence="7" number="0">She</token>
<token t_id="173" sentence="7" number="1">was</token>
<token t_id="174" sentence="7" number="2">suspended</token>
<token t_id="175" sentence="7" number="3">on</token>
<token t_id="176" sentence="7" number="4">the</token>
<token t_id="177" sentence="7" number="5">spot</token>
<token t_id="178" sentence="7" number="6">and</token>
<token t_id="179" sentence="7" number="7">escorted</token>
<token t_id="180" sentence="7" number="8">from</token>
<token t_id="181" sentence="7" number="9">the</token>
<token t_id="182" sentence="7" number="10">building</token>
<token t_id="183" sentence="7" number="11">.</token>
<token t_id="184" sentence="8" number="0">But</token>
<token t_id="185" sentence="8" number="1">,</token>
<token t_id="186" sentence="8" number="2">the</token>
<token t_id="187" sentence="8" number="3">witness</token>
<token t_id="188" sentence="8" number="4">says</token>
<token t_id="189" sentence="8" number="5">,</token>
<token t_id="190" sentence="8" number="6">she</token>
<token t_id="191" sentence="8" number="7">returned</token>
<token t_id="192" sentence="8" number="8">minutes</token>
<token t_id="193" sentence="8" number="9">later</token>
<token t_id="194" sentence="8" number="10">with</token>
<token t_id="195" sentence="8" number="11">a</token>
<token t_id="196" sentence="8" number="12">gun</token>
<token t_id="197" sentence="8" number="13">,</token>
<token t_id="198" sentence="8" number="14">opening</token>
<token t_id="199" sentence="8" number="15">fire</token>
<token t_id="200" sentence="8" number="16">on</token>
<token t_id="201" sentence="8" number="17">several</token>
<token t_id="202" sentence="8" number="18">employees</token>
<token t_id="203" sentence="8" number="19">in</token>
<token t_id="204" sentence="8" number="20">a</token>
<token t_id="205" sentence="8" number="21">break</token>
<token t_id="206" sentence="8" number="22">room</token>
<token t_id="207" sentence="8" number="23">,</token>
<token t_id="208" sentence="8" number="24">killing</token>
<token t_id="209" sentence="8" number="25">Latonya</token>
<token t_id="210" sentence="8" number="26">Brown</token>
<token t_id="211" sentence="8" number="27">and</token>
<token t_id="212" sentence="8" number="28">Tanya</token>
<token t_id="213" sentence="8" number="29">Wilson</token>
<token t_id="214" sentence="8" number="30">,</token>
<token t_id="215" sentence="8" number="31">and</token>
<token t_id="216" sentence="8" number="32">wounding</token>
<token t_id="217" sentence="8" number="33">Bryant</token>
<token t_id="218" sentence="8" number="34">Dalton</token>
<token t_id="219" sentence="8" number="35">.</token>
<token t_id="220" sentence="9" number="0">Dalton</token>
<token t_id="221" sentence="9" number="1">says</token>
<token t_id="222" sentence="9" number="2">the</token>
<token t_id="223" sentence="9" number="3">bullet</token>
<token t_id="224" sentence="9" number="4">went</token>
<token t_id="225" sentence="9" number="5">through</token>
<token t_id="226" sentence="9" number="6">his</token>
<token t_id="227" sentence="9" number="7">neck</token>
<token t_id="228" sentence="9" number="8">and</token>
<token t_id="229" sentence="9" number="9">lodged</token>
<token t_id="230" sentence="9" number="10">in</token>
<token t_id="231" sentence="9" number="11">his</token>
<token t_id="232" sentence="9" number="12">shoulder</token>
<token t_id="233" sentence="9" number="13">,</token>
<token t_id="234" sentence="9" number="14">and</token>
<token t_id="235" sentence="9" number="15">is</token>
<token t_id="236" sentence="9" number="16">still</token>
<token t_id="237" sentence="9" number="17">there</token>
<token t_id="238" sentence="9" number="18">.</token>
<token t_id="239" sentence="10" number="0">In</token>
<token t_id="240" sentence="10" number="1">the</token>
<token t_id="241" sentence="10" number="2">one</token>
<token t_id="242" sentence="10" number="3">-</token>
<token t_id="243" sentence="10" number="4">day</token>
<token t_id="244" sentence="10" number="5">,</token>
<token t_id="245" sentence="10" number="6">non</token>
<token t_id="246" sentence="10" number="7">-</token>
<token t_id="247" sentence="10" number="8">jury</token>
<token t_id="248" sentence="10" number="9">trial</token>
<token t_id="249" sentence="10" number="10">,</token>
<token t_id="250" sentence="10" number="11">Common</token>
<token t_id="251" sentence="10" number="12">Pleas</token>
<token t_id="252" sentence="10" number="13">Court</token>
<token t_id="253" sentence="10" number="14">judge</token>
<token t_id="254" sentence="10" number="15">Benjamin</token>
<token t_id="255" sentence="10" number="16">Lerner</token>
<token t_id="256" sentence="10" number="17">found</token>
<token t_id="257" sentence="10" number="18">Hiller</token>
<token t_id="258" sentence="10" number="19">guilty</token>
<token t_id="259" sentence="10" number="20">of</token>
<token t_id="260" sentence="10" number="21">two</token>
<token t_id="261" sentence="10" number="22">counts</token>
<token t_id="262" sentence="10" number="23">of</token>
<token t_id="263" sentence="10" number="24">first</token>
<token t_id="264" sentence="10" number="25">-</token>
<token t_id="265" sentence="10" number="26">degree</token>
<token t_id="266" sentence="10" number="27">murder</token>
<token t_id="267" sentence="10" number="28">and</token>
<token t_id="268" sentence="10" number="29">one</token>
<token t_id="269" sentence="10" number="30">count</token>
<token t_id="270" sentence="10" number="31">of</token>
<token t_id="271" sentence="10" number="32">attempted</token>
<token t_id="272" sentence="10" number="33">murder</token>
<token t_id="273" sentence="10" number="34">.</token>
<token t_id="274" sentence="11" number="0">The</token>
<token t_id="275" sentence="11" number="1">automatic</token>
<token t_id="276" sentence="11" number="2">sentence</token>
<token t_id="277" sentence="11" number="3">in</token>
<token t_id="278" sentence="11" number="4">life</token>
<token t_id="279" sentence="11" number="5">in</token>
<token t_id="280" sentence="11" number="6">prison</token>
<token t_id="281" sentence="11" number="7">,</token>
<token t_id="282" sentence="11" number="8">although</token>
<token t_id="283" sentence="11" number="9">formal</token>
<token t_id="284" sentence="11" number="10">sentencing</token>
<token t_id="285" sentence="11" number="11">will</token>
<token t_id="286" sentence="11" number="12">take</token>
<token t_id="287" sentence="11" number="13">place</token>
<token t_id="288" sentence="11" number="14">at</token>
<token t_id="289" sentence="11" number="15">a</token>
<token t_id="290" sentence="11" number="16">later</token>
<token t_id="291" sentence="11" number="17">date</token>
<token t_id="292" sentence="11" number="18">.</token>
<Markables>
<ACTION_OCCURRENCE m_id="9"  >
  <token_anchor t_id="52"/>
</ACTION_OCCURRENCE>
<ACTION_OCCURRENCE m_id="10"  >
  <token_anchor t_id="68"/>
</ACTION_OCCURRENCE>
<ACTION_OCCURRENCE m_id="11"  >
  <token_anchor t_id="77"/>
</ACTION_OCCURRENCE>
<ACTION_OCCURRENCE m_id="12"  >
  <token_anchor t_id="81"/>
</ACTION_OCCURRENCE>
<ACTION_OCCURRENCE m_id="13"  >
  <token_anchor t_id="93"/>
</ACTION_OCCURRENCE>
<ACTION_OCCURRENCE m_id="14"  >
  <token_anchor t_id="98"/>
</ACTION_OCCURRENCE>
<ACTION_OCCURRENCE m_id="7"  >
  <token_anchor t_id="44"/>
</ACTION_OCCURRENCE>
<ACTION_OCCURRENCE m_id="8"  >
  <token_anchor t_id="47"/>
</ACTION_OCCURRENCE>
<ACTION_STATE m_id="17"  >
  <token_anchor t_id="75"/>
</ACTION_STATE>
<HUMAN_PART_PER m_id="2"  >
  <token_anchor t_id="43"/>
</HUMAN_PART_PER>
<HUMAN_PART_PER m_id="3"  >
  <token_anchor t_id="66"/>
</HUMAN_PART_PER>
<HUMAN_PART_PER m_id="4"  >
  <token_anchor t_id="92"/>
</HUMAN_PART_PER>
<HUMAN_PART_PER m_id="5"  >
  <token_anchor t_id="97"/>
</HUMAN_PART_PER>
<HUMAN_PART_PER m_id="6"  >
  <token_anchor t_id="74"/>
</HUMAN_PART_PER>
<TIME_OF_THE_DAY m_id="1"  >
  <token_anchor t_id="56"/>
  <token_anchor t_id="57"/>
  <token_anchor t_id="58"/>
  <token_anchor t_id="59"/>
  <token_anchor t_id="60"/>
  <token_anchor t_id="61"/>
  <token_anchor t_id="62"/>
  <token_anchor t_id="63"/>
</TIME_OF_THE_DAY>


<LOC_FAC m_id="24" note="byCROMER" >
  <token_anchor t_id="86"/>
  <token_anchor t_id="87"/>
  <token_anchor t_id="88"/>
</LOC_FAC>
<TIME_OF_THE_DAY m_id="25" note="byCROMER" >
  <token_anchor t_id="48"/>
  <token_anchor t_id="49"/>
</TIME_OF_THE_DAY>
<TIME_OF_THE_DAY m_id="26" note="byCROMER" >
  <token_anchor t_id="82"/>
  <token_anchor t_id="83"/>
  <token_anchor t_id="84"/>
  <token_anchor t_id="85"/>
</TIME_OF_THE_DAY>
<LOC_FAC m_id="27" note="byCROMER" >
  <token_anchor t_id="53"/>
  <token_anchor t_id="54"/>
  <token_anchor t_id="55"/>
</LOC_FAC>
<ACTION_OCCURRENCE m_id="28" note="byCROMER" >
  <token_anchor t_id="89"/>
</ACTION_OCCURRENCE>


<ACTION_OCCURRENCE m_id="33" RELATED_TO="" TAG_DESCRIPTOR="t22_shooting" instance_id="ACT18235541349528642" />
<LOC_FAC m_id="32" RELATED_TO="" TAG_DESCRIPTOR="t22_kraft" instance_id="LOC18235758158505691" />
<TIME_OF_THE_DAY m_id="29" RELATED_TO="" TAG_DESCRIPTOR="t22_thursday_night" instance_id="TIM18235835120315860" />
<HUMAN_PART_PER m_id="31" RELATED_TO="" TAG_DESCRIPTOR="t22_one_wounded" instance_id="HUM18235732007199628" />
<ACTION_OCCURRENCE m_id="30" RELATED_TO="" TAG_DESCRIPTOR="t22_wounded" instance_id="ACT18235626614479420" />
<ACTION_OCCURRENCE m_id="37" RELATED_TO="" TAG_DESCRIPTOR="t22_murder" instance_id="ACT18235528236344210" />
<ACTION_OCCURRENCE m_id="36" RELATED_TO="" TAG_DESCRIPTOR="t22_killing" instance_id="ACT18235797518957764" />
<HUMAN_PART_PER m_id="35" RELATED_TO="" TAG_DESCRIPTOR="t22_two_killed" instance_id="HUM18235719432245275" />
<HUMAN_PART_PER m_id="34" RELATED_TO="" TAG_DESCRIPTOR="t22_yvonne_hiller" instance_id="HUM18235680503915426" />
</Markables>

<Relations>
<CROSS_DOC_COREF r_id="40638" note="TIM18235835120315860" >
  <source m_id="25" />
  <source m_id="26" />
  <target m_id="29" />
</CROSS_DOC_COREF>
<CROSS_DOC_COREF r_id="40639" note="ACT18235626614479420" >
  <source m_id="14" />
  <target m_id="30" />
</CROSS_DOC_COREF>
<CROSS_DOC_COREF r_id="40640" note="HUM18235732007199628" >
  <source m_id="5" />
  <target m_id="31" />
</CROSS_DOC_COREF>
<CROSS_DOC_COREF r_id="40641" note="LOC18235758158505691" >
  <source m_id="24" />
  <source m_id="27" />
  <target m_id="32" />
</CROSS_DOC_COREF>
<CROSS_DOC_COREF r_id="40642" note="ACT18235541349528642" >
  <source m_id="9" />
  <source m_id="12" />
  <source m_id="28" />
  <target m_id="33" />
</CROSS_DOC_COREF>
<CROSS_DOC_COREF r_id="40643" note="HUM18235680503915426" >
  <source m_id="2" />
  <source m_id="6" />
  <target m_id="34" />
</CROSS_DOC_COREF>
<CROSS_DOC_COREF r_id="40644" note="HUM18235719432245275" >
  <source m_id="4" />
  <target m_id="35" />
</CROSS_DOC_COREF>
<CROSS_DOC_COREF r_id="40645" note="ACT18235797518957764" >
  <source m_id="13" />
  <target m_id="36" />
</CROSS_DOC_COREF>
<CROSS_DOC_COREF r_id="40646" note="ACT18235528236344210" >
  <source m_id="11" />
  <source m_id="8" />
  <target m_id="37" />
</CROSS_DOC_COREF>

</Relations>
</Document>
