<Document doc_name="22_8ecbplus.xml" doc_id="DOC15646313212813085">
<token t_id="1" sentence="0" number="0">http</token>
<token t_id="2" sentence="0" number="1">:</token>
<token t_id="3" sentence="0" number="2">/</token>
<token t_id="4" sentence="0" number="3">/</token>
<token t_id="5" sentence="0" number="4">philadelphia</token>
<token t_id="6" sentence="0" number="5">.</token>
<token t_id="7" sentence="0" number="6">xcbslocal</token>
<token t_id="8" sentence="0" number="7">.</token>
<token t_id="9" sentence="0" number="8">com</token>
<token t_id="10" sentence="0" number="9">/</token>
<token t_id="11" sentence="0" number="10">2010</token>
<token t_id="12" sentence="0" number="11">/</token>
<token t_id="13" sentence="0" number="12">09</token>
<token t_id="14" sentence="0" number="13">/</token>
<token t_id="15" sentence="0" number="14">10</token>
<token t_id="16" sentence="0" number="15">/</token>
<token t_id="17" sentence="0" number="16">3</token>
<token t_id="18" sentence="0" number="17">-</token>
<token t_id="19" sentence="0" number="18">shot</token>
<token t_id="20" sentence="0" number="19">-</token>
<token t_id="21" sentence="0" number="20">at</token>
<token t_id="22" sentence="0" number="21">-</token>
<token t_id="23" sentence="0" number="22">kraft</token>
<token t_id="24" sentence="0" number="23">-</token>
<token t_id="25" sentence="0" number="24">plant</token>
<token t_id="26" sentence="0" number="25">-</token>
<token t_id="27" sentence="0" number="26">in</token>
<token t_id="28" sentence="0" number="27">-</token>
<token t_id="29" sentence="0" number="28">ne</token>
<token t_id="30" sentence="0" number="29">-</token>
<token t_id="31" sentence="0" number="30">phila</token>
<token t_id="32" sentence="0" number="31">/</token>
<token t_id="33" sentence="1" number="0">2</token>
<token t_id="34" sentence="1" number="1">Dead</token>
<token t_id="35" sentence="1" number="2">,</token>
<token t_id="36" sentence="1" number="3">1</token>
<token t_id="37" sentence="1" number="4">Wounded</token>
<token t_id="38" sentence="1" number="5">in</token>
<token t_id="39" sentence="1" number="6">Shooting</token>
<token t_id="40" sentence="1" number="7">at</token>
<token t_id="41" sentence="1" number="8">NE</token>
<token t_id="42" sentence="1" number="9">Phila</token>
<token t_id="43" sentence="1" number="10">.</token>
<token t_id="44" sentence="1" number="11">Kraft</token>
<token t_id="45" sentence="1" number="12">Plant</token>
<token t_id="46" sentence="2" number="0">September</token>
<token t_id="47" sentence="2" number="1">10</token>
<token t_id="48" sentence="2" number="2">,</token>
<token t_id="49" sentence="2" number="3">2010</token>
<token t_id="50" sentence="2" number="4">10</token>
<token t_id="51" sentence="2" number="5">:</token>
<token t_id="52" sentence="2" number="6">14</token>
<token t_id="53" sentence="2" number="7">AM</token>
<token t_id="54" sentence="3" number="0">Police</token>
<token t_id="55" sentence="3" number="1">say</token>
<token t_id="56" sentence="3" number="2">two</token>
<token t_id="57" sentence="3" number="3">people</token>
<token t_id="58" sentence="3" number="4">have</token>
<token t_id="59" sentence="3" number="5">been</token>
<token t_id="60" sentence="3" number="6">killed</token>
<token t_id="61" sentence="3" number="7">and</token>
<token t_id="62" sentence="3" number="8">another</token>
<token t_id="63" sentence="3" number="9">wounded</token>
<token t_id="64" sentence="3" number="10">in</token>
<token t_id="65" sentence="3" number="11">a</token>
<token t_id="66" sentence="3" number="12">shooting</token>
<token t_id="67" sentence="3" number="13">at</token>
<token t_id="68" sentence="3" number="14">the</token>
<token t_id="69" sentence="3" number="15">Kraft</token>
<token t_id="70" sentence="3" number="16">Foods</token>
<token t_id="71" sentence="3" number="17">plant</token>
<token t_id="72" sentence="3" number="18">in</token>
<token t_id="73" sentence="3" number="19">Northeast</token>
<token t_id="74" sentence="3" number="20">Philadelphia</token>
<token t_id="75" sentence="3" number="21">.</token>
<token t_id="76" sentence="4" number="0">The</token>
<token t_id="77" sentence="4" number="1">alleged</token>
<token t_id="78" sentence="4" number="2">shooter</token>
<token t_id="79" sentence="4" number="3">is</token>
<token t_id="80" sentence="4" number="4">in</token>
<token t_id="81" sentence="4" number="5">police</token>
<token t_id="82" sentence="4" number="6">custody</token>
<token t_id="83" sentence="4" number="7">.</token>
<token t_id="84" sentence="5" number="0">KYW</token>
<token t_id="85" sentence="5" number="1">’</token>
<token t_id="86" sentence="5" number="2">s</token>
<token t_id="87" sentence="5" number="3">Pat</token>
<token t_id="88" sentence="5" number="4">Loeb</token>
<token t_id="89" sentence="5" number="5">reports</token>
<token t_id="90" sentence="5" number="6">that</token>
<token t_id="91" sentence="5" number="7">the</token>
<token t_id="92" sentence="5" number="8">shooting</token>
<token t_id="93" sentence="5" number="9">took</token>
<token t_id="94" sentence="5" number="10">place</token>
<token t_id="95" sentence="5" number="11">just</token>
<token t_id="96" sentence="5" number="12">after</token>
<token t_id="97" sentence="5" number="13">8</token>
<token t_id="98" sentence="5" number="14">:</token>
<token t_id="99" sentence="5" number="15">30pm</token>
<token t_id="100" sentence="5" number="16">Thursday</token>
<token t_id="101" sentence="5" number="17">night</token>
<token t_id="102" sentence="5" number="18">inside</token>
<token t_id="103" sentence="5" number="19">the</token>
<token t_id="104" sentence="5" number="20">old</token>
<token t_id="105" sentence="5" number="21">Nabisco</token>
<token t_id="106" sentence="5" number="22">factory</token>
<token t_id="107" sentence="5" number="23">,</token>
<token t_id="108" sentence="5" number="24">along</token>
<token t_id="109" sentence="5" number="25">the</token>
<token t_id="110" sentence="5" number="26">12000</token>
<token t_id="111" sentence="5" number="27">block</token>
<token t_id="112" sentence="5" number="28">of</token>
<token t_id="113" sentence="5" number="29">Roosevelt</token>
<token t_id="114" sentence="5" number="30">Boulevard</token>
<token t_id="115" sentence="5" number="31">,</token>
<token t_id="116" sentence="5" number="32">at</token>
<token t_id="117" sentence="5" number="33">Woodhaven</token>
<token t_id="118" sentence="5" number="34">Road</token>
<token t_id="119" sentence="5" number="35">.</token>
<token t_id="120" sentence="6" number="0">Authorities</token>
<token t_id="121" sentence="6" number="1">say</token>
<token t_id="122" sentence="6" number="2">the</token>
<token t_id="123" sentence="6" number="3">incident</token>
<token t_id="124" sentence="6" number="4">began</token>
<token t_id="125" sentence="6" number="5">after</token>
<token t_id="126" sentence="6" number="6">the</token>
<token t_id="127" sentence="6" number="7">fifteen</token>
<token t_id="128" sentence="6" number="8">-</token>
<token t_id="129" sentence="6" number="9">year</token>
<token t_id="130" sentence="6" number="10">employee</token>
<token t_id="131" sentence="6" number="11">,</token>
<token t_id="132" sentence="6" number="12">43</token>
<token t_id="133" sentence="6" number="13">-</token>
<token t_id="134" sentence="6" number="14">year</token>
<token t_id="135" sentence="6" number="15">-</token>
<token t_id="136" sentence="6" number="16">old</token>
<token t_id="137" sentence="6" number="17">Yvonne</token>
<token t_id="138" sentence="6" number="18">Hiller</token>
<token t_id="139" sentence="6" number="19">,</token>
<token t_id="140" sentence="6" number="20">was</token>
<token t_id="141" sentence="6" number="21">suspended</token>
<token t_id="142" sentence="6" number="22">.</token>
<token t_id="143" sentence="7" number="0">Police</token>
<token t_id="144" sentence="7" number="1">commissioner</token>
<token t_id="145" sentence="7" number="2">Charles</token>
<token t_id="146" sentence="7" number="3">Ramsey</token>
<token t_id="147" sentence="7" number="4">says</token>
<token t_id="148" sentence="7" number="5">she</token>
<token t_id="149" sentence="7" number="6">was</token>
<token t_id="150" sentence="7" number="7">escorted</token>
<token t_id="151" sentence="7" number="8">out</token>
<token t_id="152" sentence="7" number="9">of</token>
<token t_id="153" sentence="7" number="10">the</token>
<token t_id="154" sentence="7" number="11">building</token>
<token t_id="155" sentence="7" number="12">and</token>
<token t_id="156" sentence="7" number="13">was</token>
<token t_id="157" sentence="7" number="14">outside</token>
<token t_id="158" sentence="7" number="15">for</token>
<token t_id="159" sentence="7" number="16">nine</token>
<token t_id="160" sentence="7" number="17">minutes</token>
<token t_id="161" sentence="7" number="18">before</token>
<token t_id="162" sentence="7" number="19">coming</token>
<token t_id="163" sentence="7" number="20">back</token>
<token t_id="164" sentence="7" number="21">:</token>
<token t_id="165" sentence="8" number="0">“</token>
<token t_id="166" sentence="8" number="1">She</token>
<token t_id="167" sentence="8" number="2">drove</token>
<token t_id="168" sentence="8" number="3">her</token>
<token t_id="169" sentence="8" number="4">car</token>
<token t_id="170" sentence="8" number="5">through</token>
<token t_id="171" sentence="8" number="6">a</token>
<token t_id="172" sentence="8" number="7">barrier</token>
<token t_id="173" sentence="8" number="8">and</token>
<token t_id="174" sentence="8" number="9">entered</token>
<token t_id="175" sentence="8" number="10">the</token>
<token t_id="176" sentence="8" number="11">premises</token>
<token t_id="177" sentence="8" number="12">.</token>
<token t_id="178" sentence="9" number="0">She</token>
<token t_id="179" sentence="9" number="1">had</token>
<token t_id="180" sentence="9" number="2">a</token>
<token t_id="181" sentence="9" number="3">.</token>
<token t_id="182" sentence="9" number="4">357</token>
<token t_id="183" sentence="9" number="5">magnum</token>
<token t_id="184" sentence="9" number="6">.</token>
<token t_id="185" sentence="10" number="0">Made</token>
<token t_id="186" sentence="10" number="1">her</token>
<token t_id="187" sentence="10" number="2">way</token>
<token t_id="188" sentence="10" number="3">to</token>
<token t_id="189" sentence="10" number="4">the</token>
<token t_id="190" sentence="10" number="5">third</token>
<token t_id="191" sentence="10" number="6">-</token>
<token t_id="192" sentence="10" number="7">floor</token>
<token t_id="193" sentence="10" number="8">mixing</token>
<token t_id="194" sentence="10" number="9">room</token>
<token t_id="195" sentence="10" number="10">,</token>
<token t_id="196" sentence="10" number="11">where</token>
<token t_id="197" sentence="10" number="12">she</token>
<token t_id="198" sentence="10" number="13">encountered</token>
<token t_id="199" sentence="10" number="14">at</token>
<token t_id="200" sentence="10" number="15">least</token>
<token t_id="201" sentence="10" number="16">three</token>
<token t_id="202" sentence="10" number="17">of</token>
<token t_id="203" sentence="10" number="18">the</token>
<token t_id="204" sentence="10" number="19">employees</token>
<token t_id="205" sentence="10" number="20">.</token>
<token t_id="206" sentence="11" number="0">Two</token>
<token t_id="207" sentence="11" number="1">,</token>
<token t_id="208" sentence="11" number="2">she</token>
<token t_id="209" sentence="11" number="3">shot</token>
<token t_id="210" sentence="11" number="4">and</token>
<token t_id="211" sentence="11" number="5">killed</token>
<token t_id="212" sentence="11" number="6">there</token>
<token t_id="213" sentence="11" number="7">in</token>
<token t_id="214" sentence="11" number="8">the</token>
<token t_id="215" sentence="11" number="9">room</token>
<token t_id="216" sentence="11" number="10">.</token>
<token t_id="217" sentence="12" number="0">A</token>
<token t_id="218" sentence="12" number="1">third</token>
<token t_id="219" sentence="12" number="2">was</token>
<token t_id="220" sentence="12" number="3">also</token>
<token t_id="221" sentence="12" number="4">shot</token>
<token t_id="222" sentence="12" number="5">.</token>
<token t_id="223" sentence="12" number="6">”</token>
<token t_id="224" sentence="13" number="0">The</token>
<token t_id="225" sentence="13" number="1">third</token>
<token t_id="226" sentence="13" number="2">victim</token>
<token t_id="227" sentence="13" number="3">,</token>
<token t_id="228" sentence="13" number="4">identified</token>
<token t_id="229" sentence="13" number="5">as</token>
<token t_id="230" sentence="13" number="6">Brian</token>
<token t_id="231" sentence="13" number="7">Dalton</token>
<token t_id="232" sentence="13" number="8">,</token>
<token t_id="233" sentence="13" number="9">was</token>
<token t_id="234" sentence="13" number="10">rushed</token>
<token t_id="235" sentence="13" number="11">to</token>
<token t_id="236" sentence="13" number="12">Aria</token>
<token t_id="237" sentence="13" number="13">Health</token>
<token t_id="238" sentence="13" number="14">’</token>
<token t_id="239" sentence="13" number="15">s</token>
<token t_id="240" sentence="13" number="16">Torresdale</token>
<token t_id="241" sentence="13" number="17">campus</token>
<token t_id="242" sentence="13" number="18">with</token>
<token t_id="243" sentence="13" number="19">a</token>
<token t_id="244" sentence="13" number="20">gunshot</token>
<token t_id="245" sentence="13" number="21">wound</token>
<token t_id="246" sentence="13" number="22">.</token>
<token t_id="247" sentence="14" number="0">He</token>
<token t_id="248" sentence="14" number="1">was</token>
<token t_id="249" sentence="14" number="2">later</token>
<token t_id="250" sentence="14" number="3">transferred</token>
<token t_id="251" sentence="14" number="4">to</token>
<token t_id="252" sentence="14" number="5">Jefferson</token>
<token t_id="253" sentence="14" number="6">and</token>
<token t_id="254" sentence="14" number="7">listed</token>
<token t_id="255" sentence="14" number="8">in</token>
<token t_id="256" sentence="14" number="9">stable</token>
<token t_id="257" sentence="14" number="10">condition</token>
<token t_id="258" sentence="14" number="11">.</token>
<token t_id="259" sentence="15" number="0">Officers</token>
<token t_id="260" sentence="15" number="1">responded</token>
<token t_id="261" sentence="15" number="2">to</token>
<token t_id="262" sentence="15" number="3">911</token>
<token t_id="263" sentence="15" number="4">calls</token>
<token t_id="264" sentence="15" number="5">from</token>
<token t_id="265" sentence="15" number="6">other</token>
<token t_id="266" sentence="15" number="7">employees</token>
<token t_id="267" sentence="15" number="8">inside</token>
<token t_id="268" sentence="15" number="9">the</token>
<token t_id="269" sentence="15" number="10">building</token>
<token t_id="270" sentence="15" number="11">,</token>
<token t_id="271" sentence="15" number="12">arriving</token>
<token t_id="272" sentence="15" number="13">with</token>
<token t_id="273" sentence="15" number="14">SWAT</token>
<token t_id="274" sentence="15" number="15">teams</token>
<token t_id="275" sentence="15" number="16">and</token>
<token t_id="276" sentence="15" number="17">other</token>
<token t_id="277" sentence="15" number="18">personnel</token>
<token t_id="278" sentence="15" number="19">who</token>
<token t_id="279" sentence="15" number="20">were</token>
<token t_id="280" sentence="15" number="21">trained</token>
<token t_id="281" sentence="15" number="22">in</token>
<token t_id="282" sentence="15" number="23">an</token>
<token t_id="283" sentence="15" number="24">“</token>
<token t_id="284" sentence="15" number="25">active</token>
<token t_id="285" sentence="15" number="26">shooter</token>
<token t_id="286" sentence="15" number="27">”</token>
<token t_id="287" sentence="15" number="28">situation</token>
<token t_id="288" sentence="15" number="29">,</token>
<token t_id="289" sentence="15" number="30">according</token>
<token t_id="290" sentence="15" number="31">to</token>
<token t_id="291" sentence="15" number="32">Commissioner</token>
<token t_id="292" sentence="15" number="33">Ramsey</token>
<token t_id="293" sentence="15" number="34">.</token>
<token t_id="294" sentence="16" number="0">He</token>
<token t_id="295" sentence="16" number="1">says</token>
<token t_id="296" sentence="16" number="2">most</token>
<token t_id="297" sentence="16" number="3">of</token>
<token t_id="298" sentence="16" number="4">the</token>
<token t_id="299" sentence="16" number="5">other</token>
<token t_id="300" sentence="16" number="6">100</token>
<token t_id="301" sentence="16" number="7">workers</token>
<token t_id="302" sentence="16" number="8">inside</token>
<token t_id="303" sentence="16" number="9">were</token>
<token t_id="304" sentence="16" number="10">able</token>
<token t_id="305" sentence="16" number="11">to</token>
<token t_id="306" sentence="16" number="12">get</token>
<token t_id="307" sentence="16" number="13">out</token>
<token t_id="308" sentence="16" number="14">safely</token>
<token t_id="309" sentence="16" number="15">.</token>
<token t_id="310" sentence="17" number="0">Seven</token>
<token t_id="311" sentence="17" number="1">employees</token>
<token t_id="312" sentence="17" number="2">were</token>
<token t_id="313" sentence="17" number="3">trapped</token>
<token t_id="314" sentence="17" number="4">near</token>
<token t_id="315" sentence="17" number="5">the</token>
<token t_id="316" sentence="17" number="6">shooter</token>
<token t_id="317" sentence="17" number="7">,</token>
<token t_id="318" sentence="17" number="8">but</token>
<token t_id="319" sentence="17" number="9">cops</token>
<token t_id="320" sentence="17" number="10">say</token>
<token t_id="321" sentence="17" number="11">they</token>
<token t_id="322" sentence="17" number="12">were</token>
<token t_id="323" sentence="17" number="13">able</token>
<token t_id="324" sentence="17" number="14">to</token>
<token t_id="325" sentence="17" number="15">free</token>
<token t_id="326" sentence="17" number="16">them</token>
<token t_id="327" sentence="17" number="17">,</token>
<token t_id="328" sentence="17" number="18">disarm</token>
<token t_id="329" sentence="17" number="19">the</token>
<token t_id="330" sentence="17" number="20">woman</token>
<token t_id="331" sentence="17" number="21">,</token>
<token t_id="332" sentence="17" number="22">and</token>
<token t_id="333" sentence="17" number="23">take</token>
<token t_id="334" sentence="17" number="24">her</token>
<token t_id="335" sentence="17" number="25">into</token>
<token t_id="336" sentence="17" number="26">custody</token>
<token t_id="337" sentence="17" number="27">.</token>
<token t_id="338" sentence="18" number="0">KYW</token>
<token t_id="339" sentence="18" number="1">’</token>
<token t_id="340" sentence="18" number="2">s</token>
<token t_id="341" sentence="18" number="3">Paul</token>
<token t_id="342" sentence="18" number="4">Kurtz</token>
<token t_id="343" sentence="18" number="5">reports</token>
<token t_id="344" sentence="18" number="6">that</token>
<token t_id="345" sentence="18" number="7">Commissioner</token>
<token t_id="346" sentence="18" number="8">Ramsey</token>
<token t_id="347" sentence="18" number="9">credits</token>
<token t_id="348" sentence="18" number="10">a</token>
<token t_id="349" sentence="18" number="11">special</token>
<token t_id="350" sentence="18" number="12">training</token>
<token t_id="351" sentence="18" number="13">program</token>
<token t_id="352" sentence="18" number="14">for</token>
<token t_id="353" sentence="18" number="15">preventing</token>
<token t_id="354" sentence="18" number="16">even</token>
<token t_id="355" sentence="18" number="17">more</token>
<token t_id="356" sentence="18" number="18">bloodshed</token>
<token t_id="357" sentence="18" number="19">last</token>
<token t_id="358" sentence="18" number="20">night</token>
<token t_id="359" sentence="18" number="21">.</token>
<token t_id="360" sentence="19" number="0">The</token>
<token t_id="361" sentence="19" number="1">commissioner</token>
<token t_id="362" sentence="19" number="2">says</token>
<token t_id="363" sentence="19" number="3">he</token>
<token t_id="364" sentence="19" number="4">’</token>
<token t_id="365" sentence="19" number="5">s</token>
<token t_id="366" sentence="19" number="6">put</token>
<token t_id="367" sentence="19" number="7">many</token>
<token t_id="368" sentence="19" number="8">officers</token>
<token t_id="369" sentence="19" number="9">through</token>
<token t_id="370" sentence="19" number="10">what</token>
<token t_id="371" sentence="19" number="11">’</token>
<token t_id="372" sentence="19" number="12">s</token>
<token t_id="373" sentence="19" number="13">called</token>
<token t_id="374" sentence="19" number="14">“</token>
<token t_id="375" sentence="19" number="15">active</token>
<token t_id="376" sentence="19" number="16">shooter</token>
<token t_id="377" sentence="19" number="17">”</token>
<token t_id="378" sentence="19" number="18">training</token>
<token t_id="379" sentence="19" number="19">for</token>
<token t_id="380" sentence="19" number="20">first</token>
<token t_id="381" sentence="19" number="21">-</token>
<token t_id="382" sentence="19" number="22">responding</token>
<token t_id="383" sentence="19" number="23">officers</token>
<token t_id="384" sentence="19" number="24">:</token>
<token t_id="385" sentence="20" number="0">“</token>
<token t_id="386" sentence="20" number="1">We</token>
<token t_id="387" sentence="20" number="2">’</token>
<token t_id="388" sentence="20" number="3">ve</token>
<token t_id="389" sentence="20" number="4">learned</token>
<token t_id="390" sentence="20" number="5">from</token>
<token t_id="391" sentence="20" number="6">Columbine</token>
<token t_id="392" sentence="20" number="7">and</token>
<token t_id="393" sentence="20" number="8">other</token>
<token t_id="394" sentence="20" number="9">places</token>
<token t_id="395" sentence="20" number="10">that</token>
<token t_id="396" sentence="20" number="11">you</token>
<token t_id="397" sentence="20" number="12">can</token>
<token t_id="398" sentence="20" number="13">’</token>
<token t_id="399" sentence="20" number="14">t</token>
<token t_id="400" sentence="20" number="15">wait</token>
<token t_id="401" sentence="20" number="16">,</token>
<token t_id="402" sentence="20" number="17">you</token>
<token t_id="403" sentence="20" number="18">can</token>
<token t_id="404" sentence="20" number="19">’</token>
<token t_id="405" sentence="20" number="20">t</token>
<token t_id="406" sentence="20" number="21">just</token>
<token t_id="407" sentence="20" number="22">sit</token>
<token t_id="408" sentence="20" number="23">there</token>
<token t_id="409" sentence="20" number="24">and</token>
<token t_id="410" sentence="20" number="25">wait</token>
<token t_id="411" sentence="20" number="26">for</token>
<token t_id="412" sentence="20" number="27">SWAT</token>
<token t_id="413" sentence="20" number="28">.</token>
<token t_id="414" sentence="21" number="0">You</token>
<token t_id="415" sentence="21" number="1">’</token>
<token t_id="416" sentence="21" number="2">ve</token>
<token t_id="417" sentence="21" number="3">got</token>
<token t_id="418" sentence="21" number="4">to</token>
<token t_id="419" sentence="21" number="5">at</token>
<token t_id="420" sentence="21" number="6">least</token>
<token t_id="421" sentence="21" number="7">make</token>
<token t_id="422" sentence="21" number="8">entry</token>
<token t_id="423" sentence="21" number="9">and</token>
<token t_id="424" sentence="21" number="10">try</token>
<token t_id="425" sentence="21" number="11">to</token>
<token t_id="426" sentence="21" number="12">get</token>
<token t_id="427" sentence="21" number="13">as</token>
<token t_id="428" sentence="21" number="14">many</token>
<token t_id="429" sentence="21" number="15">people</token>
<token t_id="430" sentence="21" number="16">out</token>
<token t_id="431" sentence="21" number="17">as</token>
<token t_id="432" sentence="21" number="18">possible</token>
<token t_id="433" sentence="21" number="19">,</token>
<token t_id="434" sentence="21" number="20">isolate</token>
<token t_id="435" sentence="21" number="21">the</token>
<token t_id="436" sentence="21" number="22">shooter</token>
<token t_id="437" sentence="21" number="23">,</token>
<token t_id="438" sentence="21" number="24">and</token>
<token t_id="439" sentence="21" number="25">then</token>
<token t_id="440" sentence="21" number="26">hopefully</token>
<token t_id="441" sentence="21" number="27">SWAT</token>
<token t_id="442" sentence="21" number="28">arrives</token>
<token t_id="443" sentence="21" number="29">in</token>
<token t_id="444" sentence="21" number="30">enough</token>
<token t_id="445" sentence="21" number="31">time</token>
<token t_id="446" sentence="21" number="32">to</token>
<token t_id="447" sentence="21" number="33">take</token>
<token t_id="448" sentence="21" number="34">care</token>
<token t_id="449" sentence="21" number="35">of</token>
<token t_id="450" sentence="21" number="36">the</token>
<token t_id="451" sentence="21" number="37">situation</token>
<token t_id="452" sentence="21" number="38">.</token>
<token t_id="453" sentence="22" number="0">They</token>
<token t_id="454" sentence="22" number="1">did</token>
<token t_id="455" sentence="22" number="2">an</token>
<token t_id="456" sentence="22" number="3">excellent</token>
<token t_id="457" sentence="22" number="4">job</token>
<token t_id="458" sentence="22" number="5">,</token>
<token t_id="459" sentence="22" number="6">the</token>
<token t_id="460" sentence="22" number="7">7th</token>
<token t_id="461" sentence="22" number="8">and</token>
<token t_id="462" sentence="22" number="9">8th</token>
<token t_id="463" sentence="22" number="10">Districts</token>
<token t_id="464" sentence="22" number="11">in</token>
<token t_id="465" sentence="22" number="12">particular</token>
<token t_id="466" sentence="22" number="13">.</token>
<token t_id="467" sentence="23" number="0">Those</token>
<token t_id="468" sentence="23" number="1">officers</token>
<token t_id="469" sentence="23" number="2">did</token>
<token t_id="470" sentence="23" number="3">an</token>
<token t_id="471" sentence="23" number="4">outstanding</token>
<token t_id="472" sentence="23" number="5">job</token>
<token t_id="473" sentence="23" number="6">.</token>
<token t_id="474" sentence="23" number="7">”</token>
<token t_id="475" sentence="24" number="0">And</token>
<token t_id="476" sentence="24" number="1">it</token>
<token t_id="477" sentence="24" number="2">turns</token>
<token t_id="478" sentence="24" number="3">out</token>
<token t_id="479" sentence="24" number="4">that</token>
<token t_id="480" sentence="24" number="5">at</token>
<token t_id="481" sentence="24" number="6">least</token>
<token t_id="482" sentence="24" number="7">seven</token>
<token t_id="483" sentence="24" number="8">of</token>
<token t_id="484" sentence="24" number="9">the</token>
<token t_id="485" sentence="24" number="10">officers</token>
<token t_id="486" sentence="24" number="11">who</token>
<token t_id="487" sentence="24" number="12">rushed</token>
<token t_id="488" sentence="24" number="13">to</token>
<token t_id="489" sentence="24" number="14">the</token>
<token t_id="490" sentence="24" number="15">Kraft</token>
<token t_id="491" sentence="24" number="16">factory</token>
<token t_id="492" sentence="24" number="17">had</token>
<token t_id="493" sentence="24" number="18">“</token>
<token t_id="494" sentence="24" number="19">active</token>
<token t_id="495" sentence="24" number="20">shooter</token>
<token t_id="496" sentence="24" number="21">”</token>
<token t_id="497" sentence="24" number="22">training</token>
<token t_id="498" sentence="24" number="23">.</token>
<token t_id="499" sentence="25" number="0">Ramsey</token>
<token t_id="500" sentence="25" number="1">says</token>
<token t_id="501" sentence="25" number="2">he</token>
<token t_id="502" sentence="25" number="3">plans</token>
<token t_id="503" sentence="25" number="4">to</token>
<token t_id="504" sentence="25" number="5">expand</token>
<token t_id="505" sentence="25" number="6">the</token>
<token t_id="506" sentence="25" number="7">program</token>
<token t_id="507" sentence="25" number="8">.</token>
<token t_id="508" sentence="26" number="0">Hiller</token>
<token t_id="509" sentence="26" number="1">is</token>
<token t_id="510" sentence="26" number="2">expected</token>
<token t_id="511" sentence="26" number="3">to</token>
<token t_id="512" sentence="26" number="4">be</token>
<token t_id="513" sentence="26" number="5">arraigned</token>
<token t_id="514" sentence="26" number="6">on</token>
<token t_id="515" sentence="26" number="7">two</token>
<token t_id="516" sentence="26" number="8">murder</token>
<token t_id="517" sentence="26" number="9">charges</token>
<token t_id="518" sentence="26" number="10">and</token>
<token t_id="519" sentence="26" number="11">one</token>
<token t_id="520" sentence="26" number="12">attempted</token>
<token t_id="521" sentence="26" number="13">murder</token>
<token t_id="522" sentence="26" number="14">charge</token>
<token t_id="523" sentence="26" number="15">later</token>
<token t_id="524" sentence="26" number="16">today</token>
<token t_id="525" sentence="26" number="17">.</token>
<token t_id="526" sentence="27" number="0">Kraft</token>
<token t_id="527" sentence="27" number="1">Foods</token>
<token t_id="528" sentence="27" number="2">issued</token>
<token t_id="529" sentence="27" number="3">a</token>
<token t_id="530" sentence="27" number="4">statement</token>
<token t_id="531" sentence="27" number="5">early</token>
<token t_id="532" sentence="27" number="6">this</token>
<token t_id="533" sentence="27" number="7">morning</token>
<token t_id="534" sentence="27" number="8">announcing</token>
<token t_id="535" sentence="27" number="9">that</token>
<token t_id="536" sentence="27" number="10">the</token>
<token t_id="537" sentence="27" number="11">Northeast</token>
<token t_id="538" sentence="27" number="12">facility</token>
<token t_id="539" sentence="27" number="13">is</token>
<token t_id="540" sentence="27" number="14">closed</token>
<token t_id="541" sentence="27" number="15">until</token>
<token t_id="542" sentence="27" number="16">further</token>
<token t_id="543" sentence="27" number="17">notice</token>
<token t_id="544" sentence="27" number="18">.</token>
<token t_id="545" sentence="28" number="0">The</token>
<token t_id="546" sentence="28" number="1">statement</token>
<token t_id="547" sentence="28" number="2">expresses</token>
<token t_id="548" sentence="28" number="3">condolences</token>
<token t_id="549" sentence="28" number="4">for</token>
<token t_id="550" sentence="28" number="5">the</token>
<token t_id="551" sentence="28" number="6">families</token>
<token t_id="552" sentence="28" number="7">of</token>
<token t_id="553" sentence="28" number="8">the</token>
<token t_id="554" sentence="28" number="9">dead</token>
<token t_id="555" sentence="28" number="10">and</token>
<token t_id="556" sentence="28" number="11">wounded</token>
<token t_id="557" sentence="28" number="12">employees</token>
<token t_id="558" sentence="28" number="13">,</token>
<token t_id="559" sentence="28" number="14">saying</token>
<token t_id="560" sentence="28" number="15">,</token>
<token t_id="561" sentence="28" number="16">“</token>
<token t_id="562" sentence="28" number="17">This</token>
<token t_id="563" sentence="28" number="18">is</token>
<token t_id="564" sentence="28" number="19">a</token>
<token t_id="565" sentence="28" number="20">tragic</token>
<token t_id="566" sentence="28" number="21">loss</token>
<token t_id="567" sentence="28" number="22">for</token>
<token t_id="568" sentence="28" number="23">all</token>
<token t_id="569" sentence="28" number="24">of</token>
<token t_id="570" sentence="28" number="25">us</token>
<token t_id="571" sentence="28" number="26">.</token>
<token t_id="572" sentence="28" number="27">”</token>
<token t_id="573" sentence="29" number="0">It</token>
<token t_id="574" sentence="29" number="1">states</token>
<token t_id="575" sentence="29" number="2">that</token>
<token t_id="576" sentence="29" number="3">Kraft</token>
<token t_id="577" sentence="29" number="4">is</token>
<token t_id="578" sentence="29" number="5">working</token>
<token t_id="579" sentence="29" number="6">closely</token>
<token t_id="580" sentence="29" number="7">with</token>
<token t_id="581" sentence="29" number="8">the</token>
<token t_id="582" sentence="29" number="9">authorities</token>
<token t_id="583" sentence="29" number="10">as</token>
<token t_id="584" sentence="29" number="11">they</token>
<token t_id="585" sentence="29" number="12">investigate</token>
<token t_id="586" sentence="29" number="13">and</token>
<token t_id="587" sentence="29" number="14">will</token>
<token t_id="588" sentence="29" number="15">be</token>
<token t_id="589" sentence="29" number="16">providing</token>
<token t_id="590" sentence="29" number="17">counseling</token>
<token t_id="591" sentence="29" number="18">services</token>
<token t_id="592" sentence="29" number="19">for</token>
<token t_id="593" sentence="29" number="20">employees</token>
<token t_id="594" sentence="29" number="21">at</token>
<token t_id="595" sentence="29" number="22">the</token>
<token t_id="596" sentence="29" number="23">facility</token>
<token t_id="597" sentence="29" number="24">.</token>
<Markables>
<ACTION_ASPECTUAL m_id="33"  >
  <token_anchor t_id="124"/>
</ACTION_ASPECTUAL>
<ACTION_OCCURRENCE m_id="9"  >
  <token_anchor t_id="93"/>
  <token_anchor t_id="94"/>
</ACTION_OCCURRENCE>
<ACTION_OCCURRENCE m_id="10"  >
  <token_anchor t_id="123"/>
</ACTION_OCCURRENCE>
<ACTION_OCCURRENCE m_id="11"  >
  <token_anchor t_id="141"/>
</ACTION_OCCURRENCE>
<ACTION_OCCURRENCE m_id="12"  >
  <token_anchor t_id="209"/>
</ACTION_OCCURRENCE>
<ACTION_OCCURRENCE m_id="13"  >
  <token_anchor t_id="211"/>
</ACTION_OCCURRENCE>
<ACTION_OCCURRENCE m_id="14"  >
  <token_anchor t_id="221"/>
</ACTION_OCCURRENCE>
<ACTION_OCCURRENCE m_id="4"  >
  <token_anchor t_id="39"/>
</ACTION_OCCURRENCE>
<ACTION_OCCURRENCE m_id="5"  >
  <token_anchor t_id="60"/>
</ACTION_OCCURRENCE>
<ACTION_OCCURRENCE m_id="6"  >
  <token_anchor t_id="63"/>
</ACTION_OCCURRENCE>
<ACTION_OCCURRENCE m_id="7"  >
  <token_anchor t_id="66"/>
</ACTION_OCCURRENCE>
<ACTION_OCCURRENCE m_id="8"  >
  <token_anchor t_id="92"/>
</ACTION_OCCURRENCE>
<ACTION_REPORTING m_id="29"  >
  <token_anchor t_id="89"/>
</ACTION_REPORTING>
<ACTION_REPORTING m_id="30"  >
  <token_anchor t_id="121"/>
</ACTION_REPORTING>
<HUMAN_PART_PER m_id="15"  >
  <token_anchor t_id="33"/>
</HUMAN_PART_PER>
<HUMAN_PART_PER m_id="16"  >
  <token_anchor t_id="36"/>
</HUMAN_PART_PER>
<HUMAN_PART_PER m_id="17"  >
  <token_anchor t_id="54"/>
</HUMAN_PART_PER>
<HUMAN_PART_PER m_id="18"  >
  <token_anchor t_id="57"/>
</HUMAN_PART_PER>
<HUMAN_PART_PER m_id="19"  >
  <token_anchor t_id="62"/>
</HUMAN_PART_PER>
<HUMAN_PART_PER m_id="20"  >
  <token_anchor t_id="120"/>
</HUMAN_PART_PER>
<HUMAN_PART_PER m_id="21"  >
  <token_anchor t_id="137"/>
  <token_anchor t_id="138"/>
</HUMAN_PART_PER>
<HUMAN_PART_PER m_id="22"  >
  <token_anchor t_id="206"/>
</HUMAN_PART_PER>
<HUMAN_PART_PER m_id="23"  >
  <token_anchor t_id="208"/>
</HUMAN_PART_PER>
<HUMAN_PART_PER m_id="24"  >
  <token_anchor t_id="218"/>
</HUMAN_PART_PER>
<HUMAN_PART_PER m_id="28"  >
  <token_anchor t_id="87"/>
  <token_anchor t_id="88"/>
</HUMAN_PART_PER>
<HUMAN_PART_PER m_id="37"  >
  <token_anchor t_id="130"/>
</HUMAN_PART_PER>
<LOC_FAC m_id="25"  >
  <token_anchor t_id="40"/>
  <token_anchor t_id="41"/>
  <token_anchor t_id="42"/>
  <token_anchor t_id="43"/>
  <token_anchor t_id="44"/>
  <token_anchor t_id="45"/>
</LOC_FAC>
<LOC_FAC m_id="26"  >
  <token_anchor t_id="67"/>
  <token_anchor t_id="68"/>
  <token_anchor t_id="69"/>
  <token_anchor t_id="70"/>
  <token_anchor t_id="71"/>
  <token_anchor t_id="72"/>
  <token_anchor t_id="73"/>
  <token_anchor t_id="74"/>
</LOC_FAC>
<LOC_FAC m_id="27"  >
  <token_anchor t_id="102"/>
  <token_anchor t_id="103"/>
  <token_anchor t_id="104"/>
  <token_anchor t_id="105"/>
  <token_anchor t_id="106"/>
  <token_anchor t_id="107"/>
  <token_anchor t_id="108"/>
  <token_anchor t_id="109"/>
  <token_anchor t_id="110"/>
  <token_anchor t_id="111"/>
  <token_anchor t_id="112"/>
  <token_anchor t_id="113"/>
  <token_anchor t_id="114"/>
  <token_anchor t_id="115"/>
  <token_anchor t_id="116"/>
  <token_anchor t_id="117"/>
  <token_anchor t_id="118"/>
</LOC_FAC>
<LOC_FAC m_id="31"  >
  <token_anchor t_id="213"/>
  <token_anchor t_id="214"/>
  <token_anchor t_id="215"/>
</LOC_FAC>
<TIME_OF_THE_DAY m_id="32"  >
  <token_anchor t_id="95"/>
  <token_anchor t_id="96"/>
  <token_anchor t_id="97"/>
  <token_anchor t_id="98"/>
  <token_anchor t_id="99"/>
  <token_anchor t_id="100"/>
  <token_anchor t_id="101"/>
</TIME_OF_THE_DAY>
<TIME_OF_THE_DAY m_id="1"  >
  <token_anchor t_id="46"/>
  <token_anchor t_id="47"/>
  <token_anchor t_id="48"/>
  <token_anchor t_id="49"/>
  <token_anchor t_id="50"/>
  <token_anchor t_id="51"/>
  <token_anchor t_id="52"/>
  <token_anchor t_id="53"/>
</TIME_OF_THE_DAY>


<ACTION_REPORTING m_id="42" note="byCROMER" >
  <token_anchor t_id="55"/>
</ACTION_REPORTING>
<ACTION_OCCURRENCE m_id="43" note="byCROMER" >
  <token_anchor t_id="34"/>
</ACTION_OCCURRENCE>
<ACTION_OCCURRENCE m_id="44" note="byCROMER" >
  <token_anchor t_id="37"/>
</ACTION_OCCURRENCE>


<ACTION_OCCURRENCE m_id="50" RELATED_TO="" TAG_DESCRIPTOR="t22_suspended" instance_id="ACT18235614722947042" />
<LOC_FAC m_id="49" RELATED_TO="" TAG_DESCRIPTOR="t22_kraft" instance_id="LOC18235758158505691" />
<HUMAN_PART_PER m_id="48" RELATED_TO="" TAG_DESCRIPTOR="t22_one_wounded" instance_id="HUM18235732007199628" />
<HUMAN_PART_PER m_id="47" RELATED_TO="" TAG_DESCRIPTOR="t22_police" instance_id="HUM18237634666124148" />
<ACTION_OCCURRENCE m_id="46" RELATED_TO="" TAG_DESCRIPTOR="t22_wounded" instance_id="ACT18235626614479420" />
<TIME_OF_THE_DAY m_id="45" RELATED_TO="" TAG_DESCRIPTOR="t22_thursday_night" instance_id="TIM18235835120315860" />
<ACTION_OCCURRENCE m_id="56" RELATED_TO="" TAG_DESCRIPTOR="t22_killing" instance_id="ACT18235797518957764" />
<HUMAN_PART_PER m_id="55" RELATED_TO="" TAG_DESCRIPTOR="t22_two_killed" instance_id="HUM18235719432245275" />
<ACTION_OCCURRENCE m_id="54" RELATED_TO="" TAG_DESCRIPTOR="t22_shooting" instance_id="ACT18235541349528642" />
<HUMAN_PART_PER m_id="53" RELATED_TO="" TAG_DESCRIPTOR="t22_yvonne_hiller" instance_id="HUM18235680503915426" />
<ACTION_REPORTING m_id="52" RELATED_TO="" TAG_DESCRIPTOR="t22_police_said" instance_id="ACT18235663280734057" />
<ACTION_OCCURRENCE m_id="51" RELATED_TO="" TAG_DESCRIPTOR="t22_took_place" instance_id="ACT28440133194784344" />
</Markables>

<Relations>
<CROSS_DOC_COREF r_id="41316" note="TIM18235835120315860" >
  <source m_id="32" />
  <target m_id="45" />
</CROSS_DOC_COREF>
<CROSS_DOC_COREF r_id="41317" note="ACT18235626614479420" >
  <source m_id="44" />
  <source m_id="6" />
  <target m_id="46" />
</CROSS_DOC_COREF>
<CROSS_DOC_COREF r_id="41318" note="HUM18237634666124148" >
  <source m_id="17" />
  <target m_id="47" />
</CROSS_DOC_COREF>
<CROSS_DOC_COREF r_id="41319" note="HUM18235732007199628" >
  <source m_id="16" />
  <source m_id="24" />
  <source m_id="19" />
  <target m_id="48" />
</CROSS_DOC_COREF>
<CROSS_DOC_COREF r_id="41320" note="LOC18235758158505691" >
  <source m_id="27" />
  <source m_id="26" />
  <source m_id="25" />
  <target m_id="49" />
</CROSS_DOC_COREF>
<CROSS_DOC_COREF r_id="41321" note="ACT18235614722947042" >
  <source m_id="11" />
  <target m_id="50" />
</CROSS_DOC_COREF>
<CROSS_DOC_COREF r_id="41322" note="ACT28440133194784344" >
  <source m_id="9" />
  <target m_id="51" />
</CROSS_DOC_COREF>
<CROSS_DOC_COREF r_id="41323" note="ACT18235663280734057" >
  <source m_id="42" />
  <target m_id="52" />
</CROSS_DOC_COREF>
<CROSS_DOC_COREF r_id="41324" note="HUM18235680503915426" >
  <source m_id="21" />
  <source m_id="37" />
  <source m_id="23" />
  <target m_id="53" />
</CROSS_DOC_COREF>
<CROSS_DOC_COREF r_id="41325" note="ACT18235541349528642" >
  <source m_id="4" />
  <source m_id="7" />
  <source m_id="14" />
  <source m_id="8" />
  <source m_id="12" />
  <target m_id="54" />
</CROSS_DOC_COREF>
<CROSS_DOC_COREF r_id="41326" note="HUM18235719432245275" >
  <source m_id="18" />
  <source m_id="15" />
  <source m_id="22" />
  <target m_id="55" />
</CROSS_DOC_COREF>
<CROSS_DOC_COREF r_id="41327" note="ACT18235797518957764" >
  <source m_id="13" />
  <source m_id="43" />
  <source m_id="5" />
  <target m_id="56" />
</CROSS_DOC_COREF>

</Relations>
</Document>
